id,codice_prenotazione,username,data_ora_proiezione,titolo_film,numero_posti,costo_unitario
1,PRN00000,alessioconti292,2018-04-26 16:00:00,Guardians of the Galaxy Vol. 2,2,8.5
2,PRN00001,elenaconti346,2020-08-31 10:00:00,Sense and Sensibility,3,7.0
3,PRN00002,andreagallo97,2027-02-01 10:00:00,Le dîner de cons,3,8.0
4,PRN00003,matteomarino144,2025-03-22 10:30:00,Who Framed Roger Rabbit,1,7.0
5,PRN00004,simonegreco310,2022-02-15 10:00:00,Rocky,2,8.0
6,PRN00005,francescagreco13,2025-10-28 14:00:00,Rosemary's Baby,4,7.5
7,PRN00006,sarafontana151,2019-09-21 10:30:00,Donnie Brasco,4,7.5
8,PRN00007,francescafontana257,2020-03-06 13:00:00,JFK,4,7.0
9,PRN00008,elenaesposito285,2026-04-06 10:00:00,Ivanovo detstvo,4,7.5
10,PRN00009,alessioferrari80,2024-01-23 10:00:00,Batman: Mask of the Phantasm,1,8.0
11,PRN00010,sarabianchi128,2026-12-21 15:30:00,Brazil,2,8.0
12,PRN00011,marcofontana51,2027-05-08 16:30:00,First Blood,1,7.5
13,PRN00012,giorgiarossi264,2018-09-11 12:30:00,La Grande Illusion,1,8.0
14,PRN00013,marcorusso392,2023-03-21 15:30:00,La montaña sagrada,1,6.5
15,PRN00014,chiararomano372,2026-02-28 10:30:00,Road to Perdition,4,6.5
16,PRN00015,lucaromano249,2019-10-17 14:00:00,La planète sauvage,1,8.5
17,PRN00016,lucacolombo318,2022-06-24 16:30:00,The Night of the Hunter,2,7.0
18,PRN00017,francescaferrari88,2024-10-30 10:00:00,Almost Famous,1,8.5
19,PRN00018,chiararusso33,2023-12-13 13:30:00,Ondskan,4,8.5
20,PRN00019,lucaromano280,2027-09-15 13:30:00,Falling Down,2,7.5
21,PRN00020,alessioromano259,2021-09-27 10:00:00,Andrei Rublev,4,8.0
22,PRN00021,lucaricci3,2020-10-29 16:00:00,Kramer vs. Kramer,4,8.0
23,PRN00022,alessiogallo360,2024-01-09 10:30:00,Singin' in the Rain,2,7.0
24,PRN00023,davideconti263,2026-10-27 10:30:00,Dip huet seung hung,4,8.5
25,PRN00024,alessioricci381,2027-02-16 13:00:00,The Lion King,1,7.0
26,PRN00025,marcoconti246,2020-08-09 10:00:00,Nueve reinas,3,6.5
27,PRN00026,simoneverdi205,2020-12-22 16:00:00,La Grande Illusion,3,6.5
28,PRN00027,francescaferrari323,2026-01-10 16:00:00,High Noon,3,7.5
29,PRN00028,elenagreco165,2023-09-26 12:30:00,Modern Times,3,7.5
30,PRN00029,alessioromano383,2018-06-16 10:00:00,The Ten Commandments,4,7.0
31,PRN00030,marcorossi260,2021-04-17 10:30:00,E.T. the Extra-Terrestrial,3,6.5
32,PRN00031,paoloromano116,2027-11-27 20:00:00,Cool Hand Luke,2,10.0
33,PRN00032,giuliaverdi354,2027-05-23 17:30:00,Heat,2,7.0
34,PRN00033,annabianchi122,2020-03-24 10:00:00,Kagemusha,4,6.5
35,PRN00034,andreamarino98,2025-03-16 13:30:00,The Incredibles,3,8.0
36,PRN00035,alessiocolombo148,2021-07-30 16:00:00,Indiana Jones and the Last Crusade,2,7.5
37,PRN00036,giorgiacolombo363,2026-07-19 10:00:00,Tôkyô goddofâzâzu,4,8.0
38,PRN00037,lucaconti18,2025-01-02 12:30:00,The Last Samurai,3,6.5
39,PRN00038,alessioesposito352,2025-04-09 10:30:00,Pink Floyd: The Wall,3,8.5
40,PRN00039,lucarusso157,2020-10-13 10:00:00,Fanny och Alexander,1,8.0
41,PRN00040,marcocolombo152,2025-07-08 10:30:00,Solaris,2,7.0
42,PRN00041,lauragreco336,2019-04-29 10:30:00,Amadeus,3,7.0
43,PRN00042,alessiorusso177,2018-04-05 10:30:00,A Night at the Opera,1,8.5
44,PRN00043,chiararusso103,2026-02-03 12:30:00,The Remains of the Day,3,7.5
45,PRN00044,giorgiagreco210,2019-11-15 12:30:00,Breaking the Waves,2,8.0
46,PRN00045,saragreco238,2023-01-03 13:30:00,Boyz n the Hood,3,8.0
47,PRN00046,giorgiabianchi39,2025-02-01 10:00:00,Primal Fear,1,7.0
48,PRN00047,simonericci313,2020-02-02 12:30:00,Kurenai no buta,2,7.0
49,PRN00048,francescaromano120,2025-02-14 10:00:00,Training Day,1,8.0
50,PRN00049,lucabruno277,2021-11-07 10:30:00,Mississippi Burning,1,6.5
51,PRN00050,annaricci145,2026-07-26 10:30:00,Pride & Prejudice,1,8.5
52,PRN00051,giuliaromano175,2023-12-24 16:00:00,Per qualche dollaro in più,1,8.0
53,PRN00052,giuliafontana204,2019-07-20 10:00:00,Sabrina,4,6.5
54,PRN00053,lucagallo191,2026-05-06 12:30:00,300,2,7.5
55,PRN00054,chiararomano21,2021-01-18 13:00:00,Sunrise: A Song of Two Humans,1,8.0
56,PRN00055,lucabruno296,2024-11-22 13:00:00,Dial M for Murder,4,8.0
57,PRN00056,sararomano58,2026-05-22 10:30:00,Before Sunrise,3,7.0
58,PRN00057,annagallo119,2022-09-06 10:30:00,Kramer vs. Kramer,4,7.5
59,PRN00058,lucaesposito55,2020-10-29 10:30:00,Todo sobre mi madre,4,7.0
60,PRN00059,marcogreco168,2025-10-10 16:30:00,The Sound of Music,2,8.0
61,PRN00060,elenaricci306,2020-05-06 10:30:00,Fanny och Alexander,4,6.5
62,PRN00061,alessiocolombo148,2021-07-01 13:00:00,The Gold Rush,3,6.5
63,PRN00062,elenabianchi258,2023-02-04 16:00:00,Shichinin no samurai,2,7.0
64,PRN00063,marcoverdi184,2026-08-25 12:30:00,Stalag 17,3,7.0
65,PRN00064,andrearicci332,2020-03-20 10:30:00,A Bronx Tale,2,8.0
66,PRN00065,francescagreco289,2019-09-07 13:00:00,Watership Down,2,7.0
67,PRN00066,elenaverdi270,2025-06-14 10:30:00,Where Eagles Dare,4,7.0
68,PRN00067,paolomarino160,2021-01-29 10:00:00,Marriage Story,4,8.0
69,PRN00068,chiararomano21,2026-03-29 15:30:00,Billy Elliot,1,8.0
70,PRN00069,lauracolombo195,2026-07-14 10:00:00,The Longest Day,2,8.0
71,PRN00070,lucafontana399,2026-04-01 10:00:00,Manhattan,3,8.0
72,PRN00071,chiaraverdi302,2023-10-23 10:00:00,Duck Soup,2,8.0
73,PRN00072,giuliacolombo72,2026-06-28 15:30:00,Fantasia,2,7.0
74,PRN00073,davidebruno154,2026-09-12 13:00:00,The Station Agent,3,8.5
75,PRN00074,elenagreco283,2027-05-16 13:00:00,All the President's Men,1,6.5
76,PRN00075,francescagallo267,2019-04-30 13:30:00,Bound by Honor,3,7.5
77,PRN00076,simonericci313,2026-08-04 10:30:00,Pride & Prejudice,1,8.5
78,PRN00077,annagallo276,2025-03-08 10:30:00,The King of Comedy,4,8.5
79,PRN00078,alessiocolombo148,2018-05-18 13:30:00,Forrest Gump,2,8.0
80,PRN00079,alessiobruno365,2027-03-19 10:30:00,Star Wars: Episode VI - Return of the Jedi,1,6.5
81,PRN00080,alessiocolombo147,2019-06-08 16:00:00,"South Park: Bigger, Longer & Uncut",4,8.5
82,PRN00081,paolofontana378,2022-10-16 10:00:00,Fargo,1,7.0
83,PRN00082,giuliabruno161,2020-02-11 14:00:00,The Little Mermaid,3,6.5
84,PRN00083,lucaconti262,2027-11-23 12:30:00,The Others,2,6.5
85,PRN00084,matteoesposito303,2020-11-10 10:30:00,Roma,1,8.0
86,PRN00085,marcocolombo152,2022-08-14 10:30:00,North by Northwest,3,7.5
87,PRN00086,andrearicci268,2024-01-13 15:00:00,Reservoir Dogs,3,7.0
88,PRN00087,giorgiagreco299,2023-08-14 12:30:00,The Goonies,2,8.0
89,PRN00088,paolofontana214,2026-04-07 15:00:00,Taegukgi hwinalrimyeo,1,8.0
90,PRN00089,elenabruno250,2023-03-25 10:30:00,Halloween,4,6.5
91,PRN00090,matteorusso178,2021-06-28 16:00:00,"Planes, Trains & Automobiles",2,6.5
92,PRN00091,saramarino14,2025-02-06 15:00:00,Rashômon,1,8.5
93,PRN00092,chiaraverdi302,2019-10-11 13:00:00,First Blood,1,6.5
94,PRN00093,davideesposito26,2026-09-12 10:30:00,Funny Games,2,7.0
95,PRN00094,annaricci275,2020-02-29 20:00:00,Kagemusha,3,9.0
96,PRN00095,matteoesposito320,2024-01-31 13:00:00,Where Eagles Dare,2,7.5
97,PRN00096,marcoferrari141,2027-01-05 10:30:00,Fantasia,3,6.5
98,PRN00097,matteofontana216,2023-06-13 10:30:00,Delicatessen,3,7.5
99,PRN00098,paoloromano116,2025-06-11 10:30:00,Airplane!,3,8.5
100,PRN00099,alessiocolombo147,2020-04-05 10:30:00,The French Connection,2,6.5
101,PRN00100,giorgiaverdi361,2027-05-28 13:00:00,Dazed and Confused,3,8.5
102,PRN00101,paolomarino160,2021-12-05 15:30:00,The Muppet Christmas Carol,4,7.5
103,PRN00102,davidebianchi174,2027-08-16 10:30:00,Aliens,3,6.5
104,PRN00103,marcoricci187,2020-10-20 10:30:00,In the Name of the Father,3,7.0
105,PRN00104,lucaromano280,2018-05-01 10:00:00,Manhattan,2,7.5
106,PRN00105,sararossi247,2021-01-05 10:30:00,October Sky,3,8.5
107,PRN00106,annaverdi162,2027-09-26 15:30:00,Boogie Nights,2,7.0
108,PRN00107,marcofontana369,2025-03-03 10:00:00,The Wizard of Oz,3,6.5
109,PRN00108,paolocolombo40,2020-08-30 18:30:00,Uri: The Surgical Strike,1,9.5
110,PRN00109,alessiorusso177,2021-09-30 10:30:00,Platoon,4,8.0
111,PRN00110,matteoromano129,2024-06-06 12:30:00,Trois couleurs: Rouge,4,8.0
112,PRN00111,giorgiagallo218,2026-03-07 12:00:00,Badlands,3,8.0
113,PRN00112,simonebruno314,2022-10-05 10:00:00,The Great Escape,2,8.5
114,PRN00113,alessiobruno20,2027-09-26 12:30:00,Sleepers,2,6.5
115,PRN00114,annaverdi59,2027-11-20 18:00:00,Jules et Jim,4,10.0
116,PRN00115,marcofontana369,2018-05-07 17:00:00,The Deer Hunter,1,8.5
117,PRN00116,alessiocolombo148,2025-03-12 13:30:00,Cat on a Hot Tin Roof,2,6.5
118,PRN00117,matteofontana216,2024-12-30 10:30:00,Mississippi Burning,2,7.0
119,PRN00118,matteoesposito351,2023-01-29 10:00:00,Mimi wo sumaseba,4,8.0
120,PRN00119,giorgiagreco210,2024-03-10 17:00:00,The Terminator,3,8.0
121,PRN00120,andrearicci332,2027-02-19 12:30:00,The Right Stuff,1,7.5
122,PRN00121,matteomarino144,2022-01-09 18:30:00,Rosemary's Baby,2,10.0
123,PRN00122,davideferrari319,2024-08-25 13:30:00,The Shop Around the Corner,3,7.5
124,PRN00123,giorgiaverdi291,2018-11-16 10:00:00,Le salaire de la peur,1,8.5
125,PRN00124,annabruno44,2027-08-09 16:30:00,Planet of the Apes,3,6.5
126,PRN00125,matteofontana170,2019-03-06 10:30:00,Terminator 2: Judgment Day,4,7.0
127,PRN00126,alessiocolombo110,2020-02-16 13:30:00,A Clockwork Orange,4,8.5
128,PRN00127,simonerossi331,2027-07-09 10:00:00,Once Upon a Time in the West,1,8.0
129,PRN00128,giorgiagallo218,2025-01-11 15:00:00,Platoon,1,8.5
130,PRN00129,simonefontana36,2022-11-20 19:30:00,Dances with Wolves,2,10.0
131,PRN00130,matteoromano221,2026-10-24 18:00:00,Notorious,2,9.0
132,PRN00131,andreabruno213,2019-09-06 10:30:00,Gifted,2,6.5
133,PRN00132,elenaesposito285,2025-12-28 10:30:00,The Great Escape,2,8.5
134,PRN00133,annarusso133,2023-07-20 13:00:00,Ran,3,8.5
135,PRN00134,lucarusso396,2026-04-12 12:30:00,To Have and Have Not,4,7.5
136,PRN00135,paoloricci385,2024-03-28 14:30:00,The Terminator,1,8.0
137,PRN00136,giuliabianchi42,2022-01-10 10:30:00,Freaks,3,7.0
138,PRN00137,paolofontana214,2027-07-30 16:00:00,Aliens,2,8.0
139,PRN00138,andrearicci268,2022-01-02 19:30:00,Boksuneun naui geot,4,9.5
140,PRN00139,francescagallo267,2018-07-18 10:30:00,Pâfekuto burû,3,7.5
141,PRN00140,chiarabruno196,2027-07-20 10:00:00,Finding Nemo,2,8.0
142,PRN00141,marcogreco168,2018-01-08 12:30:00,A Night at the Opera,2,7.5
143,PRN00142,elenagreco283,2018-06-12 17:00:00,The Grapes of Wrath,3,6.5
144,PRN00143,giorgiarusso241,2024-01-19 14:00:00,Cat on a Hot Tin Roof,4,7.5
145,PRN00144,davideesposito377,2020-07-26 13:00:00,Tôkyô monogatari,1,6.5
146,PRN00145,giuliarusso11,2025-02-23 13:30:00,Viskningar och rop,4,7.0
147,PRN00146,matteofontana216,2020-03-26 13:00:00,Toy Story,3,8.0
148,PRN00147,lucamarino208,2020-02-09 17:30:00,Kurenai no buta,1,8.5
149,PRN00148,annabruno44,2026-01-10 16:00:00,High Noon,4,7.5
150,PRN00149,giorgiaverdi349,2021-06-03 14:00:00,Scent of a Woman,2,8.0
151,PRN00150,simonegreco310,2025-05-14 14:30:00,The Last of the Mohicans,3,8.0
152,PRN00151,giuliaesposito172,2023-03-05 15:00:00,The Color Purple,1,7.5
153,PRN00152,davideconti235,2021-12-18 13:30:00,The Straight Story,1,8.5
154,PRN00153,andreagallo82,2018-10-06 13:00:00,Andaz Apna Apna,2,8.0
155,PRN00154,giorgiarossi139,2018-11-23 13:30:00,Boogie Nights,3,8.5
156,PRN00155,chiaramarino32,2019-07-29 17:30:00,The Purple Rose of Cairo,3,7.5
157,PRN00156,giorgiaesposito284,2021-05-22 10:30:00,Being John Malkovich,3,7.0
158,PRN00157,matteobianchi193,2018-07-21 16:30:00,Die Hard: With a Vengeance,3,7.5
159,PRN00158,simonegreco367,2026-02-08 15:00:00,Amadeus,1,7.0
160,PRN00159,lucacolombo318,2021-01-17 16:00:00,North by Northwest,1,8.0
161,PRN00160,francescarusso159,2019-06-15 10:00:00,The Wizard of Oz,4,8.5
162,PRN00161,saraconti61,2025-12-28 10:30:00,The Great Escape,1,8.5
163,PRN00162,giuliabianchi42,2021-05-04 10:00:00,Sunset Blvd.,4,6.5
164,PRN00163,simonefontana253,2024-12-12 10:00:00,The Outlaw Josey Wales,4,7.5
165,PRN00164,lauraromano137,2027-08-09 16:30:00,Planet of the Apes,4,6.5
166,PRN00165,giuliamarino386,2025-02-11 10:30:00,Amélie,2,8.5
167,PRN00166,annabianchi48,2023-10-26 10:00:00,Shichinin no samurai,3,8.5
168,PRN00167,giorgiafontana222,2021-07-23 12:30:00,Witness for the Prosecution,4,8.0
169,PRN00168,daviderossi254,2019-01-05 16:00:00,Mononoke-hime,2,8.0
170,PRN00169,paolobruno307,2024-02-24 15:30:00,White Heat,1,6.5
171,PRN00170,lucamarino173,2022-09-15 12:30:00,A Streetcar Named Desire,1,8.5
172,PRN00171,lucarusso396,2021-02-21 16:30:00,La dolce vita,4,8.5
173,PRN00172,annabruno44,2021-01-09 10:30:00,Touch of Evil,4,7.0
174,PRN00173,annacolombo278,2024-08-28 10:30:00,The Butterfly Effect,1,6.5
175,PRN00174,chiaraferrari311,2022-12-11 13:00:00,Smultronstället,1,7.5
176,PRN00175,paolorossi186,2021-02-02 15:30:00,Paper Moon,4,7.5
177,PRN00176,francescaferrari323,2020-08-14 10:00:00,La Strada,3,8.5
178,PRN00177,francescaferrari54,2023-08-05 10:00:00,The Elephant Man,3,8.5
179,PRN00178,simonebianchi315,2021-07-14 14:00:00,Where Eagles Dare,2,7.5
180,PRN00179,francescaferrari88,2018-04-25 12:00:00,Airlift,1,8.5
181,PRN00180,giorgiafontana222,2027-09-20 10:00:00,Jûbê ninpûchô,4,7.5
182,PRN00181,marcocolombo152,2020-10-04 10:30:00,In the Name of the Father,1,7.5
183,PRN00182,davidebruno380,2025-07-12 16:30:00,Match Point,2,8.5
184,PRN00183,daviderossi254,2021-11-07 13:30:00,Mississippi Burning,1,8.5
185,PRN00184,chiararusso103,2027-02-15 12:30:00,The Outlaw Josey Wales,1,7.0
186,PRN00185,giuliarusso255,2019-06-06 16:00:00,Malcolm X,1,7.0
187,PRN00186,giorgiagreco325,2026-11-17 13:30:00,Trois couleurs: Bleu,1,8.5
188,PRN00187,simonefontana253,2022-10-22 10:30:00,Midnight Cowboy,3,7.5
189,PRN00188,davidericci60,2018-01-03 10:00:00,Mr. Smith Goes to Washington,4,7.5
190,PRN00189,lucamarino173,2020-03-18 15:30:00,Mr. Smith Goes to Washington,1,7.5
191,PRN00190,matteoesposito351,2019-04-19 10:30:00,Ikiru,2,8.0
192,PRN00191,giuliaesposito73,2019-06-06 16:00:00,Malcolm X,3,7.0
193,PRN00192,sarabianchi128,2023-03-25 13:00:00,The Thing,4,7.5
194,PRN00193,lucaesposito55,2023-08-09 13:00:00,Finding Nemo,3,7.5
195,PRN00194,giuliabianchi42,2020-11-05 17:00:00,Empire of the Sun,4,8.5
196,PRN00195,lucafontana399,2026-03-18 17:00:00,The Day the Earth Stood Still,4,8.5
197,PRN00196,chiararusso103,2019-05-11 10:00:00,Bound by Honor,4,8.5
198,PRN00197,annaricci145,2020-01-26 16:30:00,Ford v Ferrari,2,8.0
199,PRN00198,andreaverdi202,2026-10-11 10:00:00,Goodfellas,3,8.5
200,PRN00199,giuliabruno161,2021-02-26 15:00:00,Amores perros,4,8.0
201,PRN00200,davideverdi70,2023-11-23 10:00:00,Shichinin no samurai,4,7.0
202,PRN00201,chiararusso126,2026-05-05 10:30:00,Omohide poro poro,1,7.5
203,PRN00202,lucarusso396,2018-04-07 16:30:00,To Be or Not to Be,1,8.5
204,PRN00203,giuliaesposito73,2019-02-11 14:00:00,The Grapes of Wrath,4,8.5
205,PRN00204,giuliagreco143,2025-11-01 16:30:00,East of Eden,1,6.5
206,PRN00205,lucamarino173,2026-01-26 12:30:00,Wait Until Dark,4,7.5
207,PRN00206,chiararusso126,2026-03-19 17:00:00,To Have and Have Not,4,7.5
208,PRN00207,lucacolombo318,2018-06-26 13:00:00,Indiana Jones and the Last Crusade,1,7.5
209,PRN00208,lucaromano280,2024-11-19 10:30:00,Snatch,3,8.0
210,PRN00209,giorgiarossi139,2018-08-18 17:00:00,Die Hard: With a Vengeance,4,8.0
211,PRN00210,francescagreco81,2025-09-01 10:30:00,Per un pugno di dollari,2,7.0
212,PRN00211,lucaromano249,2021-10-17 13:00:00,Pulp Fiction,1,8.5
213,PRN00212,marcorusso392,2018-05-25 13:30:00,The Verdict,1,6.5
214,PRN00213,francescaferrari323,2019-04-02 15:00:00,K.G.F: Chapter 1,4,7.0
215,PRN00214,francescafontana257,2024-05-24 14:30:00,Y tu mamá también,3,7.5
216,PRN00215,giorgiaromano188,2019-08-24 16:00:00,Dead Poets Society,4,6.5
217,PRN00216,giuliaesposito172,2023-08-23 10:00:00,Donnie Darko,2,6.5
218,PRN00217,marcorusso392,2021-09-18 10:30:00,The Apartment,2,8.5
219,PRN00218,elenafontana341,2026-09-28 10:30:00,"O Brother, Where Art Thou?",1,8.5
220,PRN00219,elenagreco228,2024-08-21 10:30:00,Akira,1,8.5
221,PRN00220,simonegallo31,2022-10-04 15:30:00,What's Eating Gilbert Grape,4,6.5
222,PRN00221,sararossi337,2022-09-18 10:30:00,The Innocents,2,6.5
223,PRN00222,matteorusso178,2025-12-24 12:30:00,American Psycho,4,7.5
224,PRN00223,lucagallo191,2023-12-31 12:30:00,The Deer Hunter,2,6.5
225,PRN00224,annacolombo278,2024-07-16 10:30:00,Magnolia,2,6.5
226,PRN00225,giorgiagreco210,2022-07-11 16:00:00,Per qualche dollaro in più,2,7.0
227,PRN00226,davideesposito26,2021-01-08 10:00:00,Rebecca,2,8.0
228,PRN00227,chiarabruno227,2020-09-12 16:30:00,Magnolia,3,8.0
229,PRN00228,andreaconti355,2021-08-16 10:30:00,La leggenda del pianista sull'oceano,1,7.5
230,PRN00229,lucaesposito55,2022-04-09 10:00:00,Harry Potter and the Sorcerer's Stone,4,7.5
231,PRN00230,lucabruno324,2020-01-19 13:00:00,Green Book,2,8.0
232,PRN00231,alessioromano383,2021-04-17 16:30:00,Dip huet seung hung,1,7.5
233,PRN00232,davidebianchi174,2022-03-13 10:00:00,The Killing,1,8.0
234,PRN00233,andreabruno153,2021-12-06 10:30:00,Malcolm X,4,7.5
235,PRN00234,alessiobruno365,2025-04-05 10:00:00,Who Framed Roger Rabbit,3,7.0
236,PRN00235,andreagallo71,2024-10-29 10:00:00,Les triplettes de Belleville,1,6.5
237,PRN00236,andrearicci332,2027-06-26 10:00:00,Who's Afraid of Virginia Woolf?,3,7.0
238,PRN00237,elenaesposito163,2025-10-19 10:00:00,Enter the Dragon,3,6.5
239,PRN00238,lucarusso396,2025-02-04 10:00:00,It Happened One Night,4,7.0
240,PRN00239,andreagallo71,2023-04-28 13:30:00,Kal Ho Naa Ho,3,8.5
241,PRN00240,chiararicci77,2018-02-08 15:30:00,Secrets & Lies,2,8.5
242,PRN00241,sarabianchi128,2020-08-16 10:30:00,Bohemian Rhapsody,1,8.5
243,PRN00242,paolofontana378,2022-07-19 13:00:00,The Pianist,3,8.0
244,PRN00243,andreaverdi202,2021-11-27 10:00:00,Klaus,2,8.0
245,PRN00244,marcocolombo152,2025-02-19 10:00:00,Ben-Hur,1,8.5
246,PRN00245,alessiofontana215,2021-01-24 17:30:00,Boyz n the Hood,1,6.5
247,PRN00246,alessiomarino288,2023-07-25 10:30:00,Stagecoach,4,8.5
248,PRN00247,lauraricci248,2024-01-14 14:30:00,Groundhog Day,3,7.5
249,PRN00248,francescaferrari54,2025-01-11 10:00:00,Les choristes,1,6.5
250,PRN00249,andreacolombo347,2027-01-16 15:30:00,Dark City,4,7.5
251,PRN00250,marcorossi78,2019-06-08 16:00:00,"South Park: Bigger, Longer & Uncut",4,8.5
252,PRN00251,alessiocolombo176,2020-06-23 10:30:00,Ferris Bueller's Day Off,2,6.5
253,PRN00252,andreabruno153,2026-06-28 18:30:00,Apocalypto,1,9.5
254,PRN00253,giorgiacolombo297,2024-11-16 16:30:00,Scent of a Woman,3,8.0
255,PRN00254,paolorossi298,2018-12-19 12:30:00,Ayla: The Daughter of War,4,8.0
256,PRN00255,elenaconti104,2027-05-31 10:00:00,Tropa de Elite,3,7.5
257,PRN00256,paoloromano116,2023-06-09 13:00:00,The Terminator,3,8.0
258,PRN00257,lauraverdi90,2018-01-24 15:30:00,The Dirty Dozen,4,6.5
259,PRN00258,marcoverdi184,2019-03-16 18:00:00,Uri: The Surgical Strike,3,9.0
260,PRN00259,chiaragreco395,2027-02-23 10:00:00,Glory,4,7.0
261,PRN00260,matteomarino24,2022-09-11 12:30:00,Judgment at Nuremberg,1,6.5
262,PRN00261,andreabruno153,2025-06-14 19:00:00,Andaz Apna Apna,3,9.0
263,PRN00262,chiararusso33,2022-08-06 15:00:00,Vivre sa vie: Film en douze tableaux,4,6.5
264,PRN00263,andreabruno171,2023-01-07 10:00:00,25th Hour,1,7.5
265,PRN00264,giuliarusso255,2027-01-13 10:00:00,Pirates of the Caribbean: The Curse of the Black Pearl,2,6.5
266,PRN00265,giorgiaesposito284,2025-10-29 14:00:00,Enter the Dragon,3,7.5
267,PRN00266,davideferrari319,2024-02-02 13:30:00,The Man Who Would Be King,1,8.5
268,PRN00267,lauraricci225,2018-01-04 10:30:00,Mr. Smith Goes to Washington,3,6.5
269,PRN00268,davidegreco109,2020-06-07 13:00:00,Der Name der Rose,1,7.5
270,PRN00269,chiarafontana393,2021-11-28 18:00:00,Lagaan: Once Upon a Time in India,1,10.0
271,PRN00270,lucarusso396,2022-06-02 10:30:00,Das Experiment,3,6.5
272,PRN00271,lucagallo240,2027-03-08 10:30:00,Willy Wonka & the Chocolate Factory,1,8.5
273,PRN00272,matteoesposito351,2025-12-23 10:00:00,Papillon,3,7.0
274,PRN00273,sarabianchi128,2026-01-31 15:00:00,Brokeback Mountain,2,8.0
275,PRN00274,matteoromano129,2019-01-05 19:00:00,Apocalypse Now,3,8.5
276,PRN00275,alessiomarino288,2018-09-04 10:00:00,Tumbbad,4,8.0
277,PRN00276,lucaromano249,2020-02-25 14:30:00,Il conformista,2,8.5
278,PRN00277,annaverdi59,2026-05-17 16:00:00,The Muppet Christmas Carol,4,8.5
279,PRN00278,francescagreco13,2020-01-13 10:30:00,The Longest Day,3,6.5
280,PRN00279,alessioferrari80,2025-11-10 12:30:00,Crash,1,7.5
281,PRN00280,marcoferrari141,2027-06-12 18:00:00,The Illusionist,3,9.5
282,PRN00281,alessioconti292,2020-02-25 14:30:00,Il conformista,3,8.5
283,PRN00282,alessioricci381,2023-04-08 13:00:00,Empire of the Sun,4,7.0
284,PRN00283,giorgiabruno279,2023-07-30 10:30:00,The Treasure of the Sierra Madre,1,6.5
285,PRN00284,andreagallo71,2019-03-03 15:30:00,Rear Window,1,8.5
286,PRN00285,simonerossi10,2021-06-18 10:00:00,Harold and Maude,2,8.0
287,PRN00286,chiararusso398,2025-01-19 16:00:00,"Shin seiki Evangelion Gekijô-ban: Air/Magokoro wo, kimi ni",4,7.5
288,PRN00287,chiaramarino388,2023-06-20 10:00:00,Manhattan,3,8.5
289,PRN00288,simonebruno251,2022-02-25 13:00:00,Rain Man,4,8.5
290,PRN00289,sarabruno220,2018-11-12 10:00:00,"Shin seiki Evangelion Gekijô-ban: Air/Magokoro wo, kimi ni",2,8.5
291,PRN00290,chiararicci77,2022-03-19 18:00:00,A Little Princess,4,9.0
292,PRN00291,paoloromano116,2022-02-05 13:30:00,The Others,4,7.5
293,PRN00292,marcoferrari141,2019-08-24 10:00:00,Good Will Hunting,3,7.5
294,PRN00293,matteogallo266,2024-10-12 13:00:00,Before Sunset,3,6.5
295,PRN00294,giuliafontana74,2026-06-07 10:00:00,Metropolis,3,8.0
296,PRN00295,andreabruno213,2022-07-27 10:30:00,Vivre sa vie: Film en douze tableaux,1,8.0
297,PRN00296,paoloverdi179,2024-03-10 10:00:00,The Odd Couple,4,6.5
298,PRN00297,marcoferrari141,2020-04-03 10:00:00,The Man Who Shot Liberty Valance,2,8.0
299,PRN00298,alessiobruno20,2023-02-05 10:30:00,Jurassic Park,4,7.5
300,PRN00299,chiarabruno196,2025-03-02 10:00:00,Lilja 4-ever,3,7.0
301,PRN00300,andreagallo97,2021-01-09 16:00:00,Saving Private Ryan,1,7.5
302,PRN00301,davideverdi70,2019-10-01 14:00:00,The Manchurian Candidate,3,6.5
303,PRN00302,simonebruno251,2020-12-19 17:00:00,Marriage Story,1,8.5
304,PRN00303,giuliabianchi42,2024-03-04 10:00:00,Les diaboliques,4,8.0
305,PRN00304,matteobianchi93,2019-06-05 13:30:00,Rebel Without a Cause,3,7.5
306,PRN00305,paolorossi186,2019-02-11 10:00:00,Titanic,1,6.5
307,PRN00306,francescafontana257,2025-02-21 10:30:00,The Lady Vanishes,1,7.5
308,PRN00307,andreabruno171,2025-03-08 13:00:00,Lilja 4-ever,3,7.5
309,PRN00308,lauracolombo7,2027-05-20 13:00:00,Tropa de Elite,2,7.0
310,PRN00309,giorgiacolombo297,2024-08-24 10:30:00,Saw,1,8.5
311,PRN00310,annarusso65,2023-11-02 12:30:00,Mad Max 2,1,7.5
312,PRN00311,paolorossi186,2026-04-12 15:00:00,Ivanovo detstvo,1,8.0
313,PRN00312,marcorusso392,2022-04-06 10:30:00,12 Angry Men,1,6.5
314,PRN00313,andreaverdi202,2023-07-27 10:30:00,First Blood,3,7.5
315,PRN00314,chiaramarino339,2022-08-16 13:30:00,Sense and Sensibility,1,7.5
316,PRN00315,elenamarino111,2024-11-20 10:00:00,Underground,1,7.5
317,PRN00316,chiararusso398,2027-02-03 14:30:00,Le dîner de cons,4,8.0
318,PRN00317,davideromano166,2018-11-29 10:00:00,Hana-bi,1,8.5
319,PRN00318,paologreco28,2021-06-17 15:30:00,Trois couleurs: Rouge,1,7.0
320,PRN00319,elenabianchi96,2024-08-22 13:00:00,No Man's Land,1,8.5
321,PRN00320,elenaromano224,2019-12-15 16:30:00,The Longest Day,2,8.0
322,PRN00321,paoloferrari140,2027-12-14 10:30:00,Fight Club,2,6.5
323,PRN00322,lauraverdi293,2018-02-22 13:00:00,Secrets & Lies,1,7.0
324,PRN00323,lauragreco336,2018-12-08 16:30:00,Hana-bi,3,7.0
325,PRN00324,francescaesposito114,2019-12-26 10:00:00,Dom za vesanje,1,7.5
326,PRN00325,giorgiagreco57,2024-01-29 12:00:00,The Last Picture Show,2,8.0
327,PRN00326,giorgiaverdi131,2019-05-02 16:00:00,Raging Bull,1,8.0
328,PRN00327,annarusso132,2025-07-05 10:30:00,Back to the Future,4,7.5
329,PRN00328,giuliagallo138,2021-09-04 17:00:00,The Thing,2,8.0
330,PRN00329,annaferrari37,2024-12-22 13:00:00,The Others,4,7.0
331,PRN00330,simonebianchi315,2020-11-10 13:30:00,The Godfather,3,6.5
332,PRN00331,andrearomano75,2019-08-31 13:30:00,Dark City,1,6.5
333,PRN00332,francescagreco13,2020-12-12 10:00:00,Avengers: Endgame,1,7.5
334,PRN00333,marcorusso392,2022-09-05 12:30:00,The Innocents,4,7.5
335,PRN00334,francescaferrari54,2027-11-23 10:00:00,"Monsters, Inc.",3,6.5
336,PRN00335,marcoconti246,2027-07-19 13:00:00,Zelig,3,7.5
337,PRN00336,lauraromano137,2022-12-02 14:00:00,From Here to Eternity,1,7.5
338,PRN00337,saramarino14,2025-04-04 13:00:00,The 39 Steps,3,6.5
339,PRN00338,matteoesposito320,2018-03-29 16:00:00,Rosemary's Baby,2,7.0
340,PRN00339,elenafontana294,2021-02-15 10:00:00,Tôkyô monogatari,2,7.0
341,PRN00340,chiararusso103,2021-04-18 15:00:00,The Searchers,2,8.0
342,PRN00341,andreagallo97,2026-01-08 16:00:00,Harvey,3,8.5
343,PRN00342,lucagallo240,2018-10-27 13:00:00,Moana,2,7.5
344,PRN00343,paolofontana214,2024-11-11 10:30:00,The Thin Man,4,7.0
345,PRN00344,annaricci145,2020-09-07 10:00:00,Midnight Cowboy,2,8.0
346,PRN00345,marcomarino322,2019-06-14 10:30:00,Wind River,3,7.5
347,PRN00346,giuliarusso255,2023-08-16 10:30:00,Finding Nemo,2,8.5
348,PRN00347,chiaragreco395,2025-07-27 13:00:00,Days of Heaven,1,7.5
349,PRN00348,saragallo200,2025-03-14 13:00:00,Aladdin,4,6.5
350,PRN00349,simoneconti223,2023-06-04 18:30:00,Beauty and the Beast,4,9.5
351,PRN00350,giuliarusso301,2022-01-21 10:30:00,Shadow of a Doubt,4,8.5
352,PRN00351,giorgiacolombo164,2022-08-23 10:00:00,Gilda,4,7.0
353,PRN00352,francescaromano156,2018-12-19 12:30:00,Ayla: The Daughter of War,3,8.0
354,PRN00353,giuliaverdi354,2019-08-04 15:00:00,Rebecca,1,8.5
355,PRN00354,alessioferrari146,2021-12-03 13:00:00,Rosemary's Baby,3,7.0
356,PRN00355,simoneverdi205,2027-03-28 10:00:00,Close Encounters of the Third Kind,3,8.5
357,PRN00356,lauraricci248,2027-08-08 19:30:00,The Others,2,10.0
358,PRN00357,simonefontana253,2022-02-04 10:00:00,The Kid,2,7.0
359,PRN00358,alessiorusso177,2027-09-26 12:30:00,Sleepers,3,6.5
360,PRN00359,andrearicci95,2020-06-20 12:30:00,The Matrix,2,7.0
361,PRN00360,alessiogallo360,2019-09-01 10:30:00,God's Own Country,2,7.0
362,PRN00361,andreagallo304,2020-02-12 13:00:00,The Adventures of Robin Hood,3,8.5
363,PRN00362,giorgiaferrari34,2027-07-07 16:00:00,Interstate 60: Episodes of the Road,3,6.5
364,PRN00363,annamarino242,2027-01-10 15:30:00,Sunrise: A Song of Two Humans,4,8.0
365,PRN00364,alessiofontana215,2024-10-30 10:00:00,Almost Famous,3,8.5
366,PRN00365,giorgiarusso241,2025-07-29 10:30:00,Some Like It Hot,1,7.5
367,PRN00366,giuliaesposito374,2026-06-28 15:30:00,Fantasia,2,7.0
368,PRN00367,simonefontana36,2019-06-30 13:30:00,Notorious,1,8.5
369,PRN00368,giuliabruno316,2020-07-24 12:00:00,Il postino,4,7.5
370,PRN00369,paoloromano271,2026-04-16 13:00:00,The African Queen,2,8.0
371,PRN00370,alessioricci381,2027-07-31 16:30:00,The Game,3,8.0
372,PRN00371,giorgiaferrari34,2022-09-22 10:30:00,Lifeboat,2,6.5
373,PRN00372,giorgiamarino68,2026-06-28 13:00:00,In the Heat of the Night,2,8.0
374,PRN00373,lucaverdi41,2027-05-08 13:30:00,Vertigo,4,8.5
375,PRN00374,sararomano58,2020-02-28 15:00:00,La vita è bella,4,8.0
376,PRN00375,giorgiabianchi136,2023-02-08 15:30:00,Airplane!,4,6.5
377,PRN00376,chiararossi390,2027-02-16 13:00:00,The Lion King,3,7.0
378,PRN00377,giuliagreco143,2021-01-30 15:00:00,La Grande Illusion,4,8.5
379,PRN00378,alessiogallo360,2024-12-07 13:00:00,Boyz n the Hood,3,7.5
380,PRN00379,chiararomano21,2024-12-21 15:00:00,All About Eve,2,6.5
381,PRN00380,chiaramarino339,2020-12-11 13:00:00,Se7en,1,8.0
382,PRN00381,elenarossi121,2024-10-13 18:30:00,Airplane!,2,9.5
383,PRN00382,elenabruno250,2020-06-07 19:00:00,City Lights,2,8.5
384,PRN00383,paoloricci385,2020-02-07 10:30:00,A Clockwork Orange,3,7.0
385,PRN00384,saramarino14,2024-05-09 15:30:00,Nueve reinas,4,8.0
386,PRN00385,giorgiagreco373,2024-06-22 13:30:00,The Shop Around the Corner,4,7.0
387,PRN00386,francescagreco81,2027-10-13 13:00:00,Sunrise: A Song of Two Humans,3,7.5
388,PRN00387,francescaromano150,2021-03-03 15:30:00,Boyz n the Hood,2,7.0
389,PRN00388,andreabianchi397,2024-09-23 16:30:00,After Hours,1,8.5
390,PRN00389,paoloricci385,2020-04-09 13:00:00,Metropolis,1,8.5
391,PRN00390,annarusso65,2024-05-03 10:00:00,Y tu mamá también,2,8.0
392,PRN00391,giuliafontana204,2025-06-21 13:30:00,Les triplettes de Belleville,3,8.0
393,PRN00392,marcoromano27,2026-05-10 15:00:00,Terminator 2: Judgment Day,2,8.0
394,PRN00393,simonerossi10,2019-10-07 10:00:00,Donnie Brasco,3,8.0
395,PRN00394,davidericci308,2022-03-16 10:00:00,Amélie,1,8.0
396,PRN00395,elenagreco165,2018-08-19 20:00:00,Tumbbad,3,8.5
397,PRN00396,davidegallo382,2025-03-03 15:00:00,Back to the Future,4,7.5
398,PRN00397,lucagallo217,2024-03-31 10:30:00,Edward Scissorhands,1,7.5
399,PRN00398,lucacolombo85,2021-07-04 15:30:00,In a Lonely Place,3,6.5
400,PRN00399,matteocolombo229,2022-10-08 12:30:00,I Am Sam,1,8.5
401,PRN00400,giuliarusso301,2022-04-02 15:30:00,M - Eine Stadt sucht einen Mörder,4,8.0
402,PRN00401,chiaraverdi302,2018-07-21 10:30:00,The Outlaw Josey Wales,2,8.0
403,PRN00402,alessioconti292,2027-06-21 13:00:00,Ladri di biciclette,3,7.5
404,PRN00403,annamarino30,2020-03-23 13:30:00,Mr. Smith Goes to Washington,4,7.5
405,PRN00404,marcorossi260,2021-02-17 10:00:00,What Ever Happened to Baby Jane?,3,8.0
406,PRN00405,giuliaesposito73,2022-11-13 18:00:00,Sense and Sensibility,3,10.0
407,PRN00406,chiararusso103,2019-04-06 10:00:00,Blowup,3,7.5
408,PRN00407,elenabruno250,2024-08-06 10:00:00,Anatomy of a Murder,2,6.5
409,PRN00408,giuliaromano25,2026-03-11 13:00:00,Manhattan,2,7.5
410,PRN00409,annarusso132,2020-07-26 13:00:00,Tôkyô monogatari,3,6.5
411,PRN00410,andreagallo112,2023-12-25 10:00:00,La dolce vita,4,8.0
412,PRN00411,saragreco238,2025-07-08 10:30:00,Solaris,4,7.0
413,PRN00412,francescaesposito114,2018-10-04 16:00:00,Days of Heaven,1,7.0
414,PRN00413,giuliamarino386,2027-11-13 16:00:00,Back to the Future Part II,4,7.5
415,PRN00414,elenaconti104,2018-07-26 13:00:00,Dà hóng denglong gaogao guà,3,8.0
416,PRN00415,giuliabianchi181,2022-09-10 13:00:00,Tonari no Totoro,1,6.5
417,PRN00416,chiaraesposito317,2026-06-24 10:00:00,The Graduate,1,7.0
418,PRN00417,sarabianchi128,2025-12-22 16:00:00,The Wild Bunch,4,8.0
419,PRN00418,sararicci231,2020-11-07 13:30:00,All That Jazz,3,7.5
420,PRN00419,simonebianchi315,2026-01-15 16:00:00,Office Space,4,8.5
421,PRN00420,lucaricci233,2022-02-13 13:30:00,Boksuneun naui geot,4,7.0
422,PRN00421,giorgiarossi264,2019-04-02 15:00:00,K.G.F: Chapter 1,3,7.0
423,PRN00422,giuliagreco143,2018-12-25 12:30:00,Avengers: Infinity War,3,8.0
424,PRN00423,annarusso132,2019-04-01 10:00:00,Nosferatu,4,7.0
425,PRN00424,lucaricci273,2020-07-12 18:00:00,Life of Brian,4,9.0
426,PRN00425,davideesposito26,2024-06-07 15:00:00,Rocky,2,6.5
427,PRN00426,francescagreco13,2027-07-15 12:30:00,Rocky,1,7.5
428,PRN00427,elenabianchi387,2022-11-05 19:00:00,The Magnificent Seven,2,8.5
429,PRN00428,andreaconti355,2025-04-20 12:30:00,Miracle on 34th Street,1,7.5
430,PRN00429,alessiocolombo176,2018-08-26 12:30:00,Scent of a Woman,3,6.5
431,PRN00430,marcorusso392,2018-04-06 12:30:00,La haine,1,8.5
432,PRN00431,giorgiabruno279,2026-10-24 12:30:00,Notorious,1,7.5
433,PRN00432,annaromano105,2026-09-14 10:30:00,Efter brylluppet,2,7.0
434,PRN00433,chiarabruno370,2019-02-18 10:30:00,Dirty Harry,3,7.5
435,PRN00434,marcoromano27,2025-05-01 13:00:00,Happiness,3,7.5
436,PRN00435,giorgiabianchi39,2019-11-09 19:30:00,Butch Cassidy and the Sundance Kid,4,8.5
437,PRN00436,lauraricci203,2021-01-16 13:00:00,Andrei Rublev,1,6.5
438,PRN00437,marcofontana369,2024-10-12 17:30:00,E.T. the Extra-Terrestrial,3,7.0
439,PRN00438,annaverdi117,2025-05-21 10:30:00,The General,1,6.5
440,PRN00439,giuliaferrari50,2019-09-30 10:00:00,2001: A Space Odyssey,4,6.5
441,PRN00440,andreamarino106,2018-07-02 10:00:00,Star Wars: Episode V - The Empire Strikes Back,1,7.0
442,PRN00441,alessiocolombo176,2019-09-30 10:00:00,2001: A Space Odyssey,4,6.5
443,PRN00442,paologreco28,2022-12-10 13:00:00,Yeopgijeogin geunyeo,2,6.5
444,PRN00443,francescaferrari54,2020-10-04 10:30:00,In the Name of the Father,1,7.5
445,PRN00444,simonebruno130,2023-09-19 12:30:00,To Kill a Mockingbird,4,7.0
446,PRN00445,giuliabianchi42,2020-01-26 13:00:00,Ran,2,7.0
447,PRN00446,saraconti61,2018-04-01 19:00:00,Red River,4,9.0
448,PRN00447,giuliaesposito73,2025-09-06 13:30:00,The Conversation,4,8.5
449,PRN00448,elenagallo38,2024-05-03 12:30:00,Lifeboat,3,8.0
450,PRN00449,giuliaromano25,2019-05-15 13:00:00,Viskningar och rop,3,6.5
451,PRN00450,davideromano22,2026-07-21 13:30:00,Giant,2,7.0
452,PRN00451,elenagallo38,2026-02-26 10:30:00,The General,2,6.5
453,PRN00452,chiaramarino388,2022-07-01 13:00:00,Fiddler on the Roof,1,8.5
454,PRN00453,simonefontana253,2026-10-12 10:30:00,"Aguirre, der Zorn Gottes",3,8.0
455,PRN00454,davidecolombo353,2019-04-28 14:00:00,The Sting,1,7.0
456,PRN00455,lucafontana399,2025-04-09 13:00:00,In America,2,8.5
457,PRN00456,andreabianchi226,2026-07-15 10:30:00,The Wild Bunch,3,7.5
458,PRN00457,davideconti263,2024-11-09 19:00:00,Diarios de motocicleta,2,9.5
459,PRN00458,davideesposito377,2027-05-28 13:00:00,Dazed and Confused,3,8.5
460,PRN00459,simonegallo31,2020-03-08 13:30:00,JFK,2,6.5
461,PRN00460,paolobruno307,2024-09-22 19:00:00,The Grapes of Wrath,2,10.0
462,PRN00461,paolomarino160,2027-02-16 13:00:00,The Lion King,4,7.0
463,PRN00462,giuliacolombo8,2022-06-03 10:30:00,The Lost Weekend,3,7.5
464,PRN00463,lauracolombo195,2019-07-27 16:00:00,Sabrina,1,6.5
465,PRN00464,lauraricci203,2018-12-08 10:30:00,Dip huet seung hung,1,8.5
466,PRN00465,paoloromano394,2020-07-26 19:00:00,"Crna macka, beli macor",3,10.0
467,PRN00466,paologreco28,2018-10-15 10:30:00,Unforgiven,4,7.5
468,PRN00467,annaferrari37,2021-05-31 10:00:00,On Golden Pond,4,8.5
469,PRN00468,marcoferrari141,2019-05-30 10:00:00,The Wizard of Oz,4,7.5
470,PRN00469,giorgiaverdi131,2023-06-20 10:00:00,Manhattan,4,8.5
471,PRN00470,giorgiaferrari34,2026-01-22 10:30:00,Barry Lyndon,2,6.5
472,PRN00471,sararicci389,2018-07-29 15:00:00,This Is Spinal Tap,2,7.5
473,PRN00472,chiararossi53,2021-12-11 12:30:00,Mississippi Burning,3,7.5
474,PRN00473,annagallo119,2024-06-03 13:00:00,Kramer vs. Kramer,4,7.0
475,PRN00474,giuliafontana74,2021-01-09 13:00:00,Cast Away,3,8.5
476,PRN00475,lucaconti256,2025-05-12 15:30:00,Edward Scissorhands,4,7.0
477,PRN00476,giuliamarino386,2020-09-15 14:30:00,The General,2,8.5
478,PRN00477,annaferrari37,2019-08-27 16:00:00,The Exorcist,2,6.5
479,PRN00478,giuliaferrari50,2019-06-20 13:00:00,Trois couleurs: Rouge,1,8.0
480,PRN00479,giuliaconti100,2025-04-11 10:30:00,Paper Moon,2,8.5
481,PRN00480,davidebruno380,2026-02-28 19:00:00,Badlands,1,9.5
482,PRN00481,simoneverdi205,2018-02-23 10:30:00,A Night at the Opera,2,8.5
483,PRN00482,sarabianchi128,2022-08-04 10:30:00,Fanny och Alexander,1,7.5
484,PRN00483,matteoesposito320,2020-04-26 12:30:00,The Man Who Shot Liberty Valance,4,6.5
485,PRN00484,lucaconti256,2022-08-27 16:00:00,Lifeboat,3,7.0
486,PRN00485,alessiocolombo17,2021-01-07 10:30:00,Apocalypse Now,4,7.0
487,PRN00486,alessioferrari80,2019-06-08 16:00:00,"South Park: Bigger, Longer & Uncut",3,8.5
488,PRN00487,chiarabruno370,2021-12-05 13:00:00,Klaus,3,7.0
489,PRN00488,sarabruno290,2027-02-16 13:00:00,The Lion King,1,7.0
490,PRN00489,lucaricci3,2018-08-19 17:00:00,East of Eden,1,7.0
491,PRN00490,lucaricci3,2019-04-25 10:00:00,A Few Good Men,3,7.5
492,PRN00491,elenamarino321,2023-09-09 15:00:00,Ben-Hur,4,8.0
493,PRN00492,paoloricci385,2022-08-13 15:30:00,Tôkyô monogatari,3,8.5
494,PRN00493,lucabruno324,2019-04-20 16:00:00,Dark City,2,7.0
495,PRN00494,elenagreco228,2022-07-17 16:30:00,Memento,3,7.5
496,PRN00495,andreacolombo295,2022-08-21 10:30:00,Road to Perdition,4,6.5
497,PRN00496,lucaricci273,2022-08-26 10:30:00,A Streetcar Named Desire,2,8.0
498,PRN00497,chiarabruno370,2022-07-24 12:30:00,The Invisible Man,2,7.0
499,PRN00498,andreaconti355,2021-04-25 10:00:00,The Boondock Saints,1,6.5
500,PRN00499,chiarafontana76,2025-05-13 10:30:00,Forrest Gump,4,6.5
501,PRN00500,andrearusso265,2019-08-03 15:30:00,Goldfinger,2,7.5
502,PRN00501,lucarossi23,2024-05-25 13:00:00,Finding Nemo,3,6.5
503,PRN00502,giorgiacolombo297,2018-09-11 15:00:00,The Color Purple,2,7.5
504,PRN00503,matteoricci9,2022-12-05 10:00:00,From Here to Eternity,2,7.0
505,PRN00504,annagallo276,2024-04-17 13:30:00,Tenkû no shiro Rapyuta,1,8.0
506,PRN00505,alessioromano259,2019-04-13 13:00:00,Nosferatu,4,6.5
507,PRN00506,lucagallo217,2018-05-17 13:00:00,The Lady Vanishes,4,8.5
508,PRN00507,annamarino242,2022-09-04 18:30:00,Hable con ella,3,10.0
509,PRN00508,elenabruno207,2020-11-04 13:00:00,The Muppet Movie,3,6.5
510,PRN00509,chiararicci245,2024-10-20 13:30:00,Diarios de motocicleta,1,7.5
511,PRN00510,lucaricci273,2020-05-28 10:30:00,Ferris Bueller's Day Off,2,7.0
512,PRN00511,chiaraverdi4,2019-01-05 16:00:00,Mononoke-hime,2,8.0
513,PRN00512,davideesposito377,2023-12-30 10:00:00,Per qualche dollaro in più,1,6.5
514,PRN00513,francescagreco67,2022-08-07 15:30:00,La dolce vita,4,8.0
515,PRN00514,elenagreco283,2027-08-18 10:00:00,Sholay,2,7.5
516,PRN00515,annagallo119,2025-10-03 10:30:00,Manhattan,2,8.0
517,PRN00516,andreabruno171,2023-09-19 12:30:00,To Kill a Mockingbird,3,7.0
518,PRN00517,giuliacolombo72,2022-11-16 16:00:00,City Lights,2,8.0
519,PRN00518,paolomarino160,2026-03-30 10:00:00,Back to the Future Part II,4,7.0
520,PRN00519,andrearicci332,2018-09-22 10:30:00,Heat,2,7.5
521,PRN00520,simonefontana253,2018-08-01 10:30:00,Bringing Up Baby,4,8.0
522,PRN00521,marcorusso392,2020-02-21 15:30:00,Les quatre cents coups,1,7.5
523,PRN00522,andreagallo304,2018-09-29 16:00:00,Il conformista,2,6.5
524,PRN00523,andreagallo82,2027-06-09 13:00:00,Enemy at the Gates,2,7.5
525,PRN00524,davidegallo382,2026-03-29 10:00:00,Death Note: Desu nôto,1,8.0
526,PRN00525,lucaverdi41,2025-10-23 10:00:00,Tengoku to jigoku,4,8.5
527,PRN00526,lucafontana239,2023-10-15 12:30:00,Das Boot,4,8.5
528,PRN00527,andreabruno213,2020-11-18 10:00:00,The Magnificent Seven,4,8.5
529,PRN00528,elenabruno250,2021-05-29 13:00:00,Vizontele,4,8.0
530,PRN00529,simonecolombo366,2024-09-27 10:00:00,Dog Day Afternoon,1,6.5
531,PRN00530,davideromano22,2025-06-28 10:30:00,The General,1,6.5
532,PRN00531,paoloromano271,2022-11-27 10:30:00,Days of Heaven,2,7.0
533,PRN00532,giuliaverdi189,2020-02-05 10:00:00,La dolce vita,1,8.0
534,PRN00533,andreabruno153,2020-05-10 12:30:00,Metropolis,1,8.5
535,PRN00534,chiarafontana76,2018-01-19 12:30:00,Koe no katachi,2,6.5
536,PRN00535,simonebruno314,2025-06-08 18:00:00,Eskiya,1,8.5
537,PRN00536,chiaraverdi4,2024-11-29 13:00:00,Snatch,4,8.5
538,PRN00537,annagallo276,2022-03-22 10:00:00,Tombstone,3,6.5
539,PRN00538,alessioferrari80,2022-01-09 18:30:00,Rosemary's Baby,4,10.0
540,PRN00539,lucamarino79,2019-01-13 18:30:00,"Il buono, il brutto, il cattivo",4,10.0
541,PRN00540,giuliabruno180,2020-04-02 10:30:00,The Lion in Winter,1,7.0
542,PRN00541,chiarabruno196,2026-02-18 15:00:00,Sherlock Jr.,1,8.0
543,PRN00542,giorgiaverdi349,2027-12-28 10:00:00,Good Will Hunting,2,6.5
544,PRN00543,matteobianchi193,2027-11-29 13:30:00,The Others,3,7.0
545,PRN00544,lucaesposito55,2025-02-12 15:30:00,Das Cabinet des Dr. Caligari,2,8.5
546,PRN00545,lucagallo201,2018-12-18 10:30:00,Schindler's List,3,6.5
547,PRN00546,saramarino359,2026-12-06 10:00:00,Salinui chueok,2,8.0
548,PRN00547,annabruno44,2021-11-10 12:30:00,Mississippi Burning,4,8.5
549,PRN00548,annaverdi117,2020-06-04 13:00:00,Breakfast at Tiffany's,4,7.5
550,PRN00549,lucaconti262,2020-12-17 12:30:00,A Man for All Seasons,2,7.5
551,PRN00550,matteoesposito185,2022-09-12 10:30:00,Raiders of the Lost Ark,1,8.5
552,PRN00551,matteobianchi193,2026-02-09 10:00:00,Gongdong gyeongbi guyeok JSA,1,8.5
553,PRN00552,marcofontana51,2018-06-02 13:00:00,The Bridges of Madison County,4,8.0
554,PRN00553,giorgiarossi264,2020-03-23 13:30:00,Mr. Smith Goes to Washington,1,7.5
555,PRN00554,elenabianchi258,2024-08-27 10:30:00,The Bourne Identity,4,8.0
556,PRN00555,giorgiagreco373,2019-12-19 13:00:00,The Princess Bride,4,7.5
557,PRN00556,giuliabianchi42,2027-09-10 10:00:00,All That Jazz,3,6.5
558,PRN00557,giuliaesposito172,2021-09-12 10:00:00,American Beauty,2,8.0
559,PRN00558,alessioricci381,2020-07-10 15:30:00,Il postino,4,7.0
560,PRN00559,giuliarusso11,2027-08-25 13:00:00,Jeux d'enfants,3,7.5
561,PRN00560,andrearicci95,2027-11-24 16:00:00,The Ladykillers,1,6.5
562,PRN00561,paolorusso252,2018-10-27 15:30:00,The Princess Bride,4,7.5
563,PRN00562,saracolombo183,2018-02-28 13:00:00,Il postino,4,8.5
564,PRN00563,marcomarino115,2024-02-12 10:00:00,Cool Hand Luke,2,8.5
565,PRN00564,lucagallo201,2027-06-05 15:00:00,King Kong,4,7.0
566,PRN00565,andreagallo71,2020-07-24 10:00:00,The Naked Gun: From the Files of Police Squad!,1,7.0
567,PRN00566,annarusso133,2022-05-01 13:00:00,Peeping Tom,1,8.0
568,PRN00567,matteoromano221,2025-12-19 10:30:00,Fa yeung nin wah,1,8.0
569,PRN00568,francescagallo330,2026-05-24 19:00:00,The Last King of Scotland,4,9.5
570,PRN00569,elenamarino111,2023-01-22 16:30:00,Kôkaku Kidôtai,1,7.5
571,PRN00570,lucaconti262,2023-08-20 20:00:00,The Elephant Man,4,10.0
572,PRN00571,matteobruno127,2022-03-01 13:30:00,The Birds,4,7.0
573,PRN00572,chiararicci245,2023-09-05 10:30:00,Kagemusha,2,7.0
574,PRN00573,giorgiaferrari282,2027-05-09 10:30:00,Gandhi,2,7.5
575,PRN00574,matteobruno127,2021-11-01 17:30:00,Höstsonaten,4,8.5
576,PRN00575,paoloromano394,2025-07-13 10:30:00,Un long dimanche de fiançailles,4,6.5
577,PRN00576,sararossi247,2021-09-24 12:30:00,Pulp Fiction,3,8.5
578,PRN00577,chiaramarino32,2021-09-22 13:00:00,Sunset Blvd.,1,8.5
579,PRN00578,elenarossi121,2022-11-11 10:00:00,The Magnificent Seven,3,8.0
580,PRN00579,lauraferrari87,2018-02-07 16:30:00,Ba wang bie ji,4,7.5
581,PRN00580,simoneconti223,2027-11-01 13:00:00,The Ladykillers,4,8.0
582,PRN00581,chiarabruno227,2020-12-25 13:00:00,Glory,3,6.5
583,PRN00582,simonefontana102,2021-02-10 10:30:00,Saving Private Ryan,3,6.5
584,PRN00583,simoneconti244,2027-08-22 14:00:00,The Others,4,7.5
585,PRN00584,giorgiafontana222,2021-04-04 18:30:00,The Peanut Butter Falcon,1,8.5
586,PRN00585,lauraricci225,2023-08-04 13:00:00,The Treasure of the Sierra Madre,4,6.5
587,PRN00586,saramarino14,2025-10-12 13:30:00,The Goonies,3,8.0
588,PRN00587,matteoesposito236,2019-10-30 16:00:00,Manbiki kazoku,2,6.5
589,PRN00588,chiaraverdi125,2018-05-06 16:30:00,Sweet Smell of Success,1,8.0
590,PRN00589,francescafontana257,2025-02-02 16:00:00,Training Day,1,6.5
591,PRN00590,giuliaromano25,2021-09-05 13:00:00,Raging Bull,1,8.0
592,PRN00591,marcocolombo152,2019-06-25 10:00:00,Shichinin no samurai,1,8.0
593,PRN00592,francescagreco13,2022-06-23 10:30:00,Arsenic and Old Lace,2,6.5
594,PRN00593,chiararusso103,2027-11-26 13:30:00,It Happened One Night,3,8.0
595,PRN00594,lucaricci3,2026-04-07 15:00:00,Taegukgi hwinalrimyeo,4,8.0
596,PRN00595,alessioferrari146,2025-05-04 13:30:00,Un long dimanche de fiançailles,1,8.0
597,PRN00596,giuliabruno316,2027-07-10 10:00:00,Happiness,4,8.0
598,PRN00597,andrearicci268,2019-12-01 10:30:00,La passion de Jeanne d'Arc,1,6.5
599,PRN00598,saragreco238,2027-05-18 10:00:00,Badlands,1,7.0
600,PRN00599,saramarino261,2027-09-26 12:30:00,Sleepers,2,6.5
601,PRN00600,sarabruno220,2020-05-16 10:00:00,Dil Bechara,1,7.5
602,PRN00601,simonegallo31,2025-03-19 10:00:00,Pink Floyd: The Wall,4,6.5
603,PRN00602,andreaconti355,2019-09-14 19:00:00,Lethal Weapon,2,9.5
604,PRN00603,saraesposito182,2018-08-01 10:30:00,Bringing Up Baby,2,8.0
605,PRN00604,giorgiagreco57,2022-02-21 13:00:00,In the Name of the Father,3,7.0
606,PRN00605,matteoesposito236,2020-01-07 16:30:00,To Kill a Mockingbird,1,7.0
607,PRN00606,elenabruno250,2018-05-05 10:00:00,A Bronx Tale,2,8.5
608,PRN00607,giorgiabruno279,2019-06-14 13:00:00,Wind River,2,8.5
609,PRN00608,simoneverdi205,2023-08-01 10:30:00,La règle du jeu,4,7.0
610,PRN00609,alessiorusso177,2022-03-04 13:00:00,Smultronstället,3,8.5
611,PRN00610,giorgiamarino68,2024-03-22 14:00:00,Le charme discret de la bourgeoisie,4,6.5
612,PRN00611,francescagreco13,2024-10-31 10:30:00,Star Trek II: The Wrath of Khan,2,7.5
613,PRN00612,alessioromano259,2027-11-03 10:30:00,Scent of a Woman,3,7.0
614,PRN00613,marcoferrari141,2019-02-03 10:30:00,Shine,1,7.0
615,PRN00614,matteofontana216,2019-11-14 10:00:00,City Lights,1,8.0
616,PRN00615,annaferrari37,2022-02-12 18:30:00,The Kid,4,9.5
617,PRN00616,paoloromano116,2026-06-14 14:30:00,The Graduate,4,8.5
618,PRN00617,andreabianchi232,2020-06-21 10:00:00,Inherit the Wind,4,8.0
619,PRN00618,chiarafontana393,2021-12-16 13:00:00,Kakushi-toride no san-akunin,3,7.0
620,PRN00619,paolorusso252,2019-02-13 12:30:00,The Grapes of Wrath,4,7.5
621,PRN00620,sarabianchi128,2023-10-10 10:30:00,E.T. the Extra-Terrestrial,4,6.5
622,PRN00621,francescacolombo89,2019-06-23 16:00:00,Night on Earth,4,8.5
623,PRN00622,giorgiarossi139,2019-03-07 10:30:00,Terminator 2: Judgment Day,3,6.5
624,PRN00623,chiaraferrari311,2020-09-29 10:30:00,Uri: The Surgical Strike,3,8.0
625,PRN00624,paoloricci385,2022-05-11 13:30:00,Days of Heaven,3,8.5
626,PRN00625,alessiomarino288,2021-11-06 15:00:00,Platoon,1,7.5
627,PRN00626,marcofontana369,2022-03-05 10:30:00,Amélie,3,7.5
628,PRN00627,francescaromano120,2024-06-14 10:00:00,Rocky,3,8.5
629,PRN00628,francescagallo267,2027-11-24 10:30:00,Aliens,1,8.0
630,PRN00629,sararicci389,2020-04-06 10:00:00,Festen,1,8.5
631,PRN00630,giuliamarino386,2027-04-10 10:00:00,Lagaan: Once Upon a Time in India,1,8.5
632,PRN00631,marcoricci237,2024-10-05 15:00:00,After Hours,3,7.0
633,PRN00632,chiaraesposito317,2020-12-13 14:00:00,Lat sau san taam,2,8.5
634,PRN00633,matteoesposito185,2023-08-12 15:30:00,Memento,3,8.5
635,PRN00634,marcofontana369,2019-10-31 13:30:00,La double vie de Véronique,3,8.0
636,PRN00635,marcogallo391,2018-11-26 10:30:00,Boogie Nights,3,8.5
637,PRN00636,matteocolombo229,2026-09-05 17:00:00,La Grande Illusion,1,8.5
638,PRN00637,paolorusso252,2021-04-17 19:00:00,Trois couleurs: Blanc,3,9.0
639,PRN00638,paolorossi142,2023-03-12 10:30:00,Mystic River,4,6.5
640,PRN00639,andreaconti355,2025-01-11 10:00:00,Les choristes,2,6.5
641,PRN00640,lucarusso157,2027-10-04 10:30:00,Close Encounters of the Third Kind,3,6.5
642,PRN00641,andreagallo97,2025-02-14 10:00:00,Training Day,3,8.0
643,PRN00642,matteobruno127,2022-09-11 10:00:00,To Have and Have Not,3,8.5
644,PRN00643,annarusso133,2019-10-17 14:00:00,La planète sauvage,3,8.5
645,PRN00644,andreabruno213,2026-06-25 10:00:00,Laura,3,8.5
646,PRN00645,andreamarino106,2021-11-20 13:00:00,The Lion in Winter,3,7.5
647,PRN00646,marcorusso392,2022-05-24 13:30:00,Dil Chahta Hai,1,7.5
648,PRN00647,matteobruno127,2026-08-11 13:30:00,Star Wars,1,7.0
649,PRN00648,saracolombo183,2027-07-24 10:00:00,Le locataire,4,8.5
650,PRN00649,lucaromano280,2019-10-11 13:00:00,First Blood,3,6.5
651,PRN00650,sararusso357,2022-10-23 13:00:00,"O Brother, Where Art Thou?",1,8.5
652,PRN00651,annarusso65,2025-05-22 10:00:00,Happiness,4,7.5
653,PRN00652,paolocolombo40,2026-04-24 16:00:00,Kurenai no buta,3,7.0
654,PRN00653,davideverdi333,2025-05-11 10:30:00,21 Grams,1,8.5
655,PRN00654,andreafontana329,2022-02-28 10:00:00,All About Eve,1,8.5
656,PRN00655,marcogallo108,2022-09-29 15:30:00,The Hustler,1,8.5
657,PRN00656,lauraricci225,2024-05-15 10:30:00,Naked,1,8.5
658,PRN00657,marcofontana350,2021-06-13 17:30:00,Jaws,3,8.5
659,PRN00658,elenaesposito285,2027-12-21 16:00:00,Primal Fear,4,7.0
660,PRN00659,lucarossi23,2025-08-11 13:30:00,Kaze no tani no Naushika,2,7.0
661,PRN00660,andreagallo71,2021-04-09 10:30:00,La vita è bella,3,7.0
662,PRN00661,elenaconti104,2024-08-11 16:30:00,"Il buono, il brutto, il cattivo",4,7.5
663,PRN00662,simonecolombo366,2018-11-17 10:00:00,Out of the Past,1,8.0
664,PRN00663,matteoverdi167,2027-03-08 13:00:00,La planète sauvage,4,7.0
665,PRN00664,simonebruno130,2018-02-08 12:30:00,Lethal Weapon,4,7.0
666,PRN00665,marcofontana350,2020-09-09 13:30:00,Gandhi,4,6.5
667,PRN00666,alessiomarino334,2019-04-13 17:30:00,On Golden Pond,4,8.0
668,PRN00667,giorgiabianchi136,2025-08-24 20:00:00,The Green Mile,1,9.0
669,PRN00668,marcofontana15,2020-09-07 10:00:00,Midnight Cowboy,2,8.0
670,PRN00669,lauraferrari87,2021-08-28 13:30:00,The Magnificent Seven,2,8.5
671,PRN00670,matteorusso178,2025-10-29 10:30:00,Tengoku to jigoku,4,8.0
672,PRN00671,marcomarino322,2022-01-18 13:00:00,Mulan,2,7.5
673,PRN00672,annarusso132,2018-08-20 13:00:00,The Goonies,2,8.5
674,PRN00673,marcoconti246,2027-02-21 10:30:00,Gegen die Wand,2,8.0
675,PRN00674,andreagallo97,2023-02-13 10:00:00,The Color Purple,2,7.0
676,PRN00675,alessiocolombo147,2018-05-26 16:30:00,Crimes and Misdemeanors,2,8.0
677,PRN00676,lauracolombo7,2021-12-04 20:30:00,Malcolm X,1,9.0
678,PRN00677,chiararusso126,2023-03-31 14:30:00,Shadow of a Doubt,3,7.5
679,PRN00678,simonefontana102,2020-03-20 10:30:00,A Bronx Tale,2,8.0
680,PRN00679,saramarino261,2025-02-19 14:30:00,Rosemary's Baby,3,7.5
681,PRN00680,chiarabruno370,2022-05-30 10:30:00,Brazil,3,7.5
682,PRN00681,andreabianchi397,2022-06-20 17:00:00,Snatch,4,7.5
683,PRN00682,annaferrari37,2026-01-17 17:00:00,To Kill a Mockingbird,1,8.0
684,PRN00683,alessioconti292,2018-01-12 17:30:00,Singin' in the Rain,2,6.5
685,PRN00684,alessioesposito352,2027-05-29 12:30:00,Munna Bhai M.B.B.S.,3,8.5
686,PRN00685,simonebianchi315,2019-09-10 13:00:00,Unforgiven,3,8.0
687,PRN00686,lucafontana399,2023-07-13 13:30:00,Mulan,4,7.0
688,PRN00687,lucagallo201,2018-11-19 10:00:00,In a Lonely Place,3,6.5
689,PRN00688,lucacolombo344,2021-06-26 10:30:00,Omohide poro poro,1,8.5
690,PRN00689,paolorossi298,2024-01-01 10:30:00,Amadeus,4,7.0
691,PRN00690,marcofontana326,2024-07-31 10:30:00,The Odd Couple,3,8.0
692,PRN00691,elenaverdi270,2024-03-02 16:30:00,Serpico,3,7.0
693,PRN00692,lucafontana239,2025-09-09 10:00:00,Ying xiong,1,8.0
694,PRN00693,giuliaesposito172,2018-10-26 13:30:00,Zulu,4,7.0
695,PRN00694,andreaconti355,2026-05-03 12:30:00,Charade,1,7.0
696,PRN00695,matteofontana216,2018-08-24 10:30:00,Ikiru,2,7.5
697,PRN00696,chiarabruno370,2018-09-22 20:00:00,Pink Floyd: The Wall,3,9.5
698,PRN00697,andreamarino106,2024-06-23 17:00:00,Roman Holiday,1,7.5
699,PRN00698,giuliaromano287,2021-07-21 15:00:00,The Day the Earth Stood Still,3,7.0
700,PRN00699,matteofontana216,2020-02-03 17:30:00,The Matrix,4,6.5
701,PRN00700,simoneverdi362,2020-08-20 13:00:00,Mission: Impossible - Fallout,3,8.5
702,PRN00701,simonebruno130,2024-04-16 10:30:00,The Remains of the Day,1,6.5
703,PRN00702,alessiogallo360,2024-10-28 13:00:00,Stand by Me,4,7.0
704,PRN00703,lauracolombo195,2024-02-26 10:00:00,Rear Window,3,8.5
705,PRN00704,saramarino261,2019-02-17 13:30:00,Bronenosets Potemkin,4,8.5
706,PRN00705,andreaconti358,2027-06-26 19:30:00,The Great Dictator,2,8.5
707,PRN00706,francescarusso159,2019-02-10 19:30:00,Sleuth,2,8.5
708,PRN00707,marcomarino115,2019-07-29 14:30:00,Rebecca,4,7.5
709,PRN00708,davidegreco109,2022-11-12 18:00:00,Dances with Wolves,3,9.0
710,PRN00709,saraesposito182,2026-12-02 15:30:00,Notorious,2,8.0
711,PRN00710,paolofontana378,2022-07-03 19:30:00,Planet of the Apes,2,10.0
712,PRN00711,annaverdi59,2021-06-21 13:30:00,Fried Green Tomatoes,1,8.5
713,PRN00712,lucaconti262,2026-06-12 10:00:00,Rebecca,2,7.0
714,PRN00713,giorgiamarino94,2027-11-06 10:00:00,Blow,3,7.5
715,PRN00714,marcoromano27,2024-07-06 13:00:00,Fargo,4,8.5
716,PRN00715,alessiofontana215,2027-12-04 10:00:00,Cape Fear,2,8.0
717,PRN00716,chiarabianchi230,2026-08-18 13:30:00,The Game,1,6.5
718,PRN00717,giuliaverdi354,2023-03-09 12:30:00,The Color Purple,4,6.5
719,PRN00718,giuliabruno180,2019-06-30 13:30:00,Notorious,4,8.5
720,PRN00719,sararossi247,2024-04-21 13:30:00,Delicatessen,3,7.5
721,PRN00720,simonefontana234,2021-11-11 10:30:00,Andrei Rublev,4,8.0
722,PRN00721,chiaraconti91,2021-12-27 10:00:00,Snatch,3,7.0
723,PRN00722,lauraricci225,2018-02-13 13:30:00,Bronenosets Potemkin,4,6.5
724,PRN00723,francescaferrari88,2022-09-23 10:00:00,Vivre sa vie: Film en douze tableaux,3,6.5
725,PRN00724,annabianchi122,2024-07-01 10:30:00,Empire of the Sun,3,7.5
726,PRN00725,giorgiaverdi343,2024-01-03 14:30:00,Hotaru no haka,4,8.0
727,PRN00726,giorgiabruno279,2025-04-27 18:30:00,Mononoke-hime,4,9.0
728,PRN00727,giuliaverdi354,2023-01-28 12:30:00,Misery,4,6.5
729,PRN00728,giuliagreco143,2026-12-22 10:30:00,The Princess Bride,4,6.5
730,PRN00729,saramarino261,2023-06-17 18:30:00,Rebel Without a Cause,3,10.0
731,PRN00730,paolorusso252,2019-09-07 10:00:00,Night on Earth,2,7.0
732,PRN00731,andreagallo112,2025-12-17 16:30:00,Yôjinbô,1,8.5
733,PRN00732,davideverdi47,2027-11-28 16:00:00,Mississippi Burning,4,8.0
734,PRN00733,chiaragallo69,2024-08-12 10:00:00,Magnolia,4,8.0
735,PRN00734,annamarino242,2021-07-09 10:30:00,Dawn of the Dead,3,7.5
736,PRN00735,giuliabianchi169,2027-06-26 10:00:00,Who's Afraid of Virginia Woolf?,2,7.0
737,PRN00736,paolorossi186,2022-08-28 13:30:00,Raging Bull,3,8.5
738,PRN00737,giorgiaverdi361,2019-01-05 19:00:00,Apocalypse Now,1,8.5
739,PRN00738,chiararicci77,2025-08-27 10:30:00,Black Hawk Down,3,6.5
740,PRN00739,matteoesposito351,2019-02-11 10:00:00,Titanic,1,6.5
741,PRN00740,alessioconti292,2018-04-14 10:00:00,Miller's Crossing,4,7.5
742,PRN00741,matteobianchi93,2019-04-06 16:30:00,The Kid,1,8.0
743,PRN00742,chiaramarino339,2020-10-18 13:30:00,Kramer vs. Kramer,2,6.5
744,PRN00743,elenagreco283,2027-03-28 10:00:00,Close Encounters of the Third Kind,1,8.5
745,PRN00744,alessiocolombo64,2020-04-23 13:30:00,Solaris,1,6.5
746,PRN00745,saraesposito182,2026-07-10 13:30:00,Cast Away,1,8.5
747,PRN00746,lucarossi49,2018-08-19 14:30:00,La haine,1,8.5
748,PRN00747,chiararossi52,2026-04-25 10:00:00,Lethal Weapon,1,8.5
749,PRN00748,chiaramarino339,2026-07-06 10:30:00,À bout de souffle,2,8.0
750,PRN00749,paolorossi298,2018-12-09 18:30:00,God's Own Country,4,9.5
751,PRN00750,chiararomano372,2025-11-30 16:30:00,Malcolm X,1,6.5
752,PRN00751,lucamarino208,2018-08-09 13:00:00,Dr. Strangelove or: How I Learned to Stop Worrying and Love the Bomb,3,8.5
753,PRN00752,andrearicci95,2027-10-17 13:00:00,Back to the Future Part II,4,6.5
754,PRN00753,saramarino261,2020-01-19 16:00:00,To Kill a Mockingbird,1,7.0
755,PRN00754,davideverdi70,2020-10-31 13:30:00,Se7en,4,7.5
756,PRN00755,annagallo276,2022-11-21 10:30:00,Days of Heaven,2,8.0
757,PRN00756,francescaromano300,2020-11-26 13:00:00,Empire of the Sun,1,8.5
758,PRN00757,annaricci145,2022-12-28 15:30:00,Paper Moon,1,6.5
759,PRN00758,giuliabruno161,2019-11-18 10:30:00,The Princess Bride,4,7.0
760,PRN00759,giorgiaverdi343,2026-07-06 10:30:00,À bout de souffle,3,8.0
761,PRN00760,andreaesposito335,2025-07-29 13:30:00,The Straight Story,2,8.0
762,PRN00761,paologreco206,2024-07-11 13:30:00,Key Largo,2,7.5
763,PRN00762,andreacolombo347,2024-01-16 13:00:00,Batman: Mask of the Phantasm,2,7.5
764,PRN00763,simoneverdi205,2023-08-28 13:00:00,Sling Blade,3,8.0
765,PRN00764,giuliabruno316,2022-09-29 13:00:00,La Grande Illusion,3,7.0
766,PRN00765,sararicci389,2020-09-19 10:00:00,The Last of the Mohicans,4,7.5
767,PRN00766,matteocolombo229,2024-08-26 13:00:00,Paper Moon,4,7.0
768,PRN00767,giuliaromano327,2019-03-06 17:00:00,Deadpool 2,2,7.0
769,PRN00768,annabianchi48,2025-03-27 10:00:00,Breaking the Waves,1,6.5
770,PRN00769,simonebruno281,2027-01-07 13:00:00,Nueve reinas,1,8.5
771,PRN00770,giuliabianchi181,2027-04-16 15:00:00,The Lord of the Rings: The Two Towers,1,8.0
772,PRN00771,matteoverdi167,2022-02-27 10:00:00,A Few Good Men,4,6.5
773,PRN00772,elenafontana341,2021-01-02 14:30:00,Toy Story 2,2,7.0
774,PRN00773,simoneverdi205,2025-08-16 13:30:00,Watership Down,4,8.0
775,PRN00774,chiaraferrari311,2024-06-02 13:00:00,The Shop Around the Corner,1,7.5
776,PRN00775,andreaverdi202,2021-05-02 10:30:00,Y tu mamá también,2,7.5
777,PRN00776,simonefontana253,2021-02-28 20:00:00,Stalag 17,4,8.5
778,PRN00777,lucaricci233,2020-08-30 10:00:00,Gattaca,1,6.5
779,PRN00778,sararicci389,2023-09-03 16:30:00,Kagemusha,3,6.5
780,PRN00779,davideverdi70,2020-06-16 15:00:00,Ed Wood,1,7.0
781,PRN00780,annamarino242,2025-05-04 10:30:00,Forrest Gump,3,8.5
782,PRN00781,giuliamarino386,2022-11-06 10:30:00,Rupan sansei: Kariosutoro no shiro,1,7.0
783,PRN00782,davidericci60,2019-07-20 13:00:00,The Godfather: Part III,4,6.5
784,PRN00783,giorgiabianchi39,2021-08-19 14:00:00,Taxi Driver,4,7.0
785,PRN00784,giorgiarossi264,2025-06-28 12:30:00,The Quiet Man,3,7.0
786,PRN00785,paoloverdi179,2018-06-30 13:00:00,Smultronstället,2,7.0
787,PRN00786,annaverdi162,2026-10-07 10:00:00,Secrets & Lies,4,6.5
788,PRN00787,simonebruno130,2018-10-05 10:00:00,Boogie Nights,3,8.0
789,PRN00788,paolocolombo40,2023-08-17 10:00:00,Out of the Past,1,6.5
790,PRN00789,francescaferrari88,2019-05-21 10:00:00,Once Were Warriors,2,7.0
791,PRN00790,simonefontana102,2024-06-12 10:30:00,The Lord of the Rings: The Return of the King,3,7.5
792,PRN00791,marcoverdi184,2022-02-13 10:30:00,28 Days Later...,1,6.5
793,PRN00792,matteogallo266,2026-09-15 10:30:00,Witness for the Prosecution,4,8.5
794,PRN00793,francescaromano348,2020-11-13 12:30:00,Roma,4,8.0
795,PRN00794,lauraricci225,2019-11-09 10:00:00,Ben-Hur,4,7.0
796,PRN00795,saramarino14,2021-01-14 10:00:00,Toy Story 2,3,7.5
797,PRN00796,annamarino199,2024-05-13 10:30:00,A Christmas Story,1,8.5
798,PRN00797,chiararossi390,2018-07-23 14:30:00,Lola rennt,2,8.5
799,PRN00798,matteogallo266,2025-06-17 10:30:00,Ladri di biciclette,3,7.5
800,PRN00799,andreafontana329,2024-11-02 15:30:00,The Sound of Music,1,6.5
801,PRN00800,andreagallo71,2022-12-30 10:00:00,Yeopgijeogin geunyeo,1,7.5
802,PRN00801,saraverdi1,2025-07-19 13:00:00,The Bourne Supremacy,3,6.5
803,PRN00802,elenabianchi96,2025-08-16 19:00:00,The Day of the Jackal,4,8.5
804,PRN00803,lucacolombo85,2021-12-19 15:30:00,Il postino,2,7.5
805,PRN00804,davidebruno380,2018-08-19 14:30:00,La haine,1,8.5
806,PRN00805,simonerossi10,2019-10-09 10:30:00,Ben-Hur,3,8.0
807,PRN00806,lucaromano249,2021-01-17 16:00:00,North by Northwest,1,8.0
808,PRN00807,elenaricci306,2023-04-06 10:30:00,Interstate 60: Episodes of the Road,2,8.5
809,PRN00808,elenaromano2,2022-07-08 16:00:00,Bacheha-Ye aseman,3,8.5
810,PRN00809,annaferrari37,2024-10-05 17:30:00,Gilda,2,7.0
811,PRN00810,francescaferrari323,2022-10-16 15:00:00,Kind Hearts and Coronets,4,8.0
812,PRN00811,elenacolombo12,2020-12-21 10:00:00,The Red Shoes,3,8.0
813,PRN00812,chiarabruno196,2027-01-16 10:00:00,After Hours,1,7.0
814,PRN00813,annaverdi59,2026-07-13 17:00:00,Heat,3,7.0
815,PRN00814,chiaraverdi4,2022-10-10 10:30:00,Doctor Zhivago,2,7.5
816,PRN00815,elenaconti104,2023-11-17 13:00:00,Fear and Loathing in Las Vegas,1,7.5
817,PRN00816,simonebruno281,2024-03-05 15:00:00,Dazed and Confused,1,6.5
818,PRN00817,alessiorossi342,2021-08-08 19:00:00,Witness for the Prosecution,4,9.5
819,PRN00818,giorgiaferrari34,2027-08-28 16:00:00,My Fair Lady,1,8.5
820,PRN00819,annamarino242,2025-04-11 13:00:00,Home Alone,4,6.5
821,PRN00820,marcofontana326,2021-02-09 15:30:00,Office Space,3,7.0
822,PRN00821,lucagallo201,2018-03-27 13:00:00,Patton,2,7.5
823,PRN00822,andreagallo71,2027-03-11 16:00:00,Taegukgi hwinalrimyeo,4,8.0
824,PRN00823,paoloconti272,2018-02-26 13:00:00,What's Eating Gilbert Grape,3,8.0
825,PRN00824,annaferrari37,2023-04-09 17:00:00,Kal Ho Naa Ho,3,8.5
826,PRN00825,lucaromano249,2024-06-06 10:00:00,The Shop Around the Corner,1,6.5
827,PRN00826,andreabruno213,2018-07-08 17:30:00,Smultronstället,2,8.5
828,PRN00827,giuliaromano287,2021-10-15 13:00:00,The Breakfast Club,1,7.0
829,PRN00828,giuliagreco143,2019-04-08 10:00:00,Rushmore,2,7.5
830,PRN00829,annaferrari37,2027-05-18 15:00:00,Gattaca,4,8.5
831,PRN00830,giorgiaverdi131,2020-07-10 15:30:00,Il postino,4,7.0
832,PRN00831,annaricci275,2022-03-08 10:00:00,Amélie,2,6.5
833,PRN00832,paoloromano271,2023-07-12 13:30:00,Full Metal Jacket,3,7.0
834,PRN00833,lucaricci3,2025-09-23 10:30:00,The Conversation,1,8.5
835,PRN00834,giuliaesposito374,2022-02-09 14:00:00,Boksuneun naui geot,1,6.5
836,PRN00835,paoloricci385,2027-12-21 13:00:00,The Blues Brothers,1,8.0
837,PRN00836,sararomano58,2024-03-09 10:00:00,October Sky,3,8.5
838,PRN00837,giorgiabruno279,2019-09-14 19:00:00,Lethal Weapon,4,9.5
839,PRN00838,francescaferrari323,2022-09-29 13:00:00,La Grande Illusion,4,7.0
840,PRN00839,laurafontana345,2019-12-09 13:00:00,Zulu,4,7.0
841,PRN00840,davideverdi70,2027-09-20 15:00:00,Bronenosets Potemkin,4,8.5
842,PRN00841,lauraricci225,2026-12-13 21:30:00,This Is England,3,9.0
843,PRN00842,lucamarino312,2022-02-15 10:00:00,Rocky,3,8.0
844,PRN00843,giorgiaverdi291,2021-05-16 12:30:00,The Princess Bride,1,8.0
845,PRN00844,elenarossi121,2026-09-15 10:30:00,Witness for the Prosecution,3,8.5
846,PRN00845,alessiomarino334,2020-01-01 13:30:00,To Kill a Mockingbird,4,6.5
847,PRN00846,alessiocolombo17,2027-01-30 16:00:00,Chinatown,2,8.0
848,PRN00847,chiaraconti371,2026-12-05 17:00:00,Donnie Darko,4,6.5
849,PRN00848,andrearicci197,2027-05-15 19:30:00,Tropa de Elite,1,9.5
850,PRN00849,saramarino261,2022-11-20 16:30:00,From Here to Eternity,1,8.0
851,PRN00850,marcogallo391,2026-04-05 13:00:00,Aliens,3,7.5
852,PRN00851,sararossi247,2020-12-30 10:30:00,Laura,1,6.5
853,PRN00852,andreabianchi397,2023-12-10 10:00:00,Requiem for a Dream,3,8.0
854,PRN00853,lucaesposito55,2024-06-21 10:00:00,Eskiya,3,6.5
855,PRN00854,chiaramarino32,2020-04-25 10:00:00,Freaks,3,8.5
856,PRN00855,lucagallo212,2021-05-23 12:30:00,It's a Wonderful Life,1,6.5
857,PRN00856,giorgiagreco210,2020-02-08 10:30:00,The Matrix,4,6.5
858,PRN00857,giorgiaverdi349,2021-04-04 13:00:00,The Shawshank Redemption,1,7.0
859,PRN00858,sarafontana151,2021-04-11 10:30:00,Chung Hing sam lam,4,7.0
860,PRN00859,chiararicci245,2018-04-13 13:00:00,Butch Cassidy and the Sundance Kid,1,8.5
861,PRN00860,simoneromano190,2018-04-14 13:00:00,Jaws,4,8.0
862,PRN00861,matteocolombo229,2027-08-19 10:00:00,Amadeus,3,7.0
863,PRN00862,giuliacolombo72,2021-12-21 15:30:00,Aladdin,3,7.0
864,PRN00863,paolomarino160,2024-08-21 10:30:00,Akira,2,8.5
865,PRN00864,matteoromano221,2020-12-27 13:30:00,Knives Out,4,7.5
866,PRN00865,annaverdi59,2019-04-06 18:30:00,American History X,3,8.5
867,PRN00866,lucagallo240,2022-09-09 10:30:00,I Am Sam,1,7.5
868,PRN00867,giorgiaesposito284,2021-11-06 10:30:00,Andrei Rublev,1,7.5
869,PRN00868,andrearusso265,2018-03-02 12:30:00,Badlands,2,8.0
870,PRN00869,giorgiabianchi136,2025-08-10 13:00:00,One Flew Over the Cuckoo's Nest,2,8.0
871,PRN00870,elenaconti104,2022-05-23 15:30:00,Sunrise: A Song of Two Humans,4,8.5
872,PRN00871,marcomarino322,2024-10-25 10:00:00,Abre los ojos,2,8.0
873,PRN00872,matteoesposito303,2021-02-18 13:30:00,Seppuku,3,8.0
874,PRN00873,alessiogallo360,2018-04-22 16:00:00,Höstsonaten,3,8.0
875,PRN00874,alessiobruno365,2020-06-21 10:00:00,Inherit the Wind,4,8.0
876,PRN00875,giorgiagallo158,2022-06-16 16:00:00,Planet of the Apes,2,6.5
877,PRN00876,davideesposito26,2019-08-29 17:00:00,The Little Mermaid,4,8.0
878,PRN00877,paolorossi142,2025-07-25 13:30:00,Days of Heaven,3,8.0
879,PRN00878,marcoricci237,2025-04-03 10:00:00,Kelly's Heroes,1,7.0
880,PRN00879,marcocolombo152,2022-08-16 10:30:00,My Cousin Vinny,1,7.0
881,PRN00880,sararusso357,2024-07-07 10:30:00,Harry Potter and the Prisoner of Azkaban,1,7.0
882,PRN00881,lucacolombo318,2018-02-27 10:00:00,American History X,2,8.5
883,PRN00882,paoloromano271,2020-03-18 10:00:00,Sling Blade,3,7.0
884,PRN00883,davideromano22,2022-10-04 13:00:00,Tonari no Totoro,3,6.5
885,PRN00884,marcogallo391,2022-06-03 10:30:00,The Lost Weekend,1,7.5
886,PRN00885,marcoferrari141,2022-07-21 10:00:00,The Lady Vanishes,1,7.5
887,PRN00886,andreagallo97,2021-11-19 10:00:00,Das Boot,3,7.5
888,PRN00887,giorgiagreco325,2026-01-03 16:30:00,Predator,2,7.5
889,PRN00888,simonebruno251,2018-07-22 10:30:00,Lola rennt,1,7.0
890,PRN00889,giuliaromano287,2027-07-02 10:30:00,Match Point,4,6.5
891,PRN00890,giuliarusso375,2020-03-10 17:00:00,Mr. Smith Goes to Washington,4,8.0
892,PRN00891,davidegreco109,2021-10-24 15:30:00,Platoon,3,7.0
893,PRN00892,alessiogallo56,2027-08-14 10:00:00,Planet of the Apes,3,8.0
894,PRN00893,paoloromano116,2022-08-08 16:30:00,Tôkyô monogatari,2,7.5
895,PRN00894,giuliaromano287,2021-09-11 16:00:00,Sunset Blvd.,4,6.5
896,PRN00895,giorgiaromano188,2025-06-07 15:30:00,Fitzcarraldo,1,8.0
897,PRN00896,alessiocolombo176,2021-12-09 13:30:00,The Message,3,7.5
898,PRN00897,saracolombo183,2020-04-25 10:00:00,Freaks,1,8.5
899,PRN00898,francescafontana257,2023-07-22 19:00:00,Le charme discret de la bourgeoisie,2,9.5
900,PRN00899,alessioferrari146,2022-03-03 13:00:00,Sabrina,4,6.5
901,PRN00900,elenamarino321,2023-02-18 18:30:00,Kagemusha,1,9.5
902,PRN00901,chiararomano21,2026-04-04 13:30:00,The Big Lebowski,3,8.0
903,PRN00902,matteoverdi167,2025-11-26 12:30:00,Stalker,3,8.5
904,PRN00903,annamarino199,2023-03-17 12:00:00,Casino,2,7.5
905,PRN00904,sarabruno290,2024-07-11 16:00:00,Hotel Rwanda,4,7.0
906,PRN00905,davidericci308,2020-04-15 10:30:00,The Ten Commandments,1,7.0
907,PRN00906,lucagallo201,2025-03-19 10:00:00,Pink Floyd: The Wall,3,6.5
908,PRN00907,francescaromano348,2025-05-20 10:00:00,Edward Scissorhands,4,7.5
909,PRN00908,elenagreco165,2024-05-12 12:30:00,Tenkû no shiro Rapyuta,1,8.5
910,PRN00909,chiaraverdi4,2023-05-19 16:00:00,Lola rennt,3,7.5
911,PRN00910,andreabianchi226,2023-05-28 13:30:00,Full Metal Jacket,4,7.0
912,PRN00911,sarabruno290,2027-08-12 10:30:00,Gone with the Wind,4,7.5
913,PRN00912,lauragreco336,2020-08-21 12:30:00,Der Himmel über Berlin,3,7.0
914,PRN00913,matteocolombo229,2018-08-12 12:30:00,Clerks,4,6.5
915,PRN00914,paoloverdi179,2019-09-27 13:30:00,Dead Poets Society,1,8.5
916,PRN00915,giuliafontana204,2022-02-20 16:00:00,The Breakfast Club,4,7.0
917,PRN00916,annamarino199,2027-02-16 15:30:00,The Notebook,3,6.5
918,PRN00917,sarabruno290,2019-08-27 16:00:00,The Exorcist,3,6.5
919,PRN00918,davideferrari319,2027-02-06 10:30:00,Lawrence of Arabia,2,7.0
920,PRN00919,giuliaesposito73,2024-08-07 13:00:00,Glengarry Glen Ross,1,6.5
921,PRN00920,chiararomano101,2022-10-13 13:00:00,Dark City,3,7.5
922,PRN00921,elenabianchi387,2023-11-26 15:00:00,Dances with Wolves,1,7.0
923,PRN00922,francescagreco67,2025-03-23 20:30:00,Network,4,9.5
924,PRN00923,francescagreco67,2023-10-10 16:00:00,Todo sobre mi madre,2,6.5
925,PRN00924,francescaferrari54,2026-10-10 12:30:00,Bacheha-Ye aseman,2,6.5
926,PRN00925,giorgiaconti86,2026-07-30 12:30:00,Miracle on 34th Street,1,7.5
927,PRN00926,giorgiaverdi349,2020-07-14 10:30:00,Home Alone,2,6.5
928,PRN00927,chiararicci77,2018-09-01 10:00:00,Airlift,1,8.0
929,PRN00928,simonerossi10,2018-11-25 16:00:00,From Here to Eternity,1,8.5
930,PRN00929,andrearicci332,2020-07-10 10:00:00,Life of Brian,3,8.0
931,PRN00930,lauraconti340,2026-05-24 10:30:00,À bout de souffle,2,6.5
932,PRN00931,lucarossi23,2018-10-31 15:30:00,Laura,1,8.5
933,PRN00932,giorgiaverdi131,2026-09-28 13:00:00,"O Brother, Where Art Thou?",4,6.5
934,PRN00933,davidebianchi29,2024-09-02 16:30:00,Monty Python and the Holy Grail,1,8.0
935,PRN00934,giorgiacolombo363,2026-02-08 18:30:00,Mississippi Burning,2,9.0
936,PRN00935,saramarino92,2023-08-19 19:00:00,Ikiru,1,9.5
937,PRN00936,sararossi247,2024-02-19 16:30:00,The Terminator,2,8.0
938,PRN00937,davideromano22,2022-12-12 10:00:00,Falling Down,2,6.5
939,PRN00938,lucagallo191,2022-09-18 19:00:00,Judgment at Nuremberg,1,9.5
940,PRN00939,lucamarino312,2027-07-03 19:00:00,Toy Story 2,3,8.5
941,PRN00940,giuliabianchi42,2025-10-30 10:00:00,Enter the Dragon,1,8.0
942,PRN00941,francescaromano156,2026-03-08 10:00:00,The Lord of the Rings: The Return of the King,4,8.5
943,PRN00942,paoloferrari140,2018-01-17 10:30:00,Bronenosets Potemkin,4,7.5
944,PRN00943,annagallo276,2018-01-02 10:30:00,Mr. Smith Goes to Washington,4,7.0
945,PRN00944,simoneconti244,2019-05-26 16:00:00,Goldfinger,4,7.0
946,PRN00945,paolorossi328,2018-10-20 13:30:00,Boogie Nights,4,8.0
947,PRN00946,daviderossi254,2024-10-19 14:00:00,Pulp Fiction,4,8.0
948,PRN00947,simonegreco367,2023-11-18 10:00:00,Kumonosu-jô,1,8.0
949,PRN00948,lucaromano280,2024-12-16 10:00:00,The Wild Bunch,3,8.5
950,PRN00949,annabruno44,2021-12-02 15:30:00,Network,1,6.5
951,PRN00950,giorgiagallo218,2020-06-07 16:00:00,Breakfast at Tiffany's,3,7.0
952,PRN00951,giuliagallo138,2026-04-09 13:00:00,On Golden Pond,1,7.0
953,PRN00952,giorgiaverdi131,2019-03-06 14:00:00,La Strada,2,6.5
954,PRN00953,chiararossi52,2018-04-13 10:00:00,Guardians of the Galaxy Vol. 2,2,8.5
955,PRN00954,giorgiamarino94,2026-06-23 10:30:00,Anand,3,8.0
956,PRN00955,chiaraverdi125,2023-07-16 19:00:00,Barry Lyndon,3,8.5
957,PRN00956,lucafontana399,2022-01-07 15:30:00,The Straight Story,2,7.5
958,PRN00957,andrearusso265,2019-01-27 15:30:00,Boyz n the Hood,2,8.5
959,PRN00958,matteocolombo229,2024-10-07 10:30:00,Sen to Chihiro no kamikakushi,3,8.0
960,PRN00959,alessiobruno365,2025-11-29 10:00:00,"Lock, Stock and Two Smoking Barrels",1,7.5
961,PRN00960,elenarossi121,2023-09-03 16:30:00,Kagemusha,3,6.5
962,PRN00961,alessioricci381,2027-12-29 10:00:00,To Have and Have Not,4,8.0
963,PRN00962,marcoromano27,2019-09-01 13:00:00,Only the Brave,1,7.5
964,PRN00963,elenabianchi258,2018-09-27 10:00:00,Barton Fink,4,7.5
965,PRN00964,alessioconti292,2024-07-25 10:00:00,Nosferatu,4,8.0
966,PRN00965,marcogallo108,2021-02-24 10:00:00,Braveheart,2,7.5
967,PRN00966,lucafontana399,2022-11-11 16:00:00,Der Himmel über Berlin,1,7.5
968,PRN00967,sararicci389,2018-07-08 13:00:00,Bringing Up Baby,1,7.5
969,PRN00968,simonebianchi315,2019-10-01 10:30:00,2001: A Space Odyssey,4,7.5
970,PRN00969,lucamarino79,2021-09-24 16:00:00,Miller's Crossing,2,7.5
971,PRN00970,chiarabruno370,2026-10-24 12:30:00,Notorious,3,7.5
972,PRN00971,giorgiagreco325,2022-05-17 17:00:00,Peeping Tom,1,8.5
973,PRN00972,alessiocolombo147,2027-04-11 13:00:00,Seppuku,4,7.5
974,PRN00973,paolocolombo16,2026-06-13 13:30:00,The Graduate,2,7.5
975,PRN00974,paolorossi142,2018-11-24 14:30:00,Boogie Nights,2,6.5
976,PRN00975,marcogallo108,2024-11-02 10:30:00,Dip huet seung hung,2,7.5
977,PRN00976,giorgiaverdi291,2023-11-24 10:00:00,The African Queen,3,8.0
978,PRN00977,paolofontana84,2026-03-21 15:30:00,Badlands,2,7.5
979,PRN00978,simoneconti244,2027-04-26 15:00:00,Dà hóng denglong gaogao guà,2,8.0
980,PRN00979,davidegallo382,2022-01-07 15:30:00,The Straight Story,2,7.5
981,PRN00980,annamarino242,2026-05-27 13:30:00,The Muppet Christmas Carol,3,8.5
982,PRN00981,giorgiabianchi136,2023-05-01 10:00:00,The Killing Fields,2,8.0
983,PRN00982,andreamarino98,2025-12-07 13:00:00,Trois couleurs: Bleu,2,8.5
984,PRN00983,saraesposito182,2025-03-09 10:00:00,Kind Hearts and Coronets,4,7.5
985,PRN00984,annagallo276,2026-10-17 10:00:00,The Sting,4,8.5
986,PRN00985,davidegallo382,2021-04-04 13:00:00,The Shawshank Redemption,3,7.0
987,PRN00986,marcomarino322,2021-08-05 10:00:00,I Am Sam,2,8.0
988,PRN00987,lucabruno296,2023-05-07 10:30:00,The Game,3,6.5
989,PRN00988,lucaricci3,2025-05-12 12:30:00,The Bridges of Madison County,2,6.5
990,PRN00989,davidegallo382,2027-01-24 12:30:00,Inside Man,1,6.5
991,PRN00990,francescagallo330,2018-05-12 15:30:00,The Apartment,1,6.5
992,PRN00991,chiararossi390,2022-11-14 13:30:00,The Magnificent Seven,3,7.5
993,PRN00992,giorgiarossi139,2023-02-09 14:30:00,Kôkaku Kidôtai,3,7.0
994,PRN00993,paolorossi186,2027-10-15 13:00:00,Chinatown,4,8.0
995,PRN00994,paoloverdi179,2025-11-18 13:30:00,Stalker,2,8.5
996,PRN00995,andreaesposito335,2021-09-28 13:00:00,Sunset Blvd.,4,8.0
997,PRN00996,paologreco28,2021-10-23 17:30:00,The Insider,4,6.5
998,PRN00997,elenamarino111,2026-03-28 15:00:00,Airplane!,2,7.5
999,PRN00998,francescaferrari323,2022-03-06 19:00:00,Casablanca,3,9.5
1000,PRN00999,annarossi309,2024-10-12 17:30:00,E.T. the Extra-Terrestrial,4,7.0
1001,PRN01000,marcoricci187,2020-06-05 16:30:00,Ferris Bueller's Day Off,3,7.5
1002,PRN01001,elenabruno250,2023-07-16 10:30:00,Full Metal Jacket,3,7.5
1003,PRN01002,davidericci60,2026-09-13 10:00:00,Blood Diamond,3,7.0
1004,PRN01003,marcorossi260,2019-07-26 10:00:00,Gifted,2,8.0
1005,PRN01004,paolomarino160,2020-08-03 13:30:00,Der Himmel über Berlin,4,7.5
1006,PRN01005,elenaromano2,2025-05-17 10:00:00,Happiness,2,8.5
1007,PRN01006,giuliabruno161,2021-10-23 10:00:00,Hamlet,4,8.0
1008,PRN01007,giuliagallo138,2021-04-06 10:00:00,E.T. the Extra-Terrestrial,1,7.0
1009,PRN01008,chiarabruno196,2021-05-29 10:00:00,Ikiru,3,6.5
1010,PRN01009,marcofontana326,2022-06-10 10:00:00,Titanic,1,7.0
1011,PRN01010,matteomarino144,2021-01-13 10:30:00,Das Cabinet des Dr. Caligari,3,8.5
1012,PRN01011,davidebruno380,2022-02-05 16:00:00,Boksuneun naui geot,3,7.5
1013,PRN01012,annamarino242,2025-11-03 10:30:00,Per qualche dollaro in più,2,8.0
1014,PRN01013,giuliaesposito73,2023-03-16 15:30:00,L.A. Confidential,4,8.0
1015,PRN01014,davideferrari63,2025-08-25 13:00:00,All Quiet on the Western Front,2,7.5
1016,PRN01015,davidegreco109,2024-08-31 13:30:00,Akira,4,8.5
1017,PRN01016,lucacolombo344,2023-05-14 10:30:00,Rosemary's Baby,1,7.0
1018,PRN01017,giorgiaverdi361,2025-01-10 10:30:00,The Thin Man,3,7.5
1019,PRN01018,davidebruno154,2021-02-16 10:30:00,Seppuku,4,6.5
1020,PRN01019,lucamarino208,2024-06-08 13:30:00,On the Waterfront,2,8.0
1021,PRN01020,alessiorossi342,2021-02-27 20:00:00,The Magnificent Seven,3,8.5
1022,PRN01021,davidebruno380,2023-03-10 10:00:00,Laura,1,7.0
1023,PRN01022,andreagallo112,2020-05-27 16:00:00,American History X,1,7.0
1024,PRN01023,simoneromano190,2026-06-13 13:30:00,The Graduate,1,7.5
1025,PRN01024,paologreco206,2021-08-21 10:30:00,Raging Bull,3,8.0
1026,PRN01025,lucacolombo344,2020-10-07 10:30:00,Where Eagles Dare,4,7.5
1027,PRN01026,sarabruno290,2027-08-03 13:30:00,The Killing Fields,4,6.5
1028,PRN01027,annaricci364,2027-12-21 10:00:00,Blue Velvet,3,7.5
1029,PRN01028,andreacolombo347,2020-07-11 12:30:00,The Naked Gun: From the Files of Police Squad!,4,7.5
1030,PRN01029,andreacolombo295,2018-06-11 10:00:00,Spider-Man: Into the Spider-Verse,1,7.0
1031,PRN01030,lucaconti256,2021-07-18 13:30:00,This Is Spinal Tap,2,8.5
1032,PRN01031,simonebruno130,2019-02-27 10:00:00,Being John Malkovich,4,6.5
1033,PRN01032,marcorusso99,2027-03-27 12:30:00,Raging Bull,2,6.5
1034,PRN01033,marcobruno368,2021-08-03 16:30:00,The Killing,1,8.5
1035,PRN01034,francescagreco81,2023-01-23 13:00:00,On Golden Pond,1,8.5
1036,PRN01035,giuliafontana74,2020-01-29 15:00:00,Ford v Ferrari,1,7.5
1037,PRN01036,giuliaesposito374,2023-08-31 10:00:00,Dial M for Murder,2,6.5
1038,PRN01037,sarabruno290,2023-03-25 13:00:00,The Thing,3,7.5
1039,PRN01038,simonefontana234,2018-01-20 12:30:00,Sing Street,3,7.0
1040,PRN01039,simonerossi10,2024-03-24 10:00:00,Adaptation.,4,7.0
1041,PRN01040,lucagallo240,2021-08-15 13:30:00,Crimes and Misdemeanors,1,8.5
1042,PRN01041,annafontana286,2025-06-07 12:30:00,Ying xiong,4,8.5
1043,PRN01042,lucarossi23,2027-08-26 10:30:00,Saving Private Ryan,4,7.5
1044,PRN01043,francescarossi305,2021-08-15 16:00:00,Serpico,2,8.5
1045,PRN01044,elenabianchi387,2023-07-16 16:30:00,The Taking of Pelham One Two Three,4,7.0
1046,PRN01045,elenagreco165,2018-06-04 10:00:00,The Verdict,1,7.0
1047,PRN01046,marcomarino322,2027-11-30 13:30:00,Kurenai no buta,2,6.5
1048,PRN01047,marcofontana15,2025-09-27 17:00:00,Philadelphia,4,7.0
1049,PRN01048,francescaromano120,2024-11-24 13:00:00,Il postino,1,8.5
1050,PRN01049,davidebruno154,2018-01-01 13:30:00,Mr. Smith Goes to Washington,2,7.0
1051,PRN01050,andreacolombo295,2023-12-22 17:00:00,The Gold Rush,3,8.5
1052,PRN01051,elenacolombo12,2027-03-14 17:00:00,All the President's Men,3,7.5
1053,PRN01052,chiarabruno227,2020-06-03 13:00:00,Who Framed Roger Rabbit,1,6.5
1054,PRN01053,davideconti263,2018-11-10 10:30:00,The Untouchables,4,7.0
1055,PRN01054,giuliaromano25,2025-01-30 10:30:00,Au revoir les enfants,2,6.5
1056,PRN01055,annaverdi59,2019-04-13 17:30:00,On Golden Pond,3,8.0
1057,PRN01056,marcoricci187,2026-04-30 15:30:00,Cinderella Man,1,6.5
1058,PRN01057,annamarino30,2020-12-20 10:30:00,Mononoke-hime,1,7.0
1059,PRN01058,annacolombo123,2018-09-27 10:00:00,Barton Fink,3,7.5
1060,PRN01059,marcoromano27,2024-09-03 15:00:00,A Beautiful Mind,1,6.5
1061,PRN01060,annaricci145,2026-02-08 15:00:00,Amadeus,4,7.0
1062,PRN01061,giorgiaverdi131,2027-08-22 10:00:00,Kal Ho Naa Ho,1,8.5
1063,PRN01062,saracolombo124,2020-06-20 10:00:00,Dil Bechara,2,6.5
1064,PRN01063,giuliarusso255,2025-12-14 15:30:00,Kumonosu-jô,2,7.0
1065,PRN01064,giuliabianchi181,2019-06-16 13:00:00,Goldfinger,2,7.0
1066,PRN01065,francescagallo330,2018-07-06 16:00:00,"Planes, Trains & Automobiles",4,7.5
1067,PRN01066,alessiocolombo147,2018-05-07 10:00:00,Thor: Ragnarok,2,6.5
1068,PRN01067,annamarino199,2025-07-01 10:30:00,Requiem for a Dream,1,6.5
1069,PRN01068,giorgiagreco325,2022-11-30 10:00:00,A Little Princess,3,7.0
1070,PRN01069,simonefontana253,2024-03-01 13:00:00,Rushmore,1,8.0
1071,PRN01070,lucarusso157,2026-02-20 13:30:00,Gongdong gyeongbi guyeok JSA,3,6.5
1072,PRN01071,alessiomarino288,2024-02-18 13:30:00,Dazed and Confused,2,8.5
1073,PRN01072,francescarusso159,2021-01-17 16:00:00,North by Northwest,4,8.0
1074,PRN01073,andreafontana329,2020-03-21 17:30:00,White Heat,3,8.5
1075,PRN01074,marcoconti246,2026-10-06 10:00:00,Kung fu,4,7.5
1076,PRN01075,davidecolombo353,2024-05-22 10:30:00,Fiddler on the Roof,4,7.0
1077,PRN01076,marcoverdi184,2024-09-26 10:30:00,Midnight Express,3,8.5
1078,PRN01077,simonericci313,2021-01-01 10:30:00,Knives Out,2,6.5
1079,PRN01078,giorgiaromano188,2024-09-27 10:00:00,Dog Day Afternoon,4,6.5
1080,PRN01079,francescaromano348,2021-10-31 10:30:00,Sabrina,1,7.5
1081,PRN01080,sararossi247,2024-09-02 13:30:00,The Grapes of Wrath,2,8.5
1082,PRN01081,simoneromano190,2022-11-06 10:30:00,Rupan sansei: Kariosutoro no shiro,3,7.0
1083,PRN01082,matteogallo266,2024-05-29 14:00:00,Finding Nemo,4,8.5
1084,PRN01083,giuliaesposito172,2022-06-01 10:00:00,Peeping Tom,2,7.5
1085,PRN01084,matteobianchi5,2027-09-04 13:30:00,Fitzcarraldo,2,8.5
1086,PRN01085,andreabruno153,2019-09-14 16:00:00,La Strada,2,8.0
1087,PRN01086,giorgiabianchi39,2022-10-14 13:00:00,Fargo,2,8.5
1088,PRN01087,elenaricci306,2022-04-10 13:30:00,Kumonosu-jô,1,8.5
1089,PRN01088,andreabruno171,2025-09-27 14:00:00,Kelly's Heroes,1,8.0
1090,PRN01089,paolobruno307,2020-10-20 10:30:00,In the Name of the Father,4,7.0
1091,PRN01090,davidecolombo353,2022-06-16 13:00:00,Who's Afraid of Virginia Woolf?,2,6.5
1092,PRN01091,saragreco238,2018-10-14 18:00:00,From Here to Eternity,2,8.5
1093,PRN01092,alessiocolombo176,2027-10-04 10:30:00,Close Encounters of the Third Kind,4,6.5
1094,PRN01093,giuliacolombo8,2026-12-18 13:30:00,Tôkyô monogatari,4,7.0
1095,PRN01094,francescaferrari88,2024-09-27 10:00:00,Dog Day Afternoon,4,6.5
1096,PRN01095,andreagallo97,2020-04-21 13:30:00,Freaks,2,7.0
1097,PRN01096,alessiogallo56,2019-05-14 10:30:00,Stalag 17,3,7.5
1098,PRN01097,elenagreco228,2022-12-29 17:30:00,The Elephant Man,2,8.0
1099,PRN01098,andreaesposito335,2022-03-29 10:00:00,"Shin seiki Evangelion Gekijô-ban: Air/Magokoro wo, kimi ni",2,8.0
1100,PRN01099,chiaragreco395,2023-12-20 10:30:00,Dogville,2,8.5
1101,PRN01100,elenaesposito285,2021-02-12 12:30:00,In the Heat of the Night,1,8.5
1102,PRN01101,elenaesposito163,2018-08-05 10:30:00,Hell or High Water,2,8.5
1103,PRN01102,marcoferrari141,2026-05-19 13:30:00,Terminator 2: Judgment Day,4,8.5
1104,PRN01103,andreacolombo295,2025-02-16 10:00:00,The Lady Vanishes,3,8.0
1105,PRN01104,elenaromano224,2023-01-01 10:00:00,The Elephant Man,3,6.5
1106,PRN01105,matteomarino144,2022-02-14 10:30:00,Sleuth,1,8.5
1107,PRN01106,paolofontana378,2019-04-27 21:00:00,Nosferatu,4,9.0
1108,PRN01107,paoloferrari140,2022-10-08 10:00:00,Kind Hearts and Coronets,4,8.5
1109,PRN01108,andreamarino106,2019-04-14 10:00:00,Yôjinbô,2,8.5
1110,PRN01109,giuliacolombo8,2024-01-19 14:00:00,Cat on a Hot Tin Roof,2,7.5
1111,PRN01110,chiaragallo69,2018-04-25 10:00:00,Batman: Mask of the Phantasm,3,8.5
1112,PRN01111,lauraricci225,2018-07-18 12:30:00,Die Hard: With a Vengeance,1,7.0
1113,PRN01112,matteoromano129,2027-10-24 16:00:00,The Best Years of Our Lives,2,8.0
1114,PRN01113,annaverdi162,2024-06-01 10:30:00,The Great Dictator,4,7.0
1115,PRN01114,matteofontana170,2027-01-23 12:30:00,The Right Stuff,1,7.5
1116,PRN01115,simonegallo31,2018-11-02 15:00:00,The Princess Bride,1,7.0
1117,PRN01116,giuliaverdi189,2027-09-30 10:30:00,The Lives of Others,1,7.0
1118,PRN01117,marcofontana326,2026-09-25 15:30:00,Central do Brasil,3,8.0
1119,PRN01118,alessioromano259,2024-12-29 16:30:00,Gongdong gyeongbi guyeok JSA,4,6.5
1120,PRN01119,sararomano58,2021-01-23 13:30:00,Tôkyô monogatari,4,8.0
1121,PRN01120,lucagallo212,2021-09-08 16:00:00,The Godfather,3,6.5
1122,PRN01121,lucabruno277,2020-11-10 13:30:00,The Godfather,3,6.5
1123,PRN01122,davideconti235,2021-09-01 13:30:00,The 39 Steps,2,7.5
1124,PRN01123,paoloromano35,2027-09-22 13:00:00,It Happened One Night,4,6.5
1125,PRN01124,simonerossi10,2019-05-24 12:30:00,Stalag 17,2,6.5
1126,PRN01125,simonerossi331,2018-11-19 15:00:00,Dog Day Afternoon,4,7.0
1127,PRN01126,annabruno44,2025-03-22 18:30:00,Indiana Jones and the Last Crusade,3,9.5
1128,PRN01127,lucamarino208,2025-05-01 16:00:00,Amélie,2,7.0
1129,PRN01128,simoneromano190,2025-12-13 16:30:00,Bom Yeoareum Gaeul Gyeoul Geurigo Bom,4,7.5
1130,PRN01129,chiararicci245,2018-09-30 13:30:00,Out of the Past,2,8.5
1131,PRN01130,paologreco206,2020-08-11 13:00:00,The Long Goodbye,1,7.5
1132,PRN01131,chiarafontana76,2020-10-12 13:30:00,Midnight Cowboy,2,7.0
1133,PRN01132,francescaferrari54,2018-06-24 15:30:00,Willy Wonka & the Chocolate Factory,4,7.0
1134,PRN01133,paolorusso252,2027-07-16 10:30:00,Blazing Saddles,4,6.5
1135,PRN01134,chiaramarino339,2022-09-13 10:00:00,Ran,3,7.5
1136,PRN01135,elenaconti104,2024-06-19 10:30:00,The Muppet Movie,1,6.5
1137,PRN01136,lucarossi49,2023-10-06 10:30:00,Midnight Express,1,8.0
1138,PRN01137,andreaverdi202,2023-11-10 15:30:00,In the Name of the Father,2,8.0
1139,PRN01138,giorgiaconti86,2018-03-09 13:30:00,Badlands,1,6.5
1140,PRN01139,paolofontana84,2027-04-16 15:00:00,The Lord of the Rings: The Two Towers,4,8.0
1141,PRN01140,chiararusso126,2018-06-16 14:30:00,Hiroshima mon amour,3,8.0
1142,PRN01141,simonebruno130,2022-09-21 10:30:00,Doctor Zhivago,4,8.0
1143,PRN01142,francescaromano300,2025-10-10 16:30:00,The Sound of Music,1,8.0
1144,PRN01143,alessioconti292,2022-09-01 10:30:00,Dilwale Dulhania Le Jayenge,1,6.5
1145,PRN01144,lucamarino312,2021-02-26 10:30:00,Office Space,2,8.0
1146,PRN01145,davidegallo382,2020-01-30 14:30:00,Les quatre cents coups,4,7.5
1147,PRN01146,davideverdi70,2018-07-14 10:00:00,Bringing Up Baby,4,8.0
1148,PRN01147,saragallo200,2023-07-15 10:00:00,The Thin Red Line,1,8.5
1149,PRN01148,matteogallo266,2026-08-11 13:30:00,Star Wars,2,7.0
1150,PRN01149,paolorossi142,2023-01-22 19:00:00,Misery,2,10.0
1151,PRN01150,davidegreco109,2027-02-06 10:30:00,Lawrence of Arabia,3,7.0
1152,PRN01151,alessiocolombo17,2022-12-13 10:00:00,Touch of Evil,2,6.5
1153,PRN01152,lucaricci3,2020-10-03 16:30:00,Kurenai no buta,1,7.5
1154,PRN01153,marcoferrari141,2023-08-01 10:30:00,La règle du jeu,3,7.0
1155,PRN01154,francescarusso159,2019-12-15 10:00:00,American History X,4,7.0
1156,PRN01155,saragreco238,2020-02-22 17:00:00,L.A. Confidential,3,6.5
1157,PRN01156,matteoesposito320,2025-04-06 12:30:00,Predator,2,8.0
1158,PRN01157,alessiobruno365,2021-02-09 12:30:00,Seppuku,4,8.0
1159,PRN01158,matteobianchi83,2023-12-24 13:30:00,La Strada,3,8.5
1160,PRN01159,lucamarino173,2020-12-02 12:30:00,Todo sobre mi madre,1,7.5
1161,PRN01160,giuliamarino386,2027-07-02 10:30:00,Match Point,1,6.5
1162,PRN01161,annaricci275,2018-08-02 13:30:00,La haine,1,8.5
1163,PRN01162,chiaragallo69,2026-08-27 10:30:00,Lat sau san taam,2,8.0
1164,PRN01163,elenaesposito211,2021-05-16 18:00:00,Unforgiven,2,8.5
1165,PRN01164,giuliaverdi354,2020-12-13 17:00:00,The Green Mile,4,6.5
1166,PRN01165,paolorusso198,2025-03-27 10:00:00,Breaking the Waves,1,6.5
1167,PRN01166,annagallo276,2025-11-14 12:30:00,American Psycho,3,6.5
1168,PRN01167,francescagreco67,2027-06-08 15:30:00,La montaña sagrada,3,8.0
1169,PRN01168,giuliaesposito73,2025-09-25 13:00:00,Ying xiong,3,7.5
1170,PRN01169,matteoesposito185,2022-06-27 10:30:00,Vampire Hunter D: Bloodlust,4,7.0
1171,PRN01170,giorgiacolombo164,2020-06-22 14:00:00,Green Book,2,7.5
1172,PRN01171,matteobianchi93,2018-09-15 18:30:00,Dangal,1,9.0
1173,PRN01172,paolomarino160,2019-06-09 16:00:00,The Last of the Mohicans,4,6.5
1174,PRN01173,alessiocolombo147,2022-06-25 16:00:00,The Green Mile,2,6.5
1175,PRN01174,marcorossi260,2021-11-14 15:30:00,Hana-bi,2,8.5
1176,PRN01175,lauracolombo195,2022-07-25 10:30:00,Memento,3,7.5
1177,PRN01176,alessioromano259,2027-03-21 13:30:00,Citizen Kane,2,6.5
1178,PRN01177,lucacolombo344,2026-02-27 10:30:00,The Blues Brothers,4,7.5
1179,PRN01178,andreagallo97,2020-12-31 10:00:00,Central do Brasil,4,6.5
1180,PRN01179,simonericci313,2023-06-22 13:00:00,Serpico,3,7.5
1181,PRN01180,giorgiaferrari282,2027-03-08 15:00:00,Kaze no tani no Naushika,2,7.0
1182,PRN01181,annamarino242,2024-05-19 10:30:00,The Lion in Winter,2,8.0
1183,PRN01182,giorgiafontana222,2022-05-16 10:30:00,Dawn of the Dead,2,7.0
1184,PRN01183,elenabianchi387,2025-05-03 13:30:00,Un long dimanche de fiançailles,2,8.5
1185,PRN01184,andreaconti358,2022-04-24 16:30:00,Fear and Loathing in Las Vegas,2,8.5
1186,PRN01185,sararicci231,2023-11-04 17:00:00,Kumonosu-jô,2,6.5
1187,PRN01186,annaverdi117,2019-11-24 12:30:00,The Princess Bride,1,7.0
1188,PRN01187,elenaesposito211,2024-07-11 16:00:00,Hotel Rwanda,4,7.0
1189,PRN01188,elenaconti346,2018-08-30 10:00:00,The Sting,4,8.0
1190,PRN01189,elenagreco228,2019-10-02 13:00:00,Clerks,4,8.5
1191,PRN01190,paolorossi186,2018-05-12 10:30:00,Serpico,4,7.5
1192,PRN01191,giuliamarino386,2024-06-10 12:30:00,Fight Club,1,8.5
1193,PRN01192,paolorossi186,2019-02-21 14:30:00,Todo sobre mi madre,2,6.5
1194,PRN01193,francescagreco67,2018-03-23 15:00:00,Ayla: The Daughter of War,2,8.5
1195,PRN01194,annafontana107,2025-05-27 10:00:00,Taxi Driver,3,8.5
1196,PRN01195,matteocolombo229,2020-09-08 10:00:00,A Few Good Men,2,6.5
1197,PRN01196,chiararicci77,2019-03-30 18:30:00,Tengoku to jigoku,1,9.0
1198,PRN01197,giorgiabianchi136,2020-06-28 10:00:00,Freaks,3,7.0
1199,PRN01198,lucamarino208,2021-03-24 15:30:00,8½,4,6.5
1200,PRN01199,davidebruno0,2023-05-27 10:00:00,Beauty and the Beast,1,6.5
1201,PRN01200,elenabianchi96,2018-03-21 10:00:00,Harold and Maude,1,8.5
1202,PRN01201,francescaromano150,2027-08-09 14:00:00,Once,3,7.5
1203,PRN01202,alessioricci381,2020-11-16 17:00:00,Glory,4,7.5
1204,PRN01203,marcogreco46,2024-01-26 10:30:00,Double Indemnity,4,8.0
1205,PRN01204,lucarusso157,2019-06-22 10:30:00,Le samouraï,4,7.0
1206,PRN01205,giorgiagallo158,2022-03-07 10:30:00,The Breakfast Club,1,8.5
1207,PRN01206,annaferrari37,2027-01-03 10:00:00,Adams æbler,2,7.0
1208,PRN01207,chiararossi53,2019-07-29 10:00:00,Once Upon a Time in America,4,8.0
1209,PRN01208,chiaraverdi302,2027-06-18 10:30:00,The Great Dictator,3,7.5
1210,PRN01209,marcoesposito338,2020-09-02 13:00:00,The Naked Gun: From the Files of Police Squad!,2,8.0
1211,PRN01210,matteoesposito236,2024-10-21 12:30:00,Le samouraï,3,7.5
1212,PRN01211,paoloromano219,2027-09-03 10:30:00,The Illusionist,1,7.0
1213,PRN01212,giorgiacolombo363,2019-10-04 10:00:00,Stalker,1,7.0
1214,PRN01213,giorgiagallo356,2020-12-26 17:00:00,Marriage Story,2,8.0
1215,PRN01214,saragreco238,2026-10-17 10:00:00,The Sting,1,8.5
1216,PRN01215,annaromano105,2023-01-05 10:30:00,Majo no takkyûbin,4,6.5
1217,PRN01216,alessioferrari80,2022-01-07 15:30:00,The Straight Story,3,7.5
1218,PRN01217,sararicci231,2018-11-28 15:00:00,"Shin seiki Evangelion Gekijô-ban: Air/Magokoro wo, kimi ni",2,8.0
1219,PRN01218,elenagreco228,2026-08-22 19:00:00,Pride & Prejudice,2,9.0
1220,PRN01219,giuliabruno316,2021-12-11 18:30:00,Il postino,3,8.5
1221,PRN01220,matteoesposito303,2019-07-15 13:30:00,Trois couleurs: Blanc,4,8.5
1222,PRN01221,giuliaromano287,2026-06-26 14:00:00,Giant,1,8.5
1223,PRN01222,andreagallo112,2018-02-21 12:30:00,Ba wang bie ji,2,8.5
1224,PRN01223,chiararusso398,2027-11-06 16:00:00,Idi i smotri,4,8.0
1225,PRN01224,marcorossi78,2018-08-26 10:00:00,Hannah and Her Sisters,3,8.5
1226,PRN01225,saraverdi1,2019-08-23 10:30:00,Good Will Hunting,1,6.5
1227,PRN01226,lucamarino208,2020-03-16 10:00:00,White Heat,4,8.0
1228,PRN01227,matteomarino24,2024-07-31 13:00:00,Before Sunrise,1,7.5
1229,PRN01228,marcoricci187,2023-04-28 13:30:00,Kal Ho Naa Ho,4,8.5
1230,PRN01229,davideromano22,2025-02-22 19:00:00,Paper Moon,4,9.0
1231,PRN01230,matteoromano129,2024-12-20 10:30:00,Die Hard,4,7.0
1232,PRN01231,matteoesposito320,2022-02-07 13:30:00,The Others,1,8.0
1233,PRN01232,alessiocolombo17,2019-10-09 15:00:00,On the Waterfront,4,8.0
1234,PRN01233,giuliaesposito172,2018-09-18 10:00:00,Ordinary People,4,6.5
1235,PRN01234,simonefontana234,2021-10-15 10:30:00,The Purple Rose of Cairo,1,8.0
1236,PRN01235,annarusso65,2025-07-25 13:30:00,Days of Heaven,4,8.0
1237,PRN01236,annamarino199,2027-08-10 10:30:00,Once,4,7.0
1238,PRN01237,marcoromano27,2022-03-25 10:30:00,Das Experiment,1,8.0
1239,PRN01238,giuliagallo138,2023-06-07 15:00:00,October Sky,3,8.5
1240,PRN01239,elenagreco165,2025-09-23 10:30:00,The Conversation,3,8.5
1241,PRN01240,davideesposito26,2025-06-10 14:00:00,Ladri di biciclette,1,8.5
1242,PRN01241,simoneromano190,2019-07-21 14:30:00,La passion de Jeanne d'Arc,3,6.5
1243,PRN01242,chiararossi53,2019-05-19 17:00:00,Dog Day Afternoon,1,7.0
1244,PRN01243,lucaconti18,2020-01-05 17:00:00,Withnail & I,4,8.5
1245,PRN01244,francescaromano348,2020-01-05 13:30:00,Ran,3,7.5
1246,PRN01245,lucaricci233,2023-12-23 13:00:00,Per qualche dollaro in più,3,7.0
1247,PRN01246,andreafontana329,2019-09-24 10:00:00,Unforgiven,2,8.5
1248,PRN01247,lucaesposito55,2018-02-09 10:30:00,Escape from Alcatraz,4,7.5
1249,PRN01248,francescaferrari88,2022-12-04 10:30:00,A Little Princess,1,7.5
1250,PRN01249,matteogallo266,2026-02-24 10:00:00,Stalker,1,8.0
1251,PRN01250,annaricci275,2027-07-09 16:30:00,Who's Afraid of Virginia Woolf?,1,8.0
1252,PRN01251,lucaricci233,2024-11-30 17:30:00,Dial M for Murder,2,8.0
1253,PRN01252,chiaragreco395,2027-11-09 10:00:00,Sin City,2,7.0
1254,PRN01253,annacolombo123,2026-07-13 12:30:00,Giant,4,8.5
1255,PRN01254,chiararusso103,2022-04-15 10:30:00,Tombstone,4,7.5
1256,PRN01255,paolorossi186,2026-04-19 10:00:00,The Maltese Falcon,2,7.0
1257,PRN01256,paolofontana378,2027-01-24 15:30:00,The Fifth Element,3,6.5
1258,PRN01257,saracolombo124,2020-06-16 15:00:00,Ed Wood,2,7.0
1259,PRN01258,lucabianchi379,2027-09-02 10:30:00,Sholay,4,8.5
1260,PRN01259,francescarossi305,2024-07-10 10:00:00,Annie Hall,2,6.5
1261,PRN01260,francescaromano348,2027-05-30 16:00:00,Tropa de Elite,1,8.0
1262,PRN01261,giorgiaferrari34,2025-11-02 19:30:00,Harry Potter and the Goblet of Fire,3,8.5
1263,PRN01262,giuliarusso375,2023-12-24 13:30:00,La Strada,1,8.5
1264,PRN01263,annafontana274,2024-10-17 10:30:00,It's a Wonderful Life,1,7.5
1265,PRN01264,lucarossi45,2020-08-01 16:30:00,Deadpool 2,3,6.5
1266,PRN01265,simonerossi331,2027-11-19 10:00:00,The Hurricane,3,8.5
1267,PRN01266,alessioesposito209,2018-03-12 10:30:00,Tôkyô monogatari,3,8.5
1268,PRN01267,lucaricci233,2027-10-09 13:30:00,A Christmas Story,1,7.5
1269,PRN01268,lucamarino79,2021-07-18 10:30:00,"Paris, Texas",4,6.5
1270,PRN01269,chiaraconti371,2018-04-20 10:00:00,What Ever Happened to Baby Jane?,4,6.5
1271,PRN01270,davidebruno0,2027-07-03 13:00:00,Once Upon a Time in the West,1,8.5
1272,PRN01271,lucacolombo318,2021-01-09 16:00:00,Saving Private Ryan,3,7.5
1273,PRN01272,simonefontana36,2019-09-03 10:00:00,Donnie Brasco,4,8.0
1274,PRN01273,matteogallo266,2020-12-27 10:30:00,Mononoke-hime,4,8.5
1275,PRN01274,giuliarusso11,2024-04-02 10:30:00,Sense and Sensibility,2,7.5
1276,PRN01275,lucaferrari134,2018-08-29 12:30:00,The Princess Bride,4,7.0
1277,PRN01276,giorgiagallo356,2022-07-19 13:00:00,The Pianist,4,8.0
1278,PRN01277,lauraricci203,2021-05-09 15:30:00,Duck Soup,2,8.5
1279,PRN01278,giorgiaferrari34,2027-12-26 13:00:00,Good Will Hunting,2,8.5
1280,PRN01279,lucacolombo318,2026-05-24 13:00:00,What's Eating Gilbert Grape,2,6.5
1281,PRN01280,matteomarino144,2026-04-26 16:00:00,Letters from Iwo Jima,4,8.5
1282,PRN01281,lauraromano137,2026-09-05 17:00:00,La Grande Illusion,4,8.5
1283,PRN01282,annafontana286,2024-12-07 13:00:00,Boyz n the Hood,3,7.5
1284,PRN01283,lucamarino79,2027-05-20 10:30:00,Dazed and Confused,3,7.0
1285,PRN01284,elenafontana341,2018-06-27 10:00:00,Happiness,4,7.0
1286,PRN01285,marcofontana15,2025-05-25 17:30:00,Clerks,2,7.0
1287,PRN01286,chiararusso33,2019-09-14 10:00:00,Dead Poets Society,3,8.5
1288,PRN01287,elenaesposito163,2018-09-25 14:00:00,Moana,2,8.0
1289,PRN01288,giuliaesposito374,2020-10-06 10:30:00,Dil Bechara,1,7.0
1290,PRN01289,annaricci364,2024-07-31 13:00:00,Before Sunrise,4,7.5
1291,PRN01290,sarabianchi128,2019-03-15 16:00:00,The Sandlot,1,8.5
1292,PRN01291,alessioesposito209,2022-05-26 18:00:00,Twelve Monkeys,1,9.0
1293,PRN01292,giorgiaromano243,2020-08-05 10:00:00,Jurassic Park,1,7.5
1294,PRN01293,francescagreco13,2022-06-09 10:00:00,Vampire Hunter D: Bloodlust,4,6.5
1295,PRN01294,marcorossi260,2024-06-02 15:30:00,The Lion in Winter,4,8.5
1296,PRN01295,elenabruno207,2019-05-11 14:00:00,Stalag 17,1,7.5
1297,PRN01296,giorgiagreco325,2026-06-09 16:30:00,Before Sunrise,2,7.5
1298,PRN01297,simoneconti244,2023-04-23 10:30:00,The Last Samurai,3,7.5
1299,PRN01298,francescagallo267,2023-07-24 10:30:00,Barry Lyndon,3,7.0
1300,PRN01299,giorgiaromano19,2025-07-02 10:30:00,Match Point,4,6.5
1301,PRN01300,lucaesposito55,2023-05-07 13:30:00,The African Queen,4,7.0
1302,PRN01301,marcoricci187,2018-05-02 15:00:00,The Untouchables,1,8.0
1303,PRN01302,davidebianchi29,2025-06-01 15:30:00,A Little Princess,2,7.0
1304,PRN01303,lauraverdi90,2026-08-15 13:00:00,Mad Max 2,2,7.5
1305,PRN01304,lucarossi45,2023-09-06 10:30:00,Dr. Strangelove or: How I Learned to Stop Worrying and Love the Bomb,1,7.5
1306,PRN01305,andrearicci95,2021-08-23 16:30:00,Taxi Driver,1,6.5
1307,PRN01306,elenabianchi387,2022-03-20 10:00:00,The Ladykillers,4,7.0
1308,PRN01307,marcofontana15,2024-03-29 10:00:00,The Silence of the Lambs,4,8.5
1309,PRN01308,annafontana274,2024-03-01 13:00:00,Rushmore,1,8.0
1310,PRN01309,andreaconti113,2023-08-21 10:30:00,Papillon,1,6.5
1311,PRN01310,giuliabruno180,2022-01-23 15:00:00,Freaks,3,8.0
1312,PRN01311,giuliaromano287,2020-11-20 10:30:00,Todo sobre mi madre,1,6.5
1313,PRN01312,francescagallo267,2024-10-17 13:30:00,E.T. the Extra-Terrestrial,1,6.5
1314,PRN01313,chiaraconti91,2020-01-06 13:00:00,Avengers: Infinity War,4,8.0
1315,PRN01314,chiaramarino32,2023-10-15 10:00:00,Enter the Dragon,4,8.0
1316,PRN01315,davideverdi333,2027-05-23 17:30:00,Heat,3,7.0
1317,PRN01316,simonebruno251,2019-10-21 13:00:00,Inherit the Wind,1,6.5
1318,PRN01317,lucamarino79,2019-09-10 13:00:00,Unforgiven,4,8.0
1319,PRN01318,giorgiamarino94,2025-10-05 13:00:00,Donnie Darko,4,8.0
1320,PRN01319,elenafontana341,2020-06-22 10:30:00,Hera Pheri,2,7.5
1321,PRN01320,saramarino14,2018-01-14 13:00:00,Once Upon a Time in the West,3,8.0
1322,PRN01321,sarabruno290,2023-11-18 12:30:00,Shichinin no samurai,4,6.5
1323,PRN01322,marcoricci237,2021-10-09 13:00:00,Hamlet,3,7.0
1324,PRN01323,elenamarino321,2021-08-22 10:00:00,Toy Story 2,4,6.5
1325,PRN01324,lauraricci248,2024-08-29 17:00:00,Akira,3,6.5
1326,PRN01325,alessiogallo360,2019-12-28 16:00:00,A Few Good Men,1,8.0
1327,PRN01326,marcomarino322,2026-04-19 12:30:00,Kurenai no buta,1,8.0
1328,PRN01327,chiarabruno196,2022-09-03 10:30:00,Raiders of the Lost Ark,4,7.0
1329,PRN01328,chiararicci77,2024-05-25 13:00:00,Finding Nemo,1,6.5
1330,PRN01329,simonebruno314,2024-04-07 16:00:00,A Night at the Opera,4,8.5
1331,PRN01330,giorgiarusso241,2023-09-29 15:30:00,Das Boot,3,8.5
1332,PRN01331,lucaferrari134,2024-07-11 10:00:00,"Il buono, il brutto, il cattivo",2,7.5
1333,PRN01332,lucaconti18,2020-11-13 15:30:00,Empire of the Sun,4,6.5
1334,PRN01333,elenaromano2,2019-04-19 13:30:00,Der Name der Rose,1,6.5
1335,PRN01334,marcofontana350,2027-07-21 16:30:00,The Birds,2,7.0
1336,PRN01335,marcogallo108,2021-11-06 18:00:00,Höstsonaten,4,8.5
1337,PRN01336,elenarossi121,2020-08-01 10:30:00,Spoorloos,3,8.0
1338,PRN01337,annaverdi162,2026-03-13 10:30:00,The General,2,6.5
1339,PRN01338,alessioromano383,2022-07-11 16:00:00,Per qualche dollaro in più,1,7.0
1340,PRN01339,francescarusso159,2022-10-09 14:30:00,Do lok tin si,4,7.0
1341,PRN01340,paolofontana84,2026-07-04 19:00:00,Spoorloos,3,9.0
1342,PRN01341,francescaferrari323,2026-10-25 15:00:00,Dancer in the Dark,2,7.5
1343,PRN01342,matteoesposito185,2025-05-14 12:00:00,Clerks,4,8.5
1344,PRN01343,lucaferrari134,2023-05-10 13:00:00,Out of the Past,2,8.0
1345,PRN01344,alessiogallo360,2025-12-20 12:30:00,All That Jazz,2,7.5
1346,PRN01345,chiaramarino339,2019-06-25 10:00:00,Shichinin no samurai,4,8.0
1347,PRN01346,elenagreco228,2022-07-31 16:00:00,The Graduate,4,7.0
1348,PRN01347,giuliabruno316,2019-02-02 17:00:00,Dead Poets Society,1,8.5
1349,PRN01348,paolomarino160,2019-04-02 12:30:00,Nosferatu,4,8.5
1350,PRN01349,giorgiaconti86,2023-07-22 10:30:00,Sholay,3,7.0
1351,PRN01350,andrearicci332,2024-12-07 13:00:00,Boyz n the Hood,4,7.5
1352,PRN01351,elenagreco165,2025-12-28 14:00:00,Yôjinbô,2,8.0
1353,PRN01352,giorgiaromano188,2023-11-07 15:00:00,Lost in Translation,4,8.5
1354,PRN01353,alessioverdi194,2021-04-21 10:00:00,The Shawshank Redemption,4,6.5
1355,PRN01354,annarusso133,2026-11-26 10:30:00,Dogville,1,7.5
1356,PRN01355,paoloverdi179,2027-08-04 13:00:00,The Gold Rush,3,7.0
1357,PRN01356,davideferrari319,2027-04-24 14:00:00,Cowboy Bebop: Tengoku no tobira,3,8.5
1358,PRN01357,chiaraverdi125,2026-08-31 10:00:00,The Circus,1,7.5
1359,PRN01358,francescaferrari54,2022-12-26 10:30:00,Naked,1,6.5
1360,PRN01359,sararicci231,2026-07-04 10:30:00,Spoorloos,1,8.5
1361,PRN01360,lucafontana239,2020-12-10 10:30:00,Se7en,3,7.0
1362,PRN01361,saragreco238,2018-05-16 10:30:00,The Lion King,2,6.5
1363,PRN01362,chiararomano21,2018-03-07 13:00:00,Il postino,3,8.5
1364,PRN01363,annaverdi59,2026-05-25 10:30:00,Tôkyô goddofâzâzu,2,7.5
1365,PRN01364,lauraferrari87,2025-08-14 13:00:00,The Outlaw Josey Wales,1,7.5
1366,PRN01365,lucaconti18,2024-05-08 10:30:00,Forrest Gump,3,7.5
1367,PRN01366,francescafontana257,2020-12-30 10:30:00,Laura,4,6.5
1368,PRN01367,lauraricci203,2018-03-10 12:30:00,Tôkyô monogatari,1,7.5
1369,PRN01368,francescaesposito114,2019-08-05 10:30:00,Sholay,4,6.5
1370,PRN01369,sararicci389,2022-04-26 12:30:00,Ordinary People,1,8.0
1371,PRN01370,francescagreco289,2022-09-25 13:30:00,His Girl Friday,2,7.0
1372,PRN01371,andrearicci197,2024-03-20 10:00:00,Ivanovo detstvo,4,7.0
1373,PRN01372,chiaramarino388,2018-07-26 13:00:00,Dà hóng denglong gaogao guà,4,8.0
1374,PRN01373,marcofontana51,2024-05-30 10:30:00,Goldfinger,2,7.5
1375,PRN01374,lucaverdi41,2025-03-20 13:00:00,Fried Green Tomatoes,4,8.5
1376,PRN01375,annacolombo123,2024-11-02 13:00:00,Majo no takkyûbin,2,8.0
1377,PRN01376,andrearicci197,2019-05-26 10:00:00,Se7en,1,7.5
1378,PRN01377,andreagallo82,2022-09-15 12:30:00,A Streetcar Named Desire,3,8.5
1379,PRN01378,chiaramarino32,2026-08-31 12:00:00,Stalker,4,7.5
1380,PRN01379,paolorossi328,2022-08-27 18:30:00,Ran,3,9.5
1381,PRN01380,andreagallo82,2025-04-05 16:00:00,In America,2,8.5
1382,PRN01381,matteobianchi5,2025-03-23 17:30:00,Fried Green Tomatoes,3,8.5
1383,PRN01382,alessiomarino288,2021-12-01 13:30:00,The Muppet Christmas Carol,1,8.5
1384,PRN01383,giorgiaromano19,2024-06-18 10:30:00,Empire of the Sun,1,7.5
1385,PRN01384,davideesposito377,2027-09-22 10:30:00,The Shop Around the Corner,2,6.5
1386,PRN01385,giorgiarossi139,2026-11-16 10:30:00,Stand by Me,3,7.5
1387,PRN01386,giuliaromano287,2023-06-22 10:00:00,Le salaire de la peur,2,8.0
1388,PRN01387,chiaramarino339,2020-04-27 10:00:00,Die Hard: With a Vengeance,3,6.5
1389,PRN01388,annarusso65,2027-07-23 10:00:00,Toy Story 2,3,8.0
1390,PRN01389,giorgiagallo356,2024-10-26 10:00:00,"Aguirre, der Zorn Gottes",2,7.0
1391,PRN01390,francescagallo330,2024-07-07 13:30:00,Knockin' on Heaven's Door,1,7.0
1392,PRN01391,andreacolombo295,2025-02-08 10:30:00,Les choristes,2,8.5
1393,PRN01392,saramarino359,2025-10-05 13:00:00,Donnie Darko,3,8.0
1394,PRN01393,davideverdi333,2026-10-17 10:00:00,The Sting,4,8.5
1395,PRN01394,giorgiabruno279,2019-10-08 13:00:00,La double vie de Véronique,2,7.5
1396,PRN01395,chiararusso103,2025-02-12 10:00:00,Die Hard,2,8.0
1397,PRN01396,elenamarino321,2023-09-06 13:00:00,La vita è bella,3,8.5
1398,PRN01397,giorgiaverdi361,2021-01-24 15:00:00,Office Space,2,8.0
1399,PRN01398,davidericci308,2019-02-01 10:00:00,The Lion in Winter,2,7.5
1400,PRN01399,matteomarino144,2027-10-12 13:30:00,Sunrise: A Song of Two Humans,1,8.0
1401,PRN01400,simoneromano190,2025-03-08 10:30:00,The King of Comedy,4,8.5
1402,PRN01401,paolofontana214,2020-10-09 10:00:00,M - Eine Stadt sucht einen Mörder,1,8.5
1403,PRN01402,chiarabruno370,2023-11-02 12:30:00,Mad Max 2,1,7.5
1404,PRN01403,matteomarino144,2019-12-29 10:00:00,Tombstone,1,8.5
1405,PRN01404,giorgiaromano243,2022-05-24 13:30:00,Dil Chahta Hai,2,7.5
1406,PRN01405,sarabruno220,2022-02-10 16:00:00,Shadow of a Doubt,3,6.5
1407,PRN01406,sararomano58,2020-01-19 16:00:00,To Kill a Mockingbird,3,7.0
1408,PRN01407,giorgiaferrari282,2027-03-06 13:30:00,La planète sauvage,3,7.5
1409,PRN01408,chiaragallo69,2023-08-08 10:00:00,Dial M for Murder,1,8.0
1410,PRN01409,elenagallo38,2021-12-10 10:00:00,Cat on a Hot Tin Roof,2,7.5
1411,PRN01410,alessiocolombo17,2026-01-15 10:00:00,Ray,1,8.0
1412,PRN01411,matteoesposito320,2018-10-09 10:00:00,Unforgiven,2,7.0
1413,PRN01412,paolorossi142,2018-11-24 12:30:00,Modern Times,2,8.0
1414,PRN01413,marcomarino115,2020-10-04 10:30:00,In the Name of the Father,2,7.5
1415,PRN01414,saramarino261,2025-02-07 10:00:00,The Magnificent Seven,3,6.5
1416,PRN01415,simonefontana234,2018-09-18 13:00:00,Au revoir les enfants,1,7.0
1417,PRN01416,lucamarino312,2026-07-04 10:30:00,Spoorloos,1,8.5
1418,PRN01417,marcomarino115,2020-05-27 10:30:00,Arsenic and Old Lace,1,8.0
1419,PRN01418,marcoferrari141,2018-03-07 10:30:00,Midnight Cowboy,1,8.0
1420,PRN01419,giorgiamarino94,2020-10-30 14:00:00,Glengarry Glen Ross,3,7.5
1421,PRN01420,lucacolombo344,2024-12-11 15:00:00,The Night of the Hunter,4,8.5
1422,PRN01421,davideesposito26,2027-01-03 18:00:00,Blow,1,9.5
1423,PRN01422,andrearomano6,2021-02-08 12:30:00,Seppuku,2,7.0
1424,PRN01423,simonefontana253,2025-08-10 10:00:00,American Beauty,2,7.0
1425,PRN01424,matteoricci9,2027-11-25 16:00:00,The Silence of the Lambs,1,6.5
1426,PRN01425,saragreco238,2023-12-18 12:30:00,Andrei Rublev,1,7.5
1427,PRN01426,matteoesposito185,2020-06-30 10:30:00,Bringing Up Baby,4,6.5
1428,PRN01427,matteoromano129,2020-01-16 10:00:00,Avengers: Infinity War,4,8.5
1429,PRN01428,giorgiagreco325,2023-06-03 13:00:00,Per qualche dollaro in più,2,7.0
1430,PRN01429,annaricci145,2021-07-20 10:30:00,The Day the Earth Stood Still,4,8.0
1431,PRN01430,alessiomarino334,2027-12-20 10:30:00,Star Trek II: The Wrath of Khan,1,8.0
1432,PRN01431,andrearomano6,2024-04-03 10:00:00,Jurassic Park,3,8.5
1433,PRN01432,annafontana286,2018-06-20 10:00:00,Nuovo Cinema Paradiso,3,7.0
1434,PRN01433,andreagallo97,2019-12-21 16:30:00,Casino,4,8.5
1435,PRN01434,lucabruno277,2024-07-07 13:30:00,Knockin' on Heaven's Door,4,7.0
1436,PRN01435,lauracolombo195,2019-12-26 13:30:00,Tombstone,4,6.5
1437,PRN01436,lucabianchi379,2025-06-23 13:00:00,Ordinary People,3,7.5
1438,PRN01437,davideferrari63,2024-08-01 10:30:00,Monty Python and the Holy Grail,4,7.0
1439,PRN01438,saraverdi1,2022-08-20 16:00:00,Dilwale Dulhania Le Jayenge,2,7.5
1440,PRN01439,paolorossi142,2025-11-29 10:00:00,"Lock, Stock and Two Smoking Barrels",1,7.5
1441,PRN01440,elenagallo38,2021-06-30 15:30:00,"Planes, Trains & Automobiles",2,7.5
1442,PRN01441,andreamarino98,2024-03-09 13:00:00,The Lost Weekend,1,8.0
1443,PRN01442,annacolombo123,2023-06-22 16:00:00,Mary Poppins,4,8.5
1444,PRN01443,giuliabruno180,2019-01-21 16:30:00,In the Heat of the Night,1,8.5
1445,PRN01444,marcorusso99,2018-08-10 10:00:00,The Truman Show,1,8.5
1446,PRN01445,annacolombo123,2026-04-15 10:30:00,Taegukgi hwinalrimyeo,1,8.5
1447,PRN01446,chiaramarino339,2018-10-15 10:30:00,Unforgiven,2,7.5
1448,PRN01447,elenabianchi387,2026-09-26 12:30:00,To Be or Not to Be,4,7.0
1449,PRN01448,giuliafontana74,2026-01-25 10:30:00,Fargo,1,8.0
1450,PRN01449,andreagallo304,2019-02-22 10:30:00,Witness for the Prosecution,4,8.5
1451,PRN01450,saraverdi66,2020-05-24 10:30:00,Portrait de la jeune fille en feu,2,6.5
1452,PRN01451,andreacolombo376,2024-05-18 13:00:00,Kramer vs. Kramer,2,7.0
1453,PRN01452,francescaesposito114,2020-01-30 12:00:00,Cat on a Hot Tin Roof,3,8.0
1454,PRN01453,chiarabruno227,2023-08-12 18:30:00,Barry Lyndon,3,9.5
1455,PRN01454,giorgiarossi139,2026-01-12 10:00:00,Predator,1,8.5
1456,PRN01455,andrearicci268,2018-01-12 10:30:00,Dangal,3,8.0
1457,PRN01456,annaricci364,2023-03-21 15:30:00,La montaña sagrada,1,6.5
1458,PRN01457,annaverdi117,2021-11-21 18:00:00,The Lion in Winter,2,8.5
1459,PRN01458,chiararomano101,2020-11-07 13:30:00,All That Jazz,3,7.5
1460,PRN01459,elenabianchi387,2022-07-23 15:30:00,Fiddler on the Roof,2,7.5
1461,PRN01460,andreabruno153,2022-01-30 16:00:00,Aladdin,1,6.5
1462,PRN01461,paologreco206,2018-12-19 12:30:00,Ayla: The Daughter of War,3,8.0
1463,PRN01462,lucaconti155,2021-01-09 16:00:00,Saving Private Ryan,4,7.5
1464,PRN01463,andrearomano6,2018-03-13 10:00:00,On the Waterfront,2,8.0
1465,PRN01464,paoloromano116,2018-05-06 13:30:00,Forrest Gump,1,8.0
1466,PRN01465,giuliaverdi189,2025-01-28 10:00:00,Arsenic and Old Lace,3,7.5
1467,PRN01466,giorgiagallo218,2018-03-25 10:00:00,Tôkyô monogatari,1,7.0
1468,PRN01467,elenafontana341,2020-05-14 16:00:00,Rosemary's Baby,4,6.5
1469,PRN01468,andreagallo112,2025-10-26 17:30:00,Harry Potter and the Goblet of Fire,1,7.5
1470,PRN01469,marcoferrari141,2024-10-17 10:30:00,It's a Wonderful Life,4,7.5
1471,PRN01470,paolofontana378,2025-05-13 16:00:00,Night on Earth,3,6.5
1472,PRN01471,lucaesposito55,2023-08-20 14:00:00,Memento,2,8.0
1473,PRN01472,sararicci231,2018-07-20 10:00:00,Abre los ojos,4,8.0
1474,PRN01473,lauraricci248,2020-09-20 15:30:00,Fargo,3,6.5
1475,PRN01474,lauraconti340,2024-09-28 18:30:00,Enter the Dragon,3,10.0
1476,PRN01475,giorgiaferrari34,2019-11-30 10:00:00,Tombstone,1,7.0
1477,PRN01476,giuliaferrari50,2022-12-03 10:00:00,La passion de Jeanne d'Arc,4,6.5
1478,PRN01477,annafontana286,2025-08-17 19:00:00,Kaze no tani no Naushika,4,10.0
1479,PRN01478,giorgiaverdi131,2025-10-15 16:00:00,Ray,2,7.0
1480,PRN01479,marcomarino322,2021-03-28 15:30:00,Lat sau san taam,3,7.5
1481,PRN01480,elenacolombo12,2025-02-03 12:30:00,Home Alone,2,8.5
1482,PRN01481,chiaraverdi302,2022-06-21 10:30:00,Snatch,3,7.5
1483,PRN01482,annafontana274,2019-07-04 16:30:00,The Wizard of Oz,1,7.0
1484,PRN01483,marcofontana15,2024-11-15 10:30:00,Mulan,1,7.5
1485,PRN01484,annarusso132,2019-07-01 10:30:00,The Philadelphia Story,3,6.5
1486,PRN01485,saracolombo124,2027-07-22 10:00:00,Batman Begins,3,8.5
1487,PRN01486,alessioromano259,2022-01-01 18:00:00,"Aguirre, der Zorn Gottes",1,8.5
1488,PRN01487,chiaraferrari311,2018-02-21 16:00:00,Hiroshima mon amour,3,7.0
1489,PRN01488,annaromano105,2023-12-14 15:00:00,28 Days Later...,1,8.0
1490,PRN01489,giorgiaverdi361,2025-11-08 13:00:00,When Harry Met Sally...,3,8.0
1491,PRN01490,matteoesposito185,2023-05-27 10:00:00,Beauty and the Beast,3,6.5
1492,PRN01491,elenacolombo12,2026-08-04 10:30:00,Pride & Prejudice,3,8.5
1493,PRN01492,sararossi247,2018-12-09 13:30:00,Dip huet seung hung,3,8.5
1494,PRN01493,paolobruno307,2018-04-10 10:00:00,Platoon,4,8.5
1495,PRN01494,lucaconti18,2023-02-26 12:30:00,American Psycho,1,7.0
1496,PRN01495,andrearicci95,2018-03-03 12:30:00,Hiroshima mon amour,4,7.0
1497,PRN01496,marcofontana350,2023-03-02 10:30:00,Interstate 60: Episodes of the Road,1,8.5
1498,PRN01497,annagallo119,2020-07-20 10:30:00,A Few Good Men,2,6.5
1499,PRN01498,giorgiagallo218,2021-11-05 10:30:00,Patton,4,8.5
1500,PRN01499,andreabruno153,2020-03-23 10:30:00,Batoru rowaiaru,3,8.5
1501,PRN01500,chiararusso126,2020-04-02 10:30:00,The Lion in Winter,1,7.0
1502,PRN01501,matteoesposito185,2019-05-04 16:00:00,The Last Emperor,2,8.0
1503,PRN01502,andrearomano6,2026-12-31 10:00:00,"Aguirre, der Zorn Gottes",4,7.0
1504,PRN01503,giuliabruno180,2020-09-20 10:00:00,In the Name of the Father,4,8.0
1505,PRN01504,simonecolombo366,2026-11-28 19:00:00,The Exorcist,1,8.5
1506,PRN01505,giorgiarossi139,2027-02-14 12:30:00,The Muppet Christmas Carol,2,7.0
1507,PRN01506,andreagallo304,2020-08-08 15:30:00,L.A. Confidential,4,8.5
1508,PRN01507,paoloverdi179,2023-05-07 18:30:00,The Lord of the Rings: The Two Towers,2,10.0
1509,PRN01508,lucafontana239,2021-03-24 13:00:00,Lifeboat,1,7.0
1510,PRN01509,matteobianchi93,2023-04-23 10:30:00,The Last Samurai,2,7.5
1511,PRN01510,simonerossi10,2020-07-22 13:00:00,Barry Lyndon,3,6.5
1512,PRN01511,alessiogallo360,2024-07-28 13:00:00,The Bourne Identity,4,6.5
1513,PRN01512,elenaesposito285,2020-03-29 13:00:00,Crimes and Misdemeanors,2,7.0
1514,PRN01513,lucarusso396,2020-02-29 17:00:00,Dancer in the Dark,2,8.5
1515,PRN01514,andreacolombo295,2022-02-20 13:00:00,Rocky,1,7.5
1516,PRN01515,matteoverdi167,2019-03-16 18:00:00,Uri: The Surgical Strike,2,9.0
1517,PRN01516,paologreco206,2018-02-11 15:30:00,Escape from Alcatraz,4,7.0
1518,PRN01517,alessioferrari80,2024-09-27 10:00:00,Dog Day Afternoon,2,6.5
1519,PRN01518,lucaverdi41,2023-07-26 15:00:00,Barry Lyndon,4,8.0
1520,PRN01519,francescaromano150,2022-12-01 10:30:00,The Kid,1,6.5
1521,PRN01520,alessiofontana215,2020-12-06 16:00:00,Dil Bechara,1,8.5
1522,PRN01521,matteoesposito320,2021-02-28 13:30:00,Harry Potter and the Sorcerer's Stone,2,7.0
1523,PRN01522,chiararicci77,2019-11-25 16:00:00,Bonnie and Clyde,4,8.0
1524,PRN01523,saraesposito182,2027-12-10 10:30:00,Cape Fear,2,7.0
1525,PRN01524,paolobruno307,2024-08-16 14:30:00,Cape Fear,3,7.5
1526,PRN01525,matteoesposito320,2018-08-18 17:00:00,Die Hard: With a Vengeance,3,8.0
1527,PRN01526,andreacolombo376,2019-12-31 14:00:00,Lola rennt,2,6.5
1528,PRN01527,marcoricci187,2020-01-07 10:30:00,Avengers: Infinity War,1,7.5
1529,PRN01528,chiararusso33,2024-01-18 16:30:00,A Man for All Seasons,2,7.0
1530,PRN01529,sararossi247,2026-02-15 15:30:00,The Blues Brothers,2,7.5
1531,PRN01530,annarusso65,2021-10-16 16:30:00,Sense and Sensibility,2,7.0
1532,PRN01531,davidericci308,2020-03-23 10:30:00,Batoru rowaiaru,2,8.5
1533,PRN01532,giorgiagallo218,2022-12-18 13:00:00,Enter the Dragon,1,7.5
1534,PRN01533,marcogreco46,2020-09-19 10:00:00,The Last of the Mohicans,3,7.5
1535,PRN01534,annacolombo278,2024-03-03 16:30:00,Gone with the Wind,3,8.5
1536,PRN01535,annacolombo278,2018-05-17 13:00:00,The Lady Vanishes,2,8.5
1537,PRN01536,lucabruno324,2022-05-11 10:30:00,Brazil,4,6.5
1538,PRN01537,matteomarino144,2023-09-24 12:30:00,Yôjinbô,4,7.0
1539,PRN01538,chiaraferrari311,2024-11-09 19:00:00,Diarios de motocicleta,2,9.5
1540,PRN01539,giuliacolombo72,2021-01-16 20:30:00,Stalag 17,4,10.0
1541,PRN01540,giuliaromano287,2022-12-17 13:00:00,Yeopgijeogin geunyeo,2,8.0
1542,PRN01541,annaverdi162,2019-12-01 10:30:00,La passion de Jeanne d'Arc,1,6.5
1543,PRN01542,giuliarusso11,2023-02-03 14:00:00,Happiness,2,7.5
1544,PRN01543,sararicci231,2024-03-16 13:30:00,Dazed and Confused,4,8.0
1545,PRN01544,marcomarino115,2024-02-04 13:00:00,October Sky,4,6.5
1546,PRN01545,sarafontana151,2024-07-20 12:00:00,Knockin' on Heaven's Door,3,7.0
1547,PRN01546,paolorusso252,2026-03-26 13:30:00,Back to the Future Part II,1,6.5
1548,PRN01547,simonegallo31,2024-08-14 10:00:00,Empire of the Sun,2,6.5
1549,PRN01548,saramarino359,2019-07-07 10:00:00,Sholay,1,7.0
1550,PRN01549,lauracolombo195,2024-05-22 14:30:00,A Christmas Story,4,7.5
1551,PRN01550,francescaromano300,2026-02-10 16:30:00,No Man's Land,1,8.0
1552,PRN01551,alessioferrari146,2021-02-21 10:00:00,All About Eve,4,7.5
1553,PRN01552,matteoesposito320,2019-04-13 10:30:00,Les yeux sans visage,3,7.0
1554,PRN01553,lucafontana239,2018-10-14 13:00:00,Pink Floyd: The Wall,2,6.5
1555,PRN01554,giorgiaesposito284,2024-10-13 10:30:00,The Butterfly Effect,2,6.5
1556,PRN01555,giuliafontana204,2022-02-03 10:00:00,True Romance,3,8.0
1557,PRN01556,lucacolombo344,2025-07-13 17:00:00,Solaris,4,8.5
1558,PRN01557,alessioconti292,2020-01-26 16:30:00,Ford v Ferrari,4,8.0
1559,PRN01558,francescaferrari323,2019-10-27 15:30:00,Magnolia,4,8.5
1560,PRN01559,elenamarino111,2027-04-10 17:30:00,Persepolis,2,8.5
1561,PRN01560,annaverdi59,2024-01-29 12:00:00,The Last Picture Show,4,8.0
1562,PRN01561,elenaesposito163,2021-05-28 16:00:00,Todo sobre mi madre,3,7.0
1563,PRN01562,giorgiacolombo363,2021-05-21 13:00:00,Ikiru,1,7.5
1564,PRN01563,marcogreco168,2023-04-23 14:00:00,The Hustler,3,6.5
1565,PRN01564,davideromano22,2019-08-31 16:00:00,Watership Down,1,8.5
1566,PRN01565,sararicci389,2022-05-04 13:30:00,Brazil,4,8.5
1567,PRN01566,andrearomano75,2027-09-26 15:30:00,Boogie Nights,3,7.0
1568,PRN01567,andreacolombo295,2018-12-08 19:00:00,Spoorloos,3,10.0
1569,PRN01568,giorgiarossi139,2025-09-28 16:00:00,Bronenosets Potemkin,2,8.0
1570,PRN01569,francescaferrari54,2025-11-15 10:30:00,Crash,4,7.5
1571,PRN01570,giorgiaverdi131,2023-06-07 15:00:00,October Sky,4,8.5
1572,PRN01571,lauragreco336,2018-05-26 16:30:00,Crimes and Misdemeanors,3,8.0
1573,PRN01572,elenagreco228,2019-05-15 10:30:00,Gifted,3,7.0
1574,PRN01573,lauraconti340,2021-01-24 20:00:00,All That Jazz,3,8.5
1575,PRN01574,sararomano58,2021-03-25 14:30:00,La dolce vita,1,8.0
1576,PRN01575,davidecolombo353,2026-09-21 12:30:00,Wo hu cang long,4,7.0
1577,PRN01576,matteobianchi83,2019-10-13 10:30:00,The Manchurian Candidate,4,7.5
1578,PRN01577,giuliacolombo72,2022-10-30 17:00:00,Midnight Express,1,7.5
1579,PRN01578,matteofontana170,2025-06-14 14:00:00,The Jungle Book,3,6.5
1580,PRN01579,giuliaromano287,2027-12-27 10:30:00,The Bridge on the River Kwai,2,7.5
1581,PRN01580,marcorossi260,2025-09-10 17:30:00,The Count of Monte Cristo,4,7.5
1582,PRN01581,paolobruno307,2027-06-26 10:00:00,Who's Afraid of Virginia Woolf?,2,7.0
1583,PRN01582,sararicci231,2022-01-29 10:30:00,Blood Simple,1,8.5
1584,PRN01583,giuliabianchi42,2019-04-10 10:00:00,Scarface,2,7.5
1585,PRN01584,andreaconti113,2018-04-01 10:00:00,La haine,2,6.5
1586,PRN01585,saragreco238,2022-12-24 16:00:00,The Truman Show,2,8.0
1587,PRN01586,lucabruno296,2021-01-07 10:30:00,Apocalypse Now,1,7.0
1588,PRN01587,lucagallo191,2026-11-22 16:30:00,Salinui chueok,4,8.5
1589,PRN01588,marcogallo391,2024-04-14 13:30:00,Delicatessen,2,6.5
1590,PRN01589,lucaricci3,2027-09-29 10:00:00,The Lives of Others,3,8.0
1591,PRN01590,giorgiafontana222,2025-05-24 10:00:00,G.O.R.A.,3,8.5
1592,PRN01591,alessioricci381,2024-04-02 10:30:00,Sense and Sensibility,3,7.5
1593,PRN01592,elenaesposito211,2024-06-18 14:00:00,Hotel Rwanda,4,7.0
1594,PRN01593,elenaesposito285,2025-03-27 16:30:00,The Odd Couple,4,7.0
1595,PRN01594,marcomarino115,2019-02-20 10:30:00,American History X,4,8.0
1596,PRN01595,lucaconti262,2022-03-02 12:30:00,Smultronstället,4,7.5
1597,PRN01596,lucarusso157,2026-06-01 17:00:00,Trois couleurs: Blanc,4,8.5
1598,PRN01597,matteobianchi83,2021-01-16 13:00:00,Andrei Rublev,1,6.5
1599,PRN01598,alessioromano383,2025-03-07 10:00:00,Schindler's List,2,6.5
1600,PRN01599,matteoricci9,2018-12-19 12:30:00,Ayla: The Daughter of War,4,8.0
1601,PRN01600,giuliaconti100,2019-08-15 10:00:00,The Exorcist,3,7.0
1602,PRN01601,giuliaconti43,2019-09-26 10:00:00,Donnie Brasco,2,8.5
1603,PRN01602,simonegallo31,2023-01-13 10:00:00,Monty Python and the Holy Grail,3,8.5
1604,PRN01603,annabianchi48,2020-02-04 10:00:00,"Lock, Stock and Two Smoking Barrels",1,7.0
1605,PRN01604,simonefontana102,2020-03-19 13:30:00,White Heat,3,6.5
1606,PRN01605,giorgiacolombo297,2023-01-21 12:30:00,Escape from Alcatraz,1,8.5
1607,PRN01606,francescaferrari323,2018-04-06 15:00:00,Guardians of the Galaxy Vol. 2,4,7.0
1608,PRN01607,elenagreco283,2019-01-13 18:30:00,"Il buono, il brutto, il cattivo",4,10.0
1609,PRN01608,giuliarusso375,2022-11-19 10:00:00,Cast Away,3,8.5
1610,PRN01609,giuliabruno161,2019-06-04 10:00:00,Le samouraï,4,7.5
1611,PRN01610,annaferrari37,2022-01-22 16:00:00,Clerks,1,7.0
1612,PRN01611,andreabruno153,2023-11-19 14:00:00,Hedwig and the Angry Inch,3,8.5
1613,PRN01612,alessiocolombo110,2024-02-25 16:00:00,The Terminator,1,7.0
1614,PRN01613,chiaramarino339,2025-07-04 13:00:00,Match Point,4,7.0
1615,PRN01614,annagallo119,2025-09-13 16:30:00,Withnail & I,4,6.5
1616,PRN01615,davideesposito26,2023-09-07 10:30:00,Dr. Strangelove or: How I Learned to Stop Worrying and Love the Bomb,4,6.5
1617,PRN01616,lucagallo240,2027-03-21 10:30:00,Gegen die Wand,4,8.5
1618,PRN01617,simonegallo31,2022-01-01 15:00:00,Boksuneun naui geot,3,8.5
1619,PRN01618,andreacolombo376,2027-03-13 12:30:00,Stalag 17,1,6.5
1620,PRN01619,chiarabianchi230,2023-05-31 10:30:00,The Sandlot,3,8.0
1621,PRN01620,lucarossi23,2021-05-08 13:00:00,True Romance,4,6.5
1622,PRN01621,giuliacolombo72,2026-05-14 13:00:00,Fa yeung nin wah,4,8.0
1623,PRN01622,marcorusso99,2020-07-16 10:30:00,Tôkyô monogatari,4,7.5
1624,PRN01623,marcoricci187,2019-01-04 13:30:00,Sleuth,3,7.5
1625,PRN01624,francescagreco289,2027-10-30 10:30:00,The Best Years of Our Lives,1,7.5
1626,PRN01625,alessiogallo56,2024-05-04 10:00:00,The Great Dictator,2,8.5
1627,PRN01626,alessioesposito352,2024-11-10 17:30:00,Hable con ella,3,8.5
1628,PRN01627,lucaferrari134,2023-07-23 17:00:00,Le charme discret de la bourgeoisie,4,8.5
1629,PRN01628,giuliafontana74,2020-10-13 10:00:00,Fanny och Alexander,1,8.0
1630,PRN01629,lucaconti262,2019-11-30 10:00:00,Tombstone,3,7.0
1631,PRN01630,sarabruno290,2026-07-12 10:30:00,Trois couleurs: Blanc,3,6.5
1632,PRN01631,alessiobruno365,2021-12-10 10:00:00,Cat on a Hot Tin Roof,1,7.5
1633,PRN01632,chiararusso398,2022-10-17 10:30:00,Sense and Sensibility,1,7.5
1634,PRN01633,andreagallo97,2019-08-25 19:00:00,1917,2,9.0
1635,PRN01634,davideferrari319,2021-03-20 15:00:00,The French Connection,4,7.5
1636,PRN01635,lucarossi45,2023-08-17 12:30:00,Inherit the Wind,1,8.5
1637,PRN01636,matteogallo266,2019-02-13 12:30:00,The Grapes of Wrath,1,7.5
1638,PRN01637,simonerossi10,2024-12-19 10:00:00,Dog Day Afternoon,4,7.0
1639,PRN01638,chiaraconti371,2027-03-18 15:30:00,All the President's Men,2,6.5
1640,PRN01639,saraconti61,2018-02-08 15:30:00,Secrets & Lies,3,8.5
1641,PRN01640,davidebruno0,2027-10-05 14:00:00,Back to the Future Part II,3,8.5
1642,PRN01641,lauraricci135,2018-04-11 10:30:00,Du rififi chez les hommes,3,7.0
1643,PRN01642,simonerossi331,2019-04-27 17:00:00,The Deer Hunter,2,8.0
1644,PRN01643,simonegreco367,2025-12-23 10:00:00,Papillon,3,7.0
1645,PRN01644,saraconti61,2021-01-09 19:30:00,Predator,4,9.5
1646,PRN01645,paoloromano394,2026-08-14 10:30:00,Awakenings,2,8.0
1647,PRN01646,sararossi247,2022-02-20 16:00:00,The Breakfast Club,2,7.0
1648,PRN01647,annaverdi162,2020-10-24 17:00:00,Kramer vs. Kramer,2,8.0
1649,PRN01648,giuliabianchi169,2023-10-09 10:00:00,Dead Man,2,7.5
1650,PRN01649,giuliagallo138,2021-08-05 10:00:00,I Am Sam,3,8.0
1651,PRN01650,paoloromano35,2025-08-16 16:00:00,Some Like It Hot,2,7.5
1652,PRN01651,andrearusso265,2022-12-13 10:00:00,Touch of Evil,4,6.5
1653,PRN01652,giorgiaverdi361,2020-10-03 10:00:00,"South Park: Bigger, Longer & Uncut",1,8.5
1654,PRN01653,davideferrari63,2025-10-31 13:00:00,The Goonies,1,8.0
1655,PRN01654,chiaramarino339,2019-12-30 10:30:00,A Few Good Men,2,6.5
1656,PRN01655,andreagallo112,2026-07-31 10:00:00,Das Cabinet des Dr. Caligari,4,8.0
1657,PRN01656,giuliaconti100,2020-08-25 10:00:00,Philadelphia,1,8.0
1658,PRN01657,elenacolombo12,2026-02-14 10:30:00,Viskningar och rop,2,8.5
1659,PRN01658,lauraconti118,2026-07-02 10:00:00,Kal Ho Naa Ho,4,8.5
1660,PRN01659,elenabianchi96,2021-12-24 10:30:00,Das Boot,1,8.5
1661,PRN01660,marcoesposito338,2024-10-20 13:30:00,Diarios de motocicleta,3,7.5
1662,PRN01661,matteobianchi83,2025-01-28 10:00:00,Arsenic and Old Lace,2,7.5
1663,PRN01662,lucaconti155,2022-09-24 20:00:00,A Streetcar Named Desire,2,9.5
1664,PRN01663,elenaesposito285,2022-09-13 13:30:00,His Girl Friday,3,8.0
1665,PRN01664,paolorusso252,2022-05-26 10:30:00,The Godfather: Part II,1,7.0
1666,PRN01665,alessioesposito352,2021-08-08 19:00:00,Witness for the Prosecution,2,9.5
1667,PRN01666,andreabianchi232,2021-04-21 13:00:00,The Sandlot,1,8.5
1668,PRN01667,matteoesposito185,2023-12-07 10:00:00,Donnie Brasco,1,6.5
1669,PRN01668,marcomarino322,2025-07-04 10:00:00,The Untouchables,2,7.0
1670,PRN01669,marcofontana369,2024-03-09 15:30:00,Lifeboat,1,8.0
1671,PRN01670,simonerossi10,2024-10-13 16:00:00,Gilda,2,7.5
1672,PRN01671,marcorossi78,2019-08-05 15:00:00,Baahubali 2: The Conclusion,3,8.0
1673,PRN01672,andreabianchi397,2025-11-22 10:30:00,American Psycho,3,6.5
1674,PRN01673,matteoesposito351,2022-10-01 10:30:00,Lifeboat,2,6.5
1675,PRN01674,lucabianchi379,2019-05-21 10:00:00,Once Were Warriors,4,7.0
1676,PRN01675,lucarusso157,2018-10-28 13:30:00,The Great Escape,4,8.5
1677,PRN01676,simonefontana234,2022-09-04 13:00:00,Ferris Bueller's Day Off,4,7.0
1678,PRN01677,giorgiamarino68,2027-02-05 10:30:00,The Gold Rush,3,7.5
1679,PRN01678,alessioricci381,2018-10-28 19:30:00,The Adventures of Robin Hood,4,8.5
1680,PRN01679,lucaconti384,2019-09-27 10:30:00,The Manchurian Candidate,2,8.5
1681,PRN01680,francescaferrari88,2027-01-10 18:00:00,The Big Lebowski,2,9.0
1682,PRN01681,davidebruno380,2025-01-25 13:00:00,Barry Lyndon,4,6.5
1683,PRN01682,annabianchi48,2020-10-03 12:00:00,The Muppet Movie,3,7.0
1684,PRN01683,elenabianchi96,2026-01-31 15:00:00,Brokeback Mountain,3,8.0
1685,PRN01684,francescagreco13,2024-04-06 10:00:00,Rain Man,1,7.5
1686,PRN01685,elenabianchi258,2021-07-01 10:00:00,"Crna macka, beli macor",4,8.0
1687,PRN01686,davidericci308,2023-01-27 10:00:00,Willy Wonka & the Chocolate Factory,3,7.5
1688,PRN01687,giuliafontana204,2020-11-15 10:30:00,The Red Shoes,2,6.5
1689,PRN01688,giorgiabianchi39,2027-02-01 10:00:00,Le dîner de cons,4,8.0
1690,PRN01689,sararicci231,2027-08-18 10:00:00,Sholay,1,7.5
1691,PRN01690,annaverdi117,2025-11-08 10:00:00,Indiana Jones and the Last Crusade,1,8.5
1692,PRN01691,francescagreco67,2024-07-18 14:00:00,Léon,2,7.5
1693,PRN01692,marcogallo108,2018-01-12 10:30:00,Dangal,2,8.0
1694,PRN01693,andrearicci332,2025-10-13 10:00:00,Halloween,4,8.5
1695,PRN01694,davideromano166,2025-10-29 14:00:00,Enter the Dragon,1,7.5
1696,PRN01695,chiararomano21,2021-05-03 10:30:00,Dances with Wolves,3,7.5
1697,PRN01696,lucacolombo85,2022-05-22 17:30:00,Dawn of the Dead,2,8.0
1698,PRN01697,paoloromano271,2022-07-11 10:00:00,Carlito's Way,2,6.5
1699,PRN01698,sararusso357,2020-01-10 14:00:00,Bringing Up Baby,1,7.5
1700,PRN01699,marcoferrari141,2021-05-15 15:00:00,Being John Malkovich,2,7.5
1701,PRN01700,marcogreco46,2026-09-01 10:00:00,"Paris, Texas",4,8.5
1702,PRN01701,marcomarino322,2026-12-02 12:30:00,The Exorcist,2,6.5
1703,PRN01702,paolofontana84,2026-10-27 10:30:00,Dip huet seung hung,2,8.5
1704,PRN01703,lucabruno277,2026-11-21 16:30:00,Rang De Basanti,4,7.0
1705,PRN01704,davideverdi47,2021-06-05 13:00:00,Being John Malkovich,3,7.5
1706,PRN01705,chiararicci245,2025-11-22 13:00:00,Sleuth,2,6.5
1707,PRN01706,giorgiagreco210,2020-10-03 14:30:00,The Nightmare Before Christmas,3,6.5
1708,PRN01707,francescagreco81,2026-10-03 18:00:00,The Sting,4,9.0
1709,PRN01708,giorgiaesposito284,2022-12-15 13:00:00,North by Northwest,2,8.5
1710,PRN01709,andreacolombo295,2026-03-23 10:00:00,The Odd Couple,4,7.5
1711,PRN01710,davidegreco109,2023-05-20 10:00:00,Dazed and Confused,1,8.5
1712,PRN01711,lauraverdi90,2018-03-22 13:30:00,Sing Street,1,8.5
1713,PRN01712,annamarino199,2018-03-27 13:00:00,Patton,1,7.5
1714,PRN01713,alessiobruno365,2026-06-22 10:30:00,What's Eating Gilbert Grape,1,8.5
1715,PRN01714,matteoricci9,2027-05-02 10:00:00,Seppuku,2,7.5
1716,PRN01715,lucacolombo344,2027-11-27 20:00:00,Cool Hand Luke,3,10.0
1717,PRN01716,elenagreco228,2024-12-04 10:00:00,Harry Potter and the Prisoner of Azkaban,1,7.0
1718,PRN01717,lucagallo240,2022-02-26 13:30:00,Dial M for Murder,4,6.5
1719,PRN01718,sararusso357,2018-11-21 15:00:00,Zulu,3,7.5
1720,PRN01719,lauraverdi90,2027-05-02 21:00:00,Badlands,1,8.5
1721,PRN01720,lauragreco336,2027-09-13 10:00:00,Jeux d'enfants,2,8.0
1722,PRN01721,lucacolombo85,2023-02-08 13:00:00,Dirty Harry,4,7.0
1723,PRN01722,davideverdi333,2027-08-26 14:00:00,Close Encounters of the Third Kind,4,6.5
1724,PRN01723,elenagreco283,2024-02-02 16:30:00,The Innocents,2,7.5
1725,PRN01724,andrearomano6,2027-01-10 13:00:00,Donnie Darko,3,8.0
1726,PRN01725,saramarino261,2020-10-12 10:30:00,M - Eine Stadt sucht einen Mörder,2,8.0
1727,PRN01726,simoneconti223,2024-01-28 18:30:00,October Sky,4,9.0
1728,PRN01727,francescafontana257,2027-09-05 21:30:00,Philadelphia,4,10.0
1729,PRN01728,annaricci145,2018-09-24 10:30:00,Barton Fink,3,6.5
1730,PRN01729,lucaverdi41,2024-10-20 10:00:00,All Quiet on the Western Front,4,8.5
1731,PRN01730,paoloferrari140,2027-12-28 15:30:00,Blue Velvet,3,7.5
1732,PRN01731,giuliacolombo8,2027-04-24 17:00:00,Million Dollar Baby,3,8.0
1733,PRN01732,marcogallo108,2022-07-01 10:00:00,Predator,1,7.0
1734,PRN01733,chiararicci77,2023-08-19 10:30:00,Ladri di biciclette,2,6.5
1735,PRN01734,giuliarusso255,2020-02-27 10:30:00,Batoru rowaiaru,2,6.5
1736,PRN01735,simonefontana36,2025-05-04 16:30:00,The Sting,4,6.5
1737,PRN01736,chiaramarino388,2024-03-17 13:00:00,Patton,4,6.5
1738,PRN01737,giorgiaferrari34,2025-11-29 19:00:00,La planète sauvage,4,10.0
1739,PRN01738,elenabianchi387,2022-01-07 13:30:00,The Muppet Christmas Carol,1,7.5
1740,PRN01739,davidebruno380,2020-09-27 14:30:00,Fargo,2,7.5
1741,PRN01740,paoloferrari140,2019-10-25 10:00:00,Ben-Hur,4,8.0
1742,PRN01741,giuliarusso375,2024-12-07 16:00:00,Das Boot,3,8.0
1743,PRN01742,marcogreco168,2018-09-03 12:30:00,Rocky,2,8.5
1744,PRN01743,giuliaromano175,2024-04-13 16:00:00,Sense and Sensibility,1,6.5
1745,PRN01744,giorgiaconti86,2025-06-29 12:30:00,The General,1,8.0
1746,PRN01745,sararicci231,2019-12-21 16:30:00,Casino,1,8.5
1747,PRN01746,marcofontana326,2020-10-24 10:30:00,Mission: Impossible - Fallout,1,7.0
1748,PRN01747,giuliaesposito73,2018-10-12 10:00:00,Toy Story,2,7.0
1749,PRN01748,paolofontana214,2019-04-19 10:30:00,Ikiru,3,8.0
1750,PRN01749,giuliafontana74,2018-04-26 16:00:00,Guardians of the Galaxy Vol. 2,4,8.5
1751,PRN01750,sararicci389,2023-07-06 10:30:00,The Taking of Pelham One Two Three,4,6.5
1752,PRN01751,simonegreco310,2026-10-03 15:00:00,Ed Wood,3,8.5
1753,PRN01752,lucacolombo344,2026-04-12 12:30:00,To Have and Have Not,2,7.5
1754,PRN01753,sararusso357,2021-08-15 13:30:00,Crimes and Misdemeanors,4,8.5
1755,PRN01754,sararicci389,2025-05-02 10:00:00,The Bridges of Madison County,3,8.0
1756,PRN01755,andrearomano75,2023-09-16 14:00:00,Das Boot,4,8.5
1757,PRN01756,giuliacolombo72,2025-10-11 10:00:00,Titanic,2,7.5
1758,PRN01757,annaromano105,2027-09-24 10:30:00,Jûbê ninpûchô,2,7.0
1759,PRN01758,alessiocolombo147,2021-12-25 10:00:00,Planet of the Apes,4,6.5
1760,PRN01759,alessioferrari146,2027-05-20 15:30:00,Tombstone,1,6.5
1761,PRN01760,annaricci364,2025-05-06 10:30:00,Deliverance,4,8.0
1762,PRN01761,saraesposito182,2027-06-29 10:00:00,The Killing Fields,4,8.5
1763,PRN01762,matteomarino144,2024-11-10 13:30:00,The Sound of Music,3,7.0
1764,PRN01763,alessioesposito352,2027-01-07 15:30:00,The 39 Steps,1,7.0
1765,PRN01764,giorgiaferrari282,2019-04-27 10:30:00,Nosferatu,1,8.5
1766,PRN01765,saraverdi66,2027-09-26 15:30:00,Boogie Nights,3,7.0
1767,PRN01766,lucacolombo318,2024-04-04 10:30:00,Vertigo,4,7.0
1768,PRN01767,matteoesposito185,2023-01-18 13:30:00,Happiness,4,8.0
1769,PRN01768,lucaconti256,2021-06-12 12:30:00,Gully Boy,3,6.5
1770,PRN01769,chiaraferrari311,2021-04-12 10:30:00,Chung Hing sam lam,1,8.0
1771,PRN01770,giuliabruno161,2018-08-06 10:00:00,Star Wars,3,7.5
1772,PRN01771,marcocolombo152,2025-08-14 13:00:00,The Outlaw Josey Wales,3,7.5
1773,PRN01772,paoloricci385,2021-06-24 10:00:00,Primal Fear,4,8.5
1774,PRN01773,davideverdi333,2025-04-12 12:30:00,In America,1,6.5
1775,PRN01774,elenafontana294,2025-02-25 10:30:00,One Flew Over the Cuckoo's Nest,4,8.5
1776,PRN01775,paolorossi142,2027-10-10 10:30:00,Hauru no ugoku shiro,2,8.0
1777,PRN01776,giuliabianchi42,2027-11-16 10:30:00,The Others,2,8.0
1778,PRN01777,saracolombo183,2023-09-23 10:00:00,Yôjinbô,2,8.5
1779,PRN01778,lauraferrari87,2022-07-10 13:00:00,The Lady Vanishes,2,8.0
1780,PRN01779,chiaragallo69,2019-04-22 13:30:00,Die Hard: With a Vengeance,3,8.5
1781,PRN01780,giuliagallo138,2019-07-07 19:00:00,Singin' in the Rain,2,9.5
1782,PRN01781,matteoromano129,2021-09-07 12:00:00,The Boondock Saints,2,8.0
1783,PRN01782,sararicci231,2022-03-26 15:30:00,A Few Good Men,1,7.0
1784,PRN01783,annacolombo278,2026-02-11 10:30:00,Barton Fink,1,7.5
1785,PRN01784,giuliabianchi181,2021-09-10 16:30:00,The Muppet Movie,3,7.0
1786,PRN01785,giorgiaferrari34,2020-07-03 13:00:00,Arsenic and Old Lace,3,7.0
1787,PRN01786,davideconti62,2018-03-20 12:30:00,Mary Poppins,2,8.5
1788,PRN01787,francescagallo330,2023-01-29 15:00:00,On Golden Pond,4,7.0
1789,PRN01788,giorgiaromano243,2019-12-13 10:30:00,Fear and Loathing in Las Vegas,1,7.5
1790,PRN01789,matteomarino144,2027-01-10 13:00:00,Donnie Darko,3,8.0
1791,PRN01790,lucaricci273,2022-02-07 10:30:00,A Few Good Men,2,7.0
1792,PRN01791,chiaramarino388,2026-09-13 16:30:00,Once Upon a Time in the West,3,8.0
1793,PRN01792,alessioromano259,2019-01-27 10:00:00,The Adventures of Robin Hood,2,7.0
1794,PRN01793,andreabruno171,2026-12-04 10:00:00,Breaking the Waves,1,8.0
1795,PRN01794,simonebruno251,2024-08-22 15:30:00,Monty Python and the Holy Grail,4,7.0
1796,PRN01795,giorgiaverdi343,2027-12-05 17:30:00,Jûbê ninpûchô,4,8.5
1797,PRN01796,giorgiagreco325,2018-09-01 13:00:00,The Great Escape,2,7.5
1798,PRN01797,matteoromano221,2023-06-18 12:30:00,Sanjuro,1,8.5
1799,PRN01798,lucarossi23,2023-12-30 15:30:00,La dolce vita,2,6.5
1800,PRN01799,elenabianchi387,2020-09-13 16:30:00,Reservoir Dogs,1,6.5
1801,PRN01800,giorgiacolombo297,2021-03-26 10:00:00,Lifeboat,2,6.5
1802,PRN01801,alessiogallo360,2027-11-23 12:30:00,The Others,1,6.5
1803,PRN01802,simonebruno251,2019-06-15 15:00:00,Shichinin no samurai,3,6.5
1804,PRN01803,lucabruno269,2023-12-31 12:30:00,The Deer Hunter,4,6.5
1805,PRN01804,francescaesposito114,2022-07-01 13:00:00,Fiddler on the Roof,2,8.5
1806,PRN01805,giuliabianchi181,2027-07-05 10:30:00,Fantasia,2,7.0
1807,PRN01806,andreabianchi226,2020-04-19 12:30:00,Double Indemnity,1,8.5
1808,PRN01807,elenafontana294,2023-07-08 16:30:00,Full Metal Jacket,1,8.5
1809,PRN01808,giorgiabianchi136,2024-02-03 10:00:00,Inherit the Wind,4,8.0
1810,PRN01809,andreabianchi397,2026-08-27 15:30:00,Blood Diamond,3,6.5
1811,PRN01810,sararossi247,2019-09-19 10:00:00,Donnie Brasco,1,7.5
1812,PRN01811,lucafontana239,2027-10-31 10:30:00,Scent of a Woman,1,6.5
1813,PRN01812,giuliabruno161,2021-10-31 13:00:00,Höstsonaten,3,7.5
1814,PRN01813,sararossi337,2021-09-18 16:00:00,Goldfinger,2,7.5
1815,PRN01814,chiararomano372,2022-02-03 10:00:00,True Romance,3,8.0
1816,PRN01815,elenaesposito211,2023-07-19 16:30:00,Ikiru,2,8.5
1817,PRN01816,giorgiarossi139,2025-08-25 10:30:00,Harvey,1,7.0
1818,PRN01817,simonecolombo366,2023-02-16 13:00:00,Kagemusha,1,8.0
1819,PRN01818,giuliabianchi169,2020-11-29 15:30:00,The Breakfast Club,1,8.0
1820,PRN01819,marcocolombo152,2019-08-09 14:30:00,The Exorcist,2,7.0
1821,PRN01820,annafontana274,2027-05-15 13:30:00,La haine,3,8.0
1822,PRN01821,giuliaromano287,2025-07-28 13:30:00,Black,4,8.5
1823,PRN01822,annamarino242,2025-06-01 12:30:00,The Untouchables,3,8.0
1824,PRN01823,paolofontana378,2027-06-27 10:00:00,Stand by Me,2,6.5
1825,PRN01824,daviderossi254,2021-12-17 10:00:00,Klaus,4,8.0
1826,PRN01825,simoneconti223,2025-12-08 10:00:00,The Great Escape,1,6.5
1827,PRN01826,giorgiabianchi39,2025-06-02 10:30:00,Ladri di biciclette,3,6.5
1828,PRN01827,paoloromano35,2021-03-15 13:00:00,The Ten Commandments,1,7.0
1829,PRN01828,sararossi337,2019-12-07 15:30:00,The Outlaw Josey Wales,4,8.5
1830,PRN01829,paolorossi328,2018-07-15 13:00:00,Star Wars: Episode V - The Empire Strikes Back,1,7.5
1831,PRN01830,giuliabruno180,2018-02-07 13:00:00,Dangal,4,7.5
1832,PRN01831,andreamarino98,2027-01-28 10:00:00,Le dîner de cons,3,8.0
1833,PRN01832,annafontana274,2023-02-26 10:30:00,The Circus,2,8.0
1834,PRN01833,giuliarusso255,2027-04-16 10:00:00,Seppuku,1,6.5
1835,PRN01834,alessiomarino288,2024-02-06 10:30:00,Awakenings,2,7.5
1836,PRN01835,annagallo276,2027-10-23 13:00:00,No Country for Old Men,2,6.5
1837,PRN01836,annabianchi122,2022-01-22 13:30:00,Shadow of a Doubt,4,7.5
1838,PRN01837,francescagreco81,2020-11-14 12:30:00,Sanjuro,2,8.5
1839,PRN01838,paolomarino160,2025-09-17 10:30:00,Dà hóng denglong gaogao guà,3,7.0
1840,PRN01839,elenamarino321,2019-03-12 12:30:00,On Golden Pond,1,8.5
1841,PRN01840,chiararusso103,2021-02-20 10:30:00,Lat sau san taam,3,7.0
1842,PRN01841,giorgiaromano19,2021-10-17 13:00:00,Pulp Fiction,4,8.5
1843,PRN01842,giuliaesposito172,2025-09-27 20:00:00,Cidade de Deus,4,8.5
1844,PRN01843,francescaferrari88,2024-04-09 13:30:00,The Exorcist,3,8.5
1845,PRN01844,elenaesposito211,2021-08-28 16:30:00,The Boondock Saints,3,7.0
1846,PRN01845,paoloconti272,2021-06-11 10:00:00,Soorarai Pottru,3,8.5
1847,PRN01846,giorgiaromano19,2025-04-05 10:00:00,Who Framed Roger Rabbit,1,7.0
1848,PRN01847,lucarossi23,2021-11-10 12:30:00,Mississippi Burning,2,8.5
1849,PRN01848,davidebruno154,2023-09-19 15:30:00,Donnie Darko,3,8.0
1850,PRN01849,alessioverdi194,2025-06-15 12:30:00,Fitzcarraldo,1,7.0
1851,PRN01850,davidecolombo353,2019-05-10 12:30:00,A Few Good Men,4,8.5
1852,PRN01851,matteoromano221,2023-01-27 12:30:00,What's Eating Gilbert Grape,2,8.0
1853,PRN01852,giorgiagreco57,2027-02-28 16:00:00,Inside Man,3,6.5
1854,PRN01853,lauraconti340,2022-12-28 10:30:00,Boyz n the Hood,2,7.0
1855,PRN01854,giuliaferrari50,2020-08-11 16:00:00,"Crna macka, beli macor",3,8.5
1856,PRN01855,annarusso65,2023-12-19 13:30:00,Aladdin,4,8.5
1857,PRN01856,lauraricci203,2026-12-29 13:00:00,Stalker,1,8.0
1858,PRN01857,annamarino199,2024-10-09 10:30:00,The Goonies,2,6.5
1859,PRN01858,marcorossi260,2027-09-11 12:30:00,Barry Lyndon,1,8.0
1860,PRN01859,lucacolombo344,2026-01-27 13:00:00,Blade Runner,3,8.5
1861,PRN01860,davidecolombo353,2021-09-18 10:30:00,The Apartment,2,8.5
1862,PRN01861,giuliaromano287,2021-12-01 10:30:00,Little Women,3,7.0
1863,PRN01862,giorgiaferrari282,2018-09-03 10:30:00,This Is Spinal Tap,2,6.5
1864,PRN01863,davideesposito377,2026-08-25 15:30:00,Rope,2,7.0
1865,PRN01864,davideconti235,2027-01-17 10:00:00,Donnie Darko,2,6.5
1866,PRN01865,lucaconti256,2025-05-17 15:30:00,Secrets & Lies,3,7.0
1867,PRN01866,andrearicci332,2025-10-28 14:00:00,Rosemary's Baby,1,7.5
1868,PRN01867,chiaraverdi125,2026-07-04 13:00:00,Apocalypto,4,7.0
1869,PRN01868,paolorusso198,2026-08-27 10:30:00,Lat sau san taam,2,8.0
1870,PRN01869,lucacolombo85,2021-07-10 12:30:00,Scent of a Woman,2,7.0
1871,PRN01870,giorgiarossi139,2022-07-26 13:30:00,The Bridge on the River Kwai,2,7.5
1872,PRN01871,alessiorusso177,2020-07-23 10:00:00,Vivre sa vie: Film en douze tableaux,3,7.5
1873,PRN01872,chiararusso103,2022-04-01 10:00:00,The Big Lebowski,4,7.0
1874,PRN01873,matteoesposito236,2018-01-20 12:30:00,Sing Street,3,7.0
1875,PRN01874,lucaricci273,2019-10-08 15:30:00,Casino,1,6.5
1876,PRN01875,annabruno44,2025-03-15 20:00:00,Once Were Warriors,1,8.5
1877,PRN01876,giuliaromano327,2018-05-15 10:00:00,Forrest Gump,3,6.5
1878,PRN01877,davideromano166,2021-10-01 10:30:00,The Muppet Movie,3,8.5
1879,PRN01878,andreaconti358,2022-02-02 10:00:00,Boksuneun naui geot,3,7.5
1880,PRN01879,alessiocolombo64,2025-02-03 15:00:00,Clerks,4,8.5
1881,PRN01880,alessiorusso177,2019-03-25 12:30:00,"Crna macka, beli macor",1,6.5
1882,PRN01881,elenagallo38,2020-06-05 10:30:00,Inherit the Wind,2,7.5
1883,PRN01882,matteoricci9,2022-08-30 12:30:00,Road to Perdition,4,7.5
1884,PRN01883,chiararusso398,2021-03-25 14:30:00,La dolce vita,1,8.0
1885,PRN01884,matteoesposito351,2018-06-21 10:30:00,The Bridges of Madison County,3,6.5
1886,PRN01885,giuliacolombo8,2021-12-22 12:30:00,Il postino,2,8.0
1887,PRN01886,marcogreco168,2022-03-22 10:00:00,Tombstone,1,6.5
1888,PRN01887,francescagreco289,2026-11-20 15:30:00,Once Upon a Time in America,4,8.0
1889,PRN01888,lucacolombo318,2023-09-28 12:30:00,Kagemusha,4,7.5
1890,PRN01889,giorgiamarino68,2023-09-26 12:30:00,Modern Times,2,7.5
1891,PRN01890,giorgiagallo218,2022-07-17 13:00:00,All Quiet on the Western Front,3,6.5
1892,PRN01891,lucamarino79,2018-02-10 12:30:00,Lethal Weapon,4,8.0
1893,PRN01892,giuliarusso301,2024-04-24 16:30:00,The Man Who Shot Liberty Valance,1,8.0
1894,PRN01893,elenagreco165,2024-07-03 13:00:00,Roman Holiday,4,8.0
1895,PRN01894,giuliabianchi42,2027-08-15 18:00:00,The Killing Fields,1,9.0
1896,PRN01895,francescaromano300,2020-11-21 10:00:00,Spider-Man: Into the Spider-Verse,3,8.5
1897,PRN01896,lucagallo240,2020-03-29 13:00:00,Crimes and Misdemeanors,4,7.0
1898,PRN01897,lucaromano249,2020-08-29 17:30:00,Mission: Impossible - Fallout,1,8.0
1899,PRN01898,francescagreco13,2024-06-10 12:30:00,Fight Club,4,8.5
1900,PRN01899,andrearicci332,2023-08-20 14:00:00,Memento,3,8.0
1901,PRN01900,chiaraverdi4,2022-06-08 13:30:00,Lawrence of Arabia,3,6.5
1902,PRN01901,andrearicci95,2023-07-09 10:00:00,The Taking of Pelham One Two Three,1,6.5
1903,PRN01902,marcorusso99,2025-06-01 15:30:00,A Little Princess,4,7.0
1904,PRN01903,paolorossi298,2027-10-26 10:00:00,Zelig,1,8.5
1905,PRN01904,marcomarino322,2023-02-14 16:30:00,"Aguirre, der Zorn Gottes",2,7.5
1906,PRN01905,simonecolombo366,2027-10-13 13:00:00,Sunrise: A Song of Two Humans,3,7.5
1907,PRN01906,francescaromano150,2021-01-15 10:00:00,The Conversation,3,8.5
1908,PRN01907,alessiocolombo64,2020-04-06 12:30:00,Annie Hall,3,7.0
1909,PRN01908,giuliaconti100,2019-08-10 20:00:00,Baahubali 2: The Conclusion,3,10.0
1910,PRN01909,andreacolombo295,2020-01-26 13:00:00,Ran,3,7.0
1911,PRN01910,giuliabianchi42,2027-10-23 13:00:00,No Country for Old Men,4,6.5
1912,PRN01911,lucagallo191,2026-07-22 10:30:00,The Bridges of Madison County,4,7.0
1913,PRN01912,simonebianchi315,2023-07-22 14:30:00,Sholay,1,7.0
1914,PRN01913,andreaverdi202,2020-09-17 12:30:00,The Graduate,4,7.5
1915,PRN01914,lucagallo212,2024-08-26 13:00:00,Paper Moon,1,7.0
1916,PRN01915,elenaconti346,2026-05-10 12:30:00,The Graduate,3,7.0
1917,PRN01916,elenabianchi258,2019-07-15 13:30:00,Trois couleurs: Blanc,4,8.5
1918,PRN01917,lauraverdi293,2019-05-13 12:30:00,Dirty Harry,3,7.0
1919,PRN01918,andreabianchi397,2018-01-11 10:00:00,Mr. Smith Goes to Washington,2,7.5
1920,PRN01919,lucacolombo318,2021-12-15 13:00:00,Mimi wo sumaseba,4,7.0
1921,PRN01920,paolofontana378,2019-07-20 19:30:00,Once Upon a Time in America,1,9.0
1922,PRN01921,chiarabianchi230,2023-01-09 10:30:00,Jurassic Park,2,7.0
1923,PRN01922,lucagallo240,2021-04-21 15:30:00,The Nightmare Before Christmas,4,8.0
1924,PRN01923,saragallo200,2022-09-18 15:30:00,The Great Escape,3,7.0
1925,PRN01924,alessioesposito352,2018-10-24 12:30:00,Philadelphia,4,7.0
1926,PRN01925,simonefontana36,2022-06-24 13:00:00,The Pianist,1,7.0
1927,PRN01926,simonericci313,2027-01-04 10:30:00,Pirates of the Caribbean: The Curse of the Black Pearl,2,8.0
1928,PRN01927,andreabruno213,2025-04-19 12:30:00,The Bridges of Madison County,1,8.5
1929,PRN01928,matteogallo266,2025-01-23 15:30:00,Amélie,1,6.5
1930,PRN01929,davideromano166,2019-10-12 12:30:00,First Blood,3,6.5
1931,PRN01930,alessioverdi194,2027-11-01 13:00:00,The Ladykillers,1,8.0
1932,PRN01931,lauraverdi90,2021-07-05 13:00:00,Fried Green Tomatoes,1,7.0
1933,PRN01932,davidericci308,2023-04-16 18:00:00,The Quiet Man,2,9.0
1934,PRN01933,annabianchi48,2022-11-27 10:30:00,Days of Heaven,3,7.0
1935,PRN01934,simonegreco367,2019-11-29 10:30:00,Breaking the Waves,3,7.5
1936,PRN01935,marcorusso392,2026-07-12 13:00:00,To Have and Have Not,3,7.0
1937,PRN01936,lucaromano280,2021-05-29 16:00:00,Vizontele,3,8.0
1938,PRN01937,chiaramarino32,2020-05-16 14:30:00,Young Frankenstein,2,8.0
1939,PRN01938,annafontana286,2025-01-13 10:00:00,Amélie,2,8.0
1940,PRN01939,chiaraconti91,2023-08-19 19:00:00,Ikiru,4,9.5
1941,PRN01940,davideverdi47,2026-10-24 10:00:00,Majo no takkyûbin,1,8.5
1942,PRN01941,alessiocolombo17,2019-04-27 21:00:00,Nosferatu,4,9.0
1943,PRN01942,lucamarino173,2023-04-16 15:00:00,Cowboy Bebop: Tengoku no tobira,1,8.0
1944,PRN01943,matteomarino144,2023-01-14 16:00:00,Happiness,1,8.0
1945,PRN01944,alessiocolombo176,2019-11-18 13:00:00,Kumonosu-jô,1,6.5
1946,PRN01945,paolorusso252,2018-11-13 13:00:00,Amarcord,1,7.0
1947,PRN01946,paologreco206,2027-08-28 13:30:00,The Illusionist,3,8.5
1948,PRN01947,giorgiabianchi136,2019-06-14 15:30:00,Trois couleurs: Rouge,2,6.5
1949,PRN01948,laurafontana345,2019-10-14 14:00:00,Casino,2,6.5
1950,PRN01949,andrearicci268,2023-01-14 13:00:00,Happiness,2,7.0
1951,PRN01950,chiarafontana76,2027-05-23 17:30:00,Heat,2,7.0
1952,PRN01951,matteobruno127,2027-07-02 10:30:00,Match Point,2,6.5
1953,PRN01952,sararossi247,2027-06-04 13:00:00,Escape from Alcatraz,3,7.5
1954,PRN01953,matteoesposito236,2024-12-01 18:00:00,American Psycho,4,9.5
1955,PRN01954,lucagallo217,2025-07-20 13:00:00,The Straight Story,1,8.0
1956,PRN01955,elenabruno207,2027-05-06 10:00:00,The Great Dictator,2,8.5
1957,PRN01956,marcocolombo152,2020-01-19 13:00:00,Green Book,2,8.0
1958,PRN01957,alessiomarino334,2019-06-29 13:30:00,Shichinin no samurai,4,7.0
1959,PRN01958,davideverdi47,2026-02-20 13:30:00,Gongdong gyeongbi guyeok JSA,1,6.5
1960,PRN01959,annamarino199,2020-11-02 10:30:00,Se7en,3,8.0
1961,PRN01960,andrearusso265,2020-03-28 19:30:00,The Sixth Sense,2,9.5
1962,PRN01961,simonebruno251,2025-03-03 15:00:00,Back to the Future,2,7.5
1963,PRN01962,davidebianchi174,2027-05-28 10:30:00,Hedwig and the Angry Inch,2,7.0
1964,PRN01963,paolorossi298,2025-02-06 10:30:00,Les choristes,1,6.5
1965,PRN01964,annarusso65,2021-04-03 16:30:00,Jûbê ninpûchô,1,6.5
1966,PRN01965,paolobruno307,2020-03-20 10:30:00,A Bronx Tale,4,8.0
1967,PRN01966,giuliafontana74,2020-11-22 14:00:00,The Lost Weekend,2,6.5
1968,PRN01967,alessiocolombo147,2027-11-24 10:30:00,Aliens,2,8.0
1969,PRN01968,simonebianchi315,2023-12-13 10:30:00,Donnie Brasco,1,8.0
1970,PRN01969,matteomarino24,2026-06-20 15:30:00,Sling Blade,2,8.0
1971,PRN01970,andreagallo304,2026-05-24 10:30:00,À bout de souffle,1,6.5
1972,PRN01971,matteofontana216,2019-12-31 14:00:00,Lola rennt,1,6.5
1973,PRN01972,saragreco238,2018-10-25 10:30:00,The Princess Bride,3,6.5
1974,PRN01973,lucafontana239,2024-03-04 10:00:00,Les diaboliques,1,8.0
1975,PRN01974,simoneconti223,2021-12-25 18:00:00,Star Trek II: The Wrath of Khan,3,8.5
1976,PRN01975,annaricci145,2023-02-26 10:30:00,The Circus,2,8.0
1977,PRN01976,paoloromano394,2020-09-27 10:00:00,"South Park: Bigger, Longer & Uncut",4,6.5
1978,PRN01977,lauraconti118,2024-02-08 13:30:00,Being There,3,7.0
1979,PRN01978,giorgiabruno279,2018-05-31 10:00:00,The Ten Commandments,2,8.5
1980,PRN01979,giuliaconti43,2022-09-29 15:30:00,The Hustler,2,8.5
1981,PRN01980,chiararossi390,2022-03-27 13:30:00,Idi i smotri,2,7.5
1982,PRN01981,andreamarino106,2020-05-16 12:30:00,Le dîner de cons,3,8.0
1983,PRN01982,giorgiabianchi39,2027-12-01 14:00:00,Blue Velvet,2,8.0
1984,PRN01983,lucaromano280,2023-11-17 10:30:00,Requiem for a Dream,4,8.5
1985,PRN01984,giorgiaverdi131,2025-01-31 13:00:00,The Goonies,2,7.5
1986,PRN01985,paolomarino160,2020-08-19 10:00:00,Scarface: The Shame of the Nation,1,8.5
1987,PRN01986,giorgiaverdi361,2023-07-15 10:00:00,The Thin Red Line,3,8.5
1988,PRN01987,davidebruno154,2022-10-15 16:00:00,"O Brother, Where Art Thou?",1,8.5
1989,PRN01988,paologreco206,2021-09-25 12:30:00,Brazil,1,8.0
1990,PRN01989,davidebruno154,2019-08-26 10:30:00,Gifted,1,8.0
1991,PRN01990,davidebruno380,2019-01-28 10:00:00,Dead Poets Society,4,6.5
1992,PRN01991,lucarossi45,2024-09-28 18:30:00,Enter the Dragon,2,10.0
1993,PRN01992,elenafontana341,2027-06-08 15:30:00,La montaña sagrada,2,8.0
1994,PRN01993,sararicci231,2027-06-13 14:00:00,The Muppet Christmas Carol,2,8.5
1995,PRN01994,giorgiaverdi361,2025-09-21 16:00:00,L'avventura,3,7.0
1996,PRN01995,elenarossi121,2024-11-09 19:00:00,Diarios de motocicleta,3,9.5
1997,PRN01996,saraverdi66,2018-12-20 10:30:00,The Last Picture Show,1,8.5
1998,PRN01997,davideferrari63,2020-05-01 10:30:00,Double Indemnity,3,8.5
1999,PRN01998,giuliabruno316,2027-01-23 10:30:00,The Jungle Book,3,6.5
2000,PRN01999,marcofontana369,2020-01-18 20:00:00,The Matrix,1,8.5
2001,PRN02000,alessiocolombo64,2026-06-22 13:30:00,The Silence of the Lambs,3,6.5
2002,PRN02001,matteofontana170,2022-03-11 16:00:00,12 Angry Men,1,7.0
2003,PRN02002,marcogallo108,2022-03-02 12:30:00,Smultronstället,4,7.5
2004,PRN02003,alessioverdi194,2027-09-06 13:00:00,All That Jazz,1,6.5
2005,PRN02004,andrearicci197,2025-01-15 10:30:00,Fa yeung nin wah,1,6.5
2006,PRN02005,paolorusso198,2020-02-22 13:00:00,Braveheart,1,8.0
2007,PRN02006,paoloferrari140,2027-05-29 18:30:00,North by Northwest,1,8.5
2008,PRN02007,elenamarino321,2023-11-28 10:30:00,A Night at the Opera,4,8.5
2009,PRN02008,lucabianchi379,2019-09-04 12:30:00,The Little Mermaid,1,6.5
2010,PRN02009,saramarino261,2023-09-23 12:30:00,"South Park: Bigger, Longer & Uncut",3,8.0
2011,PRN02010,francescafontana257,2023-03-13 14:00:00,Mystic River,4,8.5
2012,PRN02011,sararossi247,2021-12-05 13:00:00,Klaus,4,7.0
2013,PRN02012,elenaesposito163,2022-09-27 12:30:00,The Deer Hunter,3,8.0
2014,PRN02013,lucarossi49,2018-03-21 10:00:00,Harold and Maude,1,8.5
2015,PRN02014,lucaesposito55,2020-04-03 17:00:00,JFK,2,6.5
2016,PRN02015,paolorossi328,2025-06-21 15:30:00,Roman Holiday,1,6.5
2017,PRN02016,saramarino359,2023-01-19 14:30:00,The Naked Gun: From the Files of Police Squad!,4,8.0
2018,PRN02017,saraconti149,2022-06-13 17:00:00,The Elephant Man,2,6.5
2019,PRN02018,sararicci389,2026-12-18 10:00:00,The Day of the Jackal,3,8.5
2020,PRN02019,paoloromano219,2021-10-05 12:00:00,The Little Mermaid,4,6.5
2021,PRN02020,davideromano22,2019-05-26 16:00:00,Goldfinger,1,7.0
2022,PRN02021,annaricci275,2025-06-24 15:00:00,Where Eagles Dare,2,7.5
2023,PRN02022,lauraricci135,2026-10-07 15:30:00,Secrets & Lies,4,8.5
2024,PRN02023,sarabianchi128,2022-03-30 10:30:00,Smultronstället,4,7.0
2025,PRN02024,alessiobruno365,2019-03-07 10:30:00,Terminator 2: Judgment Day,4,6.5
2026,PRN02025,andreabianchi226,2027-05-22 10:30:00,Snatch,1,7.0
2027,PRN02026,alessiocolombo17,2024-10-05 12:30:00,Out of the Past,2,8.5
2028,PRN02027,lauraricci135,2023-12-23 13:00:00,Per qualche dollaro in più,2,7.0
2029,PRN02028,marcobruno368,2020-03-04 13:00:00,JFK,3,8.0
2030,PRN02029,paoloromano394,2025-01-27 13:30:00,Training Day,2,8.5
2031,PRN02030,annagallo276,2026-02-10 13:00:00,Nuovo Cinema Paradiso,3,8.0
2032,PRN02031,lauraricci225,2021-10-13 12:30:00,Just Mercy,1,8.0
2033,PRN02032,simoneconti244,2024-08-19 10:30:00,Back to the Future,3,7.0
2034,PRN02033,chiararusso398,2019-09-04 12:30:00,The Little Mermaid,3,6.5
2035,PRN02034,annamarino199,2023-12-10 10:00:00,Requiem for a Dream,2,8.0
2036,PRN02035,davideverdi47,2022-06-19 16:00:00,Star Wars: Episode VI - Return of the Jedi,4,7.0
2037,PRN02036,giuliarusso11,2019-07-05 13:30:00,The Dirty Dozen,3,7.5
2038,PRN02037,elenaesposito211,2020-12-19 10:30:00,Saving Private Ryan,1,7.0
2039,PRN02038,lauraverdi90,2018-10-01 12:30:00,Jules et Jim,2,8.0
2040,PRN02039,chiaramarino339,2024-11-29 15:30:00,Alien,2,8.0
2041,PRN02040,alessioferrari80,2026-11-28 19:00:00,The Exorcist,3,8.5
2042,PRN02041,giuliarusso11,2020-07-05 18:00:00,Home Alone,3,10.0
2043,PRN02042,simoneconti223,2021-10-15 10:30:00,The Purple Rose of Cairo,1,8.0
2044,PRN02043,davidecolombo353,2021-03-20 17:30:00,The French Connection,3,6.5
2045,PRN02044,marcogreco46,2019-11-25 13:30:00,Sweet Smell of Success,4,6.5
2046,PRN02045,matteoromano221,2022-07-28 10:30:00,La dolce vita,3,7.0
2047,PRN02046,saraesposito182,2026-06-14 21:00:00,Kal Ho Naa Ho,1,8.5
2048,PRN02047,matteoromano221,2023-07-24 14:30:00,Ikiru,4,7.5
2049,PRN02048,giorgiagreco210,2026-01-17 20:00:00,Taegukgi hwinalrimyeo,3,10.0
2050,PRN02049,sararicci231,2019-04-13 10:30:00,Les yeux sans visage,2,7.0
2051,PRN02050,paolorossi298,2026-12-01 10:00:00,Psycho,2,6.5
2052,PRN02051,giorgiagreco210,2023-04-12 10:00:00,Kal Ho Naa Ho,2,8.5
2053,PRN02052,andreabianchi232,2024-04-19 15:30:00,Kramer vs. Kramer,4,7.5
2054,PRN02053,giuliagallo138,2024-05-20 10:30:00,Touch of Evil,1,8.0
2055,PRN02054,chiaraesposito317,2023-12-31 10:00:00,Singin' in the Rain,1,7.5
2056,PRN02055,giorgiarossi139,2022-06-19 10:30:00,The Night of the Hunter,3,7.0
2057,PRN02056,giuliarusso11,2019-05-18 10:00:00,Jules et Jim,1,6.5
2058,PRN02057,andreagallo71,2020-04-03 13:00:00,JFK,4,8.0
2059,PRN02058,elenabianchi96,2019-05-18 15:00:00,Blowup,3,7.5
2060,PRN02059,saraverdi66,2018-10-13 16:30:00,The Usual Suspects,1,8.0
2061,PRN02060,marcoricci187,2023-04-15 20:00:00,The Quiet Man,3,8.5
2062,PRN02061,giorgiacolombo164,2023-04-28 10:30:00,Boksuneun naui geot,2,8.0
2063,PRN02062,giorgiacolombo297,2019-03-15 10:00:00,"Crna macka, beli macor",4,6.5
2064,PRN02063,lucaesposito55,2018-05-17 13:00:00,The Lady Vanishes,2,8.5
2065,PRN02064,giorgiaferrari34,2019-08-19 10:30:00,The Gold Rush,1,8.0
2066,PRN02065,elenaesposito211,2023-10-01 12:30:00,Das Cabinet des Dr. Caligari,3,7.5
2067,PRN02066,lucagallo191,2018-11-22 16:30:00,Mad Max 2,4,7.5
2068,PRN02067,giorgiacolombo297,2018-09-02 17:30:00,Rocky,3,8.5
2069,PRN02068,giorgiaesposito284,2018-03-08 12:00:00,What Ever Happened to Baby Jane?,2,6.5
2070,PRN02069,chiarabruno196,2021-09-03 10:30:00,The Thing,1,7.0
2071,PRN02070,sarabruno290,2025-10-11 14:00:00,Enter the Dragon,1,7.0
2072,PRN02071,andrearomano6,2023-08-19 19:00:00,Ikiru,1,9.5
2073,PRN02072,chiararusso398,2022-01-15 20:00:00,The Muppet Christmas Carol,4,10.0
2074,PRN02073,saramarino359,2027-01-10 18:00:00,The Big Lebowski,2,9.0
2075,PRN02074,annaverdi162,2019-07-17 12:30:00,Malcolm X,2,6.5
2076,PRN02075,matteoesposito320,2021-06-30 13:00:00,The Princess Bride,3,8.0
2077,PRN02076,giorgiaverdi291,2020-12-10 10:30:00,Se7en,3,7.0
2078,PRN02077,chiararusso103,2025-01-29 10:00:00,"Il buono, il brutto, il cattivo",2,7.5
2079,PRN02078,lauraconti340,2024-10-24 15:00:00,Airplane!,2,8.0
2080,PRN02079,andreagallo71,2018-03-01 13:00:00,Bronenosets Potemkin,1,6.5
2081,PRN02080,elenacolombo12,2022-11-13 10:00:00,The Invisible Man,2,8.5
2082,PRN02081,matteocolombo229,2022-05-05 10:30:00,Lawrence of Arabia,1,8.0
2083,PRN02082,lucacolombo85,2019-06-14 15:30:00,Trois couleurs: Rouge,4,6.5
2084,PRN02083,saramarino359,2026-11-08 14:30:00,Giù la testa,1,6.5
2085,PRN02084,davidegreco109,2027-07-09 16:30:00,Who's Afraid of Virginia Woolf?,2,8.0
2086,PRN02085,lucagallo191,2027-09-19 14:30:00,Trois couleurs: Blanc,2,8.0
2087,PRN02086,davideverdi333,2024-12-02 13:00:00,The Night of the Hunter,1,6.5
2088,PRN02087,giorgiagallo218,2023-08-20 20:00:00,The Elephant Man,3,10.0
2089,PRN02088,chiararusso126,2023-12-03 18:30:00,A Night at the Opera,3,9.0
2090,PRN02089,lucamarino79,2020-03-01 13:00:00,The Manchurian Candidate,2,6.5
2091,PRN02090,simoneconti223,2027-10-31 14:00:00,Back to the Future Part II,1,6.5
2092,PRN02091,marcofontana326,2021-03-06 17:00:00,Toy Story 4,3,7.5
2093,PRN02092,lucaconti256,2026-11-07 10:00:00,Dà hóng denglong gaogao guà,2,7.5
2094,PRN02093,simoneverdi362,2019-04-02 12:30:00,Nosferatu,4,8.5
2095,PRN02094,lucaricci3,2024-10-12 13:00:00,Before Sunset,3,6.5
2096,PRN02095,elenaconti346,2020-07-18 15:30:00,Jurassic Park,1,6.5
2097,PRN02096,andrearicci268,2018-07-12 13:00:00,Hell or High Water,4,7.0
2098,PRN02097,elenaesposito163,2024-03-05 12:30:00,The Others,2,7.0
2099,PRN02098,andreacolombo376,2019-04-22 10:30:00,A Few Good Men,1,7.5
2100,PRN02099,lucarossi45,2018-04-05 10:30:00,A Night at the Opera,1,8.5
2101,PRN02100,giuliabruno180,2019-04-16 15:30:00,Die Hard: With a Vengeance,2,7.5
2102,PRN02101,davideconti263,2022-07-01 10:00:00,Predator,2,7.0
2103,PRN02102,elenabianchi258,2023-06-18 15:00:00,Ace in the Hole,2,7.0
2104,PRN02103,paolorusso252,2024-01-08 10:30:00,Lost Highway,1,7.0
2105,PRN02104,lucarossi23,2026-02-06 10:30:00,Les yeux sans visage,1,8.5
2106,PRN02105,saraverdi66,2019-10-21 10:30:00,Before Sunrise,3,7.0
2107,PRN02106,saramarino14,2024-05-12 12:30:00,Tenkû no shiro Rapyuta,4,8.5
2108,PRN02107,paolofontana214,2018-11-30 10:00:00,In a Lonely Place,2,7.0
2109,PRN02108,simonefontana253,2026-03-28 17:30:00,Letters from Iwo Jima,3,8.5
2110,PRN02109,simonegallo31,2026-05-16 18:30:00,The Last King of Scotland,4,8.5
2111,PRN02110,giorgiaconti86,2020-03-18 10:00:00,Sling Blade,3,7.0
2112,PRN02111,giuliafontana204,2024-03-17 13:00:00,Patton,4,6.5
2113,PRN02112,chiararomano21,2023-01-21 12:30:00,Escape from Alcatraz,2,8.5
2114,PRN02113,marcorossi260,2024-02-03 18:30:00,Double Indemnity,2,9.0
2115,PRN02114,alessioverdi194,2021-02-20 16:30:00,October Sky,3,8.5
2116,PRN02115,lucaromano249,2022-08-08 10:30:00,Per qualche dollaro in più,2,8.5
2117,PRN02116,sarabruno290,2025-05-25 12:00:00,Night on Earth,4,7.0
2118,PRN02117,simonefontana102,2026-05-23 10:30:00,Strangers on a Train,4,8.0
2119,PRN02118,davidebruno0,2020-08-13 10:00:00,Taxi Driver,4,7.5
2120,PRN02119,lucaconti155,2021-07-27 13:30:00,Arsenic and Old Lace,1,7.0
2121,PRN02120,alessioromano383,2024-09-22 13:00:00,The Bourne Supremacy,1,8.5
2122,PRN02121,lucabruno296,2021-07-17 19:00:00,No Man's Land,1,9.5
2123,PRN02122,lauraverdi293,2027-09-14 17:00:00,Harry Potter and the Sorcerer's Stone,3,7.0
2124,PRN02123,simonebianchi315,2022-10-21 10:30:00,Le salaire de la peur,4,7.5
2125,PRN02124,annarusso65,2024-11-29 13:00:00,Snatch,1,8.5
2126,PRN02125,lucaricci233,2018-09-29 10:00:00,North by Northwest,2,7.5
2127,PRN02126,annaricci364,2026-05-10 18:00:00,Sen to Chihiro no kamikakushi,4,9.0
2128,PRN02127,simonebruno314,2021-03-14 14:00:00,8½,2,8.5
2129,PRN02128,lucarusso396,2025-06-14 16:00:00,Ordinary People,2,7.5
2130,PRN02129,lucamarino173,2022-12-23 12:30:00,The Invisible Man,4,8.0
2131,PRN02130,francescaromano348,2026-08-11 10:00:00,The Wild Bunch,2,6.5
2132,PRN02131,francescaromano120,2022-10-11 13:00:00,Gladiator,1,8.0
2133,PRN02132,giorgiaromano19,2026-06-26 10:30:00,Heat,4,8.0
2134,PRN02133,davidecolombo353,2027-12-12 18:00:00,Shichinin no samurai,4,8.5
2135,PRN02134,elenaesposito163,2022-03-21 10:30:00,The Breakfast Club,4,7.0
2136,PRN02135,andrearusso265,2024-09-14 18:30:00,Vozvrashchenie,4,10.0
2137,PRN02136,annagallo276,2023-05-31 10:30:00,The Sandlot,4,8.0
2138,PRN02137,andreagallo112,2027-12-18 13:30:00,The Blues Brothers,4,8.0
2139,PRN02138,annaverdi59,2025-09-28 13:00:00,Ying xiong,2,6.5
2140,PRN02139,saramarino14,2023-04-24 16:30:00,True Romance,4,8.5
2141,PRN02140,lucagallo201,2018-01-08 10:00:00,A Night at the Opera,2,6.5
2142,PRN02141,francescarossi305,2024-11-17 16:00:00,Evil Dead II,4,8.5
2143,PRN02142,paologreco206,2022-06-05 16:00:00,La règle du jeu,3,8.0
2144,PRN02143,giorgiabruno279,2018-12-06 15:30:00,God's Own Country,2,6.5
2145,PRN02144,paolofontana378,2019-05-07 13:30:00,Les yeux sans visage,3,7.0
2146,PRN02145,matteomarino24,2023-05-04 10:00:00,The Game,2,8.5
2147,PRN02146,andreamarino106,2023-04-10 14:30:00,Boogie Nights,4,7.5
2148,PRN02147,giuliafontana204,2026-04-16 10:30:00,Fa yeung nin wah,4,8.0
2149,PRN02148,matteobianchi83,2027-08-23 10:00:00,Lat sau san taam,1,6.5
2150,PRN02149,chiaramarino32,2023-11-05 10:30:00,Naked,1,8.5
2151,PRN02150,giorgiaverdi343,2024-02-20 12:00:00,Le dîner de cons,1,8.5
2152,PRN02151,alessioverdi194,2022-01-09 13:00:00,The Royal Tenenbaums,2,6.5
2153,PRN02152,sararicci389,2020-06-28 17:00:00,October Sky,4,8.0
2154,PRN02153,paoloverdi179,2018-03-12 10:30:00,Tôkyô monogatari,4,8.5
2155,PRN02154,lucaromano280,2021-06-15 12:30:00,Gully Boy,3,8.5
2156,PRN02155,giorgiacolombo363,2020-07-04 16:30:00,October Sky,4,7.5
2157,PRN02156,giorgiagallo356,2025-06-07 19:00:00,High Noon,3,9.0
2158,PRN02157,matteobianchi5,2024-11-05 10:30:00,Stand by Me,2,7.5
2159,PRN02158,simonefontana102,2025-07-21 14:00:00,The Straight Story,3,7.0
2160,PRN02159,matteoesposito320,2021-08-09 10:30:00,Trainspotting,2,8.5
2161,PRN02160,alessioverdi194,2024-08-08 16:00:00,Badlands,3,7.0
2162,PRN02161,chiaraverdi302,2023-04-12 14:00:00,Tenkû no shiro Rapyuta,3,8.5
2163,PRN02162,lauraverdi90,2027-04-11 19:30:00,The Night of the Hunter,1,8.5
2164,PRN02163,paoloricci385,2018-01-14 16:30:00,Sing Street,1,8.0
2165,PRN02164,davidegreco109,2021-06-17 13:00:00,Dazed and Confused,1,6.5
2166,PRN02165,chiararossi390,2018-07-11 10:00:00,The Night of the Hunter,4,7.0
2167,PRN02166,matteoesposito320,2023-05-20 15:30:00,Notorious,2,7.0
2168,PRN02167,annaferrari37,2020-12-05 15:30:00,Bonnie and Clyde,4,6.5
2169,PRN02168,lucagallo191,2019-12-21 16:30:00,Casino,2,8.5
2170,PRN02169,davideromano22,2020-03-20 10:30:00,A Bronx Tale,4,8.0
2171,PRN02170,giorgiamarino94,2023-11-14 13:00:00,Withnail & I,4,6.5
2172,PRN02171,lucaricci233,2018-01-21 14:00:00,Koe no katachi,1,8.0
2173,PRN02172,elenaesposito211,2023-02-09 10:00:00,Airplane!,4,6.5
2174,PRN02173,annaverdi162,2026-09-16 16:00:00,Ed Wood,3,8.0
2175,PRN02174,giorgiagreco373,2025-11-01 19:30:00,The Sound of Music,4,8.5
2176,PRN02175,elenabianchi258,2019-07-03 12:30:00,Trois couleurs: Blanc,4,8.5
2177,PRN02176,elenarossi121,2018-05-17 13:00:00,The Lady Vanishes,2,8.5
2178,PRN02177,chiararossi52,2025-04-25 12:30:00,The Sting,1,8.0
2179,PRN02178,giorgiabianchi136,2018-05-14 10:00:00,Batman: Mask of the Phantasm,2,8.0
2180,PRN02179,sarafontana151,2026-04-12 10:00:00,The Conversation,1,7.5
2181,PRN02180,giorgiagreco57,2023-01-15 16:00:00,The Remains of the Day,4,8.5
2182,PRN02181,andreacolombo347,2025-01-25 13:00:00,Barry Lyndon,4,6.5
2183,PRN02182,giorgiaromano243,2021-07-21 15:00:00,The Day the Earth Stood Still,3,7.0
2184,PRN02183,davideferrari319,2026-12-18 10:00:00,The Day of the Jackal,2,8.5
2185,PRN02184,elenaconti104,2022-09-04 13:00:00,Ferris Bueller's Day Off,1,7.0
2186,PRN02185,francescaferrari323,2023-02-11 10:30:00,Mimi wo sumaseba,3,8.0
2187,PRN02186,lucaconti155,2025-06-02 13:00:00,High Noon,4,6.5
2188,PRN02187,elenarossi121,2023-03-04 12:30:00,The Wild Bunch,4,6.5
2189,PRN02188,matteogallo266,2023-01-21 15:30:00,Mimi wo sumaseba,1,8.5
2190,PRN02189,paolomarino160,2023-03-06 12:30:00,My Fair Lady,2,8.0
2191,PRN02190,lucarusso396,2021-11-29 13:00:00,12 Angry Men,4,7.5
2192,PRN02191,simonericci313,2022-11-06 15:30:00,City Lights,2,8.5
2193,PRN02192,chiararusso126,2018-06-12 17:00:00,The Grapes of Wrath,3,6.5
2194,PRN02193,sararomano58,2020-06-02 10:00:00,Inherit the Wind,4,6.5
2195,PRN02194,giorgiaromano188,2018-08-30 13:00:00,Hannah and Her Sisters,2,7.5
2196,PRN02195,giuliarusso301,2021-05-26 10:30:00,The Truman Show,3,8.5
2197,PRN02196,andrearicci332,2024-06-10 12:30:00,Fight Club,2,8.5
2198,PRN02197,andrearicci268,2018-03-03 14:30:00,Terminator 2: Judgment Day,3,6.5
2199,PRN02198,francescaromano150,2023-05-20 12:30:00,True Romance,2,8.0
2200,PRN02199,paoloromano116,2021-08-31 10:30:00,Sunset Blvd.,3,7.5
2201,PRN02200,lauraricci225,2027-01-03 12:30:00,High Noon,3,8.0
2202,PRN02201,elenaromano2,2019-02-10 19:30:00,Sleuth,3,8.5
2203,PRN02202,francescaromano300,2018-06-17 10:00:00,Ikiru,1,7.5
2204,PRN02203,alessiogallo360,2023-11-12 13:00:00,Do lok tin si,1,7.0
2205,PRN02204,elenaesposito163,2021-09-28 15:30:00,Platoon,4,7.0
2206,PRN02205,annafontana274,2026-06-11 16:00:00,Jurassic Park,3,7.5
2207,PRN02206,andreabruno213,2024-10-28 10:30:00,Stand by Me,2,7.0
2208,PRN02207,matteoesposito351,2023-01-10 10:00:00,Fa yeung nin wah,3,8.5
2209,PRN02208,matteobianchi93,2023-01-27 10:00:00,Willy Wonka & the Chocolate Factory,2,7.5
2210,PRN02209,andreagallo112,2019-12-17 10:30:00,The Magnificent Seven,3,7.5
2211,PRN02210,giorgiacolombo164,2022-07-17 16:30:00,Memento,1,7.5
2212,PRN02211,chiaramarino339,2027-05-01 13:30:00,La haine,3,6.5
2213,PRN02212,lucabruno269,2021-04-11 13:00:00,Dead Poets Society,2,7.0
2214,PRN02213,giuliaromano287,2026-10-27 16:00:00,Dancer in the Dark,4,7.5
2215,PRN02214,andreagallo82,2022-12-18 18:30:00,From Here to Eternity,1,10.0
2216,PRN02215,elenabruno250,2018-11-23 13:30:00,Boogie Nights,3,8.5
2217,PRN02216,davideesposito26,2019-11-17 13:00:00,Il conformista,3,7.0
2218,PRN02217,elenagreco228,2026-04-30 10:00:00,The Maltese Falcon,1,6.5
2219,PRN02218,annaverdi117,2019-07-25 16:00:00,La double vie de Véronique,3,8.5
2220,PRN02219,annacolombo123,2020-05-19 13:30:00,La double vie de Véronique,3,7.5
2221,PRN02220,saraconti149,2022-02-04 10:00:00,The Kid,4,7.0
2222,PRN02221,andreabianchi232,2027-03-03 10:00:00,The Terminator,4,7.5
2223,PRN02222,giorgiaverdi131,2019-07-11 14:00:00,Sholay,2,8.5
2224,PRN02223,matteobianchi83,2025-02-18 17:30:00,Primal Fear,1,7.5
2225,PRN02224,chiararossi53,2025-02-10 10:30:00,Rosemary's Baby,3,7.0
2226,PRN02225,giuliabruno316,2021-11-16 15:30:00,"Il buono, il brutto, il cattivo",4,8.0
2227,PRN02226,chiaraferrari311,2024-08-31 10:30:00,Glory,1,7.5
2228,PRN02227,davideverdi333,2024-09-29 18:30:00,Dog Day Afternoon,4,9.0
2229,PRN02228,lucabruno296,2019-03-08 13:00:00,Terminator 2: Judgment Day,2,7.5
2230,PRN02229,matteorusso178,2022-12-07 15:00:00,Adaptation.,1,6.5
2231,PRN02230,elenaesposito163,2025-04-03 10:00:00,Kelly's Heroes,3,7.0
2232,PRN02231,annaverdi162,2026-03-23 10:00:00,The Odd Couple,1,7.5
2233,PRN02232,lauraricci135,2021-09-07 12:00:00,The Boondock Saints,1,8.0
2234,PRN02233,annaferrari37,2027-08-02 10:30:00,The Muppet Movie,3,8.0
2235,PRN02234,giorgiafontana222,2021-09-25 10:00:00,Sunset Blvd.,2,6.5
2236,PRN02235,alessioesposito352,2027-07-03 10:00:00,Batman Begins,1,8.5
2237,PRN02236,sarabruno220,2027-02-08 14:00:00,In the Heat of the Night,3,6.5
2238,PRN02237,davideverdi47,2026-08-13 17:30:00,The Game,2,7.5
2239,PRN02238,elenagallo38,2020-11-24 13:30:00,Sanjuro,2,8.5
2240,PRN02239,davidebianchi29,2022-06-18 10:00:00,Days of Heaven,2,8.0
2241,PRN02240,saracolombo183,2021-02-20 10:30:00,Lat sau san taam,4,7.0
2242,PRN02241,lucabruno269,2022-10-03 12:00:00,I Am Sam,1,7.0
2243,PRN02242,lucaromano280,2023-01-29 12:30:00,Willy Wonka & the Chocolate Factory,1,8.0
2244,PRN02243,matteoesposito236,2026-01-22 10:30:00,Barry Lyndon,3,6.5
2245,PRN02244,alessiomarino288,2027-06-21 13:00:00,Ladri di biciclette,4,7.5
2246,PRN02245,giuliaromano175,2024-11-26 10:00:00,The Kid,2,7.5
2247,PRN02246,andreagallo97,2023-01-16 10:30:00,Monty Python and the Holy Grail,4,6.5
2248,PRN02247,simoneconti223,2018-07-26 13:00:00,Dà hóng denglong gaogao guà,3,8.0
2249,PRN02248,matteoricci9,2025-06-13 10:00:00,Ladri di biciclette,2,7.5
2250,PRN02249,lucabruno269,2025-02-19 14:30:00,Rosemary's Baby,4,7.5
2251,PRN02250,elenabruno250,2026-01-03 19:00:00,Mississippi Burning,1,10.0
2252,PRN02251,andreamarino98,2018-08-05 10:30:00,Hell or High Water,1,8.5
2253,PRN02252,giuliacolombo72,2021-11-08 16:00:00,The Insider,3,6.5
2254,PRN02253,giorgiacolombo297,2019-03-15 13:00:00,Eskiya,1,7.5
2255,PRN02254,chiaraverdi4,2024-12-29 16:30:00,Gongdong gyeongbi guyeok JSA,1,6.5
2256,PRN02255,alessioverdi194,2018-05-12 10:30:00,Serpico,4,7.5
2257,PRN02256,alessiocolombo176,2023-12-22 17:00:00,The Gold Rush,4,8.5
2258,PRN02257,davidebianchi174,2024-04-21 16:00:00,The Conversation,3,6.5
2259,PRN02258,chiararossi390,2018-01-28 13:00:00,Mr. Smith Goes to Washington,2,7.0
2260,PRN02259,simonefontana102,2021-01-08 10:00:00,Rebecca,4,8.0
2261,PRN02260,davidebruno0,2026-06-06 10:30:00,Omohide poro poro,4,8.0
2262,PRN02261,elenafontana341,2026-07-05 16:00:00,Empire of the Sun,3,8.0
2263,PRN02262,elenaromano2,2020-08-19 10:00:00,Scarface: The Shame of the Nation,1,8.5
2264,PRN02263,giuliaromano25,2022-09-02 13:30:00,Evil Dead II,1,7.0
2265,PRN02264,saraverdi1,2025-01-24 13:00:00,Escape from Alcatraz,4,8.0
2266,PRN02265,paoloferrari140,2022-11-09 13:30:00,The Hustler,4,8.5
2267,PRN02266,alessiomarino288,2026-04-07 10:00:00,Hiroshima mon amour,2,8.0
2268,PRN02267,saraverdi1,2019-08-11 15:30:00,Dunkirk,3,7.5
2269,PRN02268,giuliagreco143,2026-03-30 12:30:00,Sholay,3,6.5
2270,PRN02269,lucacolombo344,2024-02-03 13:00:00,The Man Who Would Be King,3,7.5
2271,PRN02270,giuliaferrari50,2023-12-02 15:30:00,Ondskan,1,8.0
2272,PRN02271,marcogallo391,2022-10-04 10:00:00,La Grande Illusion,3,7.0
2273,PRN02272,andreabianchi232,2025-08-08 14:00:00,Spartacus,1,6.5
2274,PRN02273,elenamarino111,2026-03-25 15:30:00,Letters from Iwo Jima,4,8.5
2275,PRN02274,andreaconti113,2021-04-04 10:30:00,Y tu mamá también,2,7.5
2276,PRN02275,chiarafontana393,2022-10-28 10:00:00,His Girl Friday,3,6.5
2277,PRN02276,giuliabianchi181,2020-08-16 16:30:00,Star Wars,1,8.5
2278,PRN02277,giuliaconti43,2025-05-02 15:30:00,Nuovo Cinema Paradiso,1,6.5
2279,PRN02278,elenaromano2,2019-10-13 16:00:00,La planète sauvage,1,7.5
2280,PRN02279,paolorossi298,2023-04-24 13:30:00,Cowboy Bebop: Tengoku no tobira,2,8.0
2281,PRN02280,saramarino261,2027-12-14 10:30:00,Fight Club,4,6.5
2282,PRN02281,giorgiaromano19,2021-04-14 13:30:00,The Trial of the Chicago 7,2,8.5
2283,PRN02282,elenabruno250,2020-09-16 10:00:00,The Graduate,4,7.0
2284,PRN02283,francescaesposito114,2018-06-14 13:30:00,Willy Wonka & the Chocolate Factory,3,6.5
2285,PRN02284,giorgiagreco57,2026-10-14 10:00:00,Efter brylluppet,2,8.0
2286,PRN02285,annacolombo123,2022-06-02 10:30:00,Das Experiment,3,6.5
2287,PRN02286,matteoesposito320,2027-10-03 17:00:00,"4 luni, 3 saptamâni si 2 zile",1,7.0
2288,PRN02287,marcoricci192,2018-12-12 14:00:00,Avengers: Infinity War,3,7.0
2289,PRN02288,elenafontana341,2019-10-12 10:00:00,The Ladykillers,3,8.0
2290,PRN02289,giorgiagreco373,2023-03-12 10:30:00,Mystic River,2,6.5
2291,PRN02290,saragallo200,2027-02-16 15:30:00,The Notebook,4,6.5
2292,PRN02291,paolocolombo40,2024-11-21 10:00:00,Alien,2,6.5
2293,PRN02292,lauraricci203,2025-01-04 10:30:00,In the Name of the Father,1,7.0
2294,PRN02293,marcoricci192,2018-05-20 15:30:00,Trainspotting,4,7.5
2295,PRN02294,davidebruno380,2020-01-25 10:00:00,Dom za vesanje,1,7.0
2296,PRN02295,giuliaesposito73,2024-07-04 13:30:00,Star Wars: Episode V - The Empire Strikes Back,3,8.5
2297,PRN02296,giorgiaromano188,2025-01-20 10:30:00,Twelve Monkeys,3,6.5
2298,PRN02297,saraverdi66,2026-07-26 19:00:00,Star Wars,4,8.5
2299,PRN02298,alessioesposito352,2019-08-08 10:00:00,The Naked Gun: From the Files of Police Squad!,2,7.0
2300,PRN02299,giuliaromano175,2026-05-24 16:00:00,Anand,3,8.0
2301,PRN02300,lauracolombo7,2027-02-05 10:30:00,The Gold Rush,2,7.5
2302,PRN02301,marcogreco46,2022-07-16 15:30:00,Mimi wo sumaseba,2,7.0
2303,PRN02302,lucaverdi41,2026-08-15 10:30:00,Spoorloos,4,7.5
2304,PRN02303,andreabianchi232,2027-11-27 20:00:00,Cool Hand Luke,1,10.0
2305,PRN02304,sarabruno220,2024-05-21 10:00:00,Fiddler on the Roof,1,7.5
2306,PRN02305,saramarino359,2018-06-23 19:00:00,Lola rennt,4,9.0
2307,PRN02306,chiararomano101,2027-04-15 10:00:00,Mystic River,2,8.5
2308,PRN02307,annaricci145,2018-04-21 10:00:00,Höstsonaten,3,7.0
2309,PRN02308,elenabruno250,2026-07-17 10:00:00,Badlands,1,8.0
2310,PRN02309,lucabruno296,2018-02-03 14:00:00,The Day the Earth Stood Still,2,8.5
2311,PRN02310,marcoverdi184,2026-08-18 10:30:00,Sleuth,4,7.0
2312,PRN02311,francescaesposito114,2020-01-04 13:30:00,Lola rennt,4,8.5
2313,PRN02312,elenaesposito211,2020-09-27 12:00:00,The Graduate,4,7.5
2314,PRN02313,elenacolombo12,2023-02-21 10:30:00,Doctor Zhivago,4,8.0
2315,PRN02314,matteobianchi83,2020-12-16 10:00:00,Laura,4,6.5
2316,PRN02315,annaverdi59,2018-07-20 13:00:00,On the Waterfront,4,6.5
2317,PRN02316,andrearicci268,2019-09-01 13:00:00,Only the Brave,3,7.5
2318,PRN02317,giorgiaconti86,2024-08-08 13:00:00,The Man Who Would Be King,1,8.5
2319,PRN02318,sararusso357,2018-07-31 15:30:00,The Truman Show,2,7.0
2320,PRN02319,giuliaromano25,2023-01-04 13:00:00,Fa yeung nin wah,3,6.5
2321,PRN02320,marcofontana326,2022-09-04 10:00:00,A Streetcar Named Desire,3,7.5
2322,PRN02321,giuliaverdi354,2023-01-22 16:30:00,Kôkaku Kidôtai,4,7.5
2323,PRN02322,saramarino92,2022-07-07 10:30:00,Planet of the Apes,3,8.5
2324,PRN02323,francescaromano348,2018-10-06 13:00:00,Andaz Apna Apna,4,8.0
2325,PRN02324,lucamarino79,2025-01-15 10:30:00,Fa yeung nin wah,4,6.5
2326,PRN02325,chiaramarino388,2024-01-08 10:30:00,Lost Highway,2,7.0
2327,PRN02326,chiarabruno370,2026-12-05 14:30:00,Le charme discret de la bourgeoisie,3,7.0
2328,PRN02327,andrearomano75,2023-04-15 20:00:00,The Quiet Man,1,8.5
2329,PRN02328,annaverdi59,2025-09-10 15:00:00,Les yeux sans visage,3,8.5
2330,PRN02329,matteoromano221,2020-09-11 10:30:00,The Long Goodbye,1,8.5
2331,PRN02330,lucagallo201,2027-09-07 10:00:00,Toki o kakeru shôjo,3,8.5
2332,PRN02331,marcofontana350,2021-02-05 10:00:00,Boyz n the Hood,3,6.5
2333,PRN02332,paolorusso252,2025-12-06 10:30:00,Once Were Warriors,3,8.0
2334,PRN02333,giuliamarino386,2022-06-11 13:00:00,Star Wars: Episode VI - Return of the Jedi,1,7.0
2335,PRN02334,marcogreco168,2018-03-17 16:00:00,Guardians of the Galaxy Vol. 2,3,7.5
2336,PRN02335,giuliaverdi354,2026-04-04 16:30:00,Aliens,1,7.5
2337,PRN02336,annamarino242,2027-02-24 10:00:00,The Jungle Book,3,7.0
2338,PRN02337,annaverdi117,2027-01-02 10:30:00,Breaking the Waves,4,8.0
2339,PRN02338,chiararomano101,2023-08-17 10:00:00,Out of the Past,3,6.5
2340,PRN02339,lucafontana399,2021-07-21 10:30:00,Andrei Rublev,4,7.5
2341,PRN02340,alessiocolombo147,2020-12-22 13:30:00,The Third Man,1,7.0
2342,PRN02341,lucaconti155,2020-10-13 14:00:00,Gandhi,2,7.0
2343,PRN02342,elenarossi121,2023-05-28 16:00:00,Lola rennt,2,8.0
2344,PRN02343,laurafontana345,2021-07-18 16:00:00,Fried Green Tomatoes,3,8.0
2345,PRN02344,chiaraverdi125,2020-02-12 10:30:00,Badlands,2,8.0
2346,PRN02345,giuliaferrari50,2018-06-11 16:00:00,Blue Velvet,4,7.5
2347,PRN02346,elenafontana341,2019-12-21 16:30:00,Casino,3,8.5
2348,PRN02347,alessioesposito352,2019-11-02 13:00:00,Ben-Hur,4,8.5
2349,PRN02348,francescaferrari323,2024-03-31 13:00:00,Edward Scissorhands,4,8.0
2350,PRN02349,davideferrari63,2026-10-25 15:00:00,Dancer in the Dark,4,7.5
2351,PRN02350,giorgiaromano188,2020-09-30 10:30:00,The Graduate,4,8.0
2352,PRN02351,giorgiabruno279,2026-01-16 10:30:00,Zerkalo,2,7.0
2353,PRN02352,paolomarino160,2027-09-17 10:30:00,Bronenosets Potemkin,1,8.5
2354,PRN02353,matteoromano221,2024-06-01 10:30:00,The Great Dictator,4,7.0
2355,PRN02354,andrearicci95,2022-05-09 10:00:00,When Harry Met Sally...,4,8.5
2356,PRN02355,giuliaconti43,2019-08-19 10:30:00,The Gold Rush,2,8.0
2357,PRN02356,lucarossi49,2023-02-22 10:00:00,Catch Me If You Can,1,7.0
2358,PRN02357,francescacolombo89,2027-12-23 10:00:00,The Hurricane,4,8.5
2359,PRN02358,annamarino199,2020-03-17 10:00:00,Groundhog Day,1,8.0
2360,PRN02359,annaricci364,2020-12-13 14:00:00,Lat sau san taam,3,8.5
2361,PRN02360,lauraricci248,2024-02-10 16:00:00,Batoru rowaiaru,2,8.5
2362,PRN02361,chiararusso103,2026-11-21 10:30:00,Dead Man,1,7.0
2363,PRN02362,chiaraverdi4,2024-07-22 10:30:00,The Thin Man,2,6.5
2364,PRN02363,saramarino359,2019-05-08 10:00:00,Once Were Warriors,4,7.5
2365,PRN02364,francescagreco13,2025-12-21 10:00:00,Trois couleurs: Bleu,2,8.5
2366,PRN02365,elenaconti346,2018-05-25 10:30:00,The Untouchables,2,8.0
2367,PRN02366,annaverdi59,2024-04-20 10:00:00,Lifeboat,2,8.5
2368,PRN02367,davidecolombo353,2026-11-07 13:00:00,Brazil,3,7.5
2369,PRN02368,annarusso65,2023-07-14 10:30:00,Sanjuro,3,8.5
2370,PRN02369,paoloferrari140,2019-05-01 10:00:00,Yôjinbô,2,8.5
2371,PRN02370,sarabruno290,2026-05-23 13:00:00,Apocalypto,3,6.5
2372,PRN02371,giorgiarossi139,2021-07-26 10:00:00,"Lock, Stock and Two Smoking Barrels",2,7.0
2373,PRN02372,giuliabianchi181,2026-11-06 12:30:00,The 39 Steps,2,8.0
2374,PRN02373,matteobianchi193,2020-09-26 13:00:00,The Muppet Movie,3,8.5
2375,PRN02374,giuliaverdi354,2018-02-13 13:30:00,Bronenosets Potemkin,4,6.5
2376,PRN02375,elenaverdi270,2023-05-13 10:30:00,Modern Times,2,7.5
2377,PRN02376,giorgiagreco325,2019-04-06 13:00:00,Scarface,1,7.5
2378,PRN02377,lucaromano280,2021-12-04 20:30:00,Malcolm X,1,9.0
2379,PRN02378,daviderossi254,2024-10-10 13:30:00,Scent of a Woman,4,7.5
2380,PRN02379,giorgiabianchi136,2022-07-28 10:30:00,La dolce vita,4,7.0
2381,PRN02380,marcoverdi184,2026-09-05 13:30:00,Once Upon a Time in the West,1,7.0
2382,PRN02381,davideferrari63,2025-09-27 14:00:00,Kelly's Heroes,1,8.0
2383,PRN02382,andreaesposito335,2021-05-21 13:00:00,Ikiru,3,7.5
2384,PRN02383,annafontana274,2020-08-21 15:30:00,L.A. Confidential,1,8.0
2385,PRN02384,andreafontana329,2025-01-15 10:30:00,Fa yeung nin wah,2,6.5
2386,PRN02385,lucabruno269,2026-08-08 18:00:00,Being John Malkovich,1,8.5
2387,PRN02386,simonebruno314,2027-07-21 16:30:00,The Birds,1,7.0
2388,PRN02387,francescagreco13,2022-05-19 13:00:00,Brazil,2,8.0
2389,PRN02388,davidegreco109,2023-01-01 18:30:00,Tenkû no shiro Rapyuta,3,9.5
2390,PRN02389,annafontana107,2021-03-05 10:00:00,Rebecca,4,8.0
2391,PRN02390,lucamarino173,2021-12-21 15:30:00,Aladdin,1,7.0
2392,PRN02391,alessiocolombo17,2027-12-23 10:00:00,The Hurricane,2,8.5
2393,PRN02392,paoloromano35,2026-06-03 14:30:00,Funny Games,2,8.0
2394,PRN02393,francescaromano348,2022-04-07 10:00:00,Tonari no Totoro,4,7.5
2395,PRN02394,paolocolombo16,2022-01-13 15:30:00,Druk,2,8.5
2396,PRN02395,giuliafontana74,2020-06-16 15:00:00,Ed Wood,1,7.0
2397,PRN02396,alessiocolombo110,2021-11-06 10:30:00,Andrei Rublev,2,7.5
2398,PRN02397,giorgiagreco373,2023-05-24 13:00:00,Pulp Fiction,4,7.0
2399,PRN02398,elenabianchi258,2024-11-18 10:00:00,Fight Club,1,8.5
2400,PRN02399,elenamarino111,2018-11-02 12:30:00,Modern Times,1,8.0
2401,PRN02400,elenafontana294,2025-09-14 15:00:00,A Streetcar Named Desire,2,6.5
2402,PRN02401,paolorossi186,2027-07-19 10:00:00,Ed Wood,4,8.5
2403,PRN02402,annaromano105,2025-02-04 12:30:00,Strangers on a Train,4,6.5
2404,PRN02403,simoneconti223,2018-10-14 18:00:00,From Here to Eternity,1,8.5
2405,PRN02404,alessioferrari80,2022-01-05 15:30:00,Star Trek II: The Wrath of Khan,2,7.5
2406,PRN02405,francescagreco289,2018-03-08 12:00:00,What Ever Happened to Baby Jane?,3,6.5
2407,PRN02406,paolomarino160,2024-10-20 16:30:00,The Butterfly Effect,1,6.5
2408,PRN02407,marcofontana350,2019-02-02 17:00:00,Dead Poets Society,2,8.5
2409,PRN02408,saraverdi1,2025-03-23 14:30:00,The Incredibles,2,7.5
2410,PRN02409,lucagallo240,2021-03-28 10:30:00,The Innocents,3,7.5
2411,PRN02410,giorgiagreco325,2018-02-25 16:00:00,Ba wang bie ji,2,7.0
2412,PRN02411,lucarusso396,2023-02-04 13:00:00,Tenkû no shiro Rapyuta,1,8.5
2413,PRN02412,chiararicci245,2018-11-13 10:30:00,Moana,1,6.5
2414,PRN02413,francescacolombo89,2019-10-05 10:30:00,La planète sauvage,1,6.5
2415,PRN02414,marcoricci187,2019-12-19 10:00:00,Tombstone,2,7.0
2416,PRN02415,matteoesposito320,2022-05-15 10:00:00,Fear and Loathing in Las Vegas,2,8.0
2417,PRN02416,francescaromano150,2020-06-06 10:30:00,Inherit the Wind,1,8.5
2418,PRN02417,chiaraconti371,2027-06-09 13:00:00,Enemy at the Gates,4,7.5
2419,PRN02418,lucabruno277,2021-11-22 16:30:00,Ferris Bueller's Day Off,1,8.5
2420,PRN02419,sararusso357,2022-04-16 13:30:00,Das Experiment,2,6.5
2421,PRN02420,davidegreco109,2025-02-21 10:30:00,The Lady Vanishes,3,7.5
2422,PRN02421,giorgiaconti86,2018-03-28 10:00:00,Tôkyô monogatari,2,8.0
2423,PRN02422,annaricci364,2022-07-03 13:30:00,The Pianist,1,7.5
2424,PRN02423,andreacolombo295,2021-12-04 10:00:00,Hamlet,1,7.5
2425,PRN02424,annamarino199,2023-03-05 15:00:00,The Color Purple,3,7.5
2426,PRN02425,marcogreco46,2026-08-08 15:30:00,Being John Malkovich,3,7.5
2427,PRN02426,davideconti263,2024-12-02 10:30:00,Dial M for Murder,2,8.5
2428,PRN02427,andreaverdi202,2022-08-16 16:30:00,Raiders of the Lost Ark,1,8.0
2429,PRN02428,lucacolombo318,2022-10-29 10:00:00,City Lights,2,8.5
2430,PRN02429,paolofontana214,2018-09-24 10:30:00,Barton Fink,2,6.5
2431,PRN02430,andreabruno213,2027-07-20 12:30:00,Close Encounters of the Third Kind,2,7.5
2432,PRN02431,giorgiacolombo363,2023-09-07 16:00:00,The Ladykillers,3,6.5
2433,PRN02432,annaricci275,2018-12-19 12:30:00,Ayla: The Daughter of War,1,8.0
2434,PRN02433,alessiobruno20,2027-06-08 10:00:00,Happiness,3,7.5
2435,PRN02434,matteofontana170,2018-04-19 16:00:00,The Innocents,1,7.0
2436,PRN02435,matteofontana170,2026-08-12 17:00:00,Blood Diamond,2,7.0
2437,PRN02436,elenagreco228,2024-12-05 10:30:00,Mulan,1,8.5
2438,PRN02437,elenaricci306,2026-08-27 13:30:00,The General,1,6.5
2439,PRN02438,paoloromano394,2020-04-23 10:30:00,Die Hard: With a Vengeance,3,7.5
2440,PRN02439,annafontana286,2027-10-17 10:30:00,Sunrise: A Song of Two Humans,2,7.5
2441,PRN02440,paolobruno307,2022-03-11 13:00:00,Amélie,1,8.5
2442,PRN02441,andreabruno213,2025-06-01 15:30:00,A Little Princess,1,7.0
2443,PRN02442,andreaverdi202,2027-10-06 14:00:00,As Good as It Gets,1,7.0
2444,PRN02443,annaverdi59,2024-12-31 10:30:00,First Blood,2,6.5
2445,PRN02444,lucaricci273,2021-04-07 15:30:00,Toy Story 4,3,7.5
2446,PRN02445,marcorossi260,2027-08-21 16:00:00,"Swades: We, the People",4,8.5
2447,PRN02446,matteogallo266,2022-10-20 10:30:00,Le salaire de la peur,1,8.5
2448,PRN02447,chiarabruno370,2021-11-15 10:30:00,The Lion in Winter,2,8.0
2449,PRN02448,annaferrari37,2020-07-22 13:00:00,Barry Lyndon,1,6.5
2450,PRN02449,paoloromano271,2021-03-16 10:30:00,Remember the Titans,4,6.5
2451,PRN02450,lucabruno296,2025-07-13 10:30:00,Un long dimanche de fiançailles,2,6.5
2452,PRN02451,marcofontana51,2027-04-24 14:00:00,Cowboy Bebop: Tengoku no tobira,2,8.5
2453,PRN02452,lucarossi45,2022-12-10 16:00:00,Rashômon,4,7.5
2454,PRN02453,marcoricci192,2024-04-14 18:30:00,Rain Man,3,9.0
2455,PRN02454,andreabianchi226,2026-02-23 12:30:00,Viskningar och rop,1,6.5
2456,PRN02455,giorgiacolombo363,2023-07-30 10:30:00,The Treasure of the Sierra Madre,2,6.5
2457,PRN02456,lauraferrari87,2020-06-27 10:30:00,Jurassic Park,2,8.0
2458,PRN02457,simonefontana234,2027-05-03 10:00:00,Jûbê ninpûchô,1,6.5
2459,PRN02458,sararomano58,2018-03-25 15:30:00,Terminator 2: Judgment Day,1,7.5
2460,PRN02459,alessiocolombo148,2026-01-03 19:00:00,Mississippi Burning,1,10.0
2461,PRN02460,matteoesposito185,2025-12-23 16:30:00,Office Space,4,6.5
2462,PRN02461,andreacolombo295,2026-05-13 13:30:00,Ghostbusters,4,8.5
2463,PRN02462,davidebianchi29,2026-07-18 15:00:00,À bout de souffle,3,8.5
2464,PRN02463,matteobruno127,2027-03-28 13:30:00,The Red Shoes,1,6.5
2465,PRN02464,annafontana107,2025-12-06 13:00:00,Bom Yeoareum Gaeul Gyeoul Geurigo Bom,1,6.5
2466,PRN02465,matteoesposito351,2021-04-04 16:00:00,La passion de Jeanne d'Arc,4,8.0
2467,PRN02466,lucabruno277,2024-12-28 19:00:00,Harry Potter and the Prisoner of Azkaban,1,8.5
2468,PRN02467,giorgiarossi264,2024-12-14 16:00:00,The Others,2,6.5
2469,PRN02468,elenaesposito163,2024-11-13 10:00:00,"Aguirre, der Zorn Gottes",1,6.5
2470,PRN02469,paoloferrari140,2024-10-10 13:30:00,Scent of a Woman,1,7.5
2471,PRN02470,francescaesposito114,2018-05-04 10:00:00,Blood Simple,2,7.0
2472,PRN02471,francescagreco81,2018-02-10 15:00:00,Bronenosets Potemkin,2,8.0
2473,PRN02472,chiaragallo69,2021-01-11 10:30:00,Marriage Story,4,8.0
2474,PRN02473,giorgiarossi139,2027-09-14 14:00:00,Falling Down,2,8.5
2475,PRN02474,marcoconti246,2027-03-03 13:00:00,The Muppet Christmas Carol,3,8.5
2476,PRN02475,lucabruno269,2018-08-31 10:00:00,Belle de jour,3,7.5
2477,PRN02476,lucamarino312,2021-04-21 10:00:00,The Shawshank Redemption,1,6.5
2478,PRN02477,annabruno44,2023-03-07 16:30:00,Amores perros,4,8.0
2479,PRN02478,saramarino92,2023-05-21 17:00:00,La battaglia di Algeri,2,7.0
2480,PRN02479,giuliabianchi169,2021-07-03 10:30:00,Brief Encounter,3,8.0
2481,PRN02480,saracolombo124,2027-06-22 10:30:00,Enemy at the Gates,3,6.5
2482,PRN02481,giorgiaromano243,2020-02-09 10:30:00,"Lock, Stock and Two Smoking Barrels",4,7.0
2483,PRN02482,elenabianchi387,2025-06-17 10:30:00,Ladri di biciclette,2,7.5
2484,PRN02483,francescagallo330,2027-08-14 13:00:00,Fitzcarraldo,1,8.5
2485,PRN02484,lauraverdi293,2027-11-30 10:30:00,Cool Hand Luke,1,7.5
2486,PRN02485,chiararicci77,2021-01-02 17:00:00,Predator,2,7.5
2487,PRN02486,alessiocolombo110,2023-04-03 16:00:00,The Last Samurai,2,7.5
2488,PRN02487,simonecolombo366,2023-05-08 10:00:00,Giù la testa,4,7.0
2489,PRN02488,alessiocolombo17,2022-04-20 12:30:00,Le samouraï,4,8.0
2490,PRN02489,giuliaconti100,2026-12-13 18:00:00,Pulp Fiction,4,10.0
2491,PRN02490,saragreco238,2023-12-24 19:00:00,Rebecca,2,9.0
2492,PRN02491,lucafontana239,2018-01-11 10:00:00,Mr. Smith Goes to Washington,1,7.5
2493,PRN02492,alessiocolombo64,2022-03-03 13:00:00,Sabrina,1,6.5
2494,PRN02493,andreabruno213,2020-01-04 16:00:00,Lola rennt,1,6.5
2495,PRN02494,giorgiaverdi349,2019-01-20 10:30:00,Sleuth,1,6.5
2496,PRN02495,chiarabruno196,2019-11-27 10:30:00,Breaking the Waves,2,7.5
2497,PRN02496,francescaromano156,2023-09-01 10:30:00,Donnie Darko,1,8.0
2498,PRN02497,lauragreco336,2025-07-06 10:00:00,The Verdict,2,6.5
2499,PRN02498,sararossi247,2019-05-08 15:00:00,Dazed and Confused,3,7.5
2500,PRN02499,lucabruno277,2027-09-08 17:00:00,Sleepers,4,8.0
2501,PRN02500,francescagallo267,2021-12-10 12:30:00,The Straight Story,2,7.0
2502,PRN02501,francescagreco289,2019-08-30 14:30:00,The Little Mermaid,3,7.5
2503,PRN02502,alessiomarino334,2025-02-20 10:00:00,Pink Floyd: The Wall,2,8.5
2504,PRN02503,alessioricci381,2022-11-25 12:30:00,From Here to Eternity,2,6.5
2505,PRN02504,annamarino30,2018-06-25 10:30:00,Ikiru,1,7.5
2506,PRN02505,simonefontana253,2023-05-17 10:00:00,The Magdalene Sisters,4,8.0
2507,PRN02506,saraverdi66,2026-05-04 12:30:00,The Incredibles,4,6.5
2508,PRN02507,andrearomano6,2027-02-15 15:30:00,Taegukgi hwinalrimyeo,3,7.0
2509,PRN02508,giuliacolombo72,2022-12-17 13:00:00,Yeopgijeogin geunyeo,3,8.0
2510,PRN02509,paolorusso198,2024-12-14 16:00:00,The Others,2,6.5
2511,PRN02510,francescagreco67,2019-12-01 13:00:00,La passion de Jeanne d'Arc,1,6.5
2512,PRN02511,paolorusso198,2021-06-27 10:30:00,Alien,1,8.5
2513,PRN02512,saramarino359,2018-09-12 10:30:00,Terminator 2: Judgment Day,4,8.5
2514,PRN02513,annafontana107,2025-09-17 10:30:00,Dà hóng denglong gaogao guà,1,7.0
2515,PRN02514,chiaragallo69,2019-08-27 13:30:00,Escape from Alcatraz,2,8.5
2516,PRN02515,matteofontana170,2021-01-23 13:30:00,Tôkyô monogatari,1,8.0
2517,PRN02516,saraconti61,2021-10-30 13:00:00,Network,2,6.5
2518,PRN02517,marcofontana15,2018-01-01 13:30:00,Mr. Smith Goes to Washington,4,7.0
2519,PRN02518,matteoverdi167,2019-06-15 10:00:00,The Wizard of Oz,3,8.5
2520,PRN02519,giorgiaverdi131,2024-01-06 14:00:00,My Fair Lady,4,6.5
2521,PRN02520,giuliacolombo72,2021-12-15 15:30:00,Star Trek II: The Wrath of Khan,3,8.0
2522,PRN02521,marcorossi78,2023-03-12 16:00:00,It's a Wonderful Life,2,7.0
2523,PRN02522,chiaraferrari311,2022-03-13 12:30:00,A Little Princess,3,7.5
2524,PRN02523,giorgiagreco210,2025-02-23 13:30:00,Viskningar och rop,4,7.0
2525,PRN02524,lucabruno277,2021-04-03 10:30:00,Hamilton,3,7.0
2526,PRN02525,andreaesposito335,2018-06-06 16:00:00,The Long Goodbye,3,6.5
2527,PRN02526,simonecolombo366,2026-12-31 15:30:00,The Killing Fields,2,8.5
2528,PRN02527,annaverdi59,2024-07-30 15:30:00,Star Wars: Episode V - The Empire Strikes Back,2,8.5
2529,PRN02528,annaricci275,2020-09-06 17:30:00,Trois couleurs: Bleu,2,8.5
2530,PRN02529,paolofontana84,2027-07-22 10:00:00,Batman Begins,4,8.5
2531,PRN02530,giorgiacolombo164,2023-05-22 15:30:00,Kal Ho Naa Ho,3,6.5
2532,PRN02531,lucagallo240,2019-01-09 10:00:00,The Searchers,3,7.5
2533,PRN02532,matteoricci9,2024-02-12 10:00:00,Cool Hand Luke,2,8.5
2534,PRN02533,lauracolombo7,2019-04-26 14:00:00,Gifted,1,6.5
2535,PRN02534,paologreco28,2022-03-25 10:30:00,Das Experiment,1,8.0
2536,PRN02535,simoneconti223,2020-07-03 10:30:00,Harold and Maude,2,7.5
2537,PRN02536,matteoricci9,2025-12-03 10:00:00,My Left Foot: The Story of Christy Brown,4,7.0
2538,PRN02537,elenaconti346,2023-08-13 10:00:00,Solaris,1,7.5
2539,PRN02538,giuliabruno161,2022-01-06 10:30:00,True Romance,1,7.0
2540,PRN02539,chiararomano21,2018-12-09 10:30:00,A Star Is Born,1,6.5
2541,PRN02540,simonebruno251,2020-04-05 15:30:00,Batoru rowaiaru,2,7.0
2542,PRN02541,marcogreco46,2024-07-31 10:30:00,The Odd Couple,1,8.0
2543,PRN02542,lucamarino79,2025-11-10 10:00:00,King Kong,4,7.5
2544,PRN02543,paologreco28,2025-03-18 12:30:00,The King of Comedy,1,8.0
2545,PRN02544,giorgiafontana222,2027-01-17 12:30:00,Hera Pheri,4,8.5
2546,PRN02545,giorgiaromano243,2025-02-13 13:00:00,Network,2,7.5
2547,PRN02546,paolorossi142,2018-08-02 16:00:00,Enter the Dragon,4,8.0
2548,PRN02547,giorgiaromano243,2021-08-15 16:00:00,Serpico,4,8.5
2549,PRN02548,giorgiabianchi136,2026-06-20 10:30:00,Tôkyô goddofâzâzu,1,7.0
2550,PRN02549,paologreco206,2018-09-02 13:30:00,Braveheart,2,6.5
2551,PRN02550,annarusso132,2023-04-23 10:30:00,The Last Samurai,1,7.5
2552,PRN02551,saramarino359,2025-12-02 16:00:00,Dilwale Dulhania Le Jayenge,3,6.5
2553,PRN02552,sararossi247,2022-04-23 10:00:00,Dil Chahta Hai,2,6.5
2554,PRN02553,andreagallo97,2018-07-07 13:00:00,Rebel Without a Cause,4,8.5
2555,PRN02554,paoloromano116,2021-09-19 10:30:00,Mad Max 2,3,6.5
2556,PRN02555,simonefontana102,2026-10-14 10:00:00,Efter brylluppet,3,8.0
2557,PRN02556,giuliaverdi189,2026-11-01 18:30:00,Brazil,4,9.0
2558,PRN02557,giuliacolombo72,2018-03-17 16:00:00,Guardians of the Galaxy Vol. 2,4,7.5
2559,PRN02558,lucagallo212,2023-07-01 15:00:00,Out of the Past,2,8.5
2560,PRN02559,andreaesposito335,2020-09-19 15:30:00,A Few Good Men,1,7.5
2561,PRN02560,lauracolombo7,2023-03-09 16:00:00,Ran,4,8.5
2562,PRN02561,annabianchi122,2021-11-06 18:00:00,Höstsonaten,2,8.5
2563,PRN02562,chiararossi53,2023-12-04 10:00:00,Fear and Loathing in Las Vegas,3,8.0
2564,PRN02563,lucabruno277,2023-07-08 19:30:00,Rain Man,3,9.5
2565,PRN02564,lucaconti155,2022-12-31 13:00:00,Enter the Dragon,1,6.5
2566,PRN02565,simonebruno251,2024-04-13 13:00:00,The Silence of the Lambs,1,8.0
2567,PRN02566,paoloferrari140,2023-01-04 13:00:00,Fa yeung nin wah,3,6.5
2568,PRN02567,davideconti235,2024-06-29 10:00:00,Le dîner de cons,4,8.5
2569,PRN02568,saramarino359,2027-05-02 10:00:00,Seppuku,3,7.5
2570,PRN02569,andrearomano6,2023-09-30 15:00:00,Out of the Past,3,6.5
2571,PRN02570,marcogreco46,2025-10-23 13:00:00,On Golden Pond,3,7.0
2572,PRN02571,andrearicci95,2024-10-24 17:30:00,Akira,4,7.0
2573,PRN02572,giorgiaferrari34,2023-04-17 10:00:00,The Quiet Man,4,8.0
2574,PRN02573,lucagallo201,2024-11-17 10:30:00,La vita è bella,4,8.0
2575,PRN02574,elenamarino111,2021-08-18 10:00:00,Raging Bull,1,6.5
2576,PRN02575,lucabruno269,2023-10-20 12:30:00,Lost Highway,1,8.5
2577,PRN02576,alessiocolombo110,2020-08-10 10:00:00,Der Himmel über Berlin,3,7.0
2578,PRN02577,lucaromano280,2020-02-26 10:30:00,La vita è bella,3,7.5
2579,PRN02578,davidebianchi29,2022-06-11 10:00:00,La règle du jeu,4,6.5
2580,PRN02579,simoneromano190,2026-03-12 10:30:00,La leggenda del pianista sull'oceano,2,6.5
2581,PRN02580,andreaconti355,2020-11-24 13:30:00,Sanjuro,1,8.5
2582,PRN02581,simonericci313,2024-08-24 15:30:00,Hotel Rwanda,4,8.0
2583,PRN02582,elenabianchi387,2020-11-14 15:00:00,Do the Right Thing,3,7.0
2584,PRN02583,paolobruno307,2020-10-11 14:00:00,Titanic,4,8.5
2585,PRN02584,sararicci389,2019-06-09 13:00:00,Les diaboliques,4,8.5
2586,PRN02585,simonefontana234,2024-09-21 16:00:00,Star Trek II: The Wrath of Khan,2,7.0
2587,PRN02586,lucaconti18,2021-12-31 10:00:00,The Royal Tenenbaums,2,6.5
2588,PRN02587,andreaverdi202,2026-03-21 10:00:00,The Conversation,2,7.5
2589,PRN02588,sarafontana151,2025-01-15 13:00:00,City Lights,4,7.5
2590,PRN02589,saramarino261,2026-07-06 10:30:00,À bout de souffle,4,8.0
2591,PRN02590,marcoricci187,2025-09-14 15:00:00,A Streetcar Named Desire,4,6.5
2592,PRN02591,marcogallo391,2022-04-15 10:30:00,Tombstone,4,7.5
2593,PRN02592,saramarino14,2024-06-14 10:00:00,Rocky,3,8.5
2594,PRN02593,marcorusso392,2026-12-19 15:00:00,The Little Mermaid,2,7.0
2595,PRN02594,giorgiacolombo363,2022-03-20 12:30:00,The Wizard of Oz,4,8.5
2596,PRN02595,davidecolombo353,2023-09-24 12:30:00,Yôjinbô,4,7.0
2597,PRN02596,elenaromano224,2019-02-21 12:30:00,Bronenosets Potemkin,3,7.5
2598,PRN02597,alessioverdi194,2020-02-15 10:00:00,The Godfather: Part II,4,7.0
2599,PRN02598,marcoricci192,2027-12-04 10:00:00,Cape Fear,4,8.0
2600,PRN02599,andreagallo71,2019-02-12 13:00:00,All About Eve,3,6.5
2601,PRN02600,lucaromano280,2026-11-22 13:30:00,The Killing Fields,1,8.0
2602,PRN02601,lucaconti155,2018-09-25 14:00:00,Moana,1,8.0
2603,PRN02602,chiararusso103,2024-04-22 16:00:00,The Man Who Shot Liberty Valance,1,8.0
2604,PRN02603,simoneromano190,2018-04-24 13:00:00,The Innocents,1,8.5
2605,PRN02604,simonerossi331,2021-09-18 10:30:00,The Apartment,3,8.5
2606,PRN02605,davideesposito377,2026-03-16 10:00:00,The Kid,1,6.5
2607,PRN02606,marcomarino322,2024-08-27 10:30:00,The Bourne Identity,3,8.0
2608,PRN02607,simonegreco367,2022-04-15 13:30:00,Fried Green Tomatoes,4,8.5
2609,PRN02608,giorgiagreco325,2020-12-11 10:00:00,Rebecca,3,7.5
2610,PRN02609,matteocolombo229,2019-01-06 10:00:00,The Fugitive,1,6.5
2611,PRN02610,lucarossi45,2024-10-06 18:30:00,Viskningar och rop,3,10.0
2612,PRN02611,giuliagreco143,2023-03-31 17:00:00,Star Trek II: The Wrath of Khan,2,6.5
2613,PRN02612,lucaconti155,2022-05-22 14:30:00,Some Like It Hot,2,8.0
2614,PRN02613,francescaromano300,2025-05-31 13:30:00,High Noon,4,8.0
2615,PRN02614,marcoverdi184,2020-06-13 16:00:00,Billy Elliot,3,8.0
2616,PRN02615,lauraricci248,2018-11-30 12:30:00,In a Lonely Place,1,8.5
2617,PRN02616,simonecolombo366,2019-06-02 15:30:00,Titanic,3,7.0
2618,PRN02617,davidericci60,2018-10-04 16:00:00,Days of Heaven,4,7.0
2619,PRN02618,andreamarino106,2025-03-23 17:30:00,Fried Green Tomatoes,2,8.5
2620,PRN02619,simonefontana234,2023-09-28 10:30:00,Das Cabinet des Dr. Caligari,3,8.0
2621,PRN02620,andreagallo97,2019-08-17 16:00:00,Night on Earth,4,7.5
2622,PRN02621,andreagallo82,2018-06-25 13:30:00,Trainspotting,2,8.0
2623,PRN02622,paoloconti272,2025-12-06 10:30:00,Once Were Warriors,1,8.0
2624,PRN02623,lucamarino208,2020-01-10 14:00:00,Bringing Up Baby,1,7.5
2625,PRN02624,francescaferrari88,2019-01-13 10:00:00,Apocalypse Now,3,7.5
2626,PRN02625,andreacolombo347,2025-01-02 10:00:00,The Thin Man,1,8.5
2627,PRN02626,alessiomarino334,2021-07-07 10:30:00,Once Upon a Time... in Hollywood,2,8.0
2628,PRN02627,lucarossi49,2026-07-13 10:00:00,The Graduate,1,6.5
2629,PRN02628,lucaconti256,2023-09-06 13:00:00,La vita è bella,4,8.5
2630,PRN02629,giorgiagreco57,2023-03-18 14:00:00,Amadeus,4,6.5
2631,PRN02630,alessiomarino334,2022-11-15 15:30:00,The Kid,3,7.5
2632,PRN02631,lucaconti155,2023-04-27 10:00:00,"Il buono, il brutto, il cattivo",1,6.5
2633,PRN02632,giuliabianchi42,2025-06-01 15:30:00,A Little Princess,3,7.0
2634,PRN02633,marcofontana15,2026-04-11 10:30:00,À bout de souffle,4,8.0
2635,PRN02634,marcomarino322,2025-11-14 12:30:00,American Psycho,1,6.5
2636,PRN02635,paoloromano219,2020-09-04 13:30:00,Goodfellas,4,8.5
2637,PRN02636,giorgiagallo218,2026-09-26 12:30:00,To Be or Not to Be,3,7.0
2638,PRN02637,lucarossi23,2025-04-25 10:30:00,Airplane!,4,7.0
2639,PRN02638,andreagallo82,2019-09-06 16:00:00,The Gold Rush,2,8.5
2640,PRN02639,elenaconti104,2026-12-01 10:00:00,Psycho,3,6.5
2641,PRN02640,simonegreco310,2027-02-23 10:00:00,Glory,4,7.0
2642,PRN02641,francescarusso159,2019-09-13 10:30:00,Lethal Weapon,3,7.0
2643,PRN02642,lucafontana399,2024-11-04 13:30:00,Out of the Past,1,7.0
2644,PRN02643,matteocolombo229,2026-03-21 13:00:00,Ivanovo detstvo,2,8.0
2645,PRN02644,alessioesposito209,2018-05-31 14:30:00,The Bridges of Madison County,2,8.0
2646,PRN02645,chiaraverdi302,2019-11-04 10:30:00,Chung Hing sam lam,2,6.5
2647,PRN02646,simonefontana253,2025-06-28 10:30:00,The General,3,6.5
2648,PRN02647,saragreco238,2023-02-11 13:00:00,Twelve Monkeys,2,8.0
2649,PRN02648,giuliabruno161,2022-12-31 10:30:00,The Breakfast Club,3,8.5
2650,PRN02649,chiarabruno227,2027-04-30 14:00:00,The Red Shoes,2,8.5
2651,PRN02650,saragallo200,2019-06-05 10:30:00,The Outlaw Josey Wales,3,7.0
2652,PRN02651,paoloromano219,2018-11-10 13:30:00,The Untouchables,1,8.5
2653,PRN02652,andreagallo97,2023-11-05 19:00:00,Dead Man,4,9.5
2654,PRN02653,andrearomano6,2026-08-10 10:30:00,Shadow of a Doubt,3,7.5
2655,PRN02654,andrearusso265,2024-03-28 12:30:00,Pâfekuto burû,1,8.0
2656,PRN02655,marcofontana15,2023-04-27 17:00:00,Lola rennt,2,7.0
2657,PRN02656,andreacolombo347,2023-10-25 13:00:00,Kagemusha,3,8.0
2658,PRN02657,giuliaferrari50,2019-02-20 13:00:00,"Il buono, il brutto, il cattivo",3,8.0
2659,PRN02658,andreacolombo295,2018-07-06 10:00:00,Smultronstället,4,6.5
2660,PRN02659,paolocolombo40,2020-07-08 10:30:00,Harold and Maude,3,8.5
2661,PRN02660,lucaconti262,2022-09-13 13:30:00,His Girl Friday,4,8.0
2662,PRN02661,marcofontana369,2025-02-16 12:30:00,Arsenic and Old Lace,3,6.5
2663,PRN02662,elenagreco165,2022-07-05 10:00:00,Casablanca,1,7.5
2664,PRN02663,giuliabruno316,2022-05-17 10:00:00,Le samouraï,3,8.0
2665,PRN02664,davideesposito26,2020-03-11 13:00:00,Blade Runner,4,7.5
2666,PRN02665,giuliabianchi169,2020-05-03 10:30:00,Annie Hall,1,6.5
2667,PRN02666,giuliaesposito73,2024-08-08 16:00:00,Badlands,3,7.0
2668,PRN02667,chiararusso398,2022-11-29 10:30:00,The Kid,4,6.5
2669,PRN02668,lucamarino173,2018-06-10 18:00:00,Ikiru,4,8.5
2670,PRN02669,paologreco206,2022-04-15 16:30:00,Alien,4,8.5
2671,PRN02670,elenagallo38,2018-01-15 15:30:00,Lethal Weapon,4,7.5
2672,PRN02671,alessioverdi194,2026-11-01 18:30:00,Brazil,3,9.0
2673,PRN02672,lauracolombo195,2026-06-04 16:00:00,Before Sunrise,4,7.0
2674,PRN02673,marcoromano27,2025-09-25 13:00:00,Ying xiong,3,7.5
2675,PRN02674,simoneromano190,2023-11-25 17:30:00,Rope,2,6.5
2676,PRN02675,marcomarino322,2024-03-30 10:00:00,The Butterfly Effect,1,8.5
2677,PRN02676,lucaesposito55,2022-01-02 16:30:00,Boksuneun naui geot,3,8.5
2678,PRN02677,elenaverdi270,2019-12-29 19:30:00,To Kill a Mockingbird,2,9.5
2679,PRN02678,chiararusso398,2021-10-19 13:30:00,Miller's Crossing,2,7.0
2680,PRN02679,simoneromano190,2022-03-05 17:00:00,Casablanca,3,8.0
2681,PRN02680,marcoricci192,2020-03-22 12:30:00,Blade Runner,4,7.0
2682,PRN02681,lucagallo201,2024-04-25 13:00:00,The Silence of the Lambs,4,6.5
2683,PRN02682,annaverdi59,2020-12-19 17:00:00,Marriage Story,2,8.5
2684,PRN02683,lucamarino312,2018-03-03 14:30:00,Terminator 2: Judgment Day,4,6.5
2685,PRN02684,daviderossi254,2022-09-02 15:30:00,Zerkalo,2,6.5
2686,PRN02685,francescaromano120,2024-07-31 10:30:00,The Odd Couple,3,8.0
2687,PRN02686,chiaraconti91,2022-01-06 10:30:00,True Romance,4,7.0
2688,PRN02687,marcofontana369,2023-04-07 10:30:00,The Elephant Man,2,8.5
2689,PRN02688,sararomano58,2027-10-24 16:00:00,The Best Years of Our Lives,2,8.0
2690,PRN02689,giorgiagallo356,2022-02-21 16:00:00,A Few Good Men,3,8.5
2691,PRN02690,giorgiaverdi131,2024-02-16 10:00:00,The Bourne Supremacy,4,7.5
2692,PRN02691,giuliaromano175,2021-12-24 10:30:00,Das Boot,3,8.5
2693,PRN02692,paolofontana378,2020-09-25 13:00:00,Trois couleurs: Bleu,2,8.5
2694,PRN02693,elenaricci306,2026-06-04 13:00:00,Omohide poro poro,1,6.5
2695,PRN02694,giorgiaromano19,2025-04-11 10:30:00,Paper Moon,3,8.5
2696,PRN02695,marcogallo391,2019-05-19 17:00:00,Dog Day Afternoon,4,7.0
2697,PRN02696,matteogallo266,2018-05-02 12:00:00,Butch Cassidy and the Sundance Kid,2,7.5
2698,PRN02697,davideesposito26,2021-11-23 10:00:00,"Il buono, il brutto, il cattivo",2,8.0
2699,PRN02698,giuliacolombo8,2024-04-28 10:30:00,The Man Who Shot Liberty Valance,2,7.5
2700,PRN02699,elenarossi121,2019-03-25 12:30:00,"Crna macka, beli macor",1,6.5
2701,PRN02700,andreagallo112,2022-02-05 10:30:00,Rain Man,3,8.0
2702,PRN02701,lucaesposito55,2023-01-10 10:00:00,Fa yeung nin wah,2,8.5
2703,PRN02702,marcorossi78,2020-08-14 10:00:00,La Strada,2,8.5
2704,PRN02703,elenabruno207,2024-08-11 16:30:00,"Il buono, il brutto, il cattivo",3,7.5
2705,PRN02704,lauraverdi90,2018-11-06 13:00:00,Le salaire de la peur,1,6.5
2706,PRN02705,simonebruno130,2026-01-18 16:00:00,Amadeus,3,8.0
2707,PRN02706,chiararusso398,2019-05-04 19:30:00,Dazed and Confused,3,10.0
2708,PRN02707,andreacolombo347,2019-01-25 10:30:00,Shine,2,8.0
2709,PRN02708,davidebruno380,2021-01-08 17:30:00,Sunrise: A Song of Two Humans,1,7.0
2710,PRN02709,matteobianchi83,2023-02-14 13:00:00,The Color Purple,1,7.5
2711,PRN02710,giuliaesposito73,2019-07-21 10:00:00,Sholay,2,7.0
2712,PRN02711,chiaraferrari311,2025-02-22 10:00:00,One Flew Over the Cuckoo's Nest,1,6.5
2713,PRN02712,francescarusso159,2025-12-07 13:00:00,Trois couleurs: Bleu,2,8.5
2714,PRN02713,giuliarusso375,2019-02-05 10:00:00,Citizen Kane,4,8.5
2715,PRN02714,lucamarino312,2021-01-03 13:00:00,The Third Man,2,7.0
2716,PRN02715,lucabruno324,2025-12-25 13:00:00,Minority Report,2,8.5
2717,PRN02716,chiararossi52,2020-08-07 16:00:00,Love and Death,4,7.5
2718,PRN02717,davideverdi47,2020-03-04 13:00:00,JFK,1,8.0
2719,PRN02718,francescaromano156,2019-07-27 16:00:00,Sabrina,1,6.5
2720,PRN02719,paolofontana214,2021-01-07 14:00:00,North by Northwest,3,6.5
2721,PRN02720,francescaferrari54,2025-02-24 10:30:00,Fa yeung nin wah,3,8.0
2722,PRN02721,annagallo119,2018-02-06 15:30:00,Hana-bi,2,7.0
2723,PRN02722,andreabruno171,2025-07-07 13:30:00,The Fifth Element,3,8.5
2724,PRN02723,chiaraverdi125,2026-08-25 10:30:00,Zelig,4,8.5
2725,PRN02724,giorgiabianchi39,2026-01-29 10:00:00,Dirty Harry,4,7.0
2726,PRN02725,annagallo276,2019-01-07 10:30:00,Sleuth,1,8.5
2727,PRN02726,andreaconti358,2021-10-03 10:00:00,"Monsters, Inc.",1,6.5
2728,PRN02727,marcoricci187,2020-10-24 14:00:00,All That Jazz,4,8.0
2729,PRN02728,matteoesposito351,2023-11-07 10:00:00,Days of Heaven,4,8.0
2730,PRN02729,matteomarino24,2021-07-26 10:00:00,"Lock, Stock and Two Smoking Barrels",3,7.0
2731,PRN02730,giuliarusso11,2018-07-12 13:00:00,Hell or High Water,4,7.0
2732,PRN02731,lucaconti155,2021-10-08 10:30:00,Jojo Rabbit,4,7.0
2733,PRN02732,paolorusso252,2019-10-09 10:30:00,Ben-Hur,2,8.0
2734,PRN02733,matteofontana170,2018-09-08 10:30:00,Terminator 2: Judgment Day,4,8.5
2735,PRN02734,giorgiamarino68,2022-10-02 13:00:00,His Girl Friday,1,8.0
2736,PRN02735,andreabianchi397,2024-11-30 10:00:00,The Night of the Hunter,3,7.5
2737,PRN02736,andreaesposito335,2027-09-26 12:30:00,Sleepers,3,6.5
2738,PRN02737,elenagallo38,2021-06-12 10:00:00,Trois couleurs: Rouge,1,7.5
2739,PRN02738,paolocolombo40,2018-01-14 16:30:00,Sing Street,3,8.0
2740,PRN02739,francescaromano300,2027-01-08 10:00:00,Nueve reinas,2,7.0
2741,PRN02740,giuliaconti100,2023-08-31 12:30:00,Willy Wonka & the Chocolate Factory,1,6.5
2742,PRN02741,simoneverdi362,2023-07-17 13:00:00,The Man Who Would Be King,1,7.0
2743,PRN02742,annaverdi117,2026-09-10 10:00:00,Once Upon a Time in the West,2,8.5
2744,PRN02743,marcorusso392,2023-10-29 10:30:00,Evil Dead II,2,8.0
2745,PRN02744,elenagreco228,2023-09-16 17:30:00,Miracle on 34th Street,2,7.5
2746,PRN02745,elenaesposito285,2022-08-14 13:30:00,The Graduate,1,7.5
2747,PRN02746,francescaferrari54,2019-10-22 12:30:00,First Blood,4,8.0
2748,PRN02747,andreagallo97,2026-05-26 16:30:00,The Treasure of the Sierra Madre,2,8.0
2749,PRN02748,lauraverdi90,2027-03-17 13:00:00,The Lord of the Rings: The Fellowship of the Ring,2,7.0
2750,PRN02749,chiarabruno196,2026-10-09 10:00:00,Brokeback Mountain,3,7.5
2751,PRN02750,simonebianchi315,2018-07-28 13:00:00,The Truman Show,4,7.0
2752,PRN02751,alessiocolombo64,2027-03-11 16:00:00,Taegukgi hwinalrimyeo,3,8.0
2753,PRN02752,giuliacolombo8,2025-08-30 13:30:00,All Quiet on the Western Front,4,7.0
2754,PRN02753,alessioromano383,2018-03-03 12:30:00,Hiroshima mon amour,4,7.0
2755,PRN02754,giorgiagallo356,2026-06-28 13:00:00,In the Heat of the Night,3,8.0
2756,PRN02755,elenagreco165,2026-08-20 10:00:00,The Color Purple,1,7.5
2757,PRN02756,simonefontana253,2019-12-28 19:00:00,Bonnie and Clyde,3,9.5
2758,PRN02757,lucabruno269,2022-12-13 10:00:00,Touch of Evil,3,6.5
2759,PRN02758,marcoferrari141,2018-06-30 15:30:00,The Night of the Hunter,3,8.5
2760,PRN02759,lucaconti262,2025-03-14 13:00:00,Aladdin,4,6.5
2761,PRN02760,marcoferrari141,2025-04-12 12:30:00,In America,3,6.5
2762,PRN02761,lucaferrari134,2021-07-05 10:30:00,Funny Games,2,7.5
2763,PRN02762,lucarossi45,2020-06-23 16:30:00,Jurassic Park,4,6.5
2764,PRN02763,sararossi247,2018-04-14 16:00:00,La haine,2,7.5
2765,PRN02764,paolofontana84,2023-09-27 10:30:00,Bonnie and Clyde,4,8.0
2766,PRN02765,davidegreco109,2023-07-03 10:00:00,The Warriors,2,6.5
2767,PRN02766,lucaconti18,2021-05-29 13:00:00,Vizontele,3,8.0
2768,PRN02767,paolomarino160,2023-11-02 12:30:00,Mad Max 2,4,7.5
2769,PRN02768,elenagreco165,2027-08-03 16:30:00,Aliens,4,8.0
2770,PRN02769,matteoromano129,2023-09-20 13:00:00,To Kill a Mockingbird,2,7.5
2771,PRN02770,simonefontana36,2025-07-22 10:30:00,Ordinary People,2,7.5
2772,PRN02771,saraconti149,2018-06-17 19:00:00,Airlift,3,9.5
2773,PRN02772,giuliagallo138,2020-09-12 13:30:00,Shadow of a Doubt,4,7.0
2774,PRN02773,andreagallo97,2023-08-20 20:00:00,The Elephant Man,4,10.0
2775,PRN02774,chiararossi52,2019-02-18 13:00:00,Dead Poets Society,4,6.5
2776,PRN02775,davideverdi70,2022-02-07 13:30:00,The Others,3,8.0
2777,PRN02776,giorgiaverdi291,2020-08-19 10:00:00,Scarface: The Shame of the Nation,1,8.5
2778,PRN02777,giorgiafontana222,2023-07-12 16:00:00,Fanny och Alexander,4,7.5
2779,PRN02778,sarafontana151,2025-01-20 13:30:00,Platoon,2,7.0
2780,PRN02779,annarossi309,2021-12-09 13:30:00,The Message,2,7.5
2781,PRN02780,saramarino14,2019-10-29 10:00:00,Chung Hing sam lam,1,7.5
2782,PRN02781,giorgiagallo356,2025-03-10 13:30:00,Network,4,6.5
2783,PRN02782,annaverdi162,2018-07-08 17:30:00,Smultronstället,3,8.5
2784,PRN02783,annamarino199,2027-08-26 17:00:00,Sen to Chihiro no kamikakushi,3,7.0
2785,PRN02784,marcorossi260,2021-01-01 16:30:00,The Third Man,4,6.5
2786,PRN02785,andreaesposito335,2026-11-14 10:30:00,Majo no takkyûbin,3,6.5
2787,PRN02786,giorgiagreco373,2025-01-20 13:30:00,Platoon,4,7.0
2788,PRN02787,annaricci145,2023-04-10 14:30:00,Boogie Nights,3,7.5
2789,PRN02788,chiarabianchi230,2018-03-04 12:30:00,To Be or Not to Be,1,7.0
2790,PRN02789,elenamarino111,2027-07-22 10:00:00,Batman Begins,4,8.5
2791,PRN02790,andreagallo82,2026-03-17 10:00:00,Road to Perdition,3,8.5
2792,PRN02791,simonegallo31,2027-10-12 10:30:00,The Pianist,2,7.0
2793,PRN02792,andreagallo112,2024-01-11 10:30:00,Star Wars: Episode VI - Return of the Jedi,3,8.5
2794,PRN02793,matteoesposito320,2027-06-18 10:30:00,The Great Dictator,2,7.5
2795,PRN02794,saraconti61,2019-06-23 19:00:00,Fried Green Tomatoes,4,8.5
2796,PRN02795,lauraricci203,2020-12-09 13:30:00,Touch of Evil,2,8.5
2797,PRN02796,lucaverdi41,2023-08-12 18:30:00,Barry Lyndon,2,9.5
2798,PRN02797,marcogallo108,2022-10-02 15:30:00,Some Like It Hot,2,8.0
2799,PRN02798,sararomano58,2019-03-27 13:00:00,The Long Goodbye,1,6.5
2800,PRN02799,elenaesposito163,2020-10-19 14:00:00,Star Wars: Episode VI - Return of the Jedi,2,6.5
2801,PRN02800,marcogallo108,2027-09-18 10:30:00,Persona,4,8.5
2802,PRN02801,davideconti235,2026-07-13 12:30:00,Giant,3,8.5
2803,PRN02802,elenaconti104,2020-07-24 10:00:00,The Naked Gun: From the Files of Police Squad!,3,7.0
2804,PRN02803,giorgiagallo158,2025-01-20 10:30:00,Twelve Monkeys,1,6.5
2805,PRN02804,lucabruno324,2020-04-02 10:30:00,The Lion in Winter,4,7.0
2806,PRN02805,lucaconti18,2027-12-23 10:00:00,The Hurricane,3,8.5
2807,PRN02806,matteoverdi167,2027-12-21 16:00:00,Primal Fear,1,7.0
2808,PRN02807,giuliaromano25,2022-08-29 14:30:00,Love and Death,4,7.0
2809,PRN02808,alessiobruno20,2020-09-10 10:30:00,Goodfellas,2,8.5
2810,PRN02809,lucamarino312,2023-11-04 14:30:00,Mad Max 2,3,8.0
2811,PRN02810,alessiomarino288,2026-07-09 10:30:00,Kill Bill: Vol. 2,1,6.5
2812,PRN02811,alessioverdi194,2024-03-07 10:30:00,The Bourne Supremacy,1,7.5
2813,PRN02812,giorgiagreco325,2022-04-07 12:30:00,Kind Hearts and Coronets,2,6.5
2814,PRN02813,elenabianchi387,2020-01-21 12:30:00,The Little Mermaid,4,6.5
2815,PRN02814,lucarossi23,2023-02-25 13:30:00,The Naked Gun: From the Files of Police Squad!,1,7.0
2816,PRN02815,lauraconti340,2021-12-05 15:30:00,The Muppet Christmas Carol,4,7.5
2817,PRN02816,marcocolombo152,2026-01-17 13:30:00,The Last Samurai,3,8.5
2818,PRN02817,saraesposito182,2020-09-19 10:00:00,The Last of the Mohicans,3,7.5
2819,PRN02818,elenabianchi387,2025-01-29 13:30:00,Home Alone,4,8.0
2820,PRN02819,lucagallo201,2022-07-27 12:30:00,North by Northwest,2,8.5
2821,PRN02820,giorgiabruno279,2025-08-27 13:30:00,Breakfast at Tiffany's,3,6.5
2822,PRN02821,davideconti263,2021-05-12 10:30:00,True Romance,4,6.5
2823,PRN02822,chiararusso126,2020-06-28 10:00:00,Freaks,3,7.0
2824,PRN02823,paoloricci385,2027-11-21 10:00:00,Cool Hand Luke,2,7.0
2825,PRN02824,marcorusso99,2020-01-26 10:00:00,The Matrix,3,8.0
2826,PRN02825,paoloverdi179,2022-03-21 10:30:00,The Breakfast Club,2,7.0
2827,PRN02826,andrearomano6,2026-07-15 14:00:00,To Have and Have Not,2,7.5
2828,PRN02827,annaverdi59,2024-09-27 16:00:00,City Lights,2,7.5
2829,PRN02828,andreacolombo347,2024-04-14 16:00:00,Ivanovo detstvo,2,8.0
2830,PRN02829,giuliagallo138,2022-10-04 15:30:00,What's Eating Gilbert Grape,4,6.5
2831,PRN02830,andreaverdi202,2024-05-18 15:30:00,The Taking of Pelham One Two Three,4,7.0
2832,PRN02831,andrearomano75,2026-04-18 10:00:00,Sen to Chihiro no kamikakushi,2,6.5
2833,PRN02832,giuliafontana204,2023-02-12 10:30:00,Catch Me If You Can,2,8.5
2834,PRN02833,annaverdi162,2021-09-24 12:30:00,Pulp Fiction,2,8.5
2835,PRN02834,giorgiagreco325,2020-11-21 13:00:00,Empire of the Sun,2,8.5
2836,PRN02835,giorgiagallo356,2024-02-24 12:30:00,Per qualche dollaro in più,4,8.0
2837,PRN02836,giorgiamarino94,2027-06-06 12:30:00,Who's Afraid of Virginia Woolf?,4,7.0
2838,PRN02837,andreaconti355,2020-05-09 10:00:00,Rosemary's Baby,3,8.5
2839,PRN02838,davideromano22,2025-04-28 10:00:00,Night on Earth,2,7.5
2840,PRN02839,matteobianchi83,2024-03-19 12:30:00,The General,3,7.5
2841,PRN02840,marcobruno368,2021-08-29 10:00:00,Harold and Maude,4,8.0
2842,PRN02841,lucaesposito55,2025-05-11 10:30:00,21 Grams,4,8.5
2843,PRN02842,davideferrari63,2021-07-18 10:30:00,"Paris, Texas",3,6.5
2844,PRN02843,paolorossi186,2026-06-09 10:00:00,28 Days Later...,1,6.5
2845,PRN02844,alessiocolombo176,2022-08-16 13:30:00,Sense and Sensibility,2,7.5
2846,PRN02845,andrearicci197,2025-06-07 10:00:00,"O Brother, Where Art Thou?",1,8.0
2847,PRN02846,francescagallo267,2022-02-05 13:30:00,The Others,4,7.5
2848,PRN02847,annaferrari37,2024-10-09 13:30:00,The Thin Man,3,7.5
2849,PRN02848,marcogreco46,2025-04-07 10:00:00,The Incredibles,2,8.5
2850,PRN02849,annaferrari37,2026-12-22 10:30:00,The Princess Bride,3,6.5
2851,PRN02850,chiaramarino339,2026-08-29 10:00:00,The Right Stuff,1,7.0
2852,PRN02851,chiaramarino32,2027-04-13 13:00:00,Lagaan: Once Upon a Time in India,2,8.5
2853,PRN02852,giuliabianchi42,2027-12-05 20:00:00,American Psycho,2,8.5
2854,PRN02853,sararossi337,2021-10-02 17:30:00,Platoon,2,8.0
2855,PRN02854,chiaramarino339,2024-03-18 10:00:00,Kill Bill: Vol. 1,4,8.5
2856,PRN02855,giorgiagreco57,2027-01-14 10:30:00,The Notebook,2,6.5
2857,PRN02856,annamarino30,2026-08-28 10:30:00,The Color Purple,3,8.5
2858,PRN02857,lucarusso157,2024-02-23 10:30:00,Charade,4,8.0
2859,PRN02858,saragreco238,2020-04-12 15:30:00,The Man Who Shot Liberty Valance,3,6.5
2860,PRN02859,andreaconti358,2021-07-24 15:30:00,Per un pugno di dollari,2,8.0
2861,PRN02860,simonebruno281,2026-02-05 10:00:00,Billy Elliot,1,6.5
2862,PRN02861,lucarossi45,2022-07-09 14:00:00,High Noon,2,8.0
2863,PRN02862,giuliaferrari50,2025-12-05 15:30:00,Kumonosu-jô,3,7.5
2864,PRN02863,elenabianchi387,2023-03-29 10:00:00,Down by Law,2,7.5
2865,PRN02864,giorgiagallo158,2020-09-06 15:00:00,Reservoir Dogs,4,8.5
2866,PRN02865,annaverdi162,2027-08-20 10:00:00,Jeux d'enfants,3,6.5
2867,PRN02866,giorgiagallo218,2018-06-20 10:00:00,Nuovo Cinema Paradiso,4,7.0
2868,PRN02867,matteoesposito303,2018-03-03 12:30:00,Hiroshima mon amour,2,7.0
2869,PRN02868,lauraromano137,2022-05-30 10:30:00,Brazil,4,7.5
2870,PRN02869,sararossi247,2024-05-02 10:00:00,Naked,4,8.0
2871,PRN02870,francescaferrari54,2024-06-10 12:30:00,Fight Club,1,8.5
2872,PRN02871,andreabruno171,2018-06-26 10:30:00,Willy Wonka & the Chocolate Factory,3,8.0
2873,PRN02872,matteobianchi5,2020-11-21 18:30:00,The Red Shoes,4,8.5
2874,PRN02873,marcoromano27,2025-08-16 16:00:00,Some Like It Hot,2,7.5
2875,PRN02874,giorgiagallo158,2023-04-29 16:00:00,"Il buono, il brutto, il cattivo",4,8.5
2876,PRN02875,paoloverdi179,2026-09-08 13:00:00,Yeopgijeogin geunyeo,1,6.5
2877,PRN02876,davidericci308,2020-12-09 13:30:00,Touch of Evil,1,8.5
2878,PRN02877,alessiocolombo148,2021-02-22 13:00:00,Rebecca,4,7.0
2879,PRN02878,andreagallo82,2020-05-18 10:00:00,The French Connection,1,7.0
2880,PRN02879,chiaramarino32,2021-11-21 21:00:00,Patton,3,10.0
2881,PRN02880,giuliacolombo72,2021-02-15 16:00:00,Persona,1,8.5
2882,PRN02881,giuliaconti100,2021-02-22 13:00:00,Rebecca,1,7.0
2883,PRN02882,giorgiagreco325,2022-02-06 15:30:00,The Others,3,6.5
2884,PRN02883,giorgiaesposito284,2019-04-20 13:00:00,Cabaret,2,6.5
2885,PRN02884,alessiocolombo176,2024-01-12 10:30:00,Inherit the Wind,1,7.5
2886,PRN02885,lauragreco336,2021-09-14 10:00:00,The Apartment,3,7.0
2887,PRN02886,lauraverdi90,2023-07-09 10:00:00,The Taking of Pelham One Two Three,4,6.5
2888,PRN02887,marcofontana51,2022-12-05 13:00:00,Touch of Evil,4,6.5
2889,PRN02888,lucagallo217,2021-05-05 10:30:00,Y tu mamá también,2,8.0
2890,PRN02889,andreabianchi397,2018-06-27 10:00:00,Happiness,1,7.0
2891,PRN02890,alessiocolombo17,2018-09-27 10:00:00,Barton Fink,4,7.5
2892,PRN02891,marcoromano27,2019-03-25 12:30:00,"Crna macka, beli macor",3,6.5
2893,PRN02892,davidegallo382,2025-08-18 15:30:00,Ordinary People,4,6.5
2894,PRN02893,saramarino359,2023-11-13 10:30:00,Planet of the Apes,4,8.0
2895,PRN02894,annafontana286,2026-08-12 17:00:00,Blood Diamond,2,7.0
2896,PRN02895,chiaraesposito317,2021-04-05 13:30:00,Toy Story 4,1,8.5
2897,PRN02896,andreagallo97,2027-04-15 13:00:00,The Night of the Hunter,2,7.0
2898,PRN02897,chiararossi390,2025-07-23 10:00:00,The Best Years of Our Lives,4,7.5
2899,PRN02898,lucaconti256,2025-10-15 10:30:00,Rushmore,2,8.5
2900,PRN02899,elenamarino111,2027-06-07 13:00:00,The Bridges of Madison County,3,6.5
2901,PRN02900,paolofontana84,2023-02-08 15:30:00,Airplane!,4,6.5
2902,PRN02901,annaricci145,2024-10-14 14:00:00,Il conformista,1,8.0
2903,PRN02902,saramarino92,2026-07-15 16:30:00,Rebecca,4,7.0
2904,PRN02903,francescaromano300,2025-11-25 10:00:00,28 Days Later...,2,8.0
2905,PRN02904,francescaferrari88,2027-07-30 16:00:00,Aliens,3,8.0
2906,PRN02905,lucarusso157,2024-06-01 16:00:00,Kôkaku Kidôtai,4,8.5
2907,PRN02906,lucabruno277,2026-10-15 10:00:00,Bacheha-Ye aseman,2,7.5
2908,PRN02907,andreacolombo376,2020-04-26 12:30:00,The Man Who Shot Liberty Valance,3,6.5
2909,PRN02908,elenabianchi96,2019-10-14 14:00:00,Casino,3,6.5
2910,PRN02909,chiararomano372,2019-06-20 13:00:00,Trois couleurs: Rouge,2,8.0
2911,PRN02910,giuliagallo138,2027-03-20 13:30:00,The Right Stuff,3,7.0
2912,PRN02911,davidebruno380,2024-03-24 10:00:00,Adaptation.,1,7.0
2913,PRN02912,francescaromano150,2023-01-10 15:30:00,Shichinin no samurai,3,7.5
2914,PRN02913,chiararusso398,2021-07-23 12:30:00,Witness for the Prosecution,1,8.0
2915,PRN02914,paolorossi298,2023-07-15 14:00:00,La règle du jeu,4,7.5
2916,PRN02915,annabruno44,2023-09-18 10:30:00,Todo sobre mi madre,2,6.5
2917,PRN02916,marcoricci187,2022-09-18 19:00:00,Judgment at Nuremberg,4,9.5
2918,PRN02917,chiararossi52,2026-10-16 10:00:00,Majo no takkyûbin,1,8.5
2919,PRN02918,simoneconti244,2020-04-19 18:00:00,Metropolis,1,10.0
2920,PRN02919,lucabruno324,2020-06-26 10:30:00,The Red Shoes,4,6.5
2921,PRN02920,chiarafontana393,2022-04-22 12:30:00,"Shin seiki Evangelion Gekijô-ban: Air/Magokoro wo, kimi ni",4,8.0
2922,PRN02921,simonegreco310,2021-10-11 13:30:00,À bout de souffle,3,7.5
2923,PRN02922,alessioconti292,2023-08-05 16:00:00,Barry Lyndon,1,6.5
2924,PRN02923,lauracolombo7,2026-11-27 10:00:00,Le charme discret de la bourgeoisie,2,7.0
2925,PRN02924,lucamarino79,2024-07-01 10:30:00,Empire of the Sun,1,7.5
2926,PRN02925,andreaconti355,2027-09-10 13:00:00,Falling Down,2,8.5
2927,PRN02926,saramarino359,2026-08-03 10:00:00,Midnight Cowboy,1,6.5
2928,PRN02927,elenabruno250,2024-01-05 10:00:00,The Straight Story,4,7.5
2929,PRN02928,annabruno44,2023-02-11 13:00:00,Twelve Monkeys,1,8.0
2930,PRN02929,chiararicci77,2018-10-01 12:30:00,Jules et Jim,3,8.0
2931,PRN02930,alessiocolombo64,2027-06-17 14:00:00,Gattaca,3,7.5
2932,PRN02931,giorgiaromano19,2025-10-26 14:00:00,Das Boot,3,6.5
2933,PRN02932,saramarino359,2026-02-08 10:00:00,Edward Scissorhands,2,7.5
2934,PRN02933,giuliaverdi189,2019-10-15 12:30:00,The Manchurian Candidate,2,8.5
2935,PRN02934,davideconti263,2022-03-01 16:30:00,Smultronstället,4,6.5
2936,PRN02935,alessiogallo56,2025-07-04 10:00:00,The Untouchables,3,7.0
2937,PRN02936,francescagreco67,2023-07-08 10:30:00,Rain Man,1,8.0
2938,PRN02937,giuliabianchi42,2019-10-05 12:30:00,Magnolia,4,7.0
2939,PRN02938,lauraromano137,2020-11-16 13:00:00,Scarface,2,8.5
2940,PRN02939,davideromano22,2023-11-04 14:30:00,Mad Max 2,2,8.0
2941,PRN02940,simoneconti244,2019-11-09 17:00:00,La double vie de Véronique,4,7.5
2942,PRN02941,alessiogallo360,2026-04-18 10:00:00,Sen to Chihiro no kamikakushi,2,6.5
2943,PRN02942,elenaconti346,2023-07-19 16:30:00,Ikiru,4,8.5
2944,PRN02943,elenagreco165,2024-03-30 12:30:00,Mulholland Dr.,4,8.0
2945,PRN02944,annaricci275,2027-04-05 10:00:00,October Sky,3,7.0
2946,PRN02945,francescaromano300,2022-02-05 19:00:00,Boksuneun naui geot,4,9.0
2947,PRN02946,elenaromano224,2026-04-10 10:00:00,The Conversation,4,6.5
2948,PRN02947,annafontana107,2021-06-12 12:30:00,Gully Boy,3,6.5
2949,PRN02948,giuliafontana74,2020-09-05 12:30:00,Mission: Impossible - Fallout,1,8.0
2950,PRN02949,elenabruno207,2021-02-07 14:00:00,Stalag 17,4,7.5
2951,PRN02950,annarossi309,2027-12-25 14:30:00,The Lord of the Rings: The Fellowship of the Ring,1,7.0
2952,PRN02951,marcocolombo152,2025-07-06 10:00:00,The Verdict,4,6.5
2953,PRN02952,annaricci145,2018-07-05 15:30:00,Lethal Weapon,4,6.5
2954,PRN02953,elenamarino321,2023-07-30 16:00:00,Ikiru,2,6.5
2955,PRN02954,lucabruno277,2027-08-24 13:00:00,The Treasure of the Sierra Madre,4,6.5
2956,PRN02955,chiararossi390,2020-02-02 15:00:00,Lawrence of Arabia,2,7.0
2957,PRN02956,lucacolombo318,2026-10-31 13:00:00,Hana-bi,2,6.5
2958,PRN02957,davidegreco109,2020-04-19 10:00:00,The French Connection,1,7.0
2959,PRN02958,giuliabruno316,2024-06-24 13:00:00,Belle de jour,1,7.5
2960,PRN02959,matteomarino144,2021-03-07 10:00:00,Lat sau san taam,1,8.5
2961,PRN02960,lucaesposito55,2021-07-01 10:00:00,"Crna macka, beli macor",1,8.0
2962,PRN02961,sarabianchi128,2026-01-01 14:00:00,Midnight Express,4,8.5
2963,PRN02962,elenafontana341,2018-07-30 10:30:00,Hell or High Water,2,7.0
2964,PRN02963,chiaraesposito317,2021-04-10 16:00:00,The Trial of the Chicago 7,2,6.5
2965,PRN02964,giuliabruno180,2022-03-26 13:00:00,La règle du jeu,4,8.0
2966,PRN02965,simonebruno251,2018-07-22 15:30:00,On the Waterfront,3,8.0
2967,PRN02966,chiaramarino388,2025-02-03 12:30:00,Home Alone,3,8.5
2968,PRN02967,andreabruno213,2026-02-23 12:30:00,Viskningar och rop,1,6.5
2969,PRN02968,simoneverdi362,2022-01-16 18:00:00,Freaks,3,9.5
2970,PRN02969,alessioferrari146,2021-10-04 13:30:00,Hamlet,3,7.0
2971,PRN02970,chiararusso103,2024-12-31 13:00:00,Gongdong gyeongbi guyeok JSA,1,6.5
2972,PRN02971,francescagreco81,2021-10-04 10:30:00,The Verdict,1,8.0
2973,PRN02972,elenaricci306,2020-05-04 10:00:00,Die Hard: With a Vengeance,4,7.5
2974,PRN02973,lucafontana239,2021-07-10 16:00:00,Trois couleurs: Rouge,2,7.5
2975,PRN02974,simonebruno251,2020-12-04 10:00:00,The Gold Rush,4,8.5
2976,PRN02975,simonefontana234,2020-08-21 10:00:00,East of Eden,1,7.5
2977,PRN02976,annamarino30,2020-04-19 15:00:00,The Man Who Shot Liberty Valance,3,8.0
2978,PRN02977,sarabruno290,2027-01-14 10:30:00,The Notebook,4,6.5
2979,PRN02978,simoneconti244,2022-12-07 10:00:00,Boyz n the Hood,1,7.0
2980,PRN02979,alessioricci381,2018-05-20 10:00:00,Forrest Gump,1,6.5
2981,PRN02980,giuliabianchi42,2027-05-07 10:00:00,Escape from Alcatraz,2,6.5
2982,PRN02981,saracolombo124,2018-03-23 15:00:00,Ayla: The Daughter of War,1,8.5
2983,PRN02982,alessiorusso177,2023-04-26 10:00:00,Casino,4,7.5
2984,PRN02983,andrearicci95,2020-06-03 15:30:00,American History X,3,6.5
2985,PRN02984,annagallo119,2023-10-13 15:00:00,"South Park: Bigger, Longer & Uncut",1,8.0
2986,PRN02985,simonebianchi315,2021-03-01 10:30:00,"Aguirre, der Zorn Gottes",3,8.0
2987,PRN02986,francescaromano300,2019-09-21 13:30:00,Donnie Brasco,2,8.0
2988,PRN02987,simonerossi10,2023-03-06 12:30:00,My Fair Lady,4,8.0
2989,PRN02988,simonebruno314,2022-11-06 15:30:00,City Lights,4,8.5
2990,PRN02989,chiararicci77,2021-01-24 17:30:00,Boyz n the Hood,3,6.5
2991,PRN02990,simonebianchi315,2021-07-05 16:00:00,In a Lonely Place,3,7.0
2992,PRN02991,andreagallo304,2021-05-04 10:00:00,Sunset Blvd.,4,6.5
2993,PRN02992,lauracolombo7,2024-02-09 10:00:00,The Terminator,3,6.5
2994,PRN02993,giorgiagreco57,2021-07-12 13:30:00,Sabrina,1,7.0
2995,PRN02994,francescagreco289,2025-01-27 10:30:00,Training Day,3,7.0
2996,PRN02995,lucafontana399,2025-02-18 17:30:00,Primal Fear,4,7.5
2997,PRN02996,andreaconti355,2025-09-06 13:30:00,The Conversation,4,8.5
2998,PRN02997,marcorusso99,2022-03-20 12:30:00,The Wizard of Oz,4,8.5
2999,PRN02998,lucafontana239,2027-05-27 12:30:00,Badlands,1,6.5
3000,PRN02999,marcomarino322,2020-07-15 10:30:00,Life of Brian,1,7.0
3001,PRN03000,francescafontana257,2020-01-08 12:30:00,Cat on a Hot Tin Roof,2,6.5
3002,PRN03001,matteobianchi193,2023-03-30 10:30:00,The Elephant Man,1,7.0
3003,PRN03002,andrearomano75,2026-07-22 10:30:00,The Bridges of Madison County,2,7.0
3004,PRN03003,francescaesposito114,2019-06-14 15:30:00,Trois couleurs: Rouge,4,6.5
3005,PRN03004,elenaesposito211,2019-09-20 10:00:00,Unforgiven,3,7.5
3006,PRN03005,alessiomarino334,2019-01-22 12:30:00,Sleuth,2,7.5
3007,PRN03006,andreabruno171,2025-12-03 12:30:00,The Fugitive,1,7.5
3008,PRN03007,annarusso132,2018-03-02 10:00:00,Kind Hearts and Coronets,1,7.5
3009,PRN03008,andreagallo304,2026-09-08 13:00:00,Yeopgijeogin geunyeo,1,6.5
3010,PRN03009,annaverdi162,2018-03-04 12:30:00,To Be or Not to Be,1,7.0
3011,PRN03010,lucamarino312,2020-06-05 10:30:00,Inherit the Wind,1,7.5
3012,PRN03011,andreagallo112,2020-09-13 10:00:00,A Few Good Men,2,7.5
3013,PRN03012,marcoferrari141,2027-01-02 10:30:00,Breaking the Waves,1,8.0
3014,PRN03013,saragallo200,2025-01-29 13:30:00,Home Alone,2,8.0
3015,PRN03014,annaricci275,2023-05-20 10:00:00,Dazed and Confused,3,8.5
3016,PRN03015,chiaraverdi302,2021-07-17 10:30:00,Harold and Maude,1,8.5
3017,PRN03016,annaverdi162,2021-07-21 15:00:00,The Day the Earth Stood Still,3,7.0
3018,PRN03017,lucaconti155,2023-07-20 13:00:00,Ran,3,8.5
3019,PRN03018,marcobruno368,2026-12-10 13:30:00,Das Experiment,2,8.5
3020,PRN03019,alessioromano383,2027-09-21 10:00:00,The Lives of Others,1,6.5
3021,PRN03020,paolorossi298,2023-03-06 10:00:00,American Psycho,2,6.5
3022,PRN03021,chiararossi390,2026-10-01 10:00:00,La leggenda del pianista sull'oceano,3,8.0
3023,PRN03022,andreabruno171,2023-10-16 10:00:00,The Sandlot,2,7.5
3024,PRN03023,andrearicci95,2025-03-27 10:00:00,Breaking the Waves,3,6.5
3025,PRN03024,alessiocolombo148,2020-03-14 13:30:00,Festen,2,7.5
3026,PRN03025,laurafontana345,2023-04-03 10:30:00,L.A. Confidential,2,8.0
3027,PRN03026,marcofontana15,2024-06-18 14:00:00,Hotel Rwanda,2,7.0
3028,PRN03027,matteoverdi167,2027-07-18 10:00:00,Barry Lyndon,3,6.5
3029,PRN03028,marcofontana15,2025-11-16 10:00:00,Minority Report,2,6.5
3030,PRN03029,annarossi309,2025-05-13 13:30:00,Miracle on 34th Street,2,7.0
3031,PRN03030,lucarossi45,2021-11-27 12:30:00,Planet of the Apes,1,7.5
3032,PRN03031,lucaesposito55,2018-02-21 16:00:00,Hiroshima mon amour,3,7.0
3033,PRN03032,simonebruno130,2024-08-10 16:00:00,Y tu mamá también,3,8.5
3034,PRN03033,francescagallo267,2023-07-03 10:00:00,The Warriors,3,6.5
3035,PRN03034,francescagreco13,2027-04-14 13:00:00,October Sky,3,6.5
3036,PRN03035,giorgiacolombo164,2025-08-10 16:00:00,Watership Down,3,8.0
3037,PRN03036,lucamarino312,2020-01-11 14:00:00,Mad Max 2,1,6.5
3038,PRN03037,giorgiagreco57,2022-02-10 16:00:00,Shadow of a Doubt,4,6.5
3039,PRN03038,simonerossi331,2026-05-02 10:30:00,The Iron Giant,1,8.0
3040,PRN03039,matteoromano129,2024-05-08 10:30:00,Forrest Gump,3,7.5
3041,PRN03040,alessiocolombo110,2026-02-01 10:00:00,Forrest Gump,2,8.5
3042,PRN03041,sararicci389,2019-06-30 13:30:00,Notorious,4,8.5
3043,PRN03042,giorgiaverdi361,2020-08-02 16:30:00,Dead Man,3,8.0
3044,PRN03043,giorgiarossi139,2024-08-24 13:00:00,Before Sunrise,3,7.5
3045,PRN03044,matteoesposito320,2019-02-08 10:30:00,The Grapes of Wrath,3,7.5
3046,PRN03045,alessioromano383,2022-04-15 10:30:00,Tombstone,1,7.5
3047,PRN03046,alessiogallo360,2026-04-07 15:00:00,Taegukgi hwinalrimyeo,2,8.0
3048,PRN03047,alessiocolombo64,2027-10-28 15:00:00,Tengoku to jigoku,1,7.5
3049,PRN03048,alessiomarino288,2025-10-13 10:00:00,Halloween,3,8.5
3050,PRN03049,simoneverdi362,2018-09-04 10:00:00,Tumbbad,4,8.0
3051,PRN03050,lucagallo240,2021-04-11 10:30:00,Chung Hing sam lam,1,7.0
3052,PRN03051,francescaferrari88,2025-12-25 10:30:00,Predator,1,6.5
3053,PRN03052,matteoesposito303,2026-02-23 12:30:00,Viskningar och rop,2,6.5
3054,PRN03053,francescacolombo89,2022-02-13 13:30:00,Boksuneun naui geot,1,7.0
3055,PRN03054,matteoricci9,2022-03-02 12:30:00,Smultronstället,3,7.5
3056,PRN03055,paolorusso198,2023-10-09 13:00:00,Monty Python and the Holy Grail,4,7.0
3057,PRN03056,elenabruno250,2023-03-31 17:00:00,Star Trek II: The Wrath of Khan,2,6.5
3058,PRN03057,simonerossi331,2025-02-09 15:00:00,Kind Hearts and Coronets,3,8.0
3059,PRN03058,lucarusso396,2024-11-18 10:00:00,Fight Club,2,8.5
3060,PRN03059,francescacolombo89,2026-05-09 10:30:00,Omohide poro poro,4,8.0
3061,PRN03060,lauraricci248,2021-04-08 13:30:00,Harvey,1,7.5
3062,PRN03061,lauraferrari87,2027-03-09 10:30:00,Escape from Alcatraz,3,7.0
3063,PRN03062,lucamarino208,2019-06-29 18:00:00,Shichinin no samurai,4,8.5
3064,PRN03063,elenacolombo12,2018-07-07 10:30:00,Lola rennt,4,7.5
3065,PRN03064,paoloromano35,2022-08-27 18:30:00,Ran,4,9.5
3066,PRN03065,francescaferrari88,2024-10-07 10:30:00,Sen to Chihiro no kamikakushi,3,8.0
3067,PRN03066,francescaromano300,2022-11-27 10:30:00,Days of Heaven,2,7.0
3068,PRN03067,lauragreco336,2025-11-02 19:30:00,Harry Potter and the Goblet of Fire,2,8.5
3069,PRN03068,sararicci389,2027-10-07 10:30:00,Close Encounters of the Third Kind,1,6.5
3070,PRN03069,andreaconti113,2023-11-29 10:30:00,Rope,1,7.5
3071,PRN03070,chiararossi390,2019-09-22 10:30:00,Dead Poets Society,4,7.0
3072,PRN03071,giorgiaesposito284,2023-02-03 10:30:00,My Fair Lady,3,7.0
3073,PRN03072,matteoesposito236,2021-05-03 17:30:00,Being There,1,7.0
3074,PRN03073,marcoesposito338,2021-01-16 13:00:00,Andrei Rublev,1,6.5
3075,PRN03074,chiararusso103,2027-11-13 10:30:00,Platoon,2,7.5
3076,PRN03075,saracolombo183,2022-06-19 13:00:00,Abre los ojos,1,6.5
3077,PRN03076,annaverdi117,2023-10-15 10:00:00,Enter the Dragon,2,8.0
3078,PRN03077,chiararomano21,2018-03-08 10:30:00,Sherlock Jr.,1,8.5
3079,PRN03078,marcorossi260,2018-04-27 10:30:00,Jaws,3,8.0
3080,PRN03079,lucagallo217,2026-01-04 13:00:00,L.A. Confidential,2,7.5
3081,PRN03080,simonericci313,2020-05-24 19:00:00,Fanny och Alexander,2,8.5
3082,PRN03081,chiaraferrari311,2018-12-15 10:00:00,A Little Princess,2,6.5
3083,PRN03082,paoloromano116,2025-02-15 13:30:00,Mad Max 2,1,7.5
3084,PRN03083,lauraricci135,2027-12-06 10:00:00,Eastern Promises,4,7.0
3085,PRN03084,paolocolombo40,2019-03-09 10:30:00,Beauty and the Beast,2,7.0
3086,PRN03085,elenafontana341,2022-05-14 13:30:00,Twelve Monkeys,3,7.5
3087,PRN03086,giuliaconti43,2027-04-16 15:00:00,The Lord of the Rings: The Two Towers,2,8.0
3088,PRN03087,saragallo200,2027-05-26 10:30:00,Le scaphandre et le papillon,3,7.0
3089,PRN03088,chiaraesposito317,2024-07-20 10:00:00,Kôkaku Kidôtai,1,6.5
3090,PRN03089,matteofontana216,2018-08-16 14:00:00,La Grande Illusion,2,7.0
3091,PRN03090,marcorusso392,2019-11-28 10:30:00,Fight Club,2,6.5
3092,PRN03091,giuliamarino386,2026-01-28 13:00:00,The Usual Suspects,1,8.0
3093,PRN03092,francescarusso159,2021-08-27 10:00:00,Raging Bull,3,7.5
3094,PRN03093,lauraricci225,2020-10-31 16:30:00,The Princess Bride,2,8.5
3095,PRN03094,paoloferrari140,2022-06-25 10:00:00,The Night of the Hunter,1,7.5
3096,PRN03095,paolobruno307,2025-02-05 10:00:00,Au revoir les enfants,3,7.5
3097,PRN03096,lucaverdi41,2026-12-13 10:30:00,Once Upon a Time in America,1,7.0
3098,PRN03097,sarabruno220,2025-10-21 10:30:00,On Golden Pond,2,7.5
3099,PRN03098,alessioverdi194,2027-06-20 15:30:00,Kakushi-toride no san-akunin,1,6.5
3100,PRN03099,chiarabianchi230,2018-05-02 10:00:00,Brief Encounter,2,6.5
3101,PRN03100,elenagallo38,2019-08-24 10:00:00,Good Will Hunting,1,7.5
3102,PRN03101,alessioromano259,2021-02-28 17:00:00,Rebecca,4,8.5
3103,PRN03102,davideconti62,2021-12-04 20:30:00,Malcolm X,2,9.0
3104,PRN03103,francescagallo267,2023-04-01 10:30:00,Planet of the Apes,3,6.5
3105,PRN03104,giuliaconti43,2019-08-19 13:00:00,God's Own Country,1,6.5
3106,PRN03105,matteoesposito236,2023-01-28 15:00:00,Catch Me If You Can,1,7.5
3107,PRN03106,lucaconti384,2018-01-09 10:00:00,Dial M for Murder,4,7.0
3108,PRN03107,davidebruno154,2020-10-19 10:30:00,The Insider,2,8.5
3109,PRN03108,chiaraconti371,2024-03-10 10:00:00,The Odd Couple,4,6.5
3110,PRN03109,elenamarino321,2026-04-12 15:00:00,Ivanovo detstvo,1,8.0
3111,PRN03110,paolorusso198,2018-12-27 10:30:00,God's Own Country,2,6.5
3112,PRN03111,paolorossi298,2018-07-12 10:00:00,Star Wars,4,6.5
3113,PRN03112,matteoesposito236,2023-06-08 10:00:00,Citizen Kane,4,7.0
3114,PRN03113,sararossi247,2022-08-14 13:30:00,The Graduate,1,7.5
3115,PRN03114,simonebruno314,2026-01-17 13:30:00,The Last Samurai,3,8.5
3116,PRN03115,giuliarusso11,2020-05-12 10:30:00,Fanny och Alexander,2,8.0
3117,PRN03116,andreagallo304,2018-07-10 14:30:00,Star Wars,1,8.0
3118,PRN03117,sarafontana151,2022-02-28 10:00:00,All About Eve,4,8.5
3119,PRN03118,giuliabianchi42,2027-03-03 10:00:00,The Terminator,4,7.5
3120,PRN03119,lucaricci3,2024-02-25 19:00:00,The Others,2,9.0
3121,PRN03120,alessioesposito352,2021-07-14 14:00:00,Where Eagles Dare,2,7.5
3122,PRN03121,lucaconti256,2020-12-04 12:30:00,The Breakfast Club,4,6.5
3123,PRN03122,andreaesposito335,2021-10-02 10:30:00,Andrei Rublev,4,6.5
3124,PRN03123,lucagallo201,2019-01-20 16:30:00,Primal Fear,1,8.5
3125,PRN03124,lucabruno269,2024-06-18 17:00:00,Belle de jour,3,7.0
3126,PRN03125,chiararossi53,2026-12-03 10:00:00,Smultronstället,2,7.0
3127,PRN03126,marcorusso99,2021-10-03 10:00:00,"Monsters, Inc.",1,6.5
3128,PRN03127,giuliafontana204,2020-05-09 10:00:00,Rosemary's Baby,4,8.5
3129,PRN03128,chiaragreco395,2023-11-04 14:30:00,Mad Max 2,3,8.0
3130,PRN03129,alessiocolombo147,2020-02-25 14:30:00,Il conformista,2,8.5
3131,PRN03130,giuliaromano327,2018-02-11 13:30:00,The Naked Gun: From the Files of Police Squad!,3,6.5
3132,PRN03131,giuliabruno316,2018-11-10 16:30:00,"Shin seiki Evangelion Gekijô-ban: Air/Magokoro wo, kimi ni",1,7.0
3133,PRN03132,andrearomano6,2020-05-09 18:00:00,Freaks,1,9.5
3134,PRN03133,simonebruno314,2025-01-25 10:00:00,Training Day,4,7.0
3135,PRN03134,matteofontana170,2019-02-20 10:30:00,American History X,1,8.0
3136,PRN03135,elenafontana294,2020-06-06 16:00:00,Freaks,4,7.0
3137,PRN03136,simoneconti223,2019-12-24 13:00:00,Lola rennt,1,8.0
3138,PRN03137,andreagallo71,2025-05-26 10:30:00,Fitzcarraldo,3,7.5
3139,PRN03138,francescarossi305,2022-12-30 10:00:00,Yeopgijeogin geunyeo,4,7.5
3140,PRN03139,annaricci145,2020-11-03 10:30:00,Star Wars: Episode VI - Return of the Jedi,4,8.5
3141,PRN03140,matteomarino24,2026-01-16 10:30:00,Zerkalo,2,7.0
3142,PRN03141,giorgiacolombo363,2023-12-02 18:00:00,"O Brother, Where Art Thou?",3,9.0
3143,PRN03142,andrearicci268,2019-12-23 10:30:00,The Longest Day,4,8.0
3144,PRN03143,paoloverdi179,2019-04-13 15:30:00,The Kid,4,7.0
3145,PRN03144,simoneromano190,2024-07-14 10:00:00,Annie Hall,4,8.5
3146,PRN03145,davidebianchi174,2020-04-02 13:30:00,Freaks,3,6.5
3147,PRN03146,francescaromano300,2019-07-23 13:30:00,Sabrina,2,7.0
3148,PRN03147,lucagallo217,2020-12-09 13:30:00,Touch of Evil,4,8.5
3149,PRN03148,marcobruno368,2025-10-01 13:00:00,Pirates of the Caribbean: The Curse of the Black Pearl,4,6.5
3150,PRN03149,annacolombo278,2025-08-04 13:00:00,The Day of the Jackal,1,8.5
3151,PRN03150,lucabruno324,2018-05-25 10:30:00,The Untouchables,3,8.0
3152,PRN03151,marcoconti246,2022-03-28 17:00:00,"Shin seiki Evangelion Gekijô-ban: Air/Magokoro wo, kimi ni",1,8.0
3153,PRN03152,davidericci308,2021-09-24 10:00:00,The Muppet Movie,1,8.5
3154,PRN03153,marcofontana369,2023-11-03 10:00:00,The Sandlot,3,6.5
3155,PRN03154,matteoesposito351,2027-03-31 13:00:00,Kaze no tani no Naushika,4,7.0
3156,PRN03155,lucaromano280,2023-06-17 10:00:00,Lost Highway,4,8.5
3157,PRN03156,giuliaverdi189,2026-05-12 13:00:00,Boyz n the Hood,3,7.0
3158,PRN03157,annabianchi122,2023-04-18 10:00:00,The Circus,3,8.0
3159,PRN03158,andreamarino98,2026-12-13 18:00:00,Pulp Fiction,4,10.0
3160,PRN03159,lucaricci3,2018-07-11 12:30:00,Willy Wonka & the Chocolate Factory,2,7.5
3161,PRN03160,matteoesposito185,2022-05-26 10:30:00,The Godfather: Part II,2,7.0
3162,PRN03161,simonebruno314,2027-07-04 10:00:00,Gone with the Wind,2,7.0
3163,PRN03162,chiararomano372,2027-03-27 10:30:00,Duck Soup,1,7.5
3164,PRN03163,simonegreco367,2018-09-19 10:30:00,Airlift,4,8.5
3165,PRN03164,marcorusso99,2024-02-23 10:30:00,Charade,2,8.0
3166,PRN03165,paolomarino160,2020-10-09 10:00:00,M - Eine Stadt sucht einen Mörder,4,8.5
3167,PRN03166,marcogallo391,2018-10-08 10:30:00,Pink,3,7.0
3168,PRN03167,paolorossi186,2019-03-17 17:00:00,On Golden Pond,3,8.5
3169,PRN03168,davideromano166,2022-09-11 16:30:00,All About Eve,3,8.5
3170,PRN03169,andrearicci95,2026-06-07 13:30:00,Terminator 2: Judgment Day,4,7.0
3171,PRN03170,paolofontana84,2021-05-28 13:00:00,True Romance,2,6.5
3172,PRN03171,chiaragreco395,2020-05-05 10:30:00,Home Alone,2,7.5
3173,PRN03172,chiaramarino339,2021-11-25 14:00:00,Lagaan: Once Upon a Time in India,3,7.0
3174,PRN03173,francescagreco67,2021-12-09 17:00:00,Planet of the Apes,2,7.0
3175,PRN03174,marcorossi78,2023-10-30 10:00:00,Der Himmel über Berlin,1,8.0
3176,PRN03175,alessioferrari80,2021-01-02 17:00:00,Predator,3,7.5
3177,PRN03176,davidericci60,2018-11-18 10:30:00,Boogie Nights,4,8.5
3178,PRN03177,davidegallo382,2020-07-11 17:30:00,Home Alone,4,8.0
3179,PRN03178,simoneconti223,2022-05-19 13:00:00,Brazil,1,8.0
3180,PRN03179,paoloromano394,2027-01-28 15:00:00,Dial M for Murder,1,7.5
3181,PRN03180,chiararusso33,2024-05-26 16:30:00,Forrest Gump,2,7.0
3182,PRN03181,alessiocolombo17,2022-09-18 10:30:00,The Innocents,1,6.5
3183,PRN03182,marcoverdi184,2018-01-11 16:30:00,Singin' in the Rain,3,7.5
3184,PRN03183,alessiomarino288,2027-08-04 15:30:00,The Shawshank Redemption,2,8.0
3185,PRN03184,chiarafontana76,2019-01-13 16:00:00,Boyz n the Hood,3,7.5
3186,PRN03185,lauraricci135,2022-07-13 13:30:00,Tôkyô monogatari,2,6.5
3187,PRN03186,chiaragallo69,2021-02-09 15:30:00,Office Space,3,7.0
3188,PRN03187,saraconti149,2021-01-14 10:00:00,Toy Story 2,1,7.5
3189,PRN03188,alessioromano259,2026-01-17 17:00:00,To Kill a Mockingbird,2,8.0
3190,PRN03189,giorgiaverdi361,2021-01-07 10:30:00,Apocalypse Now,2,7.0
3191,PRN03190,andreaconti355,2026-12-29 10:30:00,Kung fu,1,6.5
3192,PRN03191,chiararossi52,2021-05-22 13:00:00,Jaws,3,7.0
3193,PRN03192,lucabruno296,2027-12-25 10:30:00,The Lord of the Rings: The Fellowship of the Ring,1,8.0
3194,PRN03193,lucarusso396,2025-04-29 16:00:00,Forrest Gump,3,7.5
3195,PRN03194,chiaramarino388,2026-07-31 10:00:00,Das Cabinet des Dr. Caligari,1,8.0
3196,PRN03195,matteofontana170,2018-09-26 12:30:00,The Purple Rose of Cairo,4,7.5
3197,PRN03196,matteocolombo229,2020-08-13 10:00:00,Taxi Driver,2,7.5
3198,PRN03197,daviderossi254,2018-02-18 13:00:00,Platoon,3,8.0
3199,PRN03198,alessiomarino334,2025-11-06 10:00:00,Sleuth,1,7.5
3200,PRN03199,saraconti149,2027-08-03 10:30:00,Indiana Jones and the Last Crusade,1,7.0
3201,PRN03200,lucabruno324,2022-11-11 10:00:00,The Magnificent Seven,2,8.0
3202,PRN03201,chiaragallo69,2019-12-01 15:30:00,Trois couleurs: Rouge,1,7.0
3203,PRN03202,andreabruno171,2021-08-23 10:30:00,Nuovo Cinema Paradiso,1,8.5
3204,PRN03203,annabruno44,2026-08-05 12:30:00,À bout de souffle,1,7.5
3205,PRN03204,marcoricci192,2027-08-20 10:00:00,Jeux d'enfants,3,6.5
3206,PRN03205,andrearicci268,2023-09-23 14:30:00,Giù la testa,4,8.5
3207,PRN03206,simoneconti223,2022-04-30 15:30:00,Days of Heaven,2,8.5
3208,PRN03207,andreabianchi397,2018-05-07 17:00:00,The Deer Hunter,4,8.5
3209,PRN03208,giorgiagreco373,2026-01-18 16:00:00,Amadeus,1,8.0
3210,PRN03209,alessiobruno365,2023-03-15 10:30:00,American Psycho,4,8.0
3211,PRN03210,andreabianchi397,2022-06-04 10:00:00,La règle du jeu,4,6.5
3212,PRN03211,marcoricci192,2020-07-22 10:30:00,Kaze no tani no Naushika,3,6.5
3213,PRN03212,giorgiacolombo363,2024-09-08 10:00:00,Ace in the Hole,1,7.5
3214,PRN03213,elenabruno250,2022-03-20 15:00:00,Star Trek II: The Wrath of Khan,3,8.5
3215,PRN03214,giorgiaferrari282,2018-05-14 10:00:00,Batman: Mask of the Phantasm,4,8.0
3216,PRN03215,francescaromano156,2024-12-20 10:30:00,Die Hard,4,7.0
3217,PRN03216,chiararomano101,2026-07-11 16:30:00,Jungfrukällan,3,7.5
3218,PRN03217,andreabruno171,2022-11-13 10:00:00,The Invisible Man,1,8.5
3219,PRN03218,giorgiacolombo164,2024-07-28 13:00:00,The Bourne Identity,3,6.5
3220,PRN03219,andrearomano75,2023-10-13 12:30:00,Donnie Darko,4,6.5
3221,PRN03220,giorgiaromano19,2023-01-07 16:00:00,Paper Moon,2,7.5
3222,PRN03221,saragallo200,2024-06-05 10:30:00,Knockin' on Heaven's Door,1,8.0
3223,PRN03222,andrearomano6,2023-12-14 15:00:00,28 Days Later...,4,8.0
3224,PRN03223,simonegreco367,2018-02-04 19:00:00,Dangal,4,9.0
3225,PRN03224,giuliacolombo72,2019-10-31 10:30:00,Il conformista,3,7.5
3226,PRN03225,francescarusso159,2026-11-29 10:30:00,Office Space,1,6.5
3227,PRN03226,saragallo200,2022-10-15 18:30:00,The Hustler,4,9.0
3228,PRN03227,andreacolombo376,2018-07-26 13:00:00,Dà hóng denglong gaogao guà,3,8.0
3229,PRN03228,andreabianchi226,2026-08-27 15:30:00,Blood Diamond,1,6.5
3230,PRN03229,andreabruno213,2023-08-06 14:00:00,Léon,2,8.5
3231,PRN03230,matteofontana170,2024-11-09 10:30:00,Abre los ojos,4,6.5
3232,PRN03231,chiaragallo69,2027-09-14 14:00:00,Falling Down,3,8.5
3233,PRN03232,giuliacolombo72,2023-12-29 12:30:00,The Gold Rush,3,7.5
3234,PRN03233,andreaconti358,2025-07-12 16:30:00,Match Point,1,8.5
3235,PRN03234,annarusso133,2023-04-10 18:00:00,Shadow of a Doubt,4,9.0
3236,PRN03235,francescaferrari88,2024-12-24 12:30:00,Die Hard,1,8.5
3237,PRN03236,lucagallo191,2023-09-04 10:00:00,Kagemusha,1,8.0
3238,PRN03237,andreacolombo295,2021-10-28 13:00:00,Reservoir Dogs,3,6.5
3239,PRN03238,francescarossi305,2025-02-04 15:00:00,Kind Hearts and Coronets,2,7.5
3240,PRN03239,giuliagallo138,2022-01-24 10:30:00,Schindler's List,1,7.0
3241,PRN03240,lucamarino312,2020-09-16 10:00:00,The Graduate,1,7.0
3242,PRN03241,paoloromano116,2020-01-25 16:00:00,The Matrix,4,7.0
3243,PRN03242,chiarabruno370,2023-10-17 10:00:00,Le samouraï,2,8.5
3244,PRN03243,lucaconti155,2025-03-18 15:30:00,Les choristes,4,8.5
3245,PRN03244,lucagallo240,2018-06-30 15:30:00,The Night of the Hunter,2,8.5
3246,PRN03245,lucarusso396,2023-01-11 10:30:00,Happiness,1,8.0
3247,PRN03246,paolofontana214,2019-09-01 13:00:00,Only the Brave,3,7.5
3248,PRN03247,giuliagreco143,2019-10-23 13:00:00,Casino,1,7.0
3249,PRN03248,chiararusso103,2026-08-17 15:00:00,Sleuth,4,6.5
3250,PRN03249,simonefontana253,2024-01-13 12:30:00,Reservoir Dogs,4,7.0
3251,PRN03250,annaverdi117,2025-12-20 10:00:00,Kumonosu-jô,3,7.5
3252,PRN03251,andreabianchi226,2022-02-01 10:00:00,Freaks,1,7.5
3253,PRN03252,chiaramarino32,2027-02-04 10:00:00,Au revoir les enfants,2,8.5
3254,PRN03253,andreaconti358,2024-07-15 10:30:00,Eskiya,2,7.5
3255,PRN03254,giuliaverdi354,2021-03-19 12:30:00,Jûbê ninpûchô,2,8.5
3256,PRN03255,chiaragreco395,2022-02-14 10:30:00,Sleuth,1,8.5
3257,PRN03256,giorgiagreco373,2018-08-12 10:30:00,The Purple Rose of Cairo,1,8.0
3258,PRN03257,andrearomano6,2026-10-25 12:30:00,Per un pugno di dollari,2,6.5
3259,PRN03258,francescarusso159,2026-07-11 10:30:00,La battaglia di Algeri,4,7.0
3260,PRN03259,simonericci313,2024-06-17 12:30:00,The Bourne Supremacy,3,8.0
3261,PRN03260,giorgiaverdi343,2027-02-28 19:00:00,The Lion King,2,10.0
3262,PRN03261,andrearusso265,2022-12-17 13:00:00,Yeopgijeogin geunyeo,4,8.0
3263,PRN03262,andreabruno213,2026-09-19 14:00:00,Wo hu cang long,3,7.0
3264,PRN03263,chiararicci245,2027-08-06 13:00:00,Barry Lyndon,2,8.0
3265,PRN03264,francescaferrari323,2021-05-28 10:30:00,The Boondock Saints,2,7.5
3266,PRN03265,lauraricci248,2024-08-08 10:30:00,Before Sunrise,3,6.5
3267,PRN03266,giuliamarino386,2020-12-02 12:30:00,Todo sobre mi madre,3,7.5
3268,PRN03267,chiarafontana76,2024-08-05 10:00:00,Eskiya,4,7.0
3269,PRN03268,chiaramarino339,2024-11-01 10:00:00,Dip huet seung hung,2,7.5
3270,PRN03269,matteoverdi167,2024-12-02 13:00:00,The Night of the Hunter,2,6.5
3271,PRN03270,marcofontana369,2025-10-19 10:00:00,Enter the Dragon,4,6.5
3272,PRN03271,alessiocolombo64,2024-09-27 10:00:00,Dog Day Afternoon,3,6.5
3273,PRN03272,francescagreco67,2021-11-24 12:30:00,12 Angry Men,4,7.0
3274,PRN03273,francescaromano150,2018-12-05 10:00:00,The Last Picture Show,4,7.0
3275,PRN03274,saraverdi66,2023-01-21 18:00:00,2001: A Space Odyssey,2,9.5
3276,PRN03275,francescagreco81,2027-12-22 14:30:00,Misery,3,7.5
3277,PRN03276,andreabruno153,2021-05-28 16:00:00,Todo sobre mi madre,4,7.0
3278,PRN03277,giorgiagallo218,2027-07-05 13:30:00,American Gangster,4,8.0
3279,PRN03278,annaferrari37,2019-03-28 13:00:00,Being John Malkovich,4,8.0
3280,PRN03279,francescagreco13,2021-04-08 13:30:00,Harvey,4,7.5
3281,PRN03280,annaromano105,2027-01-31 13:00:00,Lawrence of Arabia,3,8.5
3282,PRN03281,marcoesposito338,2022-10-08 15:30:00,12 Angry Men,4,6.5
3283,PRN03282,saraconti149,2020-09-17 10:30:00,"South Park: Bigger, Longer & Uncut",1,7.5
3284,PRN03283,matteogallo266,2027-12-05 13:00:00,Giant,1,8.5
3285,PRN03284,giorgiaromano188,2025-06-01 10:00:00,Le samouraï,3,8.5
3286,PRN03285,elenarossi121,2022-10-20 10:30:00,Le salaire de la peur,4,8.5
3287,PRN03286,giorgiacolombo297,2021-02-14 15:00:00,Lost Highway,2,7.0
3288,PRN03287,marcofontana350,2020-07-11 10:30:00,Bride of Frankenstein,3,8.0
3289,PRN03288,giuliaconti43,2019-02-12 16:00:00,Dead Poets Society,3,7.5
3290,PRN03289,annarossi309,2021-06-15 10:00:00,Vizontele,2,7.0
3291,PRN03290,giorgiarossi264,2019-11-20 10:30:00,Fight Club,3,7.5
3292,PRN03291,marcoferrari141,2024-08-16 14:30:00,Cape Fear,4,7.5
3293,PRN03292,chiaramarino388,2021-01-22 13:00:00,The Peanut Butter Falcon,1,8.0
3294,PRN03293,giorgiaverdi343,2018-09-24 17:30:00,Rocky,4,8.5
3295,PRN03294,lucaricci3,2023-09-16 10:30:00,Das Boot,2,6.5
3296,PRN03295,paolorossi142,2024-07-11 13:30:00,Key Largo,3,7.5
3297,PRN03296,saragreco238,2026-11-28 16:30:00,Shrek,4,7.0
3298,PRN03297,lucacolombo85,2019-10-19 10:00:00,Naked,2,7.5
3299,PRN03298,marcorusso392,2025-05-20 10:00:00,Edward Scissorhands,3,7.5
3300,PRN03299,matteoesposito303,2024-10-21 12:30:00,Le samouraï,1,7.5
3301,PRN03300,andreaverdi202,2018-12-09 18:30:00,God's Own Country,4,9.5
3302,PRN03301,marcobruno368,2021-05-28 13:00:00,True Romance,4,6.5
3303,PRN03302,giuliarusso301,2025-03-09 17:00:00,Viskningar och rop,1,8.0
3304,PRN03303,francescaferrari323,2021-06-03 10:00:00,Dances with Wolves,2,8.0
3305,PRN03304,elenabianchi258,2023-07-30 16:00:00,Ikiru,4,6.5
3306,PRN03305,elenaricci306,2019-03-09 10:30:00,Beauty and the Beast,2,7.0
3307,PRN03306,giorgiaromano243,2018-07-19 10:30:00,Hell or High Water,2,8.0
3308,PRN03307,lucacolombo318,2021-01-11 10:30:00,Marriage Story,1,8.0
3309,PRN03308,annarossi309,2025-08-11 10:30:00,Full Metal Jacket,2,7.0
3310,PRN03309,davideconti263,2022-05-14 13:30:00,Twelve Monkeys,1,7.5
3311,PRN03310,paolorusso198,2026-01-26 12:30:00,Wait Until Dark,4,7.5
3312,PRN03311,matteobianchi193,2019-03-24 17:30:00,Rushmore,2,6.5
3313,PRN03312,francescaferrari54,2020-06-13 13:00:00,Der Name der Rose,1,6.5
3314,PRN03313,giuliamarino386,2026-07-15 16:30:00,Rebecca,3,7.0
3315,PRN03314,lucagallo240,2027-08-27 10:30:00,The Treasure of the Sierra Madre,4,7.0
3316,PRN03315,davidegallo382,2026-07-23 13:00:00,On the Waterfront,3,6.5
3317,PRN03316,chiaragallo69,2022-04-22 12:30:00,"Shin seiki Evangelion Gekijô-ban: Air/Magokoro wo, kimi ni",2,8.0
3318,PRN03317,chiarabianchi230,2026-02-06 10:30:00,Les yeux sans visage,1,8.5
3319,PRN03318,lucarossi49,2022-02-26 10:30:00,Sabrina,2,6.5
3320,PRN03319,annarusso65,2022-01-24 14:30:00,28 Days Later...,1,7.0
3321,PRN03320,paolorossi328,2021-09-10 16:30:00,The Muppet Movie,3,7.0
3322,PRN03321,paolorusso252,2020-02-05 13:30:00,A Clockwork Orange,1,7.5
3323,PRN03322,andreabruno171,2026-08-27 15:30:00,Blood Diamond,1,6.5
3324,PRN03323,lucacolombo318,2018-07-06 12:30:00,Nuovo Cinema Paradiso,3,8.0
3325,PRN03324,davidegreco109,2027-04-10 10:00:00,Lagaan: Once Upon a Time in India,2,8.5
3326,PRN03325,lauragreco336,2027-09-21 10:00:00,The Lives of Others,3,6.5
3327,PRN03326,marcoverdi184,2024-02-27 10:30:00,Serpico,4,8.0
3328,PRN03327,sararomano58,2022-07-02 10:30:00,Misery,1,7.5
3329,PRN03328,giorgiagreco57,2024-08-02 13:00:00,"Il buono, il brutto, il cattivo",3,8.0
3330,PRN03329,andreagallo112,2022-05-14 13:30:00,Twelve Monkeys,1,7.5
3331,PRN03330,matteobruno127,2025-06-08 10:30:00,The General,4,8.0
3332,PRN03331,paoloconti272,2022-07-09 16:30:00,Fiddler on the Roof,1,7.0
3333,PRN03332,elenagreco283,2026-06-30 16:00:00,Jungfrukällan,3,7.5
3334,PRN03333,marcogreco168,2023-12-21 10:30:00,Full Metal Jacket,4,8.5
3335,PRN03334,lucaverdi41,2024-05-29 10:30:00,Forrest Gump,2,8.5
3336,PRN03335,annaverdi162,2024-09-28 18:30:00,Enter the Dragon,4,10.0
3337,PRN03336,chiararusso126,2024-09-08 16:00:00,Pulp Fiction,4,8.5
3338,PRN03337,simoneconti223,2020-03-15 10:30:00,The Adventures of Robin Hood,3,7.0
3339,PRN03338,chiaramarino32,2022-11-12 13:30:00,The Invisible Man,3,8.5
3340,PRN03339,andreabruno171,2026-07-01 10:00:00,À bout de souffle,1,7.5
3341,PRN03340,lauraricci203,2019-12-19 13:00:00,The Princess Bride,2,7.5
3342,PRN03341,francescaferrari54,2020-08-17 10:30:00,Dancer in the Dark,2,7.0
3343,PRN03342,chiararomano21,2022-02-07 10:30:00,A Few Good Men,1,7.0
3344,PRN03343,matteobruno127,2025-01-19 18:00:00,Gongdong gyeongbi guyeok JSA,3,8.5
3345,PRN03344,simonebruno314,2021-01-08 17:30:00,Sunrise: A Song of Two Humans,3,7.0
3346,PRN03345,matteorusso178,2022-10-28 10:00:00,His Girl Friday,2,6.5
3347,PRN03346,davideverdi333,2019-05-14 15:30:00,The Blues Brothers,1,7.0
3348,PRN03347,andrearicci268,2023-05-09 10:00:00,Dazed and Confused,3,6.5
3349,PRN03348,sarabruno290,2018-01-29 10:30:00,Koe no katachi,2,7.5
3350,PRN03349,elenabruno250,2023-03-07 16:30:00,Amores perros,3,8.0
3351,PRN03350,davidericci308,2027-02-09 10:00:00,One Flew Over the Cuckoo's Nest,4,8.0
3352,PRN03351,paoloferrari140,2021-02-13 10:00:00,"Aguirre, der Zorn Gottes",2,7.5
3353,PRN03352,saramarino359,2018-11-08 10:00:00,"Shin seiki Evangelion Gekijô-ban: Air/Magokoro wo, kimi ni",3,8.0
3354,PRN03353,lucabruno296,2020-06-25 10:00:00,Bride of Frankenstein,3,8.0
3355,PRN03354,davideconti235,2018-07-15 13:00:00,Star Wars: Episode V - The Empire Strikes Back,4,7.5
3356,PRN03355,elenagreco165,2024-01-25 12:30:00,The Last Picture Show,2,7.0
3357,PRN03356,annaricci145,2020-10-08 10:30:00,A Few Good Men,3,8.5
3358,PRN03357,paoloconti272,2025-05-17 10:00:00,Happiness,3,8.5
3359,PRN03358,marcorusso392,2020-03-23 13:30:00,Mr. Smith Goes to Washington,1,7.5
3360,PRN03359,simoneconti244,2020-02-18 13:00:00,Les quatre cents coups,4,8.0
3361,PRN03360,matteofontana216,2019-05-04 16:00:00,The Last Emperor,3,8.0
3362,PRN03361,saramarino261,2021-03-25 12:00:00,The French Connection,1,8.5
3363,PRN03362,giorgiagallo356,2023-03-24 14:30:00,Jules et Jim,1,6.5
3364,PRN03363,annabianchi122,2023-12-06 13:30:00,A Night at the Opera,2,6.5
3365,PRN03364,chiararusso103,2026-08-16 13:30:00,Zwartboek,3,8.5
3366,PRN03365,sarabruno220,2018-07-12 10:00:00,Star Wars,4,6.5
3367,PRN03366,annafontana274,2025-09-24 10:30:00,The Lady Vanishes,2,7.0
3368,PRN03367,giuliaesposito73,2018-05-06 16:30:00,Sweet Smell of Success,4,8.0
3369,PRN03368,lauracolombo195,2019-01-20 19:30:00,The Grapes of Wrath,2,10.0
3370,PRN03369,andrearicci268,2018-04-21 15:00:00,Miller's Crossing,2,7.5
3371,PRN03370,annagallo276,2021-10-09 21:00:00,Kaze no tani no Naushika,1,10.0
3372,PRN03371,lucaconti18,2023-06-19 10:30:00,The Green Mile,3,6.5
3373,PRN03372,chiaramarino32,2019-10-08 10:30:00,La double vie de Véronique,2,8.0
3374,PRN03373,giuliagallo138,2022-11-01 10:00:00,Falling Down,1,8.5
3375,PRN03374,annarusso132,2019-01-21 13:30:00,The Matrix,1,8.0
3376,PRN03375,marcogallo391,2022-05-06 13:00:00,Dom za vesanje,1,8.5
3377,PRN03376,chiarafontana393,2020-09-29 10:30:00,Uri: The Surgical Strike,4,8.0
3378,PRN03377,simoneconti244,2024-06-16 15:30:00,The Shop Around the Corner,3,8.0
3379,PRN03378,matteomarino144,2026-02-20 10:00:00,Stalker,1,6.5
3380,PRN03379,giorgiabianchi136,2019-04-20 10:00:00,Cabaret,3,8.5
3381,PRN03380,chiararossi52,2022-10-20 10:30:00,Le salaire de la peur,4,8.5
3382,PRN03381,chiararicci77,2024-07-24 13:00:00,Dilwale Dulhania Le Jayenge,1,8.0
3383,PRN03382,lucagallo201,2025-07-25 10:30:00,Anand,3,8.5
3384,PRN03383,annarossi309,2023-11-23 10:00:00,Shichinin no samurai,2,7.0
3385,PRN03384,chiarabruno196,2023-08-07 10:30:00,Salinui chueok,1,7.0
3386,PRN03385,matteoesposito236,2026-01-16 13:00:00,Withnail & I,3,8.0
3387,PRN03386,giorgiagreco299,2027-08-22 14:00:00,The Others,2,7.5
3388,PRN03387,simonerossi10,2027-09-29 10:00:00,The Lives of Others,1,8.0
3389,PRN03388,saramarino359,2025-04-06 12:30:00,Predator,4,8.0
3390,PRN03389,giorgiarusso241,2027-05-20 13:00:00,Tropa de Elite,2,7.0
3391,PRN03390,simonefontana102,2020-04-11 16:00:00,Annie Hall,1,7.5
3392,PRN03391,marcoromano27,2020-04-25 12:00:00,Toy Story,4,7.0
3393,PRN03392,saragallo200,2026-09-25 13:00:00,Brief Encounter,2,7.0
3394,PRN03393,davidericci308,2023-10-09 13:00:00,Monty Python and the Holy Grail,2,7.0
3395,PRN03394,saramarino359,2021-11-22 16:30:00,Ferris Bueller's Day Off,2,8.5
3396,PRN03395,lucaricci233,2027-04-27 10:30:00,Cowboy Bebop: Tengoku no tobira,4,6.5
3397,PRN03396,lucacolombo344,2018-03-23 15:00:00,Ayla: The Daughter of War,1,8.5
3398,PRN03397,giorgiafontana222,2025-03-27 16:30:00,The Odd Couple,1,7.0
3399,PRN03398,chiarafontana393,2022-08-06 10:00:00,Kind Hearts and Coronets,4,7.5
3400,PRN03399,lucagallo201,2026-07-23 13:00:00,On the Waterfront,3,6.5
3401,PRN03400,simonebruno251,2022-01-09 18:30:00,Rosemary's Baby,1,10.0
3402,PRN03401,marcorossi260,2019-10-20 18:30:00,Ben-Hur,4,8.5
3403,PRN03402,chiararusso33,2026-03-24 10:30:00,Pride & Prejudice,2,7.5
3404,PRN03403,simoneromano190,2023-12-14 15:00:00,28 Days Later...,1,8.0
3405,PRN03404,lucarossi45,2019-04-29 10:30:00,Amadeus,3,7.0
3406,PRN03405,francescaromano120,2022-12-20 10:00:00,Delicatessen,4,7.5
3407,PRN03406,davidebruno0,2026-04-05 10:00:00,Sen to Chihiro no kamikakushi,1,8.5
3408,PRN03407,simoneromano190,2020-02-23 10:00:00,La vita è bella,3,7.5
3409,PRN03408,elenabianchi258,2027-06-05 10:30:00,Stand by Me,4,7.0
3410,PRN03409,giorgiafontana222,2021-05-31 12:30:00,Night on Earth,1,8.0
3411,PRN03410,simoneverdi205,2026-09-27 10:00:00,Brief Encounter,4,8.0
3412,PRN03411,chiaragallo69,2026-06-18 14:00:00,Strangers on a Train,2,6.5
3413,PRN03412,annabianchi122,2018-06-09 10:00:00,Hiroshima mon amour,1,8.5
3414,PRN03413,annaricci145,2021-04-28 16:30:00,Trois couleurs: Blanc,3,7.0
3415,PRN03414,andreamarino106,2027-04-10 17:30:00,Persepolis,3,8.5
3416,PRN03415,chiaraverdi4,2021-02-21 20:00:00,Snatch,3,10.0
3417,PRN03416,matteocolombo229,2022-10-20 10:30:00,Le salaire de la peur,3,8.5
3418,PRN03417,andreacolombo295,2018-11-21 10:00:00,Amarcord,4,7.0
3419,PRN03418,annamarino242,2019-01-04 16:30:00,Mononoke-hime,3,6.5
3420,PRN03419,giuliamarino386,2027-04-04 13:00:00,Star Wars,2,6.5
3421,PRN03420,davideconti62,2018-03-22 13:30:00,Sing Street,1,8.5
3422,PRN03421,alessiocolombo176,2026-05-02 10:30:00,The Iron Giant,2,8.0
3423,PRN03422,elenaverdi270,2020-10-12 10:30:00,M - Eine Stadt sucht einen Mörder,1,8.0
3424,PRN03423,chiararusso33,2020-12-16 15:00:00,Todo sobre mi madre,4,7.0
3425,PRN03424,annacolombo123,2020-01-31 10:00:00,Dom za vesanje,1,6.5
3426,PRN03425,giuliamarino386,2027-11-28 13:00:00,The Blues Brothers,3,8.0
3427,PRN03426,lauraricci225,2018-11-25 19:00:00,Paths of Glory,1,10.0
3428,PRN03427,elenamarino111,2025-12-16 13:00:00,High Noon,3,7.0
3429,PRN03428,elenarossi121,2027-07-10 10:00:00,Happiness,3,8.0
3430,PRN03429,giorgiaverdi349,2020-06-26 13:30:00,Bringing Up Baby,4,8.0
3431,PRN03430,alessioesposito209,2020-03-19 10:30:00,The Lion in Winter,3,7.5
3432,PRN03431,andrearicci95,2019-02-10 13:30:00,All About Eve,3,8.5
3433,PRN03432,marcoconti246,2026-10-04 13:00:00,Die Hard,2,8.5
3434,PRN03433,elenaesposito163,2021-06-19 12:30:00,Scarface: The Shame of the Nation,1,8.5
3435,PRN03434,chiarabruno370,2025-12-15 10:00:00,The Fugitive,3,6.5
3436,PRN03435,saracolombo183,2018-03-15 13:30:00,Kimi no na wa.,2,7.0
3437,PRN03436,paolofontana378,2018-02-18 10:30:00,Sing Street,4,6.5
3438,PRN03437,francescarossi305,2022-05-20 10:30:00,The Fifth Element,2,8.5
3439,PRN03438,elenaesposito163,2025-01-27 16:30:00,The Magnificent Seven,1,8.5
3440,PRN03439,annagallo276,2023-07-08 13:30:00,The Last of the Mohicans,3,7.5
3441,PRN03440,paolofontana214,2018-08-23 10:30:00,A Night at the Opera,2,8.0
3442,PRN03441,simonecolombo366,2020-02-22 17:00:00,L.A. Confidential,4,6.5
3443,PRN03442,chiaraconti91,2021-07-23 12:30:00,Witness for the Prosecution,4,8.0
3444,PRN03443,marcogallo108,2024-09-08 13:00:00,The Bourne Identity,1,7.0
3445,PRN03444,paologreco28,2021-07-02 13:00:00,Ford v Ferrari,3,8.0
3446,PRN03445,davidegreco109,2019-06-16 10:30:00,The Wizard of Oz,4,7.0
3447,PRN03446,annaricci145,2019-02-10 19:30:00,Sleuth,1,8.5
3448,PRN03447,chiaraverdi4,2024-07-27 17:00:00,Raiders of the Lost Ark,2,7.5
3449,PRN03448,elenarossi121,2024-02-25 19:00:00,The Others,1,9.0
3450,PRN03449,elenabianchi387,2027-05-22 10:30:00,Snatch,2,7.0
3451,PRN03450,francescagreco81,2021-04-10 16:00:00,The Trial of the Chicago 7,2,6.5
3452,PRN03451,davideverdi47,2022-07-16 18:00:00,The Elephant Man,3,9.5
3453,PRN03452,chiararusso103,2021-02-03 10:30:00,The Jungle Book,3,7.5
3454,PRN03453,simonebruno314,2022-06-16 10:30:00,The Sixth Sense,3,8.0
3455,PRN03454,elenagallo38,2022-10-15 10:00:00,Miller's Crossing,1,6.5
3456,PRN03455,andrearicci197,2021-03-09 10:00:00,E.T. the Extra-Terrestrial,1,7.5
3457,PRN03456,annamarino199,2020-10-20 10:30:00,In the Name of the Father,4,7.0
3458,PRN03457,davidebianchi29,2024-04-13 19:00:00,Tenkû no shiro Rapyuta,1,9.0
3459,PRN03458,andreaconti358,2018-06-25 10:30:00,Ikiru,4,7.5
3460,PRN03459,annacolombo278,2026-05-26 16:30:00,The Treasure of the Sierra Madre,1,8.0
3461,PRN03460,matteoesposito303,2020-12-19 10:30:00,Saving Private Ryan,2,7.0
3462,PRN03461,simonegreco367,2027-12-11 10:00:00,Eastern Promises,4,6.5
3463,PRN03462,lucacolombo85,2020-03-28 17:00:00,Blade Runner,1,7.0
3464,PRN03463,simonebruno281,2022-02-11 10:00:00,True Romance,1,6.5
3465,PRN03464,francescarusso159,2024-05-25 13:00:00,Finding Nemo,2,6.5
3466,PRN03465,andreafontana329,2019-12-22 20:30:00,Green Book,2,9.5
3467,PRN03466,annarusso132,2023-11-28 13:00:00,Kumonosu-jô,4,8.5
3468,PRN03467,elenagreco165,2027-11-26 10:30:00,Sin City,2,6.5
3469,PRN03468,lauragreco336,2024-10-13 10:30:00,The Butterfly Effect,3,6.5
3470,PRN03469,elenabruno207,2023-02-02 10:00:00,The Naked Gun: From the Files of Police Squad!,3,8.0
3471,PRN03470,sarabruno290,2019-07-20 19:30:00,Once Upon a Time in America,2,9.0
3472,PRN03471,annarusso65,2024-09-13 12:30:00,The Grapes of Wrath,3,8.0
3473,PRN03472,elenabruno207,2024-08-24 15:30:00,Hotel Rwanda,4,8.0
3474,PRN03473,matteoesposito351,2020-01-09 14:00:00,Mad Max 2,2,6.5
3475,PRN03474,andreacolombo295,2024-11-15 10:30:00,Mulan,2,7.5
3476,PRN03475,francescaromano348,2027-06-28 13:00:00,Sleepers,1,7.0
3477,PRN03476,chiararicci245,2025-11-08 10:00:00,Indiana Jones and the Last Crusade,4,8.5
3478,PRN03477,paolorusso252,2020-10-06 10:30:00,Dil Bechara,1,7.0
3479,PRN03478,chiararusso33,2018-02-18 10:30:00,Sing Street,2,6.5
3480,PRN03479,lucaconti384,2025-08-21 10:00:00,American Beauty,4,7.5
3481,PRN03480,annarusso65,2023-05-11 10:00:00,"Il buono, il brutto, il cattivo",2,8.0
3482,PRN03481,paolobruno307,2022-02-15 10:00:00,Rocky,2,8.0
3483,PRN03482,simonegreco310,2027-08-06 10:00:00,Sen to Chihiro no kamikakushi,1,7.5
3484,PRN03483,elenaconti346,2024-07-14 15:00:00,Key Largo,1,8.5
3485,PRN03484,andreagallo97,2027-08-15 10:30:00,Sholay,3,6.5
3486,PRN03485,lauraromano137,2020-11-29 15:30:00,The Breakfast Club,1,8.0
3487,PRN03486,marcorusso99,2025-05-17 10:00:00,Happiness,2,8.5
3488,PRN03487,giorgiagreco325,2020-01-23 18:30:00,Bonnie and Clyde,4,9.0
3489,PRN03488,paoloferrari140,2025-01-25 17:00:00,Twelve Monkeys,2,6.5
3490,PRN03489,chiaragallo69,2023-10-22 15:30:00,Boyz n the Hood,1,8.5
3491,PRN03490,lucaromano249,2023-10-18 10:30:00,The Ladykillers,1,8.5
3492,PRN03491,annafontana274,2024-03-08 10:00:00,The General,1,6.5
3493,PRN03492,marcorossi260,2019-05-13 15:00:00,Stalag 17,2,8.0
3494,PRN03493,elenarossi121,2019-09-08 10:30:00,Gone with the Wind,1,7.5
3495,PRN03494,alessiocolombo148,2018-08-11 12:00:00,Judgment at Nuremberg,1,7.5
3496,PRN03495,elenafontana294,2023-02-15 10:30:00,Happiness,2,7.0
3497,PRN03496,davideverdi47,2021-12-18 13:30:00,The Straight Story,3,8.5
3498,PRN03497,francescagallo330,2021-06-16 12:00:00,Brief Encounter,2,7.0
3499,PRN03498,marcoromano27,2019-08-17 10:30:00,Dead Poets Society,2,8.0
3500,PRN03499,francescagreco289,2025-03-27 16:30:00,The Odd Couple,4,7.0
3501,PRN03500,simonefontana253,2026-12-24 10:00:00,The Little Mermaid,4,7.5
3502,PRN03501,simonebruno314,2020-05-29 14:30:00,Sanjuro,1,8.5
3503,PRN03502,matteorusso178,2019-02-04 10:00:00,Le locataire,1,7.0
3504,PRN03503,giuliafontana204,2023-11-20 10:30:00,Do lok tin si,1,6.5
3505,PRN03504,alessiocolombo17,2026-07-18 15:00:00,À bout de souffle,1,8.5
3506,PRN03505,davidericci60,2023-08-17 10:00:00,Out of the Past,2,6.5
3507,PRN03506,matteoesposito236,2018-12-09 10:30:00,A Star Is Born,3,6.5
3508,PRN03507,alessiobruno365,2022-11-24 13:30:00,Ben-Hur,2,7.5
3509,PRN03508,elenacolombo12,2019-07-15 10:30:00,The Quiet Man,1,8.5
3510,PRN03509,marcocolombo152,2019-06-23 16:00:00,Night on Earth,1,8.5
3511,PRN03510,alessiocolombo64,2027-06-15 12:30:00,The Thin Red Line,2,7.0
3512,PRN03511,marcoverdi184,2021-10-17 10:00:00,Das Experiment,4,7.0
3513,PRN03512,annabruno44,2021-10-15 13:00:00,The Breakfast Club,3,7.0
3514,PRN03513,annaverdi162,2022-10-08 10:00:00,Kind Hearts and Coronets,1,8.5
3515,PRN03514,giorgiacolombo297,2024-10-30 10:00:00,Almost Famous,2,8.5
3516,PRN03515,giorgiaconti86,2018-03-28 10:00:00,Tôkyô monogatari,2,8.0
3517,PRN03516,lauracolombo7,2022-01-16 12:30:00,The Great Dictator,1,6.5
3518,PRN03517,marcofontana369,2018-01-20 15:00:00,Dog Day Afternoon,3,6.5
3519,PRN03518,lauragreco336,2026-08-13 13:30:00,Doctor Zhivago,1,8.5
3520,PRN03519,alessiobruno20,2018-08-26 12:30:00,Scent of a Woman,3,6.5
3521,PRN03520,lauraconti118,2022-07-28 10:30:00,La dolce vita,3,7.0
3522,PRN03521,annaricci275,2024-05-26 13:30:00,Fight Club,3,8.5
3523,PRN03522,annafontana274,2020-01-25 16:00:00,The Matrix,1,7.0
3524,PRN03523,annaricci145,2019-06-22 15:30:00,Trois couleurs: Blanc,2,8.0
3525,PRN03524,saraconti149,2022-10-26 13:00:00,The Hustler,4,8.0
3526,PRN03525,marcoconti246,2026-01-15 16:00:00,Office Space,1,8.5
3527,PRN03526,annaferrari37,2025-01-08 16:00:00,All About Eve,3,7.5
3528,PRN03527,sarabianchi128,2019-09-12 13:00:00,La Strada,4,7.0
3529,PRN03528,paolorossi328,2027-06-04 13:00:00,Escape from Alcatraz,1,7.5
3530,PRN03529,lauraromano137,2025-06-16 10:00:00,The Iron Giant,3,7.0
3531,PRN03530,elenagreco228,2019-12-09 13:00:00,Zulu,1,7.0
3532,PRN03531,matteorusso178,2022-09-30 10:00:00,Do lok tin si,3,6.5
3533,PRN03532,lauraferrari87,2025-05-01 16:00:00,Amélie,4,7.0
3534,PRN03533,giuliaverdi354,2023-12-02 18:00:00,"O Brother, Where Art Thou?",3,9.0
3535,PRN03534,elenaconti346,2021-02-22 13:00:00,Rebecca,2,7.0
3536,PRN03535,lucamarino173,2027-08-14 13:00:00,Fitzcarraldo,4,8.5
3537,PRN03536,alessioverdi194,2026-06-05 13:00:00,Metropolis,4,7.0
3538,PRN03537,matteoesposito236,2021-02-12 10:00:00,Rope,1,7.5
3539,PRN03538,chiararomano101,2023-08-26 16:30:00,Finding Nemo,3,6.5
3540,PRN03539,matteoesposito303,2020-04-23 10:30:00,Die Hard: With a Vengeance,1,7.5
3541,PRN03540,annacolombo278,2027-11-27 20:00:00,Cool Hand Luke,4,10.0
3542,PRN03541,lucaconti262,2018-10-13 19:30:00,Days of Heaven,1,8.5
3543,PRN03542,sararicci389,2020-10-29 16:00:00,Kramer vs. Kramer,1,8.0
3544,PRN03543,simonebruno130,2023-07-31 15:30:00,Ikiru,3,7.5
3545,PRN03544,marcobruno368,2018-12-23 10:30:00,The Untouchables,4,7.0
3546,PRN03545,giorgiarossi264,2023-09-28 12:30:00,Kagemusha,4,7.5
3547,PRN03546,lucaconti262,2021-04-01 10:00:00,Remember the Titans,3,7.0
3548,PRN03547,saramarino261,2025-11-28 10:00:00,East of Eden,1,8.5
3549,PRN03548,simoneconti244,2024-01-13 10:00:00,Ace in the Hole,4,6.5
3550,PRN03549,lucacolombo344,2021-01-24 15:00:00,Office Space,1,8.0
3551,PRN03550,lucagallo240,2025-01-25 13:00:00,Barry Lyndon,2,6.5
3552,PRN03551,annaricci364,2020-09-12 13:30:00,Shadow of a Doubt,4,7.0
3553,PRN03552,chiarafontana76,2023-03-29 12:30:00,Kagemusha,3,8.0
3554,PRN03553,saragreco238,2020-01-26 10:00:00,The Matrix,1,8.0
3555,PRN03554,simonebruno130,2026-02-14 10:30:00,Viskningar och rop,1,8.5
3556,PRN03555,giorgiaverdi131,2018-06-02 10:30:00,Crimes and Misdemeanors,2,8.0
3557,PRN03556,alessioesposito209,2024-09-02 13:30:00,The Grapes of Wrath,2,8.5
3558,PRN03557,giorgiagreco325,2020-08-07 13:30:00,Scarface: The Shame of the Nation,1,7.0
3559,PRN03558,simoneromano190,2018-04-27 10:30:00,Jaws,3,8.0
3560,PRN03559,lauraricci135,2020-10-31 16:30:00,The Princess Bride,1,8.5
3561,PRN03560,giorgiaverdi291,2026-07-23 13:00:00,On the Waterfront,3,6.5
3562,PRN03561,alessioverdi194,2022-03-27 13:30:00,Idi i smotri,4,7.5
3563,PRN03562,giorgiaferrari34,2023-09-07 16:00:00,The Ladykillers,3,6.5
3564,PRN03563,chiaragallo69,2025-12-04 18:00:00,Minority Report,2,9.5
3565,PRN03564,alessiobruno365,2025-10-25 10:00:00,Kelly's Heroes,1,8.5
3566,PRN03565,giuliabianchi181,2026-06-06 16:00:00,The Muppet Christmas Carol,2,8.5
3567,PRN03566,davidebianchi174,2018-03-18 15:00:00,To Be or Not to Be,3,8.0
3568,PRN03567,davideverdi47,2018-07-30 13:00:00,Judgment at Nuremberg,4,8.0
3569,PRN03568,giorgiabianchi39,2024-02-20 10:00:00,Zelig,4,7.5
3570,PRN03569,simonebianchi315,2027-01-18 13:30:00,The Notebook,2,7.0
3571,PRN03570,lucafontana399,2026-08-09 10:30:00,Das Cabinet des Dr. Caligari,2,8.0
3572,PRN03571,elenagreco165,2021-05-16 12:30:00,The Princess Bride,2,8.0
3573,PRN03572,lucagallo240,2027-04-10 10:00:00,Lagaan: Once Upon a Time in India,2,8.5
3574,PRN03573,paoloromano219,2024-05-28 10:00:00,Touch of Evil,2,8.0
3575,PRN03574,andreagallo71,2019-09-29 13:30:00,La Strada,4,7.0
3576,PRN03575,matteomarino24,2024-07-05 10:00:00,Rio Bravo,1,8.0
3577,PRN03576,andreagallo112,2023-08-26 10:00:00,"Paris, Texas",2,7.0
3578,PRN03577,andreabianchi232,2023-01-23 10:30:00,Dirty Harry,1,8.0
3579,PRN03578,giuliafontana74,2026-03-28 13:00:00,The General,1,8.0
3580,PRN03579,elenabruno207,2021-01-03 10:30:00,October Sky,1,7.5
3581,PRN03580,chiararossi53,2018-06-02 10:30:00,Crimes and Misdemeanors,3,8.0
3582,PRN03581,saraverdi1,2020-01-07 10:30:00,Avengers: Infinity War,4,7.5
3583,PRN03582,andrearicci332,2025-09-28 10:30:00,The Conversation,1,7.5
3584,PRN03583,saracolombo183,2020-09-05 12:30:00,Mission: Impossible - Fallout,4,8.0
3585,PRN03584,paoloferrari140,2020-11-01 10:00:00,Glory,1,8.5
3586,PRN03585,matteoromano221,2027-04-16 10:00:00,Seppuku,1,6.5
3587,PRN03586,matteocolombo229,2025-06-07 12:30:00,Ying xiong,3,8.5
3588,PRN03587,simoneverdi205,2023-06-11 13:00:00,Manhattan,1,6.5
3589,PRN03588,davideferrari63,2019-03-30 16:00:00,Harvey,2,8.0
3590,PRN03589,matteocolombo229,2022-12-04 16:00:00,Enter the Dragon,2,7.5
3591,PRN03590,marcogallo108,2026-11-19 10:00:00,Gilda,1,7.5
3592,PRN03591,marcogallo391,2020-08-13 12:30:00,Sense and Sensibility,2,8.5
3593,PRN03592,marcobruno368,2027-01-25 10:00:00,The Notebook,1,6.5
3594,PRN03593,giuliaferrari50,2027-12-21 10:00:00,Blue Velvet,4,7.5
3595,PRN03594,lucafontana399,2018-01-27 10:00:00,Dangal,3,7.5
3596,PRN03595,giorgiaverdi343,2022-12-05 10:00:00,From Here to Eternity,4,7.0
3597,PRN03596,paoloromano35,2018-07-23 10:30:00,Judgment at Nuremberg,1,7.5
3598,PRN03597,giuliabianchi169,2022-11-04 14:00:00,Midnight Cowboy,2,8.5
3599,PRN03598,lauraconti340,2025-11-04 10:30:00,The Machinist,4,6.5
3600,PRN03599,annarusso65,2026-09-10 10:00:00,Once Upon a Time in the West,3,8.5
3601,PRN03600,marcoricci187,2026-10-07 10:00:00,Secrets & Lies,2,6.5
3602,PRN03601,andrearicci197,2024-12-15 12:30:00,The Outlaw Josey Wales,1,8.0
3603,PRN03602,giuliaverdi189,2021-01-28 10:00:00,Sunrise: A Song of Two Humans,4,8.0
3604,PRN03603,annaromano105,2021-02-13 18:00:00,La dolce vita,4,9.5
3605,PRN03604,sarabianchi128,2027-07-10 10:00:00,Happiness,1,8.0
3606,PRN03605,lucaesposito55,2021-06-13 17:30:00,Jaws,1,8.5
3607,PRN03606,francescaromano120,2018-04-19 16:00:00,The Innocents,1,7.0
3608,PRN03607,lucarossi49,2020-06-05 16:30:00,Ferris Bueller's Day Off,2,7.5
3609,PRN03608,giuliabruno316,2023-05-02 13:30:00,Rosemary's Baby,1,7.5
3610,PRN03609,paolofontana214,2022-07-02 15:30:00,Misery,4,6.5
3611,PRN03610,lucabruno269,2020-04-04 16:30:00,White Heat,2,7.5
3612,PRN03611,lauracolombo7,2025-02-02 16:00:00,Training Day,3,6.5
3613,PRN03612,lucagallo191,2018-07-06 10:00:00,Smultronstället,3,6.5
3614,PRN03613,marcofontana51,2023-05-09 10:00:00,Dazed and Confused,4,6.5
3615,PRN03614,lucamarino208,2021-08-01 12:30:00,Indiana Jones and the Last Crusade,1,6.5
3616,PRN03615,paoloverdi179,2024-11-02 10:30:00,Dip huet seung hung,2,7.5
3617,PRN03616,sararicci389,2025-01-19 13:30:00,Au revoir les enfants,4,8.5
3618,PRN03617,paoloromano219,2027-08-15 18:00:00,The Killing Fields,4,9.0
3619,PRN03618,saracolombo183,2023-10-23 10:00:00,Duck Soup,1,8.0
3620,PRN03619,matteorusso178,2021-12-31 16:00:00,True Romance,1,7.5
3621,PRN03620,lucaconti256,2020-01-12 14:00:00,Ford v Ferrari,1,8.5
3622,PRN03621,annaricci275,2020-05-29 14:30:00,Sanjuro,2,8.5
3623,PRN03622,elenabianchi387,2018-10-28 17:00:00,Watership Down,3,8.0
3624,PRN03623,giuliafontana74,2025-10-21 10:30:00,On Golden Pond,2,7.5
3625,PRN03624,saramarino359,2025-06-01 12:30:00,The Untouchables,3,8.0
3626,PRN03625,matteoesposito303,2020-09-01 10:30:00,A Few Good Men,3,8.0
3627,PRN03626,giorgiagreco210,2024-12-09 10:30:00,Midnight Cowboy,3,8.0
3628,PRN03627,giorgiarusso241,2025-05-22 10:00:00,Happiness,2,7.5
3629,PRN03628,elenagreco228,2018-11-25 10:30:00,Amarcord,3,8.0
3630,PRN03629,simonebianchi315,2021-11-16 12:30:00,Blowup,1,8.0
3631,PRN03630,chiaraconti371,2027-11-07 15:00:00,Sherlock Jr.,4,6.5
3632,PRN03631,francescafontana257,2021-11-20 16:00:00,Höstsonaten,3,7.0
3633,PRN03632,davideromano166,2024-02-05 15:30:00,Batman: Mask of the Phantasm,1,6.5
3634,PRN03633,marcorusso392,2026-09-26 10:00:00,The Night of the Hunter,2,7.0
3635,PRN03634,marcoromano27,2026-03-22 15:30:00,The Lord of the Rings: The Return of the King,3,7.5
3636,PRN03635,giuliaromano327,2024-12-09 13:30:00,Die Hard,4,7.0
3637,PRN03636,lucacolombo85,2022-05-14 16:30:00,Dom za vesanje,2,6.5
3638,PRN03637,simonerossi331,2021-09-08 13:30:00,The Purple Rose of Cairo,4,7.0
3639,PRN03638,elenaconti346,2021-01-16 13:00:00,Andrei Rublev,2,6.5
3640,PRN03639,chiarafontana76,2026-03-14 19:30:00,Do the Right Thing,2,10.0
3641,PRN03640,giorgiarusso241,2026-03-12 10:30:00,La leggenda del pianista sull'oceano,3,6.5
3642,PRN03641,paoloromano271,2023-11-02 15:00:00,Die Hard: With a Vengeance,3,8.0
3643,PRN03642,elenabianchi96,2027-04-17 16:30:00,La haine,1,8.0
3644,PRN03643,marcomarino115,2026-11-10 10:00:00,The Station Agent,1,6.5
3645,PRN03644,giuliafontana204,2018-02-04 13:00:00,Dangal,2,8.5
3646,PRN03645,marcoverdi184,2019-12-21 12:30:00,Casino,1,8.5
3647,PRN03646,alessiomarino288,2024-06-15 10:00:00,Trois couleurs: Rouge,2,8.0
3648,PRN03647,laurafontana345,2026-09-08 13:00:00,Yeopgijeogin geunyeo,2,6.5
3649,PRN03648,chiaraferrari311,2020-07-04 10:30:00,Der Name der Rose,4,7.0
3650,PRN03649,francescarusso159,2019-02-27 13:00:00,Todo sobre mi madre,2,8.5
3651,PRN03650,davidericci308,2023-09-02 12:30:00,The Elephant Man,1,8.5
3652,PRN03651,sararicci389,2025-11-10 12:30:00,Crash,4,7.5
3653,PRN03652,andrearicci332,2018-06-21 13:30:00,Crimes and Misdemeanors,4,7.5
3654,PRN03653,francescaromano300,2019-04-06 16:30:00,The Kid,4,8.0
3655,PRN03654,lucabruno277,2022-05-11 16:00:00,Peeping Tom,2,7.0
3656,PRN03655,davidebianchi174,2020-03-08 10:30:00,L.A. Confidential,2,7.0
3657,PRN03656,lauragreco336,2020-07-22 10:30:00,Kaze no tani no Naushika,1,6.5
3658,PRN03657,andreacolombo347,2026-08-31 12:00:00,Stalker,4,7.5
3659,PRN03658,andreacolombo376,2021-10-30 10:30:00,Reservoir Dogs,2,8.5
3660,PRN03659,lucamarino312,2025-10-11 10:00:00,Titanic,2,7.5
3661,PRN03660,davidegreco109,2023-10-28 12:30:00,Boyz n the Hood,2,6.5
3662,PRN03661,saramarino261,2023-05-05 13:00:00,Lola rennt,2,6.5
3663,PRN03662,saraverdi1,2024-03-10 14:30:00,Dead Man's Shoes,2,7.0
3664,PRN03663,elenagallo38,2020-11-19 10:00:00,Todo sobre mi madre,1,8.5
3665,PRN03664,lauraromano137,2019-12-30 10:30:00,A Few Good Men,2,6.5
3666,PRN03665,davidegallo382,2027-04-25 10:00:00,Kakushi-toride no san-akunin,1,8.0
3667,PRN03666,lauraverdi293,2023-08-01 10:30:00,La règle du jeu,3,7.0
3668,PRN03667,marcoromano27,2025-10-27 10:30:00,The Sound of Music,2,8.0
3669,PRN03668,lucagallo217,2022-10-16 10:00:00,Fargo,4,7.0
3670,PRN03669,paolofontana378,2022-11-21 13:00:00,Midnight Cowboy,2,7.5
3671,PRN03670,giuliagreco143,2021-03-24 13:00:00,Lifeboat,4,7.0
3672,PRN03671,davideromano22,2021-01-09 13:00:00,Cast Away,4,8.5
3673,PRN03672,lauraricci203,2024-06-21 10:00:00,Eskiya,4,6.5
3674,PRN03673,andreafontana329,2021-10-11 13:30:00,À bout de souffle,4,7.5
3675,PRN03674,lucaferrari134,2020-03-18 15:30:00,Mr. Smith Goes to Washington,2,7.5
3676,PRN03675,giuliaesposito73,2027-06-22 10:30:00,Enemy at the Gates,2,6.5
3677,PRN03676,paoloromano116,2018-03-21 10:00:00,Harold and Maude,3,8.5
3678,PRN03677,sararicci389,2025-04-26 18:30:00,Mononoke-hime,2,8.5
3679,PRN03678,alessioferrari146,2020-03-02 15:00:00,Sweet Smell of Success,2,8.0
3680,PRN03679,lauraromano137,2023-10-08 13:00:00,Dawn of the Dead,1,7.0
3681,PRN03680,lauraconti340,2020-02-16 10:30:00,Lost Highway,4,7.0
3682,PRN03681,lauraverdi90,2027-07-03 16:30:00,Stand by Me,3,6.5
3683,PRN03682,giuliabianchi169,2021-11-11 10:30:00,Andrei Rublev,1,8.0
3684,PRN03683,matteofontana216,2021-04-03 14:00:00,The Peanut Butter Falcon,1,6.5
3685,PRN03684,lucacolombo85,2018-11-29 12:30:00,Modern Times,1,7.5
3686,PRN03685,paologreco206,2023-06-09 16:00:00,Night of the Living Dead,3,6.5
3687,PRN03686,alessiobruno20,2025-05-04 10:30:00,Forrest Gump,3,8.5
3688,PRN03687,elenaricci306,2023-11-21 13:00:00,The Hurricane,2,8.5
3689,PRN03688,simonefontana102,2024-02-22 13:00:00,The Fifth Element,4,8.5
3690,PRN03689,giorgiabianchi39,2020-05-26 10:00:00,American History X,1,8.0
3691,PRN03690,matteogallo266,2021-03-13 10:30:00,Cape Fear,4,6.5
3692,PRN03691,alessiocolombo147,2019-11-25 10:00:00,Avengers: Infinity War,2,7.0
3693,PRN03692,matteofontana216,2023-09-13 10:30:00,The Sandlot,2,6.5
3694,PRN03693,giorgiagallo218,2026-06-08 10:00:00,Empire of the Sun,2,8.5
3695,PRN03694,lucagallo201,2020-07-28 10:30:00,A Few Good Men,1,7.0
3696,PRN03695,lucafontana239,2026-11-08 12:30:00,The 39 Steps,2,8.5
3697,PRN03696,francescaferrari88,2022-12-21 12:00:00,The Elephant Man,2,7.0
3698,PRN03697,saragreco238,2025-01-25 13:00:00,Barry Lyndon,4,6.5
3699,PRN03698,lauracolombo7,2020-09-09 17:30:00,The Graduate,1,7.0
3700,PRN03699,davideconti235,2018-03-03 10:00:00,To Be or Not to Be,3,8.0
3701,PRN03700,lucafontana239,2023-09-24 12:30:00,Yôjinbô,2,7.0
3702,PRN03701,saramarino261,2018-10-28 17:00:00,Watership Down,3,8.0
3703,PRN03702,elenabianchi258,2019-07-26 17:00:00,The Godfather: Part III,1,7.0
3704,PRN03703,davidebruno380,2026-09-03 10:30:00,What Ever Happened to Baby Jane?,4,8.0
3705,PRN03704,davidecolombo353,2026-11-29 13:00:00,Le charme discret de la bourgeoisie,1,7.5
3706,PRN03705,saraverdi1,2023-11-28 13:00:00,Kumonosu-jô,4,8.5
3707,PRN03706,giorgiarossi264,2027-11-27 13:30:00,The Best Years of Our Lives,2,6.5
3708,PRN03707,chiaragallo69,2027-06-06 15:30:00,La haine,1,8.0
3709,PRN03708,simonefontana36,2020-01-10 10:00:00,Casino,2,8.5
3710,PRN03709,marcogreco168,2021-02-22 16:00:00,Jûbê ninpûchô,3,8.5
3711,PRN03710,elenamarino111,2024-07-01 14:00:00,Hera Pheri,4,7.5
3712,PRN03711,giorgiaverdi361,2024-09-19 12:30:00,Dog Day Afternoon,4,7.5
3713,PRN03712,elenaricci306,2027-10-05 10:30:00,Black Hawk Down,2,8.0
3714,PRN03713,annamarino242,2019-03-15 13:00:00,Eskiya,2,7.5
3715,PRN03714,andreaconti358,2024-09-07 16:00:00,Saw,4,6.5
3716,PRN03715,giorgiabianchi136,2018-04-24 10:00:00,Lost Highway,1,7.5
3717,PRN03716,lauraferrari87,2024-04-07 16:00:00,A Night at the Opera,2,8.5
3718,PRN03717,simonefontana102,2018-01-20 18:00:00,Sing Street,4,10.0
3719,PRN03718,lauraconti340,2027-11-13 10:30:00,Platoon,2,7.5
3720,PRN03719,lauraromano137,2021-05-22 18:30:00,Amélie,3,9.5
3721,PRN03720,giorgiaromano19,2019-08-04 10:30:00,Once Upon a Time in America,3,8.0
3722,PRN03721,chiararusso398,2023-06-08 13:00:00,Lola rennt,2,7.5
3723,PRN03722,marcogallo391,2023-02-07 13:00:00,Blue Velvet,3,7.5
3724,PRN03723,annacolombo123,2026-04-17 10:30:00,Ivanovo detstvo,1,8.0
3725,PRN03724,francescaromano150,2026-09-06 12:30:00,The Night of the Hunter,1,6.5
3726,PRN03725,davidegreco109,2021-05-24 16:00:00,Ford v Ferrari,2,7.0
3727,PRN03726,alessiocolombo110,2026-11-06 10:30:00,The Kid,1,7.0
3728,PRN03727,saragreco238,2024-09-20 10:00:00,Enter the Dragon,1,7.0
3729,PRN03728,simoneconti244,2026-10-17 13:00:00,8½,4,7.5
3730,PRN03729,matteoesposito185,2027-05-25 10:00:00,Kakushi-toride no san-akunin,2,7.0
3731,PRN03730,andreabianchi226,2025-07-12 16:30:00,Match Point,1,8.5
3732,PRN03731,chiararomano21,2025-11-01 16:30:00,East of Eden,2,6.5
3733,PRN03732,marcoverdi184,2024-11-22 10:30:00,Eternal Sunshine of the Spotless Mind,4,8.0
3734,PRN03733,andreafontana329,2025-07-18 10:00:00,Match Point,3,7.0
3735,PRN03734,lucacolombo85,2021-11-13 16:00:00,Network,3,7.0
3736,PRN03735,lucamarino312,2026-11-26 10:30:00,Dogville,2,7.5
3737,PRN03736,saramarino261,2024-03-20 10:00:00,Ivanovo detstvo,1,7.0
3738,PRN03737,giorgiamarino68,2019-06-17 12:30:00,As Good as It Gets,3,6.5
3739,PRN03738,elenagreco228,2023-05-16 13:30:00,"Il buono, il brutto, il cattivo",3,6.5
3740,PRN03739,marcogallo391,2026-08-18 13:30:00,The Game,1,6.5
3741,PRN03740,paoloromano35,2026-03-01 10:00:00,Au revoir les enfants,3,7.0
3742,PRN03741,marcogallo391,2026-04-30 12:30:00,The Treasure of the Sierra Madre,2,8.5
3743,PRN03742,annaverdi59,2025-08-01 13:00:00,Du rififi chez les hommes,3,7.5
3744,PRN03743,davidegreco109,2023-01-23 10:30:00,Dirty Harry,1,8.0
3745,PRN03744,chiaragallo69,2018-08-16 10:30:00,Blade Runner 2049,2,6.5
3746,PRN03745,elenabianchi258,2025-05-04 16:30:00,The Sting,3,6.5
3747,PRN03746,andrearicci332,2021-02-28 20:00:00,Stalag 17,3,8.5
3748,PRN03747,paolomarino160,2026-04-07 10:00:00,Hiroshima mon amour,1,8.0
3749,PRN03748,francescaromano120,2018-08-28 10:30:00,Hannah and Her Sisters,2,7.5
3750,PRN03749,marcorusso392,2019-06-05 16:30:00,Trois couleurs: Rouge,1,8.0
3751,PRN03750,chiararicci77,2021-10-06 10:30:00,Ran,3,8.0
3752,PRN03751,paolocolombo16,2021-11-25 14:00:00,Lagaan: Once Upon a Time in India,4,7.0
3753,PRN03752,simonefontana102,2027-10-28 12:30:00,Ivanovo detstvo,1,7.5
3754,PRN03753,andreabianchi226,2022-05-15 10:00:00,Fear and Loathing in Las Vegas,3,8.0
3755,PRN03754,giuliarusso11,2020-04-19 10:00:00,The French Connection,2,7.0
3756,PRN03755,lucagallo240,2019-12-12 10:30:00,The Sixth Sense,4,8.0
3757,PRN03756,paolorossi298,2019-11-13 10:30:00,Butch Cassidy and the Sundance Kid,2,7.5
3758,PRN03757,marcoricci187,2026-08-31 10:00:00,The Circus,3,7.5
3759,PRN03758,elenagallo38,2023-04-02 16:00:00,Shadow of a Doubt,4,8.0
3760,PRN03759,lucaconti262,2023-07-05 10:30:00,Ran,4,7.5
3761,PRN03760,giuliaverdi189,2026-10-13 10:00:00,All About Eve,2,7.5
3762,PRN03761,saraconti61,2025-04-30 14:00:00,Lilja 4-ever,3,8.5
3763,PRN03762,andreabianchi397,2018-06-16 17:00:00,Jules et Jim,4,8.5
3764,PRN03763,matteoromano129,2023-10-13 15:00:00,"South Park: Bigger, Longer & Uncut",3,8.0
3765,PRN03764,saragallo200,2025-02-02 16:00:00,Training Day,4,6.5
3766,PRN03765,lauraconti340,2027-07-22 10:00:00,Batman Begins,1,8.5
3767,PRN03766,marcomarino115,2021-04-17 16:30:00,Dip huet seung hung,4,7.5
3768,PRN03767,sarabruno290,2020-08-21 10:00:00,East of Eden,3,7.5
3769,PRN03768,elenaconti104,2020-04-19 12:30:00,Double Indemnity,2,8.5
3770,PRN03769,alessioferrari146,2018-09-01 16:30:00,The Great Escape,4,7.5
3771,PRN03770,giuliabianchi169,2020-04-20 10:30:00,Crimes and Misdemeanors,2,8.5
3772,PRN03771,lucaconti262,2018-02-18 16:00:00,Il postino,4,6.5
3773,PRN03772,giuliabruno180,2022-09-09 13:30:00,Raging Bull,1,7.0
3774,PRN03773,chiaraverdi125,2019-06-20 13:00:00,Trois couleurs: Rouge,1,8.0
3775,PRN03774,andrearomano75,2027-01-13 13:00:00,His Girl Friday,1,7.5
3776,PRN03775,andreamarino106,2021-10-06 18:00:00,Pulp Fiction,2,9.0
3777,PRN03776,giorgiagreco325,2021-04-01 10:00:00,Remember the Titans,4,7.0
3778,PRN03777,simoneconti244,2025-08-05 10:00:00,American Beauty,2,7.5
3779,PRN03778,francescagreco289,2020-03-12 17:00:00,La battaglia di Algeri,2,6.5
3780,PRN03779,giorgiaromano188,2024-11-03 13:30:00,Il conformista,1,6.5
3781,PRN03780,saragreco238,2022-02-09 17:00:00,Spartacus,2,6.5
3782,PRN03781,lauraricci248,2019-01-28 13:00:00,Witness for the Prosecution,3,7.0
3783,PRN03782,chiarabruno227,2022-09-18 13:00:00,The Innocents,2,8.0
3784,PRN03783,annafontana107,2025-08-10 18:30:00,Mr. Smith Goes to Washington,2,9.5
3785,PRN03784,davidebruno380,2026-02-21 10:00:00,Sherlock Jr.,4,6.5
3786,PRN03785,saragallo200,2020-06-23 10:30:00,Ferris Bueller's Day Off,4,6.5
3787,PRN03786,marcoverdi184,2022-11-30 12:30:00,Rashômon,1,8.5
3788,PRN03787,paolofontana214,2025-08-31 13:00:00,Good Will Hunting,4,8.0
3789,PRN03788,annacolombo278,2023-01-10 12:30:00,Jurassic Park,3,7.5
3790,PRN03789,giuliaromano327,2027-12-12 18:00:00,Shichinin no samurai,2,8.5
3791,PRN03790,alessiorossi342,2019-10-17 14:00:00,La planète sauvage,4,8.5
3792,PRN03791,francescaesposito114,2024-07-28 10:00:00,Léon,4,8.5
3793,PRN03792,lucagallo191,2018-08-03 13:00:00,Bringing Up Baby,4,8.0
3794,PRN03793,annaromano105,2026-10-31 10:30:00,The Day the Earth Stood Still,4,8.5
3795,PRN03794,marcofontana369,2026-10-25 10:00:00,Bacheha-Ye aseman,2,8.0
3796,PRN03795,annacolombo278,2018-12-29 10:30:00,Rebel Without a Cause,3,7.0
3797,PRN03796,francescafontana257,2024-08-03 19:30:00,Cape Fear,4,9.5
3798,PRN03797,davideconti62,2027-11-27 20:00:00,Cool Hand Luke,3,10.0
3799,PRN03798,lucaconti155,2026-01-01 17:00:00,Love and Death,1,8.0
3800,PRN03799,paolorusso252,2019-12-08 13:00:00,Anand,2,8.0
3801,PRN03800,simonefontana102,2022-12-16 13:00:00,Rupan sansei: Kariosutoro no shiro,4,7.5
3802,PRN03801,lucarusso157,2024-06-29 12:30:00,Y tu mamá también,2,8.0
3803,PRN03802,paolorossi186,2026-04-09 10:30:00,The Odd Couple,1,6.5
3804,PRN03803,giorgiaverdi291,2025-09-12 10:30:00,Bronenosets Potemkin,1,6.5
3805,PRN03804,marcorossi260,2023-04-20 10:00:00,True Romance,3,6.5
3806,PRN03805,elenarossi121,2021-07-24 10:30:00,Vertigo,4,8.5
3807,PRN03806,davidebruno0,2023-12-30 13:00:00,Rashômon,4,8.0
3808,PRN03807,andreagallo82,2026-08-08 13:00:00,Glengarry Glen Ross,3,8.5
3809,PRN03808,matteofontana216,2026-05-30 10:00:00,What's Eating Gilbert Grape,3,8.5
3810,PRN03809,lucamarino173,2024-02-06 13:30:00,The Hustler,1,8.5
3811,PRN03810,simonegallo31,2018-04-04 10:00:00,Red River,3,8.5
3812,PRN03811,davideromano166,2021-11-27 10:00:00,Klaus,3,8.0
3813,PRN03812,andreabianchi226,2022-12-07 10:00:00,Boyz n the Hood,4,7.0
3814,PRN03813,paolorossi142,2024-02-18 16:00:00,The Fifth Element,3,8.0
3815,PRN03814,francescacolombo89,2021-03-20 17:30:00,The French Connection,2,6.5
3816,PRN03815,alessioricci381,2020-01-28 13:00:00,Frankenstein,2,7.5
3817,PRN03816,sarabruno220,2022-08-27 18:30:00,Ran,2,9.5
3818,PRN03817,giuliabianchi181,2026-04-08 12:30:00,Death Note: Desu nôto,4,8.0
3819,PRN03818,elenacolombo12,2024-11-23 13:30:00,Mulan,1,8.0
3820,PRN03819,matteorusso178,2020-11-15 10:30:00,The Red Shoes,3,6.5
3821,PRN03820,elenaesposito211,2027-10-18 10:30:00,The Best Years of Our Lives,2,8.5
3822,PRN03821,annarusso132,2021-01-17 10:00:00,The Trial of the Chicago 7,3,7.5
3823,PRN03822,alessioromano383,2022-07-31 10:30:00,Remember the Titans,2,8.5
3824,PRN03823,matteoesposito351,2022-08-19 10:30:00,My Cousin Vinny,2,7.0
3825,PRN03824,lauraverdi90,2019-07-27 10:30:00,The Naked Gun: From the Files of Police Squad!,4,7.5
3826,PRN03825,giorgiaconti86,2022-07-24 14:30:00,Vivre sa vie: Film en douze tableaux,3,8.5
3827,PRN03826,francescafontana257,2026-08-29 10:00:00,The Right Stuff,2,7.0
3828,PRN03827,lucamarino312,2020-02-28 10:00:00,Bonnie and Clyde,1,7.0
3829,PRN03828,marcoferrari141,2026-10-02 10:00:00,The Night of the Hunter,3,8.5
3830,PRN03829,alessioconti292,2023-05-13 15:00:00,Per qualche dollaro in più,3,6.5
3831,PRN03830,francescaromano120,2025-01-11 12:30:00,City Lights,4,8.5
3832,PRN03831,lucaconti155,2024-02-25 12:30:00,Mulholland Dr.,4,7.0
3833,PRN03832,matteomarino24,2021-04-15 10:30:00,Being There,3,7.0
3834,PRN03833,lucaesposito55,2021-05-30 14:00:00,Amélie,1,8.0
3835,PRN03834,matteorusso178,2026-02-24 13:30:00,Do the Right Thing,2,7.5
3836,PRN03835,lauraconti340,2018-08-07 10:00:00,Airlift,3,8.5
3837,PRN03836,chiaramarino32,2027-03-16 15:30:00,Duck Soup,3,7.5
3838,PRN03837,andrearomano6,2018-03-17 16:00:00,Guardians of the Galaxy Vol. 2,4,7.5
3839,PRN03838,saramarino92,2020-05-15 13:00:00,Double Indemnity,1,8.0
3840,PRN03839,chiarabruno227,2024-03-15 13:00:00,The Odd Couple,1,6.5
3841,PRN03840,marcorusso392,2024-01-21 10:00:00,Zelig,3,8.5
3842,PRN03841,lauraricci203,2025-05-11 13:30:00,In America,3,8.5
3843,PRN03842,matteoromano221,2027-02-21 13:30:00,Inside Man,4,7.5
3844,PRN03843,andreaesposito335,2025-10-15 13:00:00,Vizontele,4,6.5
3845,PRN03844,paologreco206,2026-11-15 10:00:00,Goodfellas,1,6.5
3846,PRN03845,paolocolombo16,2022-05-22 10:30:00,Titanic,2,8.5
3847,PRN03846,lucabruno296,2025-01-11 12:30:00,City Lights,1,8.5
3848,PRN03847,lucaricci3,2022-10-29 17:30:00,Predator,1,8.5
3849,PRN03848,marcoferrari141,2020-11-16 13:00:00,Scarface,3,8.5
3850,PRN03849,giuliarusso301,2022-02-26 16:00:00,The Adventures of Robin Hood,1,6.5
3851,PRN03850,annafontana107,2021-04-22 10:30:00,The Boondock Saints,3,7.5
3852,PRN03851,lucagallo240,2023-08-27 20:00:00,Memento,4,9.5
3853,PRN03852,lauraricci225,2024-12-09 10:30:00,Midnight Cowboy,3,8.0
3854,PRN03853,davideferrari63,2026-05-28 13:00:00,Jurassic Park,3,7.0
3855,PRN03854,saracolombo183,2025-03-16 20:00:00,Die Hard,4,8.5
3856,PRN03855,chiaraconti371,2027-07-09 10:00:00,Once Upon a Time in the West,2,8.0
3857,PRN03856,annaromano105,2027-11-05 10:30:00,Back to the Future Part II,2,8.0
3858,PRN03857,saraconti149,2022-07-11 13:30:00,High Noon,4,7.0
3859,PRN03858,chiararusso126,2023-09-22 16:00:00,Miracle on 34th Street,1,6.5
3860,PRN03859,davideconti235,2023-11-17 13:00:00,Fear and Loathing in Las Vegas,4,7.5
3861,PRN03860,lucabruno277,2020-01-24 10:00:00,Bonnie and Clyde,2,8.0
3862,PRN03861,elenagallo38,2019-07-28 19:00:00,La passion de Jeanne d'Arc,1,10.0
3863,PRN03862,davideesposito377,2019-04-04 13:30:00,Paper Moon,1,8.0
3864,PRN03863,simonegallo31,2018-06-17 16:00:00,The Untouchables,2,6.5
3865,PRN03864,sararicci389,2026-12-25 10:00:00,"Planes, Trains & Automobiles",1,8.0
3866,PRN03865,andreaesposito335,2021-12-22 12:30:00,Il postino,4,8.0
3867,PRN03866,lucarusso157,2022-07-10 10:30:00,Waking Life,1,6.5
3868,PRN03867,paolorusso252,2018-01-08 10:00:00,A Night at the Opera,2,6.5
3869,PRN03868,lucarossi49,2019-09-21 16:30:00,Le notti di Cabiria,1,8.5
3870,PRN03869,elenamarino111,2024-12-15 15:30:00,Snatch,4,8.0
3871,PRN03870,elenaromano2,2023-07-13 13:30:00,Mulan,1,7.0
3872,PRN03871,simonebruno251,2020-09-14 15:30:00,Gandhi,1,8.5
3873,PRN03872,marcogreco168,2027-02-06 10:30:00,Lawrence of Arabia,2,7.0
3874,PRN03873,simonefontana36,2027-09-25 10:00:00,Trois couleurs: Blanc,4,7.0
3875,PRN03874,simonecolombo366,2021-08-30 10:30:00,The Thing,4,6.5
3876,PRN03875,matteoverdi167,2020-10-31 16:30:00,The Princess Bride,4,8.5
3877,PRN03876,lauraricci203,2021-02-04 10:00:00,Sunrise: A Song of Two Humans,2,7.5
3878,PRN03877,giuliabianchi169,2027-01-02 14:00:00,Ba wang bie ji,2,7.0
3879,PRN03878,alessiobruno20,2025-03-09 10:00:00,Kind Hearts and Coronets,1,7.5
3880,PRN03879,annafontana274,2019-09-29 10:00:00,2001: A Space Odyssey,2,6.5
3881,PRN03880,davideconti62,2027-10-03 10:30:00,As Good as It Gets,1,8.0
3882,PRN03881,davidecolombo353,2022-01-22 18:30:00,Boksuneun naui geot,3,8.5
3883,PRN03882,saragallo200,2019-12-15 13:00:00,Avengers: Infinity War,1,6.5
3884,PRN03883,davideferrari63,2019-03-04 10:00:00,All About Eve,3,7.0
3885,PRN03884,andreafontana329,2026-08-21 10:30:00,Judgment at Nuremberg,2,7.5
3886,PRN03885,giorgiacolombo164,2025-03-23 20:30:00,Network,1,9.5
3887,PRN03886,paolorusso198,2018-04-06 10:00:00,To Be or Not to Be,4,7.5
3888,PRN03887,marcogallo391,2018-09-02 13:30:00,Braveheart,4,6.5
3889,PRN03888,alessiocolombo176,2026-02-22 15:30:00,The 39 Steps,3,8.5
3890,PRN03889,paoloferrari140,2025-04-23 10:30:00,Giù la testa,3,6.5
3891,PRN03890,alessiomarino288,2020-10-23 10:00:00,The Last of the Mohicans,1,8.5
3892,PRN03891,paoloricci385,2025-11-02 19:30:00,Harry Potter and the Goblet of Fire,3,8.5
3893,PRN03892,annarusso65,2025-04-21 12:30:00,Forrest Gump,1,8.5
3894,PRN03893,giuliabianchi42,2019-10-05 10:30:00,La planète sauvage,1,6.5
3895,PRN03894,lucacolombo344,2021-04-14 13:30:00,The Trial of the Chicago 7,1,8.5
3896,PRN03895,lucaesposito55,2025-09-28 13:00:00,Ying xiong,3,6.5
3897,PRN03896,matteoesposito185,2025-10-05 13:00:00,Donnie Darko,3,8.0
3898,PRN03897,alessiocolombo110,2018-10-28 13:30:00,The Great Escape,1,8.5
3899,PRN03898,lucaricci3,2027-11-02 10:30:00,Enemy at the Gates,4,7.0
3900,PRN03899,annarusso65,2022-12-14 10:30:00,Touch of Evil,1,8.5
3901,PRN03900,francescacolombo89,2027-07-24 16:00:00,The Bridges of Madison County,4,8.0
3902,PRN03901,francescagallo267,2022-07-02 10:30:00,Misery,4,7.5
3903,PRN03902,lucabruno296,2021-04-05 13:30:00,Toy Story 4,3,8.5
3904,PRN03903,andrearomano6,2027-08-19 10:00:00,Amadeus,4,7.0
3905,PRN03904,marcoromano27,2023-12-29 15:00:00,The Treasure of the Sierra Madre,4,7.0
3906,PRN03905,paolorossi186,2026-01-23 10:30:00,Predator,1,8.5
3907,PRN03906,davidericci308,2026-10-14 10:00:00,Efter brylluppet,1,8.0
3908,PRN03907,giuliaesposito73,2027-07-21 13:30:00,Interstate 60: Episodes of the Road,1,7.5
3909,PRN03908,giorgiagreco325,2022-02-02 10:00:00,Boksuneun naui geot,4,7.5
3910,PRN03909,francescaromano150,2018-12-30 10:30:00,Shine,4,7.0
3911,PRN03910,davidebruno154,2019-01-17 16:00:00,Citizen Kane,3,8.0
3912,PRN03911,lucarossi49,2024-04-06 16:00:00,The Silence of the Lambs,3,7.5
3913,PRN03912,matteobianchi83,2021-08-23 14:00:00,The Truman Show,2,7.5
3914,PRN03913,alessiogallo56,2025-02-12 15:30:00,Das Cabinet des Dr. Caligari,2,8.5
3915,PRN03914,davideverdi333,2022-06-26 17:30:00,All Quiet on the Western Front,1,8.0
3916,PRN03915,marcobruno368,2018-12-09 18:30:00,God's Own Country,4,9.5
3917,PRN03916,lucaconti256,2024-06-20 10:30:00,The Shop Around the Corner,4,7.5
3918,PRN03917,lucamarino208,2018-09-18 10:00:00,Ordinary People,4,6.5
3919,PRN03918,giorgiamarino68,2024-04-19 12:30:00,Jurassic Park,2,8.5
3920,PRN03919,chiarabruno370,2022-08-25 10:00:00,Lifeboat,2,8.5
3921,PRN03920,simonefontana102,2020-03-21 20:00:00,Groundhog Day,1,10.0
3922,PRN03921,elenarossi121,2026-09-27 12:30:00,Lola rennt,2,8.0
3923,PRN03922,paolorusso198,2021-07-04 13:30:00,Knockin' on Heaven's Door,3,6.5
3924,PRN03923,francescagreco13,2022-03-22 13:00:00,All About Eve,2,8.0
3925,PRN03924,davideverdi333,2023-10-12 10:00:00,Hana-bi,1,7.5
3926,PRN03925,giorgiagreco299,2022-05-23 10:00:00,Vampire Hunter D: Bloodlust,1,7.5
3927,PRN03926,saraverdi66,2019-09-06 16:00:00,The Gold Rush,1,8.5
3928,PRN03927,simonefontana36,2022-01-17 12:30:00,The Nightmare Before Christmas,3,8.0
3929,PRN03928,lucarossi49,2021-10-17 16:30:00,Soorarai Pottru,2,6.5
3930,PRN03929,sarabruno290,2024-10-15 13:30:00,Raging Bull,2,8.0
3931,PRN03930,simonebruno130,2018-01-01 10:30:00,Mr. Smith Goes to Washington,2,6.5
3932,PRN03931,lucaromano280,2022-02-13 16:30:00,Rain Man,2,6.5
3933,PRN03932,paoloverdi179,2018-02-21 12:30:00,Ba wang bie ji,2,8.5
3934,PRN03933,lucarusso157,2026-03-22 15:30:00,The Lord of the Rings: The Return of the King,4,7.5
3935,PRN03934,lucarusso396,2027-06-16 10:30:00,Lost in Translation,1,8.0
3936,PRN03935,annafontana286,2019-02-04 10:00:00,Le locataire,3,7.0
3937,PRN03936,sarafontana151,2026-12-05 14:30:00,Le charme discret de la bourgeoisie,2,7.0
3938,PRN03937,annafontana107,2026-12-10 16:30:00,Blow,3,8.5
3939,PRN03938,francescaromano150,2026-06-09 10:00:00,28 Days Later...,4,6.5
3940,PRN03939,giorgiacolombo297,2021-11-26 10:30:00,"Il buono, il brutto, il cattivo",2,8.5
3941,PRN03940,marcorusso99,2021-10-18 13:30:00,Goldfinger,4,7.0
3942,PRN03941,lucagallo240,2020-04-02 10:30:00,The Lion in Winter,3,7.0
3943,PRN03942,alessioromano383,2024-01-29 12:00:00,The Last Picture Show,3,8.0
3944,PRN03943,giuliaromano25,2024-07-05 10:00:00,Rio Bravo,4,8.0
3945,PRN03944,davidegallo382,2020-09-27 10:00:00,"South Park: Bigger, Longer & Uncut",1,6.5
3946,PRN03945,marcogallo108,2022-10-24 12:00:00,"O Brother, Where Art Thou?",1,7.5
3947,PRN03946,alessioconti292,2020-02-10 15:30:00,Lawrence of Arabia,2,7.5
3948,PRN03947,francescaromano120,2027-04-12 10:30:00,The Last Samurai,1,6.5
3949,PRN03948,giorgiaferrari282,2020-02-29 17:00:00,Dancer in the Dark,1,8.5
3950,PRN03949,elenaricci306,2021-06-28 10:30:00,Jaws,2,6.5
3951,PRN03950,chiararossi390,2018-02-03 14:00:00,The Day the Earth Stood Still,2,8.5
3952,PRN03951,giuliagallo138,2026-10-13 10:00:00,All About Eve,2,7.5
3953,PRN03952,annagallo276,2027-06-20 15:30:00,Kakushi-toride no san-akunin,2,6.5
3954,PRN03953,davidegallo382,2026-07-18 12:30:00,Spoorloos,4,7.5
3955,PRN03954,chiararusso103,2020-10-10 13:00:00,Rushmore,1,7.0
3956,PRN03955,saragreco238,2026-02-10 13:00:00,Nuovo Cinema Paradiso,4,8.0
3957,PRN03956,francescarossi305,2024-08-31 10:30:00,Glory,3,7.5
3958,PRN03957,andreabianchi226,2019-03-06 17:00:00,Deadpool 2,1,7.0
3959,PRN03958,marcofontana369,2019-06-23 10:30:00,Wind River,2,7.0
3960,PRN03959,matteoesposito236,2026-07-05 10:00:00,La battaglia di Algeri,4,7.0
3961,PRN03960,giorgiagallo218,2020-05-14 16:00:00,Rosemary's Baby,3,6.5
3962,PRN03961,marcogallo391,2020-05-05 10:30:00,Home Alone,2,7.5
3963,PRN03962,andreamarino106,2024-05-08 16:30:00,Bride of Frankenstein,4,6.5
3964,PRN03963,lucarossi23,2026-11-15 15:30:00,Hana-bi,3,7.0
3965,PRN03964,matteobruno127,2025-03-17 13:00:00,Schindler's List,1,7.5
3966,PRN03965,matteoromano129,2024-12-22 10:30:00,Il postino,2,7.5
3967,PRN03966,saragreco238,2027-07-10 10:00:00,Happiness,3,8.0
3968,PRN03967,lucarossi45,2022-03-06 10:00:00,The Shining,4,8.5
3969,PRN03968,andrearusso265,2022-01-09 13:00:00,The Royal Tenenbaums,1,6.5
3970,PRN03969,lauraricci203,2023-11-25 15:00:00,Monty Python and the Holy Grail,3,6.5
3971,PRN03970,davideesposito26,2020-06-04 10:30:00,American History X,4,7.5
3972,PRN03971,simonegreco367,2027-04-28 15:30:00,Duck Soup,2,8.5
3973,PRN03972,matteoesposito351,2023-02-16 13:00:00,Kagemusha,3,8.0
3974,PRN03973,andreabruno171,2027-05-09 14:30:00,Dom za vesanje,2,7.5
3975,PRN03974,matteoromano221,2026-07-16 12:30:00,Funny Games,4,7.0
3976,PRN03975,giuliaromano175,2019-10-01 14:00:00,The Manchurian Candidate,3,6.5
3977,PRN03976,paolocolombo16,2024-05-23 10:30:00,Majo no takkyûbin,1,7.5
3978,PRN03977,giuliaromano175,2023-12-10 10:00:00,Requiem for a Dream,3,8.0
3979,PRN03978,lucacolombo85,2025-02-12 10:00:00,Die Hard,2,8.0
3980,PRN03979,paolorusso198,2021-03-27 10:30:00,The Searchers,2,7.0
3981,PRN03980,francescaferrari323,2022-04-10 16:00:00,The Godfather,4,7.5
3982,PRN03981,marcocolombo152,2023-08-13 13:30:00,Barry Lyndon,4,6.5
3983,PRN03982,davideconti263,2020-09-12 13:30:00,Shadow of a Doubt,4,7.0
3984,PRN03983,annaverdi162,2021-01-24 20:00:00,All That Jazz,3,8.5
3985,PRN03984,giorgiagreco299,2027-04-28 12:30:00,Cabaret,2,7.5
3986,PRN03985,giuliamarino386,2018-04-19 16:00:00,The Innocents,1,7.0
3987,PRN03986,sararomano58,2022-06-13 17:00:00,The Elephant Man,4,6.5
3988,PRN03987,giuliafontana74,2025-05-03 16:30:00,Gandhi,4,6.5
3989,PRN03988,giuliabruno180,2019-01-12 15:30:00,Sleuth,3,8.0
3990,PRN03989,lucarossi23,2019-11-16 10:00:00,Breaking the Waves,4,6.5
3991,PRN03990,lucamarino312,2024-11-18 10:00:00,Fight Club,3,8.5
3992,PRN03991,alessiocolombo17,2018-06-05 14:30:00,Airlift,2,8.5
3993,PRN03992,andrearusso265,2020-03-02 10:00:00,Crimes and Misdemeanors,3,8.5
3994,PRN03993,giuliacolombo72,2018-03-15 13:30:00,Kimi no na wa.,2,7.0
3995,PRN03994,lauraricci203,2018-08-08 13:30:00,Judgment at Nuremberg,2,6.5
3996,PRN03995,lucacolombo85,2023-09-24 18:00:00,Eskiya,3,8.5
3997,PRN03996,giuliaromano287,2019-12-01 13:00:00,La passion de Jeanne d'Arc,2,6.5
3998,PRN03997,saragallo200,2019-12-20 10:00:00,The Longest Day,1,7.5
3999,PRN03998,alessiobruno365,2020-02-08 13:30:00,Once Upon a Time... in Hollywood,3,6.5
4000,PRN03999,elenabianchi387,2027-09-27 10:00:00,Donnie Brasco,1,7.0
4001,PRN04000,alessiogallo360,2021-07-04 13:30:00,Knockin' on Heaven's Door,1,6.5
4002,PRN04001,chiararicci245,2019-08-24 10:00:00,Good Will Hunting,1,7.5
4003,PRN04002,alessioferrari80,2026-07-02 10:00:00,Kal Ho Naa Ho,4,8.5
4004,PRN04003,matteobianchi193,2026-04-01 15:30:00,Wait Until Dark,4,8.0
4005,PRN04004,marcocolombo152,2025-06-29 14:30:00,Kelly's Heroes,1,6.5
4006,PRN04005,andreabruno213,2019-04-25 10:00:00,A Few Good Men,2,7.5
4007,PRN04006,lauraconti340,2025-02-09 15:00:00,Kind Hearts and Coronets,3,8.0
4008,PRN04007,andreagallo71,2019-07-02 12:30:00,The Dirty Dozen,4,8.5
4009,PRN04008,matteomarino24,2019-03-03 10:00:00,Eskiya,4,8.5
4010,PRN04009,saracolombo124,2019-06-21 10:30:00,Titanic,4,8.5
4011,PRN04010,lucarossi49,2024-10-15 10:30:00,Idi i smotri,3,8.5
4012,PRN04011,elenacolombo12,2023-12-20 10:30:00,Dogville,3,8.5
4013,PRN04012,giorgiagallo158,2018-12-29 10:30:00,Rebel Without a Cause,4,7.0
4014,PRN04013,simonericci313,2027-08-15 18:00:00,The Killing Fields,4,9.0
4015,PRN04014,marcobruno368,2021-08-29 10:00:00,Harold and Maude,2,8.0
4016,PRN04015,chiararusso398,2019-10-05 10:30:00,La planète sauvage,1,6.5
4017,PRN04016,simonebruno130,2022-04-30 10:00:00,Le samouraï,4,7.5
4018,PRN04017,matteoesposito320,2023-06-30 15:30:00,The Thin Red Line,4,7.0
4019,PRN04018,francescaferrari54,2021-03-07 10:00:00,Lat sau san taam,4,8.5
4020,PRN04019,chiarabruno227,2019-09-24 10:00:00,Unforgiven,4,8.5
4021,PRN04020,paolobruno307,2026-04-07 12:30:00,Annie Hall,4,7.5
4022,PRN04021,davideromano22,2024-04-15 10:00:00,Kramer vs. Kramer,3,7.0
4023,PRN04022,andrearusso265,2019-03-12 12:30:00,On Golden Pond,1,8.5
4024,PRN04023,francescafontana257,2027-11-28 13:00:00,The Blues Brothers,2,8.0
4025,PRN04024,saracolombo124,2020-01-23 10:00:00,Casino,3,8.5
4026,PRN04025,giorgiabruno279,2022-10-20 10:30:00,Le salaire de la peur,2,8.5
4027,PRN04026,lucaconti384,2026-11-18 10:00:00,Double Indemnity,4,8.5
4028,PRN04027,alessiobruno365,2020-02-12 13:00:00,The Adventures of Robin Hood,3,8.5
4029,PRN04028,giuliabianchi169,2024-11-02 15:30:00,The Sound of Music,3,6.5
4030,PRN04029,lucafontana239,2019-03-10 10:30:00,Die Hard: With a Vengeance,3,8.0
4031,PRN04030,chiaraverdi302,2025-12-07 13:00:00,Trois couleurs: Bleu,3,8.5
4032,PRN04031,giorgiaesposito284,2026-10-03 18:00:00,The Sting,3,9.0
4033,PRN04032,matteoesposito236,2026-07-13 10:00:00,The Graduate,2,6.5
4034,PRN04033,paoloverdi179,2019-04-04 13:30:00,Paper Moon,1,8.0
4035,PRN04034,andreafontana329,2026-03-08 10:00:00,The Lord of the Rings: The Return of the King,4,8.5
4036,PRN04035,davidegreco109,2019-05-19 10:00:00,Gifted,2,8.5
4037,PRN04036,giuliabianchi181,2025-08-17 16:00:00,Interstate 60: Episodes of the Road,2,7.5
4038,PRN04037,saramarino261,2018-10-13 16:30:00,The Usual Suspects,4,8.0
4039,PRN04038,lauraricci225,2021-06-13 17:30:00,Jaws,2,8.5
4040,PRN04039,simonecolombo366,2025-03-08 13:00:00,Lilja 4-ever,3,7.5
4041,PRN04040,simonerossi331,2024-01-21 17:30:00,Harry Potter and the Prisoner of Azkaban,3,7.5
4042,PRN04041,giuliaesposito172,2019-11-24 15:00:00,Gattaca,3,7.0
4043,PRN04042,saraesposito182,2018-11-13 13:00:00,Amarcord,2,7.0
4044,PRN04043,simonebruno281,2021-02-18 13:30:00,Seppuku,1,8.0
4045,PRN04044,francescaromano120,2022-06-20 10:30:00,8½,3,7.5
4046,PRN04045,lucaesposito55,2020-04-18 10:00:00,The Manchurian Candidate,4,8.5
4047,PRN04046,paoloferrari140,2018-04-17 10:00:00,Indiana Jones and the Last Crusade,2,8.5
4048,PRN04047,giuliabianchi169,2023-06-06 12:30:00,Notorious,1,7.0
4049,PRN04048,giuliagallo138,2018-03-17 19:00:00,Key Largo,4,9.0
4050,PRN04049,alessiocolombo64,2026-07-15 14:00:00,To Have and Have Not,2,7.5
4051,PRN04050,matteocolombo229,2021-06-11 10:00:00,Soorarai Pottru,2,8.5
4052,PRN04051,simonefontana234,2025-11-03 10:30:00,Per qualche dollaro in più,1,8.0
4053,PRN04052,matteoesposito303,2020-01-30 10:00:00,Frankenstein,4,8.0
4054,PRN04053,giorgiabianchi39,2024-04-16 13:30:00,Kramer vs. Kramer,4,6.5
4055,PRN04054,marcofontana350,2022-08-27 18:30:00,Ran,3,9.5
4056,PRN04055,giorgiafontana222,2026-12-26 16:00:00,Bringing Up Baby,1,8.5
4057,PRN04056,alessioverdi194,2019-12-04 10:00:00,Home Alone,2,8.0
4058,PRN04057,alessiogallo360,2019-10-01 14:00:00,The Manchurian Candidate,4,6.5
4059,PRN04058,davidebianchi29,2026-07-18 15:00:00,À bout de souffle,4,8.5
4060,PRN04059,giorgiacolombo164,2021-02-26 10:30:00,Office Space,4,8.0
4061,PRN04060,davidegreco109,2022-05-07 10:00:00,Le samouraï,3,6.5
4062,PRN04061,chiaramarino388,2022-07-05 10:00:00,Casablanca,4,7.5
4063,PRN04062,annarossi309,2027-04-22 10:30:00,Fa yeung nin wah,2,6.5
4064,PRN04063,giuliamarino386,2019-05-07 13:30:00,Les yeux sans visage,1,7.0
4065,PRN04064,chiaraconti371,2027-05-18 15:00:00,Gattaca,3,8.5
4066,PRN04065,davideconti263,2024-05-28 12:30:00,Young Frankenstein,1,7.5
4067,PRN04066,chiarafontana76,2020-11-03 10:30:00,Star Wars: Episode VI - Return of the Jedi,4,8.5
4068,PRN04067,lucabruno296,2024-02-08 13:30:00,Being There,3,7.0
4069,PRN04068,paolorusso252,2021-09-24 16:00:00,Miller's Crossing,4,7.5
4070,PRN04069,lauracolombo195,2021-02-17 10:00:00,What Ever Happened to Baby Jane?,1,8.0
4071,PRN04070,matteoromano129,2021-04-24 13:30:00,Les diaboliques,3,8.5
4072,PRN04071,giorgiaverdi349,2021-09-02 13:00:00,Toy Story 2,4,8.0
4073,PRN04072,alessiocolombo148,2025-11-15 20:30:00,American Psycho,3,9.0
4074,PRN04073,giorgiaesposito284,2020-06-04 10:30:00,American History X,2,7.5
4075,PRN04074,paologreco206,2026-07-20 14:00:00,Delicatessen,3,8.5
4076,PRN04075,chiarabianchi230,2023-02-05 13:30:00,My Fair Lady,4,6.5
4077,PRN04076,giuliarusso301,2021-12-18 10:30:00,Full Metal Jacket,4,8.0
4078,PRN04077,simonebruno130,2021-11-18 12:30:00,"Il buono, il brutto, il cattivo",3,8.5
4079,PRN04078,matteoverdi167,2018-03-14 13:00:00,What Ever Happened to Baby Jane?,2,6.5
4080,PRN04079,paoloferrari140,2021-05-01 14:00:00,Il conformista,1,8.0
4081,PRN04080,elenaconti346,2026-07-24 10:00:00,Manhattan,4,7.0
4082,PRN04081,matteoricci9,2023-12-22 10:00:00,La Strada,4,8.5
4083,PRN04082,saraconti149,2019-12-04 10:00:00,Home Alone,2,8.0
4084,PRN04083,matteobianchi93,2022-08-27 18:30:00,Ran,1,9.5
4085,PRN04084,alessioricci381,2023-12-13 16:00:00,Rebecca,3,8.0
4086,PRN04085,elenaesposito163,2022-11-13 15:30:00,Rupan sansei: Kariosutoro no shiro,2,7.0
4087,PRN04086,paolorossi142,2026-02-09 12:30:00,Viskningar och rop,2,8.0
4088,PRN04087,elenaromano224,2022-09-11 10:00:00,To Have and Have Not,2,8.5
4089,PRN04088,andreabianchi226,2020-03-10 13:00:00,JFK,2,6.5
4090,PRN04089,paolofontana84,2021-10-02 15:00:00,Billy Elliot,1,6.5
4091,PRN04090,francescarossi305,2021-04-14 13:30:00,The Trial of the Chicago 7,4,8.5
4092,PRN04091,lauracolombo195,2019-02-15 10:00:00,Titanic,4,7.5
4093,PRN04092,andrearomano6,2023-04-08 10:00:00,La battaglia di Algeri,2,6.5
4094,PRN04093,davidegreco109,2020-02-29 17:00:00,Dancer in the Dark,1,8.5
4095,PRN04094,giuliagreco143,2025-04-24 10:30:00,My Cousin Vinny,3,6.5
4096,PRN04095,giuliarusso11,2021-11-26 10:30:00,"Il buono, il brutto, il cattivo",4,8.5
4097,PRN04096,francescaferrari88,2026-07-22 13:30:00,Miracle on 34th Street,4,8.5
4098,PRN04097,andrearicci197,2022-08-21 13:00:00,Donnie Brasco,2,7.0
4099,PRN04098,andreaverdi202,2019-08-17 10:30:00,Dead Poets Society,4,8.0
4100,PRN04099,sararicci389,2020-01-29 10:00:00,Vivre sa vie: Film en douze tableaux,3,7.0
4101,PRN04100,chiararomano21,2022-03-22 16:00:00,Ocean's Eleven,4,8.0
4102,PRN04101,francescacolombo89,2022-01-24 14:30:00,28 Days Later...,4,7.0
4103,PRN04102,giorgiaromano19,2026-07-04 13:00:00,Apocalypto,4,7.0
4104,PRN04103,giorgiaferrari282,2024-08-10 18:30:00,Akira,1,8.5
4105,PRN04104,saraconti149,2027-08-11 16:00:00,Sholay,1,6.5
4106,PRN04105,chiarabianchi230,2026-11-10 12:30:00,Dà hóng denglong gaogao guà,4,7.5
4107,PRN04106,giuliaromano25,2020-06-15 16:30:00,Gandhi,3,6.5
4108,PRN04107,elenamarino321,2024-01-03 14:30:00,Hotaru no haka,1,8.0
4109,PRN04108,davideesposito26,2022-12-01 12:30:00,Rashômon,4,7.5
4110,PRN04109,elenamarino321,2020-04-08 10:30:00,Mr. Smith Goes to Washington,3,8.0
4111,PRN04110,andrearusso265,2020-12-29 10:00:00,Sanjuro,3,7.0
4112,PRN04111,andrearicci268,2022-07-17 13:00:00,All Quiet on the Western Front,4,6.5
4113,PRN04112,chiararossi52,2025-02-08 15:30:00,Platoon,4,7.0
4114,PRN04113,elenacolombo12,2019-11-02 13:00:00,Ben-Hur,2,8.5
4115,PRN04114,chiaraferrari311,2023-06-15 10:30:00,Rebel Without a Cause,4,7.0
4116,PRN04115,annafontana286,2027-05-12 10:00:00,All the President's Men,4,8.5
4117,PRN04116,simonebruno130,2023-05-29 10:00:00,Fantasia,1,8.0
4118,PRN04117,marcomarino322,2022-12-07 12:30:00,Rupan sansei: Kariosutoro no shiro,2,8.5
4119,PRN04118,matteogallo266,2019-06-11 13:30:00,Notorious,2,8.5
4120,PRN04119,andreafontana329,2022-04-26 12:30:00,Ordinary People,2,8.0
4121,PRN04120,francescaferrari88,2023-12-25 14:00:00,The Gold Rush,3,8.0
4122,PRN04121,chiaragallo69,2024-12-27 13:00:00,Finding Nemo,4,6.5
4123,PRN04122,elenagreco228,2018-02-25 10:30:00,Kimi no na wa.,4,6.5
4124,PRN04123,sararossi247,2026-10-26 13:30:00,Blow,3,8.0
4125,PRN04124,giorgiaverdi131,2021-11-06 10:30:00,Andrei Rublev,4,7.5
4126,PRN04125,paoloricci385,2022-02-26 18:30:00,Amélie,4,8.5
4127,PRN04126,paolorossi328,2027-11-24 16:00:00,The Ladykillers,2,6.5
4128,PRN04127,simonefontana36,2019-12-27 12:30:00,To Kill a Mockingbird,4,8.0
4129,PRN04128,andreabruno213,2018-09-16 14:00:00,Pink Floyd: The Wall,2,7.0
4130,PRN04129,lucagallo201,2024-05-23 13:00:00,Trois couleurs: Rouge,4,8.5
4131,PRN04130,lucamarino312,2027-05-08 10:30:00,A Streetcar Named Desire,3,8.0
4132,PRN04131,giorgiafontana222,2024-03-28 12:30:00,Pâfekuto burû,4,8.0
4133,PRN04132,giorgiagreco373,2026-09-05 10:00:00,Once Upon a Time in the West,1,7.5
4134,PRN04133,francescaferrari323,2022-11-03 13:00:00,City Lights,3,8.0
4135,PRN04134,lucaconti262,2022-01-17 10:00:00,"Aguirre, der Zorn Gottes",1,8.0
4136,PRN04135,giuliabianchi169,2018-09-23 12:30:00,Thor: Ragnarok,2,8.5
4137,PRN04136,elenagreco165,2019-12-18 10:30:00,Green Book,3,7.5
4138,PRN04137,matteobruno127,2022-03-17 10:30:00,The Wizard of Oz,4,8.5
4139,PRN04138,francescarossi305,2021-11-04 10:30:00,Mississippi Burning,4,8.5
4140,PRN04139,matteoricci9,2020-10-03 16:30:00,Kurenai no buta,2,7.5
4141,PRN04140,lucaricci3,2027-09-06 13:00:00,All That Jazz,1,6.5
4142,PRN04141,andreagallo304,2024-04-13 13:00:00,The Silence of the Lambs,2,8.0
4143,PRN04142,paoloricci385,2018-07-11 12:30:00,Willy Wonka & the Chocolate Factory,2,7.5
4144,PRN04143,giuliabianchi42,2021-06-03 10:00:00,Dances with Wolves,3,8.0
4145,PRN04144,davideferrari63,2018-10-28 17:00:00,Watership Down,3,8.0
4146,PRN04145,francescagallo330,2022-07-06 13:00:00,Snatch,1,8.5
4147,PRN04146,elenabianchi258,2026-04-06 12:30:00,Taegukgi hwinalrimyeo,2,8.5
4148,PRN04147,annamarino242,2024-07-31 13:00:00,Before Sunrise,4,7.5
4149,PRN04148,saracolombo124,2027-06-28 16:00:00,The Muppet Christmas Carol,3,8.0
4150,PRN04149,giuliaesposito73,2027-02-10 12:30:00,Lawrence of Arabia,3,6.5
4151,PRN04150,paolomarino160,2022-03-08 13:00:00,Rain Man,2,8.0
4152,PRN04151,lucacolombo85,2027-12-15 13:30:00,The Others,1,8.0
4153,PRN04152,simonebruno281,2023-02-14 13:00:00,The Color Purple,1,7.5
4154,PRN04153,chiararossi52,2023-10-27 12:30:00,Monty Python and the Holy Grail,2,7.5
4155,PRN04154,giorgiaverdi343,2027-03-03 15:00:00,Kill Bill: Vol. 2,2,8.0
4156,PRN04155,alessioesposito209,2021-03-09 13:00:00,Cape Fear,3,7.5
4157,PRN04156,lucafontana399,2020-10-29 10:30:00,Todo sobre mi madre,2,7.0
4158,PRN04157,elenaesposito163,2027-04-17 13:30:00,The Man Who Shot Liberty Valance,4,7.5
4159,PRN04158,saramarino92,2023-12-14 15:00:00,28 Days Later...,4,8.0
4160,PRN04159,elenamarino111,2024-10-10 10:00:00,Fight Club,3,8.5
4161,PRN04160,giorgiagreco210,2025-01-03 10:00:00,The Kid,2,8.5
4162,PRN04161,saracolombo124,2021-11-25 18:30:00,Planet of the Apes,4,8.5
4163,PRN04162,alessioferrari80,2018-11-25 19:00:00,Paths of Glory,4,10.0
4164,PRN04163,paolorossi186,2026-04-25 15:30:00,Inherit the Wind,2,7.5
4165,PRN04164,matteoesposito185,2020-12-30 13:00:00,Das Cabinet des Dr. Caligari,3,8.0
4166,PRN04165,matteoesposito351,2019-10-06 10:30:00,La planète sauvage,3,7.0
4167,PRN04166,lucaconti262,2021-12-22 12:30:00,Il postino,3,8.0
4168,PRN04167,matteobruno127,2021-05-31 12:30:00,Night on Earth,1,8.0
4169,PRN04168,giuliaconti100,2025-07-31 13:30:00,Seppuku,4,6.5
4170,PRN04169,giorgiacolombo297,2019-07-02 10:00:00,Dirty Harry,4,8.0
4171,PRN04170,giuliarusso11,2022-06-15 13:00:00,Reservoir Dogs,3,8.0
4172,PRN04171,giorgiarusso241,2021-11-15 10:30:00,The Lion in Winter,3,8.0
4173,PRN04172,chiaraverdi302,2021-04-13 10:00:00,Remember the Titans,2,7.5
4174,PRN04173,sararossi247,2025-12-25 13:00:00,Minority Report,1,8.5
4175,PRN04174,annaricci145,2022-04-17 10:30:00,12 Angry Men,3,8.0
4176,PRN04175,matteorusso178,2020-01-12 17:30:00,The Nightmare Before Christmas,1,8.0
4177,PRN04176,marcocolombo152,2024-03-09 13:00:00,The Lost Weekend,2,8.0
4178,PRN04177,lucabruno324,2022-05-14 10:30:00,White Heat,4,8.0
4179,PRN04178,simonefontana234,2021-05-03 10:30:00,Dances with Wolves,3,7.5
4180,PRN04179,annacolombo123,2019-06-19 10:30:00,Jules et Jim,4,8.0
4181,PRN04180,annaverdi162,2024-06-12 17:00:00,Raiders of the Lost Ark,3,6.5
4182,PRN04181,giuliarusso375,2023-03-13 10:30:00,Hera Pheri,1,7.0
4183,PRN04182,matteoricci9,2020-08-15 12:30:00,Dancer in the Dark,1,7.5
4184,PRN04183,paoloferrari140,2025-04-09 13:00:00,In America,1,8.5
4185,PRN04184,elenabianchi387,2020-09-29 10:30:00,Uri: The Surgical Strike,3,8.0
4186,PRN04185,annafontana274,2022-03-04 10:00:00,Boksuneun naui geot,2,7.5
4187,PRN04186,giorgiagreco57,2020-09-13 19:00:00,Breakfast at Tiffany's,1,8.5
4188,PRN04187,simonebruno314,2020-09-06 15:00:00,Reservoir Dogs,4,8.5
4189,PRN04188,simonerossi10,2021-03-12 13:30:00,Dog Day Afternoon,4,7.5
4190,PRN04189,andreamarino106,2023-08-31 12:30:00,Willy Wonka & the Chocolate Factory,3,6.5
4191,PRN04190,alessioferrari146,2018-11-25 19:00:00,Paths of Glory,2,10.0
4192,PRN04191,lucafontana399,2027-06-08 13:00:00,Lost in Translation,3,7.0
4193,PRN04192,marcoromano27,2018-07-15 13:00:00,Star Wars: Episode V - The Empire Strikes Back,3,7.5
4194,PRN04193,giorgiaferrari34,2026-07-04 19:00:00,Spoorloos,4,9.0
4195,PRN04194,simonerossi10,2023-02-25 10:00:00,My Fair Lady,2,8.5
4196,PRN04195,francescaferrari88,2024-06-02 15:30:00,The Lion in Winter,2,8.5
4197,PRN04196,marcogallo391,2022-01-15 13:00:00,Schindler's List,1,7.0
4198,PRN04197,sarafontana151,2025-02-02 10:30:00,Strangers on a Train,3,7.5
4199,PRN04198,chiaramarino339,2019-09-01 13:00:00,Only the Brave,1,7.5
4200,PRN04199,elenagreco228,2021-02-15 13:00:00,All That Jazz,3,6.5
4201,PRN04200,giorgiagallo356,2018-01-19 10:00:00,The Long Goodbye,3,7.5
4202,PRN04201,lucabianchi379,2022-05-18 15:00:00,Das Experiment,3,8.5
4203,PRN04202,paoloromano35,2020-01-07 16:30:00,To Kill a Mockingbird,1,7.0
4204,PRN04203,alessiogallo360,2023-10-08 13:00:00,Dawn of the Dead,4,7.0
4205,PRN04204,lauraricci248,2020-06-06 13:30:00,Life of Brian,1,6.5
4206,PRN04205,lucarossi23,2022-03-10 10:30:00,Star Trek II: The Wrath of Khan,1,6.5
4207,PRN04206,lauraconti340,2022-11-13 18:00:00,Sense and Sensibility,4,10.0
4208,PRN04207,chiararomano101,2024-07-26 10:00:00,Willy Wonka & the Chocolate Factory,2,7.0
4209,PRN04208,paolorossi186,2023-02-24 10:00:00,Kagemusha,3,7.0
4210,PRN04209,sararomano58,2024-03-20 12:30:00,The Thin Man,1,8.0
4211,PRN04210,marcofontana350,2026-09-07 10:00:00,Once Upon a Time in the West,1,8.5
4212,PRN04211,sararicci389,2026-10-07 13:00:00,"Aguirre, der Zorn Gottes",2,8.5
4213,PRN04212,francescaromano156,2022-03-28 14:00:00,Tombstone,1,7.0
4214,PRN04213,lauraricci203,2026-09-06 15:00:00,Guess Who's Coming to Dinner,2,7.0
4215,PRN04214,marcomarino322,2018-03-30 13:30:00,Ayla: The Daughter of War,1,7.0
4216,PRN04215,paolofontana84,2027-12-06 12:30:00,The Maltese Falcon,3,8.5
4217,PRN04216,davideromano166,2023-09-20 10:30:00,The Sandlot,3,8.5
4218,PRN04217,saragreco238,2018-02-19 10:00:00,Key Largo,1,7.5
4219,PRN04218,elenaromano224,2019-10-17 10:00:00,Bound by Honor,4,6.5
4220,PRN04219,matteobianchi5,2019-09-19 10:00:00,Donnie Brasco,3,7.5
4221,PRN04220,davidebruno380,2023-08-19 10:30:00,Ladri di biciclette,4,6.5
4222,PRN04221,lucaverdi41,2019-07-31 10:30:00,Malcolm X,2,8.5
4223,PRN04222,giuliaesposito73,2020-01-19 13:00:00,Green Book,2,8.0
4224,PRN04223,francescaromano348,2027-11-13 16:00:00,Back to the Future Part II,3,7.5
4225,PRN04224,lucaconti155,2022-07-16 18:00:00,The Elephant Man,4,9.5
4226,PRN04225,paolomarino160,2024-08-19 13:30:00,Manhattan,1,6.5
4227,PRN04226,elenabianchi258,2018-08-24 10:30:00,Ikiru,2,7.5
4228,PRN04227,simoneromano190,2020-11-29 10:00:00,The Breakfast Club,4,6.5
4229,PRN04228,davidebianchi29,2024-11-20 10:00:00,Underground,2,7.5
4230,PRN04229,elenarossi121,2027-02-20 10:30:00,The Terminator,1,8.0
4231,PRN04230,simoneconti244,2026-07-08 10:30:00,Vizontele,4,6.5
4232,PRN04231,paoloromano219,2020-07-31 10:30:00,Star Wars,4,6.5
4233,PRN04232,paolorossi142,2020-06-10 12:30:00,Dances with Wolves,3,8.0
4234,PRN04233,francescaromano348,2019-10-19 10:00:00,Naked,3,7.5
4235,PRN04234,marcofontana350,2022-04-02 13:00:00,The Lady Vanishes,1,8.0
4236,PRN04235,lauraricci135,2022-12-24 10:30:00,What's Eating Gilbert Grape,4,8.5
4237,PRN04236,paolorossi142,2024-02-15 10:00:00,"South Park: Bigger, Longer & Uncut",3,6.5
4238,PRN04237,chiaraverdi302,2022-08-12 10:00:00,Carlito's Way,1,6.5
4239,PRN04238,elenabruno250,2020-11-21 18:30:00,The Red Shoes,2,8.5
4240,PRN04239,chiararusso33,2025-11-10 10:00:00,King Kong,1,7.5
4241,PRN04240,matteoesposito236,2019-12-24 10:00:00,Green Book,4,7.5
4242,PRN04241,lucafontana399,2021-10-13 12:30:00,Just Mercy,4,8.0
4243,PRN04242,paolocolombo40,2025-05-31 10:30:00,Secrets & Lies,4,6.5
4244,PRN04243,lucagallo217,2024-08-01 10:30:00,Monty Python and the Holy Grail,4,7.0
4245,PRN04244,matteomarino24,2026-08-22 19:00:00,Pride & Prejudice,1,9.0
4246,PRN04245,chiarabruno196,2027-07-25 19:30:00,Le locataire,4,8.5
4247,PRN04246,davideconti263,2026-10-24 12:30:00,Notorious,3,7.5
4248,PRN04247,lucarossi23,2024-03-25 13:00:00,Sense and Sensibility,1,7.5
4249,PRN04248,paolorossi186,2018-06-22 10:30:00,Nuovo Cinema Paradiso,4,7.0
4250,PRN04249,lucaconti256,2023-06-07 10:00:00,Ace in the Hole,2,6.5
4251,PRN04250,andreagallo304,2026-04-25 18:30:00,The Treasure of the Sierra Madre,4,9.5
4252,PRN04251,giorgiaromano19,2018-12-14 10:30:00,Stand by Me,1,6.5
4253,PRN04252,elenagallo38,2020-01-28 10:00:00,The Matrix,3,8.0
4254,PRN04253,giorgiarossi264,2023-03-30 10:30:00,The Elephant Man,3,7.0
4255,PRN04254,giorgiaverdi361,2026-03-25 10:00:00,Nosferatu,4,7.5
4256,PRN04255,matteoesposito320,2021-10-18 10:30:00,The Verdict,1,7.5
4257,PRN04256,paolorossi298,2023-05-21 17:00:00,La battaglia di Algeri,2,7.0
4258,PRN04257,marcocolombo152,2026-09-05 17:00:00,La Grande Illusion,4,8.5
4259,PRN04258,elenabianchi96,2018-03-17 10:30:00,La haine,1,8.0
4260,PRN04259,lucacolombo318,2026-06-04 13:00:00,Omohide poro poro,2,6.5
4261,PRN04260,annaverdi59,2019-05-12 13:30:00,Dog Day Afternoon,3,8.5
4262,PRN04261,sararomano58,2022-02-01 10:00:00,Freaks,1,7.5
4263,PRN04262,chiararossi52,2024-01-22 10:30:00,Groundhog Day,1,7.0
4264,PRN04263,marcoferrari141,2021-09-28 10:00:00,The Boondock Saints,4,7.0
4265,PRN04264,andrearicci268,2018-05-24 10:00:00,Trainspotting,2,8.5
4266,PRN04265,sararicci389,2026-02-22 10:00:00,Minority Report,2,8.5
4267,PRN04266,alessiocolombo110,2022-10-02 18:30:00,12 Angry Men,2,10.0
4268,PRN04267,davideverdi70,2021-04-23 12:30:00,Network,1,8.0
4269,PRN04268,marcorossi260,2026-09-12 10:30:00,Funny Games,1,7.0
4270,PRN04269,francescaesposito114,2023-09-11 17:30:00,Midnight Express,4,6.5
4271,PRN04270,annacolombo278,2020-03-19 10:30:00,The Lion in Winter,4,7.5
4272,PRN04271,lucagallo191,2025-11-02 13:00:00,Indiana Jones and the Last Crusade,3,7.0
4273,PRN04272,giuliaesposito172,2021-10-19 13:30:00,Miller's Crossing,2,7.0
4274,PRN04273,paoloferrari140,2025-09-19 10:00:00,The Wizard of Oz,4,7.0
4275,PRN04274,alessiocolombo64,2024-02-01 16:00:00,October Sky,1,7.0
4276,PRN04275,saramarino359,2022-02-26 18:30:00,Amélie,2,8.5
4277,PRN04276,elenarossi121,2027-04-12 14:00:00,Willy Wonka & the Chocolate Factory,3,8.5
4278,PRN04277,davideferrari319,2025-07-06 13:00:00,The Jungle Book,2,8.5
4279,PRN04278,marcogallo108,2019-02-20 13:00:00,"Il buono, il brutto, il cattivo",1,8.0
4280,PRN04279,saraesposito182,2018-11-20 10:00:00,Amarcord,3,7.5
4281,PRN04280,andreagallo112,2021-08-07 10:30:00,I Am Sam,3,7.0
4282,PRN04281,davideferrari319,2023-02-13 13:30:00,Airplane!,4,7.5
4283,PRN04282,marcofontana350,2023-02-18 13:00:00,Jules et Jim,3,7.5
4284,PRN04283,matteoverdi167,2027-02-23 13:00:00,The Notebook,4,6.5
4285,PRN04284,giorgiarossi264,2018-12-21 13:00:00,Rebel Without a Cause,2,6.5
4286,PRN04285,giuliaverdi354,2026-01-02 10:00:00,The Third Man,1,6.5
4287,PRN04286,marcoricci187,2026-01-13 10:30:00,Dirty Harry,3,6.5
4288,PRN04287,matteoesposito236,2027-09-23 14:30:00,Bronenosets Potemkin,1,7.5
4289,PRN04288,chiarafontana76,2021-07-18 16:00:00,Fried Green Tomatoes,2,8.0
4290,PRN04289,lauracolombo195,2026-08-05 10:00:00,The Station Agent,2,8.5
4291,PRN04290,elenabianchi387,2024-09-09 10:00:00,Ace in the Hole,2,8.5
4292,PRN04291,lauracolombo7,2020-01-15 10:00:00,The Longest Day,1,6.5
4293,PRN04292,lauraromano137,2023-03-18 17:30:00,Jules et Jim,1,7.5
4294,PRN04293,elenaverdi270,2024-03-17 10:00:00,Philadelphia,1,7.5
4295,PRN04294,alessiocolombo17,2027-04-18 13:00:00,Fa yeung nin wah,4,8.5
4296,PRN04295,sararusso357,2018-04-26 10:30:00,The Untouchables,1,8.5
4297,PRN04296,paolofontana378,2026-02-23 12:30:00,Viskningar och rop,1,6.5
4298,PRN04297,simonefontana253,2018-12-23 13:30:00,The Killing Fields,3,7.0
4299,PRN04298,annaricci364,2021-06-26 16:00:00,Harold and Maude,2,8.0
4300,PRN04299,giorgiaverdi343,2020-05-30 10:30:00,Andhadhun,1,7.0
4301,PRN04300,chiararomano372,2018-03-15 16:00:00,The Apartment,3,8.5
4302,PRN04301,andreabianchi226,2019-07-02 10:00:00,Dirty Harry,4,8.0
4303,PRN04302,simonebruno281,2021-08-19 10:30:00,The Godfather,2,6.5
4304,PRN04303,marcoesposito338,2018-12-15 15:30:00,Night on Earth,2,8.0
4305,PRN04304,giuliacolombo72,2024-11-16 10:30:00,The Sound of Music,4,8.0
4306,PRN04305,elenabianchi387,2026-05-17 18:00:00,The Blues Brothers,2,8.5
4307,PRN04306,davideesposito26,2022-05-18 12:30:00,Peeping Tom,3,7.5
4308,PRN04307,matteoesposito236,2021-03-25 12:00:00,The French Connection,3,8.5
4309,PRN04308,annamarino199,2024-07-12 12:30:00,Rio Bravo,3,8.5
4310,PRN04309,simonefontana102,2023-05-30 10:30:00,The Game,4,7.5
4311,PRN04310,giorgiagreco210,2024-01-23 10:00:00,Batman: Mask of the Phantasm,3,8.0
4312,PRN04311,giorgiaverdi343,2022-11-19 10:00:00,Cast Away,1,8.5
4313,PRN04312,paoloferrari140,2022-02-05 13:30:00,The Others,1,7.5
4314,PRN04313,sararusso357,2027-09-03 10:30:00,The Illusionist,3,7.0
4315,PRN04314,matteogallo266,2021-01-03 10:30:00,October Sky,3,7.5
4316,PRN04315,matteocolombo229,2018-07-07 10:30:00,Lola rennt,3,7.5
4317,PRN04316,paolorossi142,2018-04-29 12:30:00,The Innocents,4,8.0
4318,PRN04317,lucaverdi41,2026-08-18 13:30:00,The Game,1,6.5
4319,PRN04318,andreacolombo295,2018-07-08 13:00:00,Bringing Up Baby,3,7.5
4320,PRN04319,paologreco28,2025-01-23 15:30:00,Amélie,3,6.5
4321,PRN04320,alessioferrari80,2019-12-07 13:30:00,The Nightmare Before Christmas,1,7.5
4322,PRN04321,alessiocolombo64,2026-06-12 13:00:00,Empire of the Sun,2,8.5
4323,PRN04322,alessiorusso177,2018-03-16 10:30:00,Harold and Maude,1,8.0
4324,PRN04323,giuliarusso375,2024-09-21 10:30:00,Kaze no tani no Naushika,4,8.5
4325,PRN04324,davidebruno154,2023-06-30 10:30:00,Mulan,2,6.5
4326,PRN04325,sararusso357,2025-07-09 10:00:00,Mulan,1,8.0
4327,PRN04326,lucagallo217,2027-11-07 10:00:00,Butch Cassidy and the Sundance Kid,2,7.5
4328,PRN04327,simonegreco367,2020-01-08 10:30:00,Frankenstein,3,8.5
4329,PRN04328,paologreco206,2023-06-15 10:30:00,Rebel Without a Cause,3,7.0
4330,PRN04329,lauraconti118,2024-11-26 10:00:00,The Kid,1,7.5
4331,PRN04330,chiaraferrari311,2019-04-04 10:30:00,American History X,2,8.0
4332,PRN04331,saragallo200,2021-02-26 12:30:00,The Philadelphia Story,4,8.0
4333,PRN04332,lucaromano249,2025-12-06 13:00:00,Bom Yeoareum Gaeul Gyeoul Geurigo Bom,3,6.5
4334,PRN04333,francescagreco13,2025-03-28 10:30:00,Forrest Gump,1,6.5
4335,PRN04334,francescaferrari54,2019-05-21 10:00:00,Once Were Warriors,2,7.0
4336,PRN04335,marcoricci187,2025-01-23 15:30:00,Amélie,2,6.5
4337,PRN04336,alessioferrari146,2019-07-28 15:30:00,The Godfather: Part III,2,7.5
4338,PRN04337,sarabruno290,2026-08-01 14:00:00,Awakenings,3,7.0
4339,PRN04338,lucamarino173,2018-03-31 18:30:00,Harold and Maude,2,9.0
4340,PRN04339,elenaesposito163,2020-06-13 13:00:00,Der Name der Rose,2,6.5
4341,PRN04340,giuliaconti43,2021-09-01 13:30:00,The 39 Steps,3,7.5
4342,PRN04341,alessiogallo360,2018-06-15 13:30:00,Hiroshima mon amour,1,8.5
4343,PRN04342,matteoverdi167,2022-07-16 10:30:00,Who Framed Roger Rabbit,1,8.5
4344,PRN04343,lauracolombo195,2026-08-13 17:30:00,The Game,4,7.5
4345,PRN04344,giuliaesposito73,2023-02-19 19:30:00,The Wild Bunch,1,8.5
4346,PRN04345,annarusso133,2023-08-02 10:30:00,The Taking of Pelham One Two Three,3,7.0
4347,PRN04346,lucarossi45,2022-08-03 10:00:00,High Noon,3,7.5
4348,PRN04347,paoloconti272,2026-01-08 13:30:00,Double Indemnity,3,7.5
4349,PRN04348,chiararicci77,2027-03-13 10:30:00,Le dîner de cons,4,8.0
4350,PRN04349,sararusso357,2020-03-26 13:00:00,Toy Story,1,8.0
4351,PRN04350,davideferrari319,2025-11-14 12:30:00,American Psycho,1,6.5
4352,PRN04351,francescagreco67,2027-12-22 17:00:00,C.R.A.Z.Y.,3,8.0
4353,PRN04352,giorgiaverdi343,2021-05-17 10:30:00,The Princess Bride,4,8.0
4354,PRN04353,davidericci60,2024-05-09 15:30:00,Nueve reinas,1,8.0
4355,PRN04354,giorgiaverdi291,2025-11-10 15:00:00,Minority Report,3,7.0
4356,PRN04355,alessioesposito209,2023-11-04 17:00:00,Kumonosu-jô,2,6.5
4357,PRN04356,simonefontana36,2023-08-26 13:00:00,Das Boot,1,6.5
4358,PRN04357,davideesposito26,2025-03-19 10:00:00,Pink Floyd: The Wall,2,6.5
4359,PRN04358,davidebruno380,2025-12-16 10:30:00,28 Days Later...,2,8.0
4360,PRN04359,sararossi247,2018-01-06 12:30:00,A Night at the Opera,2,8.5
4361,PRN04360,annabruno44,2027-11-09 10:00:00,Sin City,4,7.0
4362,PRN04361,lucagallo217,2021-08-19 14:00:00,Taxi Driver,2,7.0
4363,PRN04362,lauracolombo7,2026-06-04 13:00:00,Omohide poro poro,1,6.5
4364,PRN04363,lucabruno324,2020-04-05 13:00:00,Trois couleurs: Rouge,4,6.5
4365,PRN04364,saraverdi66,2025-01-04 10:30:00,In the Name of the Father,3,7.0
4366,PRN04365,elenabianchi258,2021-09-29 10:00:00,The Little Mermaid,4,8.0
4367,PRN04366,giuliagreco143,2018-05-19 15:30:00,Sling Blade,1,7.5
4368,PRN04367,matteoesposito236,2027-06-27 15:00:00,American Gangster,1,6.5
4369,PRN04368,matteoesposito303,2021-08-23 14:00:00,The Truman Show,1,7.5
4370,PRN04369,annaverdi59,2027-07-25 19:30:00,Le locataire,2,8.5
4371,PRN04370,elenaricci306,2019-03-16 10:00:00,Uri: The Surgical Strike,3,7.5
4372,PRN04371,lauraconti118,2022-08-01 10:00:00,Dilwale Dulhania Le Jayenge,3,6.5
4373,PRN04372,chiaraverdi302,2026-04-11 13:00:00,The Lord of the Rings: The Return of the King,1,7.5
4374,PRN04373,saragreco238,2019-11-06 10:30:00,Anand,4,8.5
4375,PRN04374,sarabruno290,2019-08-27 16:00:00,The Exorcist,4,6.5
4376,PRN04375,giorgiagreco373,2025-09-03 10:00:00,Metropolis,2,8.5
4377,PRN04376,simoneverdi362,2019-08-17 16:00:00,Night on Earth,2,7.5
4378,PRN04377,francescagreco13,2027-08-10 12:30:00,Lat sau san taam,2,8.5
4379,PRN04378,giorgiarossi264,2020-08-20 13:00:00,Mission: Impossible - Fallout,1,8.5
4380,PRN04379,lucaconti256,2020-01-01 10:00:00,Zulu,3,7.0
4381,PRN04380,francescacolombo89,2020-10-28 12:30:00,The Last of the Mohicans,1,6.5
4382,PRN04381,giuliabruno180,2026-02-28 16:30:00,Edward Scissorhands,2,6.5
4383,PRN04382,simonebruno314,2021-03-20 17:30:00,The French Connection,1,6.5
4384,PRN04383,matteofontana170,2020-01-05 13:30:00,Ran,1,7.5
4385,PRN04384,annafontana274,2018-02-20 10:00:00,A Night at the Opera,1,6.5
4386,PRN04385,andrearicci95,2018-06-26 10:30:00,Willy Wonka & the Chocolate Factory,4,8.0
4387,PRN04386,marcocolombo152,2027-04-25 10:00:00,Kakushi-toride no san-akunin,1,8.0
4388,PRN04387,giorgiacolombo297,2023-03-31 17:00:00,Star Trek II: The Wrath of Khan,1,6.5
4389,PRN04388,saracolombo124,2020-07-19 10:00:00,Der Himmel über Berlin,2,8.5
4390,PRN04389,matteoromano129,2026-03-01 16:30:00,Nosferatu,3,7.0
4391,PRN04390,matteoromano221,2020-02-20 12:30:00,Lost Highway,4,6.5
4392,PRN04391,marcoricci192,2026-08-09 15:30:00,Being John Malkovich,2,8.5
4393,PRN04392,giuliaesposito172,2023-02-08 10:30:00,Willy Wonka & the Chocolate Factory,1,8.0
4394,PRN04393,simonefontana36,2021-04-29 10:30:00,Bacheha-Ye aseman,3,7.0
4395,PRN04394,lucaconti256,2020-08-07 16:00:00,Love and Death,1,7.5
4396,PRN04395,lauraricci248,2021-06-27 16:00:00,Once Upon a Time... in Hollywood,4,7.5
4397,PRN04396,sarabruno290,2025-01-05 16:30:00,Dial M for Murder,2,7.0
4398,PRN04397,saraconti61,2021-01-23 10:30:00,It's a Wonderful Life,4,7.5
4399,PRN04398,lucacolombo344,2021-10-06 10:30:00,Ran,4,8.0
4400,PRN04399,andrearusso265,2022-09-10 10:00:00,Raiders of the Lost Ark,1,7.0
4401,PRN04400,davidegallo382,2025-07-12 10:30:00,The Fifth Element,1,6.5
4402,PRN04401,elenaesposito163,2022-08-06 15:00:00,Vivre sa vie: Film en douze tableaux,1,6.5
4403,PRN04402,francescagallo267,2023-08-12 15:30:00,Memento,2,8.5
4404,PRN04403,marcomarino322,2020-07-08 10:30:00,Harold and Maude,2,8.5
4405,PRN04404,alessioferrari80,2027-01-24 18:30:00,The Notebook,4,10.0
4406,PRN04405,chiaraconti371,2018-04-08 10:00:00,Kimi no na wa.,3,8.5
4407,PRN04406,simonebruno251,2025-09-18 13:00:00,Black Hawk Down,2,7.0
4408,PRN04407,giuliaromano175,2027-04-07 10:00:00,The Man Who Shot Liberty Valance,1,8.0
4409,PRN04408,francescagreco289,2019-08-01 12:30:00,La passion de Jeanne d'Arc,2,8.0
4410,PRN04409,giorgiaverdi349,2023-07-02 15:30:00,The Untouchables,1,7.0
4411,PRN04410,andreagallo97,2020-04-02 13:30:00,Freaks,3,6.5
4412,PRN04411,lauraricci225,2020-03-08 20:00:00,La battaglia di Algeri,2,8.5
4413,PRN04412,giorgiarossi264,2019-03-15 10:00:00,"Crna macka, beli macor",1,6.5
4414,PRN04413,elenabianchi258,2021-03-09 13:00:00,Cape Fear,4,7.5
4415,PRN04414,lauraconti340,2018-11-12 10:00:00,"Shin seiki Evangelion Gekijô-ban: Air/Magokoro wo, kimi ni",4,8.5
4416,PRN04415,francescafontana257,2019-01-06 10:00:00,The Fugitive,4,6.5
4417,PRN04416,alessiobruno365,2021-10-30 10:30:00,Reservoir Dogs,2,8.5
4418,PRN04417,giorgiamarino68,2022-08-23 10:00:00,Gilda,3,7.0
4419,PRN04418,davideromano166,2021-05-15 10:00:00,The Princess Bride,3,7.5
4420,PRN04419,marcoromano27,2020-07-11 10:30:00,Bride of Frankenstein,2,8.0
4421,PRN04420,lucarossi45,2022-12-30 10:00:00,Yeopgijeogin geunyeo,3,7.5
4422,PRN04421,elenagreco283,2020-11-28 16:00:00,Spider-Man: Into the Spider-Verse,2,8.5
4423,PRN04422,saracolombo183,2018-05-31 10:00:00,The Ten Commandments,2,8.5
4424,PRN04423,chiararossi390,2019-03-30 18:30:00,Tengoku to jigoku,2,9.0
4425,PRN04424,alessiomarino334,2027-01-02 18:00:00,Eastern Promises,2,8.5
4426,PRN04425,alessioferrari146,2021-06-23 15:30:00,It's a Wonderful Life,1,8.0
4427,PRN04426,giuliaromano327,2021-01-17 16:00:00,North by Northwest,2,8.0
4428,PRN04427,davideverdi47,2020-03-06 10:00:00,La battaglia di Algeri,1,6.5
4429,PRN04428,marcoricci237,2023-07-07 10:00:00,Stagecoach,2,6.5
4430,PRN04429,marcoesposito338,2022-05-17 10:00:00,Le samouraï,2,8.0
4431,PRN04430,davideverdi47,2025-04-28 10:00:00,Night on Earth,1,7.5
4432,PRN04431,lucabruno296,2026-11-08 12:30:00,The 39 Steps,3,8.5
4433,PRN04432,simonericci313,2019-12-29 10:00:00,Tombstone,4,8.5
4434,PRN04433,matteomarino144,2020-11-10 13:30:00,The Godfather,2,6.5
4435,PRN04434,giuliaesposito172,2023-11-24 12:30:00,Amadeus,1,8.5
4436,PRN04435,alessiorusso177,2023-09-20 13:00:00,To Kill a Mockingbird,4,7.5
4437,PRN04436,elenarossi121,2025-02-15 13:30:00,Mad Max 2,2,7.5
4438,PRN04437,chiararusso103,2022-01-14 13:00:00,Sleuth,2,8.0
4439,PRN04438,giorgiamarino94,2026-12-09 13:00:00,The Lost Weekend,3,7.0
4440,PRN04439,andreacolombo347,2027-03-10 10:30:00,Willy Wonka & the Chocolate Factory,1,7.0
4441,PRN04440,giorgiagallo158,2026-08-22 14:00:00,The Truman Show,4,8.0
4442,PRN04441,giuliaromano25,2027-05-21 12:30:00,Dazed and Confused,2,6.5
4443,PRN04442,lucabruno296,2027-03-22 13:30:00,Lagaan: Once Upon a Time in India,2,7.0
4444,PRN04443,lucarusso157,2022-08-07 15:30:00,La dolce vita,4,8.0
4445,PRN04444,lucabruno296,2021-12-01 10:30:00,Little Women,3,7.0
4446,PRN04445,paolocolombo16,2019-12-01 15:30:00,Trois couleurs: Rouge,2,7.0
4447,PRN04446,matteoesposito303,2020-12-19 20:00:00,Central do Brasil,3,8.5
4448,PRN04447,giuliacolombo8,2020-07-11 10:30:00,Bride of Frankenstein,2,8.0
4449,PRN04448,giuliagreco143,2020-03-04 13:00:00,JFK,2,8.0
4450,PRN04449,giuliabianchi181,2026-07-13 12:30:00,Giant,3,8.5
4451,PRN04450,simoneverdi205,2025-03-19 12:30:00,Tengoku to jigoku,4,8.5
4452,PRN04451,marcofontana15,2019-06-15 19:30:00,Shichinin no samurai,2,9.0
4453,PRN04452,marcorossi260,2027-04-12 10:30:00,The Last Samurai,1,6.5
4454,PRN04453,chiarabruno370,2023-12-24 19:00:00,Rebecca,2,9.0
4455,PRN04454,matteoesposito185,2022-11-13 18:00:00,Sense and Sensibility,1,10.0
4456,PRN04455,alessiobruno365,2022-10-18 13:30:00,La Grande Illusion,4,8.0
4457,PRN04456,francescaromano348,2018-06-30 13:00:00,Smultronstället,4,7.0
4458,PRN04457,giuliabianchi181,2026-11-17 13:30:00,Trois couleurs: Bleu,3,8.5
4459,PRN04458,lauraconti118,2027-07-06 10:00:00,Happiness,2,8.5
4460,PRN04459,davideferrari63,2019-06-07 12:30:00,Dirty Harry,4,8.5
4461,PRN04460,annaverdi162,2024-11-20 14:00:00,Fight Club,4,7.0
4462,PRN04461,lucaconti18,2023-05-21 17:00:00,La battaglia di Algeri,4,7.0
4463,PRN04462,paolocolombo16,2019-01-14 10:30:00,Shine,3,7.0
4464,PRN04463,lucaricci3,2021-04-25 12:30:00,Le notti di Cabiria,4,8.5
4465,PRN04464,elenarossi121,2019-09-28 18:30:00,Lethal Weapon,1,8.5
4466,PRN04465,francescagreco81,2021-04-28 16:30:00,Trois couleurs: Blanc,3,7.0
4467,PRN04466,annaricci145,2019-12-01 15:30:00,Trois couleurs: Rouge,2,7.0
4468,PRN04467,lauraverdi90,2027-10-02 10:30:00,As Good as It Gets,4,8.0
4469,PRN04468,lauraromano137,2026-01-08 13:30:00,Double Indemnity,3,7.5
4470,PRN04469,elenaesposito211,2021-11-01 13:30:00,The Great Escape,2,7.0
4471,PRN04470,elenafontana294,2027-03-20 10:30:00,Stalag 17,1,8.5
4472,PRN04471,paolorossi186,2025-03-08 15:30:00,The Incredibles,2,8.0
4473,PRN04472,elenaverdi270,2020-03-02 12:30:00,Crimes and Misdemeanors,3,8.0
4474,PRN04473,annafontana274,2021-05-18 13:00:00,Pulp Fiction,1,7.0
4475,PRN04474,elenabruno207,2024-11-17 10:30:00,La vita è bella,1,8.0
4476,PRN04475,chiaragreco395,2023-09-11 10:30:00,Ladri di biciclette,1,6.5
4477,PRN04476,marcofontana350,2025-02-16 15:30:00,The Wizard of Oz,3,8.5
4478,PRN04477,andreaverdi202,2023-12-17 15:00:00,Almost Famous,3,8.5
4479,PRN04478,alessioconti292,2020-12-26 17:00:00,Marriage Story,3,8.0
4480,PRN04479,lucamarino173,2023-05-27 15:00:00,Dazed and Confused,3,8.0
4481,PRN04480,paolofontana214,2027-12-01 10:00:00,The Best Years of Our Lives,4,8.0
4482,PRN04481,andreagallo82,2027-07-03 19:00:00,Toy Story 2,3,8.5
4483,PRN04482,annacolombo278,2018-10-12 10:00:00,Toy Story,1,7.0
4484,PRN04483,alessioferrari146,2023-12-10 18:00:00,Der Himmel über Berlin,2,9.5
4485,PRN04484,francescagallo267,2022-03-26 10:00:00,Star Trek II: The Wrath of Khan,1,8.5
4486,PRN04485,chiarafontana393,2021-02-13 12:30:00,October Sky,4,7.0
4487,PRN04486,paolorusso252,2020-01-17 10:00:00,Secrets & Lies,3,8.5
4488,PRN04487,francescaromano156,2025-05-03 16:30:00,Gandhi,2,6.5
4489,PRN04488,alessiogallo360,2027-04-22 10:30:00,Fa yeung nin wah,4,6.5
4490,PRN04489,davideromano166,2019-01-21 10:30:00,The Grapes of Wrath,1,7.0
4491,PRN04490,alessiomarino334,2021-10-04 13:30:00,Hamlet,4,7.0
4492,PRN04491,giorgiaverdi291,2021-08-30 10:30:00,The Thing,4,6.5
4493,PRN04492,giorgiaferrari282,2025-10-10 10:00:00,The Godfather: Part II,2,6.5
4494,PRN04493,giuliarusso255,2027-10-02 19:30:00,Persona,4,9.0
4495,PRN04494,andreamarino98,2026-08-23 17:30:00,La Grande Illusion,2,7.0
4496,PRN04495,marcofontana51,2024-02-19 13:30:00,Per qualche dollaro in più,3,6.5
4497,PRN04496,paolocolombo40,2019-12-12 10:30:00,The Sixth Sense,2,8.0
4498,PRN04497,giuliabianchi42,2026-08-31 10:00:00,The Circus,1,7.5
4499,PRN04498,lauraconti340,2024-10-06 12:30:00,Lethal Weapon,4,7.0
4500,PRN04499,annamarino242,2023-04-25 10:00:00,Out of the Past,2,8.0
4501,PRN04500,paologreco206,2025-03-15 10:30:00,Schindler's List,3,8.0
4502,PRN04501,davidebianchi29,2018-10-25 10:30:00,The Princess Bride,4,6.5
4503,PRN04502,andreacolombo347,2027-03-13 10:30:00,Le dîner de cons,4,8.0
4504,PRN04503,lauraromano137,2020-02-01 15:00:00,The Matrix,2,6.5
4505,PRN04504,sararusso357,2021-06-02 13:00:00,Dom za vesanje,1,8.5
4506,PRN04505,francescaromano150,2027-11-15 10:30:00,Fight Club,2,8.0
4507,PRN04506,annaverdi162,2027-11-09 13:00:00,The Long Goodbye,2,7.0
4508,PRN04507,simonebruno314,2025-01-09 10:30:00,The Thin Man,4,7.0
4509,PRN04508,chiararicci77,2026-05-09 16:00:00,Inside Man,3,7.0
4510,PRN04509,giuliagallo138,2023-01-22 10:30:00,Naked,1,7.0
4511,PRN04510,giorgiaconti86,2027-05-26 13:00:00,Mystic River,3,7.0
4512,PRN04511,elenacolombo12,2020-10-24 10:30:00,Mission: Impossible - Fallout,1,7.0
4513,PRN04512,marcofontana369,2026-04-18 10:00:00,Sen to Chihiro no kamikakushi,3,6.5
4514,PRN04513,paolobruno307,2020-03-10 10:30:00,The Sixth Sense,2,7.0
4515,PRN04514,annaferrari37,2018-02-05 10:30:00,The Long Goodbye,3,8.5
4516,PRN04515,lauraromano137,2020-11-12 15:30:00,Roma,4,7.5
4517,PRN04516,giorgiagreco57,2027-09-21 10:00:00,The Lives of Others,3,6.5
4518,PRN04517,alessioferrari80,2019-07-07 16:30:00,Wind River,1,8.0
4519,PRN04518,simonefontana234,2024-04-07 12:30:00,The Godfather: Part III,2,8.0
4520,PRN04519,chiararomano21,2027-01-11 10:00:00,Donnie Darko,1,8.5
4521,PRN04520,chiaraverdi302,2026-02-20 13:30:00,Gongdong gyeongbi guyeok JSA,3,6.5
4522,PRN04521,paoloricci385,2018-10-17 13:00:00,Pink Floyd: The Wall,2,7.0
4523,PRN04522,elenabruno207,2020-11-09 10:30:00,The Nightmare Before Christmas,1,6.5
4524,PRN04523,alessiobruno365,2026-05-22 10:30:00,Before Sunrise,1,7.0
4525,PRN04524,elenamarino111,2024-04-05 12:00:00,Sense and Sensibility,1,6.5
4526,PRN04525,lucaricci233,2027-10-30 17:00:00,"Monsters, Inc.",3,8.0
4527,PRN04526,simonebruno130,2023-10-16 12:30:00,Hable con ella,4,6.5
4528,PRN04527,chiararossi53,2025-09-28 10:30:00,The Conversation,1,7.5
4529,PRN04528,sararicci389,2022-10-24 10:00:00,Kôkaku Kidôtai,4,7.0
4530,PRN04529,sararomano58,2024-07-06 13:00:00,Fargo,3,8.5
4531,PRN04530,annacolombo123,2027-12-06 12:30:00,The Maltese Falcon,2,8.5
4532,PRN04531,alessiobruno20,2022-05-05 18:00:00,Donnie Brasco,4,9.5
4533,PRN04532,lauraconti340,2020-07-01 10:00:00,Ba wang bie ji,3,6.5
4534,PRN04533,marcoromano27,2027-11-02 13:30:00,Papurika,4,6.5
4535,PRN04534,andreafontana329,2023-03-27 10:30:00,12 Angry Men,2,8.5
4536,PRN04535,chiararossi53,2022-12-16 10:30:00,Hannah and Her Sisters,1,6.5
4537,PRN04536,lauraconti340,2025-08-04 10:00:00,American Beauty,4,7.5
4538,PRN04537,lucabruno296,2024-05-26 16:30:00,Forrest Gump,4,7.0
4539,PRN04538,matteoromano129,2019-05-18 12:30:00,Harvey,2,6.5
4540,PRN04539,elenabianchi96,2022-01-23 15:00:00,Freaks,2,8.0
4541,PRN04540,paoloromano35,2018-09-19 10:30:00,Airlift,2,8.5
4542,PRN04541,simonecolombo366,2020-11-06 10:30:00,Gongdong gyeongbi guyeok JSA,2,8.5
4543,PRN04542,lucaconti262,2020-03-15 16:00:00,Festen,2,7.0
4544,PRN04543,laurafontana345,2020-08-30 12:30:00,Philadelphia,2,8.0
4545,PRN04544,sararossi337,2018-09-01 10:00:00,Airlift,2,8.0
4546,PRN04545,davidegreco109,2024-05-23 15:30:00,All the President's Men,4,8.0
4547,PRN04546,matteobianchi93,2020-10-25 13:00:00,The Godfather,4,8.5
4548,PRN04547,alessioferrari146,2027-05-15 13:30:00,La haine,2,8.0
4549,PRN04548,lucacolombo318,2019-05-16 10:00:00,Stalag 17,1,6.5
4550,PRN04549,giorgiaromano243,2023-02-16 10:30:00,American Psycho,4,8.0
4551,PRN04550,giuliaesposito172,2026-06-09 10:00:00,28 Days Later...,4,6.5
4552,PRN04551,giorgiaromano19,2021-03-27 13:30:00,The French Connection,3,7.5
4553,PRN04552,chiaragreco395,2023-12-24 19:00:00,Rebecca,2,9.0
4554,PRN04553,annarusso132,2024-01-17 10:30:00,Strangers on a Train,2,8.5
4555,PRN04554,giuliabianchi42,2025-11-16 13:30:00,Stalker,1,7.5
4556,PRN04555,chiaraconti91,2023-09-07 13:00:00,The Count of Monte Cristo,1,8.0
4557,PRN04556,marcofontana15,2024-04-04 10:30:00,Vertigo,4,7.0
4558,PRN04557,giorgiabruno279,2027-02-23 13:00:00,The Notebook,3,6.5
4559,PRN04558,lucagallo212,2021-06-06 13:00:00,Harvey,1,8.5
4560,PRN04559,giuliabianchi42,2026-04-17 10:30:00,Ivanovo detstvo,4,8.0
4561,PRN04560,marcogallo108,2019-04-03 10:00:00,"Crna macka, beli macor",2,8.0
4562,PRN04561,annamarino242,2019-07-27 16:00:00,Sabrina,3,6.5
4563,PRN04562,annarusso133,2018-09-22 14:30:00,Thor: Ragnarok,3,8.5
4564,PRN04563,andreabianchi226,2025-05-03 20:30:00,Deliverance,2,9.5
4565,PRN04564,davideconti62,2023-06-28 10:00:00,Full Metal Jacket,2,8.0
4566,PRN04565,andreaverdi202,2022-03-13 10:00:00,The Killing,4,8.0
4567,PRN04566,annarossi309,2021-04-21 10:00:00,The Shawshank Redemption,4,6.5
4568,PRN04567,lucaricci273,2025-02-18 10:00:00,The Wild Bunch,1,8.5
4569,PRN04568,giorgiaromano188,2022-07-16 18:00:00,The Elephant Man,4,9.5
4570,PRN04569,giorgiaferrari282,2022-02-28 16:00:00,Taxi Driver,1,8.5
4571,PRN04570,annarossi309,2019-03-26 16:30:00,A Star Is Born,4,7.5
4572,PRN04571,annaricci275,2027-11-16 13:00:00,Butch Cassidy and the Sundance Kid,4,7.5
4573,PRN04572,giuliaesposito172,2022-10-17 10:30:00,Sense and Sensibility,1,7.5
4574,PRN04573,alessiofontana215,2025-07-22 13:30:00,Mr. Smith Goes to Washington,3,8.0
4575,PRN04574,marcorusso392,2019-02-10 19:30:00,Sleuth,3,8.5
4576,PRN04575,paolomarino160,2020-04-18 17:30:00,Double Indemnity,3,7.0
4577,PRN04576,annafontana274,2022-06-21 10:30:00,Snatch,1,7.5
4578,PRN04577,lucamarino208,2022-04-16 10:30:00,Das Experiment,2,8.5
4579,PRN04578,matteomarino144,2027-01-31 17:30:00,Ba wang bie ji,1,8.0
4580,PRN04579,davidebruno380,2027-10-25 10:30:00,No Country for Old Men,3,6.5
4581,PRN04580,lucacolombo85,2022-03-22 10:00:00,Tombstone,4,6.5
4582,PRN04581,davideverdi47,2023-05-18 10:30:00,Notorious,2,8.5
4583,PRN04582,giorgiagreco373,2026-09-30 10:00:00,Annie Hall,2,6.5
4584,PRN04583,lucaesposito55,2018-10-11 10:30:00,North by Northwest,4,8.0
4585,PRN04584,annaverdi59,2021-05-06 12:30:00,Dead Poets Society,4,8.5
4586,PRN04585,annaricci145,2025-07-19 13:00:00,The Bourne Supremacy,3,6.5
4587,PRN04586,alessiocolombo148,2019-12-03 15:30:00,Gattaca,3,7.5
4588,PRN04587,lucamarino208,2025-01-25 10:00:00,Training Day,3,7.0
4589,PRN04588,chiararossi52,2021-10-04 18:30:00,Bronenosets Potemkin,2,8.5
4590,PRN04589,lucagallo191,2027-01-15 10:00:00,One Flew Over the Cuckoo's Nest,4,7.0
4591,PRN04590,giuliaromano175,2025-11-08 15:30:00,Tengoku to jigoku,1,8.0
4592,PRN04591,annagallo276,2025-09-05 10:30:00,Metropolis,4,8.0
4593,PRN04592,lucaconti18,2018-01-15 13:00:00,Sing Street,4,7.0
4594,PRN04593,davideverdi70,2018-08-31 10:00:00,Belle de jour,1,7.5
4595,PRN04594,annaverdi117,2018-03-26 10:00:00,Midnight Cowboy,3,7.5
4596,PRN04595,andreaconti358,2021-08-09 10:30:00,Trainspotting,2,8.5
4597,PRN04596,annaricci364,2025-02-09 12:30:00,Clerks,1,6.5
4598,PRN04597,marcorossi78,2021-01-31 13:00:00,The Ten Commandments,3,8.5
4599,PRN04598,francescagallo267,2022-05-23 10:00:00,Vampire Hunter D: Bloodlust,4,7.5
4600,PRN04599,elenaesposito285,2019-06-14 15:30:00,Trois couleurs: Rouge,1,6.5
4601,PRN04600,giuliarusso11,2026-10-27 13:30:00,Toy Story 2,1,8.5
4602,PRN04601,alessiocolombo64,2020-09-18 10:30:00,Kurenai no buta,3,6.5
4603,PRN04602,giorgiabruno279,2019-11-17 17:30:00,Naked,2,7.0
4604,PRN04603,elenaromano224,2026-10-31 13:00:00,Hana-bi,3,6.5
4605,PRN04604,lucaconti256,2018-08-14 14:30:00,Pâfekuto burû,3,8.0
4606,PRN04605,annaricci145,2025-02-14 10:00:00,Training Day,3,8.0
4607,PRN04606,giorgiamarino68,2023-06-09 16:00:00,Night of the Living Dead,1,6.5
4608,PRN04607,giorgiaromano188,2019-02-28 10:00:00,Beauty and the Beast,1,6.5
4609,PRN04608,saramarino261,2024-06-01 18:30:00,The Shop Around the Corner,4,10.0
4610,PRN04609,marcorusso392,2020-10-08 10:30:00,A Few Good Men,4,8.5
4611,PRN04610,simoneromano190,2024-11-14 10:30:00,Evil Dead II,3,8.0
4612,PRN04611,giuliaconti100,2021-05-22 10:30:00,Being John Malkovich,4,7.0
4613,PRN04612,giuliabruno316,2027-04-29 14:30:00,Cast Away,1,8.0
4614,PRN04613,francescarossi305,2021-10-19 13:30:00,Miller's Crossing,4,7.0
4615,PRN04614,marcogreco46,2021-09-01 10:30:00,Léon,1,8.0
4616,PRN04615,lauraconti340,2022-09-16 10:00:00,Lifeboat,4,8.0
4617,PRN04616,paoloromano35,2020-06-16 12:30:00,Charade,2,7.5
4618,PRN04617,chiararusso103,2019-07-20 16:30:00,The Long Goodbye,1,7.0
4619,PRN04618,sarafontana151,2024-02-12 10:00:00,Cool Hand Luke,4,8.5
4620,PRN04619,andreaconti113,2024-09-02 13:30:00,The Grapes of Wrath,1,8.5
4621,PRN04620,paolomarino160,2021-09-20 13:00:00,Gongdong gyeongbi guyeok JSA,1,7.5
4622,PRN04621,andreabianchi397,2019-10-28 10:30:00,Naked,2,7.0
4623,PRN04622,sarabruno290,2024-06-29 15:00:00,Festen,1,7.0
4624,PRN04623,alessioricci381,2021-05-01 10:00:00,Duck Soup,2,8.0
4625,PRN04624,francescaferrari88,2024-11-07 13:30:00,Almost Famous,3,7.0
4626,PRN04625,sararicci389,2020-09-19 18:30:00,In the Name of the Father,2,10.0
4627,PRN04626,chiararusso398,2024-03-13 16:00:00,The Godfather: Part III,3,6.5
4628,PRN04627,davidericci308,2018-10-31 15:30:00,Laura,2,8.5
4629,PRN04628,sararicci231,2026-05-06 12:30:00,300,3,7.5
4630,PRN04629,matteofontana170,2025-07-11 10:30:00,Lost in Translation,1,8.5
4631,PRN04630,giuliabianchi42,2022-02-12 16:00:00,The Others,1,8.5
4632,PRN04631,marcomarino115,2019-01-20 19:30:00,The Grapes of Wrath,3,10.0
4633,PRN04632,chiaraferrari311,2027-09-04 13:30:00,Fitzcarraldo,3,8.5
4634,PRN04633,alessioferrari80,2025-06-21 10:30:00,The Count of Monte Cristo,3,6.5
4635,PRN04634,matteobianchi193,2024-10-14 10:30:00,Fitzcarraldo,4,8.0
4636,PRN04635,lucabruno324,2020-05-10 12:30:00,Metropolis,4,8.5
4637,PRN04636,simoneverdi362,2022-04-17 10:30:00,12 Angry Men,3,8.0
4638,PRN04637,lauraricci248,2019-12-09 10:00:00,Anand,1,7.0
4639,PRN04638,paologreco28,2023-06-29 10:30:00,Rain Man,3,7.0
4640,PRN04639,andreaconti113,2027-03-06 10:30:00,Stalag 17,3,8.5
4641,PRN04640,paoloconti272,2019-04-23 13:00:00,Die Hard: With a Vengeance,4,8.5
4642,PRN04641,giorgiagreco57,2020-05-12 10:30:00,Fanny och Alexander,1,8.0
4643,PRN04642,elenacolombo12,2023-06-22 13:00:00,Serpico,1,7.5
4644,PRN04643,marcoricci192,2021-05-20 10:30:00,The Boondock Saints,3,7.0
4645,PRN04644,giorgiaverdi343,2025-05-15 10:30:00,My Cousin Vinny,1,7.5
4646,PRN04645,giorgiagallo218,2026-02-22 10:00:00,Minority Report,2,8.5
4647,PRN04646,giuliagallo138,2018-09-12 10:30:00,Terminator 2: Judgment Day,2,8.5
4648,PRN04647,lauraricci135,2021-06-23 15:30:00,It's a Wonderful Life,2,8.0
4649,PRN04648,giuliagreco143,2019-02-10 10:30:00,Le locataire,3,8.0
4650,PRN04649,giuliabianchi181,2019-07-21 14:30:00,La passion de Jeanne d'Arc,4,6.5
4651,PRN04650,chiaramarino339,2023-10-18 13:00:00,Mad Max 2,3,8.5
4652,PRN04651,francescagreco13,2020-11-27 15:30:00,Roma,4,8.0
4653,PRN04652,annacolombo123,2025-02-15 16:00:00,Halloween,4,7.0
4654,PRN04653,lauracolombo7,2023-05-20 12:30:00,True Romance,2,8.0
4655,PRN04654,paoloromano394,2019-07-28 12:30:00,Donnie Brasco,1,8.0
4656,PRN04655,marcoricci187,2025-06-14 16:00:00,Ordinary People,3,7.5
4657,PRN04656,francescaromano300,2022-03-14 14:00:00,The Ladykillers,2,8.0
4658,PRN04657,matteoricci9,2021-08-11 13:00:00,Kind Hearts and Coronets,3,8.5
4659,PRN04658,davideromano166,2021-06-05 10:00:00,Night on Earth,2,7.5
4660,PRN04659,giorgiaromano19,2021-05-27 15:30:00,"Planes, Trains & Automobiles",3,6.5
4661,PRN04660,giuliarusso301,2018-01-12 14:00:00,Dangal,4,6.5
4662,PRN04661,andrearicci95,2023-12-21 13:00:00,The Dirty Dozen,3,7.5
4663,PRN04662,giorgiaverdi131,2023-04-01 13:30:00,King Kong,4,8.5
4664,PRN04663,davideesposito26,2022-12-19 12:30:00,Yeopgijeogin geunyeo,3,8.0
4665,PRN04664,giuliarusso301,2027-12-12 15:30:00,To Have and Have Not,2,8.0
4666,PRN04665,lucagallo240,2023-08-27 10:30:00,Dial M for Murder,3,6.5
4667,PRN04666,elenabruno250,2018-07-17 10:00:00,Abre los ojos,3,6.5
4668,PRN04667,lucabruno324,2018-07-16 10:00:00,Smultronstället,2,8.5
4669,PRN04668,alessiogallo56,2023-04-26 13:30:00,Giù la testa,3,7.0
4670,PRN04669,andrearicci197,2021-07-30 10:00:00,I Am Sam,3,8.0
4671,PRN04670,giorgiagreco299,2020-08-03 10:30:00,Jurassic Park,3,8.0
4672,PRN04671,matteoesposito320,2021-08-13 10:00:00,I Am Sam,3,7.5
4673,PRN04672,lucamarino79,2018-02-08 10:00:00,American History X,1,8.5
4674,PRN04673,chiararossi390,2018-08-19 17:00:00,East of Eden,1,7.0
4675,PRN04674,sarabruno220,2027-11-01 10:30:00,"4 luni, 3 saptamâni si 2 zile",2,8.5
4676,PRN04675,paoloromano219,2022-09-09 13:30:00,Raging Bull,2,7.0
4677,PRN04676,simonefontana36,2018-04-22 18:30:00,The Apartment,3,9.5
4678,PRN04677,chiararicci245,2025-12-10 10:00:00,Trois couleurs: Bleu,1,7.5
4679,PRN04678,andreagallo97,2027-06-27 10:00:00,Stand by Me,4,6.5
4680,PRN04679,chiarafontana393,2021-05-29 13:00:00,Vizontele,2,8.0
4681,PRN04680,andreagallo304,2022-05-25 13:00:00,Omohide poro poro,1,7.5
4682,PRN04681,marcofontana369,2018-01-06 15:00:00,A Night at the Opera,2,8.0
4683,PRN04682,saraconti61,2020-05-26 10:00:00,American History X,3,8.0
4684,PRN04683,giuliaverdi189,2018-08-16 14:00:00,La Grande Illusion,2,7.0
4685,PRN04684,alessiomarino334,2022-11-01 10:00:00,Falling Down,1,8.5
4686,PRN04685,elenabruno207,2023-11-05 19:00:00,Dead Man,2,9.5
4687,PRN04686,sararossi247,2023-09-15 10:30:00,The Ladykillers,1,8.0
4688,PRN04687,annaricci275,2019-02-16 17:00:00,Deadpool 2,2,7.0
4689,PRN04688,giuliacolombo72,2020-03-13 13:00:00,Blade Runner,1,7.5
4690,PRN04689,giuliaconti43,2021-10-01 13:00:00,The Verdict,1,7.0
4691,PRN04690,matteobianchi93,2021-10-25 10:30:00,Sherlock Jr.,2,7.0
4692,PRN04691,saraesposito182,2022-10-23 18:00:00,Kind Hearts and Coronets,3,9.5
4693,PRN04692,giuliabianchi42,2025-12-29 10:00:00,Chung Hing sam lam,3,7.5
4694,PRN04693,francescagreco289,2021-06-29 10:00:00,Brief Encounter,1,8.0
4695,PRN04694,sararossi337,2019-06-30 18:30:00,Le samouraï,1,9.0
4696,PRN04695,annaverdi162,2024-10-08 10:00:00,Lethal Weapon,1,7.5
4697,PRN04696,andrearicci197,2025-09-04 10:00:00,Love and Death,2,8.0
4698,PRN04697,annaricci275,2026-05-17 10:00:00,Anand,4,8.0
4699,PRN04698,giorgiagallo356,2021-09-07 10:00:00,The Killing,2,8.0
4700,PRN04699,elenaverdi270,2023-08-17 12:30:00,Inherit the Wind,2,8.5
4701,PRN04700,giorgiacolombo297,2027-12-26 13:00:00,Good Will Hunting,3,8.5
4702,PRN04701,annacolombo278,2022-05-11 13:30:00,Days of Heaven,4,8.5
4703,PRN04702,paolofontana214,2018-07-06 12:30:00,Nuovo Cinema Paradiso,1,8.0
4704,PRN04703,andreagallo82,2019-05-15 13:00:00,Viskningar och rop,4,6.5
4705,PRN04704,marcomarino322,2024-03-08 10:00:00,The General,1,6.5
4706,PRN04705,davidecolombo353,2026-06-10 10:00:00,28 Days Later...,4,8.0
4707,PRN04706,lauraverdi293,2018-08-15 10:30:00,This Is Spinal Tap,3,7.5
4708,PRN04707,chiaraferrari311,2018-02-03 16:30:00,Badlands,3,7.0
4709,PRN04708,chiararusso33,2026-08-01 17:00:00,Star Wars,4,6.5
4710,PRN04709,saramarino359,2024-05-08 13:30:00,The Exorcist,2,7.0
4711,PRN04710,chiaragallo69,2022-03-01 13:30:00,The Birds,3,7.0
4712,PRN04711,giuliaferrari50,2025-04-26 13:00:00,Airplane!,3,8.5
4713,PRN04712,chiaramarino339,2027-09-28 13:00:00,The King of Comedy,1,7.0
4714,PRN04713,giorgiagreco325,2023-03-22 16:00:00,Cowboy Bebop: Tengoku no tobira,3,7.0
4715,PRN04714,alessioferrari80,2026-11-07 16:00:00,V for Vendetta,3,7.5
4716,PRN04715,annarusso133,2022-01-31 17:00:00,The Boondock Saints,2,8.0
4717,PRN04716,francescagreco81,2022-06-08 10:30:00,Arsenic and Old Lace,4,7.5
4718,PRN04717,giorgiacolombo297,2021-05-19 13:30:00,Dances with Wolves,3,7.5
4719,PRN04718,paolofontana214,2022-11-13 18:00:00,Sense and Sensibility,3,10.0
4720,PRN04719,giuliagreco143,2021-12-09 13:30:00,The Message,2,7.5
4721,PRN04720,andreagallo112,2024-03-21 10:00:00,Ivanovo detstvo,4,8.0
4722,PRN04721,francescaromano300,2024-04-01 10:30:00,Rain Man,4,7.5
4723,PRN04722,sararusso357,2021-06-16 10:00:00,Brief Encounter,3,7.5
4724,PRN04723,giorgiagreco325,2020-06-04 10:30:00,American History X,2,7.5
4725,PRN04724,giuliamarino386,2019-11-24 10:00:00,The Princess Bride,2,7.0
4726,PRN04725,giorgiaferrari34,2024-01-15 10:30:00,Guess Who's Coming to Dinner,2,6.5
4727,PRN04726,simoneconti223,2024-03-07 13:00:00,The Remains of the Day,4,7.5
4728,PRN04727,chiarabruno196,2018-04-17 10:00:00,Indiana Jones and the Last Crusade,3,8.5
4729,PRN04728,sarabianchi128,2023-07-31 10:00:00,The Day of the Jackal,3,7.5
4730,PRN04729,annacolombo123,2021-05-23 15:30:00,Sunset Blvd.,1,8.5
4731,PRN04730,giorgiamarino68,2019-07-02 16:00:00,The Philadelphia Story,4,8.5
4732,PRN04731,marcorusso392,2018-12-18 17:00:00,Schindler's List,4,7.5
4733,PRN04732,elenabianchi258,2022-09-14 10:30:00,All About Eve,3,7.0
4734,PRN04733,simonecolombo366,2026-09-26 15:00:00,Witness for the Prosecution,3,7.0
4735,PRN04734,marcofontana51,2024-03-07 13:00:00,The Remains of the Day,3,7.5
4736,PRN04735,simonebruno314,2025-07-25 13:30:00,Days of Heaven,2,8.0
4737,PRN04736,lucamarino79,2018-11-12 10:00:00,"Shin seiki Evangelion Gekijô-ban: Air/Magokoro wo, kimi ni",3,8.5
4738,PRN04737,elenabianchi96,2019-01-30 10:00:00,Boyz n the Hood,4,8.5
4739,PRN04738,giuliaromano287,2023-08-07 10:30:00,Salinui chueok,1,7.0
4740,PRN04739,andrearicci197,2022-09-04 10:00:00,A Streetcar Named Desire,2,7.5
4741,PRN04740,saramarino359,2026-02-11 10:30:00,Barton Fink,3,7.5
4742,PRN04741,chiararusso398,2023-01-01 15:30:00,Escape from Alcatraz,3,8.5
4743,PRN04742,giuliabruno180,2024-10-29 15:00:00,E.T. the Extra-Terrestrial,1,6.5
4744,PRN04743,elenaromano2,2027-08-21 10:00:00,All That Jazz,4,7.5
4745,PRN04744,paolocolombo40,2023-09-03 16:30:00,Kagemusha,2,6.5
4746,PRN04745,chiararicci245,2023-08-23 10:00:00,Donnie Darko,1,6.5
4747,PRN04746,matteoesposito236,2022-06-24 10:30:00,The Night of the Hunter,4,8.0
4748,PRN04747,lucaconti18,2023-02-18 13:00:00,Jules et Jim,3,7.5
4749,PRN04748,giuliaromano175,2025-05-10 19:30:00,21 Grams,2,10.0
4750,PRN04749,lauraricci225,2021-02-23 10:00:00,Persona,3,7.5
4751,PRN04750,francescarossi305,2022-11-21 10:30:00,Days of Heaven,3,8.0
4752,PRN04751,sararicci231,2021-04-23 12:30:00,Network,3,8.0
4753,PRN04752,andreacolombo295,2027-07-19 13:00:00,Zelig,2,7.5
4754,PRN04753,annabianchi122,2018-01-27 18:00:00,The Day the Earth Stood Still,1,9.0
4755,PRN04754,annaverdi59,2018-11-11 13:30:00,Mad Max 2,1,7.0
4756,PRN04755,elenarossi121,2023-12-19 13:30:00,Aladdin,3,8.5
4757,PRN04756,saramarino261,2022-11-07 13:00:00,Kôkaku Kidôtai,4,8.5
4758,PRN04757,elenafontana341,2020-01-10 10:00:00,Casino,3,8.5
4759,PRN04758,elenaverdi270,2025-06-02 13:00:00,High Noon,2,6.5
4760,PRN04759,saramarino14,2020-10-29 10:30:00,Todo sobre mi madre,3,7.0
4761,PRN04760,paolomarino160,2026-04-09 13:00:00,On Golden Pond,1,7.0
4762,PRN04761,andreacolombo295,2025-11-18 10:30:00,Das Boot,4,7.5
4763,PRN04762,matteomarino24,2019-09-16 13:30:00,Le notti di Cabiria,2,6.5
4764,PRN04763,giorgiaesposito284,2024-08-30 10:00:00,Akira,4,8.5
4765,PRN04764,giorgiarusso241,2021-11-14 18:00:00,Platoon,3,8.5
4766,PRN04765,alessiogallo56,2020-06-14 16:30:00,Life of Brian,1,7.5
4767,PRN04766,simonebianchi315,2020-06-06 16:00:00,Freaks,3,7.0
4768,PRN04767,saraesposito182,2020-05-20 10:30:00,Breaking the Waves,3,8.5
4769,PRN04768,paoloromano219,2022-07-31 16:00:00,The Graduate,4,7.0
4770,PRN04769,andreacolombo376,2027-03-26 13:00:00,La dolce vita,4,8.5
4771,PRN04770,marcocolombo152,2025-08-15 10:30:00,Lord of War,1,7.5
4772,PRN04771,matteoromano221,2021-04-30 13:00:00,The Sandlot,3,8.5
4773,PRN04772,saraverdi66,2024-06-10 12:30:00,Fight Club,3,8.5
4774,PRN04773,davideesposito377,2021-03-11 10:30:00,Amores perros,3,6.5
4775,PRN04774,francescagreco81,2025-08-17 19:00:00,Kaze no tani no Naushika,1,10.0
4776,PRN04775,francescaromano150,2019-02-12 13:00:00,All About Eve,4,6.5
4777,PRN04776,giuliaconti43,2018-04-13 10:00:00,Guardians of the Galaxy Vol. 2,3,8.5
4778,PRN04777,lauragreco336,2020-01-28 13:00:00,Frankenstein,2,7.5
4779,PRN04778,francescagreco289,2021-06-26 13:30:00,Sabrina,2,7.0
4780,PRN04779,lauraricci248,2021-12-19 18:00:00,Rosemary's Baby,2,8.5
4781,PRN04780,paoloricci385,2025-06-07 19:00:00,High Noon,3,9.0
4782,PRN04781,andreaconti113,2018-03-18 10:00:00,Harold and Maude,1,7.0
4783,PRN04782,saramarino14,2023-10-06 13:30:00,Das Cabinet des Dr. Caligari,3,7.5
4784,PRN04783,lauraconti340,2026-10-10 12:30:00,Bacheha-Ye aseman,1,6.5
4785,PRN04784,lauraricci248,2026-09-20 17:00:00,The Night of the Hunter,1,8.5
4786,PRN04785,chiarabianchi230,2019-04-04 16:00:00,Todo sobre mi madre,2,7.0
4787,PRN04786,saraconti149,2018-02-23 10:30:00,A Night at the Opera,2,8.5
4788,PRN04787,elenaromano224,2018-12-02 16:30:00,The Untouchables,2,8.0
4789,PRN04788,giorgiaverdi361,2018-05-02 15:00:00,The Untouchables,3,8.0
4790,PRN04789,giorgiacolombo363,2019-08-06 10:30:00,Baahubali 2: The Conclusion,4,7.5
4791,PRN04790,lucarossi49,2025-02-08 10:30:00,Les choristes,1,8.5
4792,PRN04791,sarabruno290,2019-07-05 10:30:00,As Good as It Gets,3,8.5
4793,PRN04792,simonefontana36,2025-03-03 10:00:00,The Wizard of Oz,4,6.5
4794,PRN04793,andreaconti358,2021-07-07 10:30:00,Once Upon a Time... in Hollywood,2,8.0
4795,PRN04794,annabianchi48,2027-04-27 15:30:00,Dom za vesanje,2,7.5
4796,PRN04795,lauraconti118,2023-01-01 15:30:00,Escape from Alcatraz,1,8.5
4797,PRN04796,marcorossi78,2021-04-05 13:30:00,Toy Story 4,2,8.5
4798,PRN04797,andreabruno213,2024-07-25 12:30:00,Dr. Strangelove or: How I Learned to Stop Worrying and Love the Bomb,4,8.0
4799,PRN04798,lucaferrari134,2018-02-14 13:00:00,Sherlock Jr.,2,7.5
4800,PRN04799,giuliabruno316,2024-09-22 16:00:00,The Goonies,4,6.5
4801,PRN04800,marcocolombo152,2027-08-14 10:00:00,Planet of the Apes,3,8.0
4802,PRN04801,giuliaesposito73,2022-10-15 10:00:00,Miller's Crossing,2,6.5
4803,PRN04802,davidebruno380,2025-02-03 12:30:00,Home Alone,3,8.5
4804,PRN04803,giuliacolombo72,2026-08-05 10:00:00,The Station Agent,3,8.5
4805,PRN04804,elenaromano2,2020-12-02 12:30:00,Todo sobre mi madre,3,7.5
4806,PRN04805,annaricci364,2023-02-09 12:30:00,Kôkaku Kidôtai,4,8.5
4807,PRN04806,simonefontana36,2018-01-28 13:00:00,Mr. Smith Goes to Washington,4,7.0
4808,PRN04807,giorgiabianchi136,2027-01-26 12:00:00,Walk the Line,3,8.0
4809,PRN04808,elenafontana341,2025-09-07 15:30:00,Donnie Darko,1,8.5
4810,PRN04809,matteobruno127,2023-11-25 10:00:00,Requiem for a Dream,3,6.5
4811,PRN04810,annagallo119,2018-08-06 10:00:00,Star Wars,4,7.5
4812,PRN04811,marcomarino115,2020-02-09 10:30:00,"Lock, Stock and Two Smoking Barrels",4,7.0
4813,PRN04812,giuliarusso255,2026-10-14 15:30:00,Secrets & Lies,1,7.5
4814,PRN04813,sararossi337,2019-10-15 12:30:00,The Manchurian Candidate,4,8.5
4815,PRN04814,paolorossi142,2026-02-08 15:00:00,Amadeus,4,7.0
4816,PRN04815,giorgiaromano19,2024-07-31 13:00:00,Before Sunrise,1,7.5
4817,PRN04816,marcorossi78,2021-01-09 16:00:00,Saving Private Ryan,3,7.5
4818,PRN04817,giorgiamarino68,2024-12-21 10:00:00,Gongdong gyeongbi guyeok JSA,3,7.0
4819,PRN04818,andreaconti355,2023-09-28 10:30:00,Das Cabinet des Dr. Caligari,2,8.0
4820,PRN04819,francescaferrari88,2023-01-22 19:00:00,Misery,3,10.0
4821,PRN04820,chiaraconti371,2027-01-20 13:00:00,Hamlet,3,6.5
4822,PRN04821,giorgiaromano243,2022-11-13 15:30:00,Rupan sansei: Kariosutoro no shiro,4,7.0
4823,PRN04822,andrearicci197,2020-11-04 13:00:00,The Muppet Movie,3,6.5
4824,PRN04823,paoloromano271,2018-01-21 19:00:00,Dog Day Afternoon,3,10.0
4825,PRN04824,davidebianchi29,2020-01-01 13:30:00,To Kill a Mockingbird,1,6.5
4826,PRN04825,marcoricci237,2027-01-23 16:30:00,Hera Pheri,3,8.5
4827,PRN04826,lucaverdi41,2023-09-22 10:30:00,Being John Malkovich,3,7.5
4828,PRN04827,davideferrari63,2024-10-14 14:00:00,Il conformista,4,8.0
4829,PRN04828,paolofontana378,2021-04-18 12:30:00,Y tu mamá también,1,6.5
4830,PRN04829,lucamarino79,2027-09-12 10:30:00,The Shawshank Redemption,2,8.5
4831,PRN04830,chiararomano101,2023-09-03 20:30:00,The Goonies,3,9.5
4832,PRN04831,marcorusso392,2023-05-29 10:00:00,Fantasia,2,8.0
4833,PRN04832,annamarino199,2024-11-09 10:30:00,Abre los ojos,1,6.5
4834,PRN04833,giorgiagreco373,2026-08-05 12:30:00,À bout de souffle,1,7.5
4835,PRN04834,sararossi337,2027-10-28 10:00:00,The Ladykillers,1,8.0
4836,PRN04835,giorgiaesposito284,2021-06-19 10:00:00,Dark City,3,8.5
4837,PRN04836,elenarossi121,2020-01-29 12:00:00,The Matrix,2,6.5
4838,PRN04837,andreaconti355,2020-02-17 16:00:00,"Planes, Trains & Automobiles",4,7.0
4839,PRN04838,davideesposito377,2018-06-14 10:30:00,Ikiru,1,8.5
4840,PRN04839,chiaramarino339,2027-08-06 13:00:00,Barry Lyndon,1,8.0
4841,PRN04840,saramarino359,2019-07-08 18:00:00,The Naked Gun: From the Files of Police Squad!,3,9.5
4842,PRN04841,lucaconti384,2021-08-21 13:30:00,Serpico,3,7.5
4843,PRN04842,sarafontana151,2023-10-20 10:30:00,Duck Soup,2,7.5
4844,PRN04843,sararusso357,2022-10-01 10:30:00,Lifeboat,1,6.5
4845,PRN04844,giuliabruno161,2024-02-28 12:30:00,The Godfather: Part III,4,8.0
4846,PRN04845,paoloconti272,2027-06-27 15:00:00,American Gangster,4,6.5
4847,PRN04846,chiarabianchi230,2018-09-01 10:00:00,Airlift,4,8.0
4848,PRN04847,giorgiagreco373,2026-10-14 10:00:00,Efter brylluppet,1,8.0
4849,PRN04848,annaromano105,2019-03-07 10:30:00,Terminator 2: Judgment Day,2,6.5
4850,PRN04849,elenabruno250,2019-08-18 13:00:00,The Purple Rose of Cairo,2,6.5
4851,PRN04850,marcoricci192,2018-06-09 15:30:00,The Wild Bunch,2,7.5
4852,PRN04851,francescaromano156,2022-09-04 13:00:00,Ferris Bueller's Day Off,2,7.0
4853,PRN04852,elenafontana294,2019-03-09 18:30:00,A Star Is Born,1,9.0
4854,PRN04853,matteogallo266,2020-12-01 13:00:00,Marriage Story,2,7.0
4855,PRN04854,marcogreco168,2018-11-22 13:00:00,Boogie Nights,2,7.5
4856,PRN04855,marcofontana326,2019-12-04 16:00:00,The Longest Day,2,8.0
4857,PRN04856,elenaconti104,2026-03-23 10:00:00,The Odd Couple,4,7.5
4858,PRN04857,davidebruno154,2025-11-08 10:00:00,Indiana Jones and the Last Crusade,2,8.5
4859,PRN04858,laurafontana345,2018-12-27 10:30:00,God's Own Country,1,6.5
4860,PRN04859,alessioricci381,2025-07-12 16:30:00,Match Point,1,8.5
4861,PRN04860,chiarafontana393,2019-01-31 16:00:00,Ayla: The Daughter of War,1,6.5
4862,PRN04861,marcofontana51,2019-05-30 10:00:00,The Wizard of Oz,4,7.5
4863,PRN04862,giorgiagreco57,2022-04-02 10:00:00,Blue Velvet,4,7.0
4864,PRN04863,lucabruno269,2022-09-18 13:00:00,The Innocents,1,8.0
4865,PRN04864,paolocolombo40,2027-02-17 10:00:00,Stardust,2,6.5
4866,PRN04865,elenabianchi258,2024-09-01 19:00:00,Saw,2,8.5
4867,PRN04866,chiarafontana76,2018-02-24 15:30:00,The Apartment,4,7.0
4868,PRN04867,andreamarino106,2020-10-24 10:30:00,Mission: Impossible - Fallout,3,7.0
4869,PRN04868,lucaconti384,2021-03-27 10:30:00,The Searchers,2,7.0
4870,PRN04869,davideferrari319,2018-01-20 10:30:00,Das Cabinet des Dr. Caligari,1,8.0
4871,PRN04870,paologreco206,2018-11-21 15:00:00,Zulu,4,7.5
4872,PRN04871,annamarino242,2024-01-03 14:30:00,Hotaru no haka,4,8.0
4873,PRN04872,andreabianchi397,2022-10-08 18:00:00,Zerkalo,1,9.0
4874,PRN04873,chiarabruno370,2027-09-19 10:30:00,Bound by Honor,2,8.5
4875,PRN04874,elenabruno250,2021-04-06 10:00:00,E.T. the Extra-Terrestrial,1,7.0
4876,PRN04875,giorgiaverdi291,2026-01-31 10:00:00,Wait Until Dark,1,7.5
4877,PRN04876,marcobruno368,2026-01-26 10:00:00,No Man's Land,3,7.5
4878,PRN04877,elenagreco165,2018-10-13 10:00:00,Il conformista,1,7.0
4879,PRN04878,giuliaromano25,2024-09-16 13:30:00,Kaze no tani no Naushika,1,8.5
4880,PRN04879,marcobruno368,2026-03-31 10:00:00,Vertigo,4,8.0
4881,PRN04880,andreabruno213,2019-05-25 15:30:00,Stalag 17,1,8.5
4882,PRN04881,laurafontana345,2018-07-31 10:30:00,"Planes, Trains & Automobiles",4,8.0
4883,PRN04882,paologreco28,2019-07-10 10:30:00,Sabrina,2,7.5
4884,PRN04883,lucabruno269,2026-10-17 10:00:00,The Sting,3,8.5
4885,PRN04884,paoloromano219,2022-05-21 10:00:00,The French Connection,2,7.5
4886,PRN04885,alessiocolombo176,2023-04-05 12:30:00,"Shin seiki Evangelion Gekijô-ban: Air/Magokoro wo, kimi ni",4,7.0
4887,PRN04886,elenacolombo12,2018-01-24 13:00:00,Dial M for Murder,3,6.5
4888,PRN04887,davideromano22,2022-11-16 16:00:00,City Lights,4,8.0
4889,PRN04888,davidebruno0,2022-10-16 10:00:00,Fargo,2,7.0
4890,PRN04889,lucaesposito55,2018-03-16 15:30:00,Il postino,4,8.5
4891,PRN04890,lauraricci225,2026-05-30 15:00:00,Mimi wo sumaseba,1,6.5
4892,PRN04891,simonegreco310,2020-05-03 10:30:00,Annie Hall,2,6.5
4893,PRN04892,simonefontana234,2018-06-07 13:30:00,Kurenai no buta,2,7.0
4894,PRN04893,andrearomano6,2026-01-01 17:00:00,Love and Death,1,8.0
4895,PRN04894,andreagallo304,2019-03-16 10:00:00,Uri: The Surgical Strike,1,7.5
4896,PRN04895,lauracolombo195,2019-12-08 10:30:00,Trois couleurs: Rouge,1,7.0
4897,PRN04896,francescagallo267,2027-06-07 13:00:00,The Bridges of Madison County,4,6.5
4898,PRN04897,chiaraverdi125,2027-07-25 13:30:00,The Game,1,8.5
4899,PRN04898,annamarino199,2026-11-13 12:30:00,Majo no takkyûbin,2,7.0
4900,PRN04899,paoloverdi179,2025-04-27 10:30:00,The Last of the Mohicans,2,7.5
4901,PRN04900,matteobruno127,2026-03-13 10:30:00,The General,2,6.5
4902,PRN04901,lauraverdi293,2026-03-22 10:30:00,Sherlock Jr.,3,7.0
4903,PRN04902,elenaesposito285,2024-07-05 13:00:00,The Man Who Would Be King,3,7.0
4904,PRN04903,elenamarino321,2022-01-05 15:30:00,Star Trek II: The Wrath of Khan,4,7.5
4905,PRN04904,lauraricci135,2023-06-29 10:30:00,Rain Man,1,7.0
4906,PRN04905,giorgiagallo356,2022-07-10 10:30:00,Waking Life,3,6.5
4907,PRN04906,annamarino242,2027-02-13 14:30:00,Taegukgi hwinalrimyeo,1,8.5
4908,PRN04907,simoneconti223,2020-04-06 10:00:00,Festen,2,8.5
4909,PRN04908,andreacolombo295,2025-02-15 18:30:00,Bound by Honor,4,10.0
4910,PRN04909,giuliaromano175,2027-04-17 10:30:00,Close Encounters of the Third Kind,2,8.5
4911,PRN04910,elenamarino321,2019-03-10 10:30:00,Die Hard: With a Vengeance,2,8.0
4912,PRN04911,paolomarino160,2020-03-08 20:00:00,La battaglia di Algeri,3,8.5
4913,PRN04912,elenafontana294,2020-07-25 13:00:00,Vampire Hunter D: Bloodlust,3,8.0
4914,PRN04913,andreabruno153,2018-09-01 10:00:00,Airlift,4,8.0
4915,PRN04914,marcoesposito338,2018-07-14 15:00:00,American History X,2,6.5
4916,PRN04915,andreaconti358,2021-11-14 15:30:00,Hana-bi,2,8.5
4917,PRN04916,marcoricci237,2024-08-11 16:30:00,"Il buono, il brutto, il cattivo",4,7.5
4918,PRN04917,chiararicci77,2025-03-16 13:30:00,The Incredibles,4,8.0
4919,PRN04918,marcoferrari141,2018-09-11 10:00:00,Hannah and Her Sisters,2,8.5
4920,PRN04919,marcofontana15,2025-11-26 16:00:00,Rupan sansei: Kariosutoro no shiro,2,8.5
4921,PRN04920,matteoromano129,2020-12-14 10:30:00,La Grande Illusion,2,7.5
4922,PRN04921,sarabruno290,2022-10-09 10:30:00,Judgment at Nuremberg,1,8.0
4923,PRN04922,annaverdi162,2026-09-27 17:00:00,Once Were Warriors,1,8.0
4924,PRN04923,giorgiaesposito284,2018-04-07 19:00:00,Sweet Smell of Success,3,9.0
4925,PRN04924,matteoricci9,2027-03-07 13:30:00,The Goonies,2,6.5
4926,PRN04925,lauraverdi90,2026-03-06 12:00:00,Do the Right Thing,3,6.5
4927,PRN04926,elenabianchi387,2023-01-03 16:30:00,Monty Python and the Holy Grail,1,8.5
4928,PRN04927,matteofontana216,2026-02-23 10:00:00,Viskningar och rop,4,8.0
4929,PRN04928,andreagallo82,2025-03-20 10:30:00,The Odd Couple,1,7.5
4930,PRN04929,saramarino92,2020-02-22 13:00:00,Braveheart,4,8.0
4931,PRN04930,marcorossi78,2018-04-14 18:30:00,La haine,4,9.0
4932,PRN04931,paolorusso198,2018-10-13 10:00:00,Il conformista,1,7.0
4933,PRN04932,andrearicci197,2023-07-28 10:00:00,Stagecoach,3,7.5
4934,PRN04933,francescagreco13,2024-08-13 10:00:00,Saw,1,8.5
4935,PRN04934,paoloromano35,2022-03-25 10:30:00,Das Experiment,2,8.0
4936,PRN04935,alessiocolombo17,2020-10-12 10:30:00,M - Eine Stadt sucht einen Mörder,3,8.0
4937,PRN04936,chiaraesposito317,2021-10-11 16:00:00,The Thing,4,7.5
4938,PRN04937,giuliarusso301,2027-10-20 10:00:00,Aliens,4,6.5
4939,PRN04938,saraconti149,2019-10-09 10:30:00,Ben-Hur,3,8.0
4940,PRN04939,chiaragallo69,2019-05-05 12:30:00,Raging Bull,2,7.5
4941,PRN04940,andreaconti355,2019-07-26 10:00:00,Gifted,1,8.0
4942,PRN04941,chiarabruno227,2022-08-12 10:00:00,Carlito's Way,3,6.5
4943,PRN04942,matteomarino24,2020-01-13 17:00:00,Secrets & Lies,1,8.5
4944,PRN04943,andreaconti358,2019-06-27 10:30:00,La Strada,2,6.5
4945,PRN04944,paolocolombo40,2027-09-18 18:30:00,The Shawshank Redemption,3,10.0
4946,PRN04945,giuliabianchi169,2027-02-14 12:30:00,The Muppet Christmas Carol,4,7.0
4947,PRN04946,alessioromano383,2020-07-26 16:00:00,Tôkyô monogatari,1,8.5
4948,PRN04947,alessiocolombo148,2019-03-01 10:30:00,Laura,2,8.0
4949,PRN04948,chiarabruno227,2024-04-20 14:30:00,The Exorcist,4,8.5
4950,PRN04949,simonebruno314,2019-07-07 16:30:00,Wind River,3,8.0
4951,PRN04950,lucamarino208,2022-02-13 13:30:00,Boksuneun naui geot,3,7.0
4952,PRN04951,andreabianchi232,2022-12-09 10:00:00,Yeopgijeogin geunyeo,3,7.5
4953,PRN04952,lauragreco336,2018-04-28 19:00:00,Lost Highway,2,8.5
4954,PRN04953,lucarossi23,2019-12-04 10:00:00,Home Alone,2,8.0
4955,PRN04954,giuliacolombo8,2024-01-25 12:30:00,The Last Picture Show,3,7.0
4956,PRN04955,alessioconti292,2026-11-21 13:30:00,L.A. Confidential,4,8.0
4957,PRN04956,chiaraverdi125,2020-09-02 13:00:00,The Naked Gun: From the Files of Police Squad!,3,8.0
4958,PRN04957,giuliaesposito374,2023-08-31 12:30:00,Willy Wonka & the Chocolate Factory,2,6.5
4959,PRN04958,annabruno44,2022-07-24 14:30:00,Vivre sa vie: Film en douze tableaux,2,8.5
4960,PRN04959,matteobianchi83,2023-09-30 17:30:00,Das Cabinet des Dr. Caligari,4,8.5
4961,PRN04960,lauraverdi293,2019-03-22 10:30:00,On Golden Pond,1,7.5
4962,PRN04961,giorgiacolombo164,2019-07-25 13:00:00,Fried Green Tomatoes,4,8.0
4963,PRN04962,paoloromano394,2023-01-21 15:30:00,Mimi wo sumaseba,4,8.5
4964,PRN04963,andrearusso265,2019-10-30 13:00:00,Naked,2,7.0
4965,PRN04964,elenacolombo12,2026-02-07 15:00:00,Blade Runner,1,7.0
4966,PRN04965,marcofontana15,2023-06-05 10:30:00,The Untouchables,3,8.5
4967,PRN04966,giuliaesposito374,2019-04-30 17:30:00,The Kid,2,7.5
4968,PRN04967,lauraverdi293,2025-11-30 10:00:00,Stalker,3,8.5
4969,PRN04968,simonefontana253,2022-06-05 10:30:00,Some Like It Hot,1,7.0
4970,PRN04969,lauraricci225,2022-12-15 13:00:00,North by Northwest,4,8.5
4971,PRN04970,paolomarino160,2020-07-18 15:30:00,Jurassic Park,1,6.5
4972,PRN04971,lucabianchi379,2018-02-17 16:00:00,Secrets & Lies,1,8.5
4973,PRN04972,sararicci389,2018-11-20 10:00:00,Amarcord,3,7.5
4974,PRN04973,giorgiaromano19,2022-05-26 15:00:00,The Fifth Element,2,7.5
4975,PRN04974,giuliabruno161,2024-10-27 10:30:00,Almost Famous,4,7.0
4976,PRN04975,alessiofontana215,2020-03-15 16:00:00,Festen,2,7.0
4977,PRN04976,giuliaromano25,2022-09-06 10:30:00,Kramer vs. Kramer,2,7.5
4978,PRN04977,paolofontana214,2025-06-10 10:30:00,Andaz Apna Apna,2,8.5
4979,PRN04978,giuliaverdi189,2025-05-10 13:30:00,Deliverance,3,7.0
4980,PRN04979,marcofontana326,2022-01-09 13:00:00,The Royal Tenenbaums,3,6.5
4981,PRN04980,chiararusso103,2027-02-11 13:00:00,Brazil,2,8.0
4982,PRN04981,simoneromano190,2027-06-18 13:30:00,Rio Bravo,3,7.5
4983,PRN04982,lucabruno296,2026-07-19 10:00:00,Tôkyô goddofâzâzu,1,8.0
4984,PRN04983,matteomarino144,2021-01-01 10:30:00,Knives Out,2,6.5
4985,PRN04984,giuliaromano287,2027-07-08 10:30:00,Casino Royale,4,7.5
4986,PRN04985,paolorossi298,2024-01-08 10:30:00,Lost Highway,2,7.0
4987,PRN04986,paolofontana378,2020-05-26 15:00:00,Titanic,4,8.0
4988,PRN04987,lucaconti155,2022-12-24 18:30:00,Naked,1,8.5
4989,PRN04988,alessiorossi342,2023-03-26 20:30:00,La Strada,2,9.5
4990,PRN04989,sararomano58,2025-12-20 12:30:00,All That Jazz,1,7.5
4991,PRN04990,giorgiaesposito284,2019-12-18 13:30:00,Mad Max 2,3,7.0
4992,PRN04991,giuliafontana74,2022-03-07 10:30:00,The Breakfast Club,3,8.5
4993,PRN04992,elenamarino111,2027-01-25 10:00:00,The Notebook,2,6.5
4994,PRN04993,sararossi247,2022-05-20 10:30:00,The Fifth Element,4,8.5
4995,PRN04994,francescarossi305,2023-04-08 19:00:00,Interstate 60: Episodes of the Road,2,10.0
4996,PRN04995,giorgiaromano19,2023-12-10 15:30:00,Kumonosu-jô,3,7.0
4997,PRN04996,annaricci275,2026-05-20 13:30:00,The Iron Giant,4,6.5
4998,PRN04997,alessiorossi342,2023-01-10 12:30:00,Jurassic Park,3,7.5
4999,PRN04998,simonebruno251,2018-02-22 10:00:00,Koe no katachi,2,7.5
5000,PRN04999,annabianchi122,2027-02-03 10:00:00,Lawrence of Arabia,3,8.0
5001,PRN05000,giorgiaverdi291,2027-01-11 15:30:00,Pirates of the Caribbean: The Curse of the Black Pearl,1,8.0
5002,PRN05001,francescarossi305,2020-02-18 10:00:00,Il conformista,2,7.5
5003,PRN05002,francescaromano120,2024-11-03 10:30:00,E.T. the Extra-Terrestrial,3,7.5
5004,PRN05003,andrearicci332,2023-01-22 19:00:00,Misery,1,10.0
5005,PRN05004,lucagallo201,2022-08-26 10:30:00,A Streetcar Named Desire,2,8.0
5006,PRN05005,francescagallo330,2024-06-07 12:30:00,The Bourne Supremacy,2,7.5
5007,PRN05006,elenaesposito163,2021-05-26 10:30:00,The Truman Show,2,8.5
5008,PRN05007,matteobianchi93,2019-06-15 12:30:00,Jules et Jim,3,7.0
5009,PRN05008,andreamarino98,2027-03-15 14:00:00,La planète sauvage,2,8.5
5010,PRN05009,elenabianchi387,2022-05-12 13:00:00,Le charme discret de la bourgeoisie,4,8.5
5011,PRN05010,lucamarino79,2018-10-06 13:00:00,Andaz Apna Apna,4,8.0
5012,PRN05011,lucabruno277,2020-04-25 10:00:00,Freaks,4,8.5
5013,PRN05012,chiarafontana393,2018-09-15 13:00:00,Unforgiven,1,7.5
5014,PRN05013,annaricci364,2022-02-21 16:00:00,A Few Good Men,4,8.5
5015,PRN05014,davideromano166,2021-10-06 14:00:00,Andrei Rublev,1,7.0
5016,PRN05015,elenaconti104,2024-06-11 10:00:00,Knockin' on Heaven's Door,4,8.0
5017,PRN05016,marcofontana326,2019-04-21 18:30:00,Paths of Glory,1,10.0
5018,PRN05017,lucaromano249,2020-02-29 10:00:00,A Clockwork Orange,2,8.0
5019,PRN05018,giuliarusso255,2026-01-19 13:00:00,Forrest Gump,3,7.5
5020,PRN05019,giorgiacolombo297,2018-12-26 16:00:00,Léon,1,8.0
5021,PRN05020,giuliafontana204,2027-01-01 16:30:00,Adams æbler,3,7.5
5022,PRN05021,lauracolombo7,2024-10-24 17:30:00,Akira,3,7.0
5023,PRN05022,francescaferrari88,2027-11-13 18:30:00,Papurika,1,9.5
5024,PRN05023,andreagallo82,2026-12-31 12:30:00,Pirates of the Caribbean: The Curse of the Black Pearl,1,8.0
5025,PRN05024,andreabruno213,2025-11-17 10:00:00,Enter the Dragon,3,8.5
5026,PRN05025,paolocolombo16,2022-12-31 13:00:00,Enter the Dragon,3,6.5
5027,PRN05026,saragreco238,2022-08-25 12:30:00,Night on Earth,2,7.5
5028,PRN05027,davideconti62,2019-01-12 15:30:00,Sleuth,1,8.0
5029,PRN05028,andreabruno171,2020-08-15 16:00:00,Kaze no tani no Naushika,2,7.0
5030,PRN05029,davidericci308,2019-04-20 16:00:00,Dark City,3,7.0
5031,PRN05030,giorgiaromano243,2019-06-08 18:30:00,The Dirty Dozen,4,8.5
5032,PRN05031,lucaconti384,2020-11-08 16:00:00,Empire of the Sun,1,7.0
5033,PRN05032,chiarabruno196,2024-05-30 10:30:00,Goldfinger,3,7.5
5034,PRN05033,giorgiarusso241,2024-09-07 13:30:00,Monty Python and the Holy Grail,1,7.5
5035,PRN05034,francescarossi305,2025-01-27 16:30:00,The Magnificent Seven,2,8.5
5036,PRN05035,chiararossi390,2018-11-19 15:00:00,Dog Day Afternoon,1,7.0
5037,PRN05036,giuliaromano327,2021-07-24 13:30:00,This Is Spinal Tap,3,8.5
5038,PRN05037,lucaromano280,2022-03-20 15:00:00,Star Trek II: The Wrath of Khan,2,8.5
5039,PRN05038,chiarafontana76,2025-10-11 14:00:00,Enter the Dragon,4,7.0
5040,PRN05039,francescaferrari54,2024-04-16 10:30:00,The Remains of the Day,1,6.5
5041,PRN05040,davidericci308,2026-08-13 13:30:00,Doctor Zhivago,1,8.5
5042,PRN05041,elenaromano224,2026-10-26 10:30:00,Brazil,1,8.5
5043,PRN05042,giuliaesposito73,2024-01-03 14:30:00,Hotaru no haka,3,8.0
5044,PRN05043,lucacolombo344,2021-01-20 13:00:00,Marriage Story,1,8.5
5045,PRN05044,giuliaromano287,2021-06-28 10:30:00,Jaws,4,6.5
5046,PRN05045,alessiocolombo17,2023-08-05 16:00:00,Barry Lyndon,1,6.5
5047,PRN05046,lauraricci225,2025-06-02 10:30:00,Ladri di biciclette,4,6.5
5048,PRN05047,davideconti235,2026-12-28 10:00:00,Sanjuro,2,6.5
5049,PRN05048,alessioricci381,2020-06-20 12:30:00,The Matrix,1,7.0
5050,PRN05049,giorgiaverdi131,2025-11-10 10:00:00,King Kong,3,7.5
5051,PRN05050,lucamarino173,2023-09-09 12:30:00,Ladri di biciclette,3,7.5
5052,PRN05051,davideverdi333,2019-04-27 17:00:00,The Deer Hunter,2,8.0
5053,PRN05052,francescaferrari54,2022-10-18 16:30:00,The Fugitive,2,8.5
5054,PRN05053,marcorossi260,2020-12-21 10:00:00,The Red Shoes,4,8.0
5055,PRN05054,alessiobruno20,2021-04-19 13:00:00,Being There,1,8.0
5056,PRN05055,elenabianchi387,2026-09-08 16:30:00,Stalag 17,2,8.5
5057,PRN05056,andreaesposito335,2026-12-03 10:00:00,Smultronstället,4,7.0
5058,PRN05057,elenaconti104,2018-01-08 10:00:00,A Night at the Opera,3,6.5
5059,PRN05058,davidericci60,2025-11-04 10:30:00,The Machinist,3,6.5
5060,PRN05059,davidebianchi174,2025-11-15 20:30:00,American Psycho,1,9.0
5061,PRN05060,simonegallo31,2019-11-14 10:00:00,City Lights,4,8.0
5062,PRN05061,sarabruno290,2023-04-22 14:00:00,The Game,4,7.0
5063,PRN05062,lucacolombo344,2023-01-26 15:00:00,Cowboy Bebop: Tengoku no tobira,3,7.5
5064,PRN05063,annarusso65,2023-02-05 13:30:00,My Fair Lady,1,6.5
5065,PRN05064,davideromano166,2020-02-21 13:00:00,Groundhog Day,3,6.5
5066,PRN05065,giorgiacolombo363,2021-07-28 13:00:00,"Lock, Stock and Two Smoking Barrels",2,8.5
5067,PRN05066,giuliaconti43,2021-03-16 10:30:00,Remember the Titans,4,6.5
5068,PRN05067,lucabianchi379,2018-04-28 19:00:00,Lost Highway,3,8.5
5069,PRN05068,andreacolombo347,2021-11-26 14:00:00,Predator,3,7.0
5070,PRN05069,giorgiaromano19,2025-09-13 16:30:00,Withnail & I,1,6.5
5071,PRN05070,giorgiafontana222,2025-09-05 10:30:00,Metropolis,2,8.0
5072,PRN05071,annamarino199,2024-05-23 15:30:00,All the President's Men,4,8.0
5073,PRN05072,lucamarino173,2018-06-24 15:30:00,Willy Wonka & the Chocolate Factory,1,7.0
5074,PRN05073,giuliafontana204,2020-07-26 13:00:00,Tôkyô monogatari,2,6.5
5075,PRN05074,matteobianchi5,2021-01-11 10:30:00,Marriage Story,1,8.0
5076,PRN05075,giorgiabianchi136,2022-04-02 15:30:00,M - Eine Stadt sucht einen Mörder,2,8.0
5077,PRN05076,giuliabianchi181,2027-01-31 10:00:00,Inside Man,4,8.0
5078,PRN05077,matteocolombo229,2018-10-21 19:00:00,In a Lonely Place,1,9.5
5079,PRN05078,andreagallo112,2020-09-20 15:30:00,Fargo,1,6.5
5080,PRN05079,saramarino92,2018-07-13 10:30:00,Kimi no na wa.,3,7.5
5081,PRN05080,lauraferrari87,2024-11-14 10:30:00,Evil Dead II,4,8.0
5082,PRN05081,matteoromano129,2023-11-04 17:00:00,Kumonosu-jô,1,6.5
5083,PRN05082,alessiocolombo17,2022-02-18 13:00:00,The Breakfast Club,2,6.5
5084,PRN05083,davideverdi70,2018-04-29 10:00:00,Sweet Smell of Success,2,8.5
5085,PRN05084,chiaragreco395,2026-11-28 16:30:00,Shrek,3,7.0
5086,PRN05085,elenarossi121,2022-06-04 16:00:00,White Heat,2,7.0
5087,PRN05086,matteofontana170,2023-12-22 10:00:00,La Strada,3,8.5
5088,PRN05087,saragallo200,2025-07-31 13:30:00,Seppuku,2,6.5
5089,PRN05088,alessiocolombo148,2018-12-02 10:30:00,The Untouchables,2,8.5
5090,PRN05089,andreacolombo295,2025-02-03 15:00:00,Clerks,2,8.5
5091,PRN05090,marcofontana350,2025-04-12 12:30:00,In America,1,6.5
5092,PRN05091,lauraricci248,2018-06-22 10:30:00,Nuovo Cinema Paradiso,2,7.0
5093,PRN05092,chiararusso33,2027-01-24 10:00:00,Toy Story,4,8.0
5094,PRN05093,marcorossi78,2023-04-03 10:30:00,L.A. Confidential,3,8.0
5095,PRN05094,andreabruno153,2023-06-05 16:30:00,Notorious,1,8.5
5096,PRN05095,elenaverdi270,2023-10-10 13:30:00,Requiem for a Dream,1,6.5
5097,PRN05096,lauraferrari87,2026-10-02 10:00:00,The Night of the Hunter,2,8.5
5098,PRN05097,lucabruno269,2027-04-04 10:00:00,Kill Bill: Vol. 2,2,7.5
5099,PRN05098,simoneverdi205,2027-09-16 10:00:00,The King of Comedy,2,7.0
5100,PRN05099,matteomarino144,2024-05-13 15:30:00,All the President's Men,2,8.0
5101,PRN05100,alessioesposito209,2019-02-17 18:00:00,All About Eve,2,9.0
5102,PRN05101,chiararusso398,2026-09-25 10:30:00,Donnie Darko,4,7.5
5103,PRN05102,giuliaconti43,2023-03-18 14:00:00,Amadeus,1,6.5
5104,PRN05103,chiaraconti371,2026-12-16 10:00:00,Det sjunde inseglet,1,8.0
5105,PRN05104,lucarossi49,2022-02-06 15:30:00,The Others,2,6.5
5106,PRN05105,andreacolombo295,2018-09-17 10:30:00,Pink Floyd: The Wall,4,8.0
5107,PRN05106,marcoverdi184,2018-01-30 10:00:00,Bronenosets Potemkin,2,7.0
5108,PRN05107,saracolombo183,2021-12-26 16:30:00,E.T. the Extra-Terrestrial,2,8.0
5109,PRN05108,lucagallo217,2025-04-15 14:00:00,Le locataire,1,8.5
5110,PRN05109,andreafontana329,2025-05-03 10:30:00,Amélie,2,8.5
5111,PRN05110,paolofontana214,2021-10-26 10:30:00,Little Women,4,8.5
5112,PRN05111,saraconti61,2027-10-03 10:30:00,As Good as It Gets,1,8.0
5113,PRN05112,sarabianchi128,2023-10-11 10:00:00,Eskiya,3,8.0
5114,PRN05113,davideconti62,2020-07-23 12:00:00,Barry Lyndon,1,6.5
5115,PRN05114,giorgiaverdi361,2026-08-16 10:30:00,Blood Diamond,3,7.0
5116,PRN05115,annaverdi59,2024-07-06 13:00:00,Fargo,3,8.5
5117,PRN05116,marcocolombo152,2022-05-02 10:30:00,Le samouraï,1,6.5
5118,PRN05117,lucaricci233,2023-10-18 13:00:00,Mad Max 2,3,8.5
5119,PRN05118,lucafontana399,2025-08-26 12:30:00,Kaze no tani no Naushika,4,7.5
5120,PRN05119,chiararossi390,2022-11-10 10:00:00,A Streetcar Named Desire,4,8.5
5121,PRN05120,chiararomano21,2022-04-02 10:00:00,Blue Velvet,1,7.0
5122,PRN05121,chiararicci245,2022-08-08 16:30:00,Tôkyô monogatari,1,7.5
5123,PRN05122,marcogreco168,2027-08-03 13:30:00,The Killing Fields,1,6.5
5124,PRN05123,simoneverdi362,2025-02-01 10:00:00,Primal Fear,2,7.0
5125,PRN05124,davideromano166,2024-12-30 10:30:00,Mississippi Burning,4,7.0
5126,PRN05125,marcofontana369,2025-01-26 19:00:00,The Godfather: Part III,1,9.5
5127,PRN05126,giorgiaferrari282,2022-06-18 12:30:00,The Green Mile,4,6.5
5128,PRN05127,matteobianchi193,2021-02-26 12:30:00,The Philadelphia Story,3,8.0
5129,PRN05128,andreagallo82,2021-07-05 10:30:00,Funny Games,3,7.5
5130,PRN05129,chiaramarino388,2022-02-25 10:30:00,The Birds,1,8.0
5131,PRN05130,simonericci313,2019-08-10 10:00:00,Chinatown,1,8.5
5132,PRN05131,giuliabruno180,2026-05-09 16:00:00,Inside Man,3,7.0
5133,PRN05132,alessiocolombo17,2025-03-09 12:30:00,Paper Moon,3,6.5
5134,PRN05133,lucarusso396,2027-01-04 10:30:00,Pirates of the Caribbean: The Curse of the Black Pearl,1,8.0
5135,PRN05134,andreamarino98,2023-05-04 15:00:00,Per qualche dollaro in più,1,8.0
5136,PRN05135,giuliaconti43,2019-05-10 10:00:00,Viskningar och rop,1,7.0
5137,PRN05136,lauraferrari87,2022-08-17 10:30:00,Night on Earth,4,8.0
5138,PRN05137,lauraricci135,2018-07-21 16:30:00,Die Hard: With a Vengeance,1,7.5
5139,PRN05138,alessiocolombo64,2024-10-30 10:00:00,Almost Famous,2,8.5
5140,PRN05139,chiararossi52,2021-05-12 10:30:00,True Romance,4,6.5
5141,PRN05140,matteobianchi5,2023-12-18 12:30:00,Andrei Rublev,4,7.5
5142,PRN05141,francescaromano300,2020-08-12 10:30:00,"Crna macka, beli macor",1,8.0
5143,PRN05142,andreacolombo295,2019-03-24 13:00:00,Laura,2,7.5
5144,PRN05143,elenaesposito163,2021-02-02 15:30:00,Paper Moon,2,7.5
5145,PRN05144,alessiomarino334,2023-06-03 16:00:00,Happiness,3,8.0
5146,PRN05145,chiararusso398,2020-03-28 10:00:00,JFK,4,8.0
5147,PRN05146,davidericci308,2018-03-24 18:00:00,Harold and Maude,4,9.5
5148,PRN05147,matteocolombo229,2026-03-29 15:30:00,Billy Elliot,3,8.0
5149,PRN05148,elenaverdi270,2020-08-30 10:00:00,Gattaca,2,6.5
5150,PRN05149,matteoesposito351,2022-02-11 10:00:00,True Romance,2,6.5
5151,PRN05150,paoloromano116,2023-08-13 10:00:00,Solaris,2,7.5
5152,PRN05151,davideesposito377,2023-12-29 10:00:00,La Strada,4,6.5
5153,PRN05152,alessiobruno365,2021-07-29 10:00:00,This Is Spinal Tap,4,8.0
5154,PRN05153,marcogreco46,2020-12-23 10:30:00,Trainspotting,3,6.5
5155,PRN05154,davideesposito26,2022-01-25 17:00:00,The Adventures of Robin Hood,4,7.0
5156,PRN05155,chiaraconti91,2025-11-30 21:00:00,"Lock, Stock and Two Smoking Barrels",4,10.0
5157,PRN05156,lucabruno277,2025-03-27 16:30:00,The Odd Couple,2,7.0
5158,PRN05157,chiarafontana76,2019-11-05 10:00:00,On the Waterfront,4,7.5
5159,PRN05158,alessiocolombo176,2023-07-17 10:30:00,Finding Nemo,4,8.5
5160,PRN05159,annabruno44,2021-04-11 13:00:00,Dead Poets Society,1,7.0
5161,PRN05160,paolocolombo16,2019-12-29 13:00:00,Zulu,2,7.0
5162,PRN05161,davidebianchi29,2020-02-09 10:30:00,"Lock, Stock and Two Smoking Barrels",4,7.0
5163,PRN05162,chiaraverdi125,2020-01-25 16:00:00,The Matrix,3,7.0
5164,PRN05163,matteoricci9,2022-03-04 15:30:00,Giant,1,8.5
5165,PRN05164,chiararusso126,2027-01-10 15:30:00,Sunrise: A Song of Two Humans,1,8.0
5166,PRN05165,alessiobruno365,2021-04-13 10:00:00,Remember the Titans,2,7.5
5167,PRN05166,giuliaromano25,2025-04-04 13:00:00,The 39 Steps,2,6.5
5168,PRN05167,lucamarino79,2018-12-26 16:00:00,Léon,4,8.0
5169,PRN05168,chiaraferrari311,2022-08-06 15:00:00,Vivre sa vie: Film en douze tableaux,3,6.5
5170,PRN05169,matteoromano129,2024-03-17 13:00:00,Patton,3,6.5
5171,PRN05170,lucabruno296,2018-10-31 12:30:00,Le salaire de la peur,2,7.5
5172,PRN05171,saraverdi1,2022-07-10 10:30:00,Waking Life,4,6.5
5173,PRN05172,alessiorossi342,2027-05-11 10:00:00,Fa yeung nin wah,1,7.0
5174,PRN05173,elenabruno207,2024-10-26 10:00:00,"Aguirre, der Zorn Gottes",3,7.0
5175,PRN05174,simonefontana36,2019-02-11 10:00:00,Titanic,1,6.5
5176,PRN05175,davideesposito377,2027-02-28 19:00:00,The Lion King,2,10.0
5177,PRN05176,giuliaesposito374,2018-05-21 13:30:00,The Bridges of Madison County,3,8.0
5178,PRN05177,giuliaesposito172,2025-01-27 16:30:00,The Magnificent Seven,1,8.5
5179,PRN05178,annagallo119,2018-04-08 17:30:00,Ayla: The Daughter of War,4,8.5
5180,PRN05179,matteorusso178,2023-05-12 13:00:00,La battaglia di Algeri,1,7.5
5181,PRN05180,alessioromano259,2020-10-14 10:00:00,The Last of the Mohicans,2,7.5
5182,PRN05181,paoloromano35,2023-08-23 13:00:00,Papillon,4,7.5
5183,PRN05182,giorgiaromano19,2020-10-29 10:30:00,Todo sobre mi madre,4,7.0
5184,PRN05183,lucamarino208,2018-05-12 10:30:00,Serpico,2,7.5
5185,PRN05184,matteobianchi5,2023-03-09 12:30:00,The Color Purple,2,6.5
5186,PRN05185,annaverdi117,2022-10-15 16:00:00,"O Brother, Where Art Thou?",1,8.5
5187,PRN05186,lucaesposito55,2025-08-18 10:00:00,Watership Down,4,6.5
5188,PRN05187,paoloverdi179,2022-07-16 10:30:00,Who Framed Roger Rabbit,1,8.5
5189,PRN05188,marcocolombo152,2026-12-05 14:30:00,Le charme discret de la bourgeoisie,3,7.0
5190,PRN05189,annaricci275,2018-05-05 13:00:00,Harold and Maude,1,7.0
5191,PRN05190,elenabianchi387,2020-12-11 10:00:00,Rebecca,1,7.5
5192,PRN05191,giuliaromano287,2026-01-29 12:30:00,Viskningar och rop,4,7.5
5193,PRN05192,giuliaromano287,2020-03-02 10:00:00,Crimes and Misdemeanors,3,8.5
5194,PRN05193,andrearicci268,2018-04-06 15:00:00,Guardians of the Galaxy Vol. 2,4,7.0
5195,PRN05194,lucabruno324,2018-12-02 19:30:00,Knockin' on Heaven's Door,4,9.5
5196,PRN05195,davidebruno0,2026-05-13 10:30:00,Taegukgi hwinalrimyeo,4,6.5
5197,PRN05196,giorgiaconti86,2024-02-12 10:00:00,Cool Hand Luke,2,8.5
5198,PRN05197,lucagallo191,2026-04-21 14:30:00,The Incredibles,2,8.0
5199,PRN05198,andrearicci197,2021-11-05 10:30:00,Patton,3,8.5
5200,PRN05199,marcomarino115,2026-02-02 15:30:00,Les yeux sans visage,1,8.0
5201,PRN05200,andreagallo71,2023-05-16 13:30:00,"Il buono, il brutto, il cattivo",3,6.5
5202,PRN05201,giuliaesposito73,2025-05-03 16:30:00,Gandhi,4,6.5
5203,PRN05202,chiarafontana76,2021-07-10 10:00:00,Per un pugno di dollari,2,7.0
5204,PRN05203,giuliaverdi189,2021-04-21 13:00:00,The Sandlot,4,8.5
5205,PRN05204,chiaramarino388,2019-06-23 16:00:00,Night on Earth,3,8.5
5206,PRN05205,elenaesposito285,2021-05-24 10:30:00,The Princess Bride,2,7.0
5207,PRN05206,paolorossi298,2019-12-19 13:00:00,The Princess Bride,2,7.5
5208,PRN05207,giuliaromano25,2025-06-15 10:00:00,Bin-jip,3,8.0
5209,PRN05208,francescaferrari323,2024-12-14 16:00:00,The Others,1,6.5
5210,PRN05209,lucaromano249,2026-01-21 10:00:00,Fargo,3,8.0
5211,PRN05210,lucarossi49,2019-10-27 15:30:00,Magnolia,1,8.5
5212,PRN05211,chiaragreco395,2023-10-15 10:00:00,Enter the Dragon,1,8.0
5213,PRN05212,davideferrari319,2022-05-09 10:00:00,When Harry Met Sally...,1,8.5
5214,PRN05213,sararomano58,2018-05-17 10:30:00,Crimes and Misdemeanors,3,8.0
5215,PRN05214,giorgiamarino68,2027-01-17 12:30:00,Hera Pheri,1,8.5
5216,PRN05215,paolofontana84,2027-10-17 10:30:00,Sunrise: A Song of Two Humans,4,7.5
5217,PRN05216,francescaromano150,2019-11-24 12:30:00,The Princess Bride,1,7.0
5218,PRN05217,alessiobruno365,2021-11-01 13:30:00,The Great Escape,2,7.0
5219,PRN05218,marcoricci187,2025-02-22 19:00:00,Paper Moon,1,9.0
5220,PRN05219,annaverdi59,2022-05-26 15:00:00,The Fifth Element,3,7.5
5221,PRN05220,sararusso357,2019-03-17 17:00:00,On Golden Pond,2,8.5
5222,PRN05221,giuliacolombo72,2022-02-15 10:00:00,Rocky,2,8.0
5223,PRN05222,andreabianchi232,2024-07-21 19:30:00,"Il buono, il brutto, il cattivo",3,10.0
5224,PRN05223,giuliafontana74,2019-04-06 16:30:00,The Kid,1,8.0
5225,PRN05224,giorgiaverdi131,2023-04-15 20:00:00,The Quiet Man,1,8.5
5226,PRN05225,chiarabruno370,2024-11-06 13:30:00,Alien,4,8.5
5227,PRN05226,davideesposito26,2023-02-16 10:30:00,American Psycho,1,8.0
5228,PRN05227,davideverdi333,2023-10-10 16:00:00,Todo sobre mi madre,4,6.5
5229,PRN05228,chiarafontana76,2027-11-15 10:30:00,Fight Club,4,8.0
5230,PRN05229,matteofontana216,2026-02-24 10:00:00,Stalker,3,8.0
5231,PRN05230,alessiofontana215,2025-11-23 12:30:00,Trois couleurs: Bleu,4,8.5
5232,PRN05231,elenagallo38,2025-12-23 10:00:00,Papillon,4,7.0
5233,PRN05232,annaromano105,2019-02-25 10:30:00,Le locataire,1,8.0
5234,PRN05233,lucamarino208,2018-06-26 10:30:00,Willy Wonka & the Chocolate Factory,1,8.0
5235,PRN05234,giorgiagreco373,2021-04-20 10:30:00,Toy Story 4,4,8.5
5236,PRN05235,davidericci60,2018-11-22 10:30:00,Rebel Without a Cause,3,7.0
5237,PRN05236,paoloferrari140,2027-09-05 18:00:00,The Killing Fields,3,9.5
5238,PRN05237,matteofontana216,2021-04-17 16:30:00,Dip huet seung hung,3,7.5
5239,PRN05238,francescaromano156,2027-02-11 13:00:00,Brazil,3,8.0
5240,PRN05239,francescagallo330,2024-06-30 15:30:00,Belle de jour,4,8.0
5241,PRN05240,saragreco238,2021-06-22 10:00:00,Invasion of the Body Snatchers,4,8.0
5242,PRN05241,marcoromano27,2020-08-19 12:30:00,Love and Death,3,6.5
5243,PRN05242,chiaraesposito317,2026-06-16 10:30:00,Trois couleurs: Blanc,4,7.0
5244,PRN05243,simonegreco367,2027-07-11 13:00:00,Rio Bravo,3,8.5
5245,PRN05244,giorgiaverdi361,2021-02-11 13:00:00,Persona,4,6.5
5246,PRN05245,giuliarusso255,2027-02-19 10:00:00,The Terminator,2,8.0
5247,PRN05246,sararicci389,2021-05-23 15:30:00,Sunset Blvd.,2,8.5
5248,PRN05247,simonebruno251,2024-07-24 10:00:00,Serpico,1,8.5
5249,PRN05248,chiarafontana393,2018-06-12 10:00:00,The Wild Bunch,1,7.5
5250,PRN05249,andreabruno213,2019-10-10 13:30:00,Clerks,1,8.5
5251,PRN05250,marcorusso99,2022-11-29 10:30:00,The Kid,4,6.5
5252,PRN05251,davidebianchi29,2027-09-25 12:30:00,Happiness,4,8.5
5253,PRN05252,chiaragallo69,2025-03-10 16:30:00,Les choristes,2,7.0
5254,PRN05253,marcobruno368,2023-08-20 17:00:00,The Goonies,4,8.0
5255,PRN05254,simonecolombo366,2022-09-26 10:30:00,The Deer Hunter,1,7.5
5256,PRN05255,sararomano58,2019-03-05 10:30:00,Once Upon a Time... in Hollywood,3,8.0
5257,PRN05256,matteobianchi83,2022-02-02 13:00:00,Rocky,4,8.0
5258,PRN05257,giorgiaverdi291,2018-09-18 13:00:00,Au revoir les enfants,2,7.0
5259,PRN05258,alessiocolombo148,2025-05-17 10:00:00,Happiness,4,8.5
5260,PRN05259,giuliafontana204,2021-08-23 16:30:00,Taxi Driver,4,6.5
5261,PRN05260,giorgiaromano188,2025-10-28 10:30:00,Harry Potter and the Goblet of Fire,2,7.5
5262,PRN05261,andreabruno213,2023-04-26 13:30:00,Giù la testa,1,7.0
5263,PRN05262,giuliafontana74,2026-03-11 10:00:00,Citizen Kane,2,8.0
5264,PRN05263,francescaromano300,2019-06-12 13:00:00,Jules et Jim,2,7.0
5265,PRN05264,annarusso133,2020-11-27 15:30:00,Roma,4,8.0
5266,PRN05265,francescagallo267,2022-08-27 10:30:00,Raiders of the Lost Ark,2,7.0
5267,PRN05266,lucabianchi379,2018-12-02 19:30:00,Knockin' on Heaven's Door,1,9.5
5268,PRN05267,giorgiaverdi291,2019-02-01 10:00:00,The Lion in Winter,3,7.5
5269,PRN05268,matteoverdi167,2026-03-11 10:00:00,Citizen Kane,1,8.0
5270,PRN05269,andreagallo112,2019-06-08 18:30:00,The Dirty Dozen,2,8.5
5271,PRN05270,marcogreco46,2018-07-19 10:30:00,Hell or High Water,1,8.0
5272,PRN05271,andreacolombo376,2025-07-04 13:00:00,Match Point,3,7.0
5273,PRN05272,marcofontana369,2018-08-09 13:00:00,Dr. Strangelove or: How I Learned to Stop Worrying and Love the Bomb,4,8.5
5274,PRN05273,saramarino14,2027-03-06 10:30:00,Stalag 17,2,8.5
5275,PRN05274,lucaferrari134,2022-10-29 12:30:00,Do lok tin si,1,7.0
5276,PRN05275,paoloromano219,2020-11-21 16:30:00,The Nightmare Before Christmas,3,7.0
5277,PRN05276,giorgiaverdi131,2026-04-26 13:30:00,Blood Simple,2,8.0
5278,PRN05277,lucacolombo85,2024-06-23 17:00:00,Roman Holiday,4,7.5
5279,PRN05278,paoloromano394,2020-01-02 13:00:00,American History X,4,8.0
5280,PRN05279,annaricci364,2022-12-23 10:00:00,Casablanca,1,8.5
5281,PRN05280,lucaconti155,2027-08-03 13:30:00,The Killing Fields,3,6.5
5282,PRN05281,annagallo276,2018-04-01 19:00:00,Red River,1,9.0
5283,PRN05282,andreagallo112,2026-01-25 10:30:00,Fargo,1,8.0
5284,PRN05283,lucabruno324,2025-10-11 14:00:00,Enter the Dragon,2,7.0
5285,PRN05284,giuliaesposito73,2018-12-25 10:00:00,The Last Picture Show,3,6.5
5286,PRN05285,lauraromano137,2023-02-17 12:30:00,The Color Purple,1,7.0
5287,PRN05286,marcorusso99,2020-12-18 10:30:00,Glory,1,8.5
5288,PRN05287,lucarossi45,2024-06-13 13:00:00,Roman Holiday,4,8.5
5289,PRN05288,alessiogallo360,2022-11-06 18:00:00,Kôkaku Kidôtai,1,9.0
5290,PRN05289,chiararusso126,2027-03-15 10:30:00,The Lord of the Rings: The Fellowship of the Ring,3,8.5
5291,PRN05290,daviderossi254,2023-05-07 16:00:00,Dazed and Confused,4,7.5
5292,PRN05291,marcoverdi184,2027-05-18 12:30:00,Snatch,1,8.5
5293,PRN05292,giorgiaverdi349,2024-05-31 10:00:00,The Best Years of Our Lives,4,8.0
5294,PRN05293,paoloconti272,2020-10-22 10:30:00,Scarface,3,6.5
5295,PRN05294,marcoferrari141,2027-05-13 10:30:00,Mystic River,2,6.5
5296,PRN05295,matteofontana216,2025-06-08 18:00:00,Eskiya,3,8.5
5297,PRN05296,francescagreco67,2024-07-16 10:30:00,Magnolia,1,6.5
5298,PRN05297,annamarino199,2024-04-27 13:00:00,Kôkaku Kidôtai,4,7.0
5299,PRN05298,andreagallo97,2024-07-27 17:00:00,Raiders of the Lost Ark,4,7.5
5300,PRN05299,alessiocolombo176,2027-02-25 10:00:00,Stardust,1,7.5
5301,PRN05300,marcocolombo152,2023-10-20 12:30:00,Lost Highway,2,8.5
5302,PRN05301,davidegreco109,2027-07-21 10:30:00,The Game,1,8.5
5303,PRN05302,giuliarusso11,2026-09-13 20:00:00,Star Trek II: The Wrath of Khan,1,9.0
5304,PRN05303,andreaesposito335,2019-06-01 10:00:00,The Outlaw Josey Wales,1,8.5
5305,PRN05304,chiararusso103,2025-08-10 13:00:00,One Flew Over the Cuckoo's Nest,4,8.0
5306,PRN05305,davidecolombo353,2018-03-01 13:00:00,Bronenosets Potemkin,3,6.5
5307,PRN05306,sarabruno290,2027-04-16 10:00:00,Seppuku,2,6.5
5308,PRN05307,annarusso133,2024-08-19 13:30:00,Manhattan,1,6.5
5309,PRN05308,marcoconti246,2026-01-04 19:00:00,Fargo,2,9.0
5310,PRN05309,andrearomano6,2024-03-21 15:30:00,The Silence of the Lambs,4,8.0
5311,PRN05310,giuliarusso255,2025-01-29 10:00:00,"Il buono, il brutto, il cattivo",4,7.5
5312,PRN05311,giuliaesposito172,2022-09-05 12:30:00,The Innocents,2,7.5
5313,PRN05312,davideverdi70,2023-07-15 19:00:00,The Day of the Jackal,1,9.5
5314,PRN05313,lauraromano137,2020-09-12 16:30:00,Magnolia,2,8.0
5315,PRN05314,alessioromano383,2024-02-10 10:30:00,The Man Who Would Be King,3,8.0
5316,PRN05315,davidegallo382,2023-01-22 10:30:00,Naked,2,7.0
5317,PRN05316,lucafontana399,2020-02-01 15:00:00,The Matrix,2,6.5
5318,PRN05317,annamarino242,2025-11-06 13:00:00,Harry Potter and the Goblet of Fire,3,8.5
5319,PRN05318,saraesposito182,2020-09-06 10:00:00,Rashômon,1,7.5
5320,PRN05319,chiaramarino339,2026-03-19 14:00:00,Sen to Chihiro no kamikakushi,2,7.0
5321,PRN05320,alessiorossi342,2018-07-09 10:30:00,Bringing Up Baby,1,6.5
5322,PRN05321,andrearusso265,2018-12-04 13:00:00,The Last Picture Show,4,6.5
5323,PRN05322,sarafontana151,2025-05-03 10:30:00,Amélie,2,8.5
5324,PRN05323,francescaesposito114,2022-03-14 14:00:00,The Ladykillers,2,8.0
5325,PRN05324,matteorusso178,2021-08-03 13:30:00,It's a Wonderful Life,1,8.0
5326,PRN05325,matteobianchi193,2021-06-02 13:00:00,Dom za vesanje,4,8.5
5327,PRN05326,lucabruno324,2023-05-12 16:00:00,The Magdalene Sisters,3,7.5
5328,PRN05327,matteorusso178,2023-08-14 12:30:00,The Goonies,4,8.0
5329,PRN05328,simonebruno281,2026-04-19 17:30:00,Aliens,2,7.0
5330,PRN05329,giorgiaferrari282,2027-02-01 10:00:00,Le dîner de cons,4,8.0
5331,PRN05330,lucaconti262,2026-07-26 16:00:00,Awakenings,4,6.5
5332,PRN05331,lucagallo212,2021-02-24 10:00:00,Braveheart,3,7.5
5333,PRN05332,marcogallo108,2026-11-20 15:30:00,Once Upon a Time in America,4,8.0
5334,PRN05333,sararicci389,2019-05-04 16:00:00,The Last Emperor,4,8.0
5335,PRN05334,simonebruno281,2026-02-03 15:30:00,Gongdong gyeongbi guyeok JSA,1,6.5
5336,PRN05335,paoloricci385,2023-04-23 10:30:00,The Last Samurai,1,7.5
5337,PRN05336,davideesposito26,2019-01-13 10:00:00,Apocalypse Now,2,7.5
5338,PRN05337,matteogallo266,2019-11-17 17:30:00,Naked,3,7.0
5339,PRN05338,chiararusso126,2024-07-14 12:30:00,Festen,2,8.0
5340,PRN05339,andreagallo97,2018-10-07 10:00:00,Amarcord,2,7.0
5341,PRN05340,andreabianchi397,2019-11-26 10:00:00,Gattaca,1,7.5
5342,PRN05341,matteoesposito351,2018-09-30 13:30:00,Out of the Past,1,8.5
5343,PRN05342,marcofontana51,2020-07-19 10:00:00,Der Himmel über Berlin,4,8.5
5344,PRN05343,annarusso132,2019-04-08 10:00:00,Rushmore,4,7.5
5345,PRN05344,alessioricci381,2024-12-11 12:30:00,Il postino,4,8.5
5346,PRN05345,giorgiacolombo363,2025-05-25 17:30:00,Clerks,3,7.0
5347,PRN05346,chiararusso398,2019-04-13 13:00:00,Nosferatu,2,6.5
5348,PRN05347,alessiomarino334,2019-08-06 14:00:00,On the Waterfront,1,8.5
5349,PRN05348,alessiobruno365,2025-04-27 16:00:00,The Breakfast Club,1,6.5
5350,PRN05349,elenagallo38,2026-01-18 10:30:00,The Remains of the Day,3,8.5
5351,PRN05350,elenacolombo12,2022-08-27 18:30:00,Ran,3,9.5
5352,PRN05351,paolorossi328,2025-08-04 10:00:00,American Beauty,2,7.5
5353,PRN05352,marcocolombo152,2021-04-21 13:00:00,The Sandlot,2,8.5
5354,PRN05353,francescagreco67,2024-02-02 16:30:00,The Innocents,3,7.5
5355,PRN05354,matteoromano221,2020-06-05 13:30:00,Der Name der Rose,3,7.5
5356,PRN05355,giorgiaromano243,2026-11-17 13:30:00,Trois couleurs: Bleu,4,8.5
5357,PRN05356,lucarusso157,2018-04-08 17:30:00,Ayla: The Daughter of War,2,8.5
5358,PRN05357,davidecolombo353,2018-08-27 10:30:00,Terminator 2: Judgment Day,2,8.0
5359,PRN05358,sarafontana151,2019-12-17 13:30:00,Secrets & Lies,3,8.5
5360,PRN05359,lauragreco336,2018-12-15 12:30:00,A Star Is Born,1,7.0
5361,PRN05360,simonefontana234,2025-01-19 18:00:00,Gongdong gyeongbi guyeok JSA,1,8.5
5362,PRN05361,giorgiabruno279,2018-11-20 16:00:00,Rebel Without a Cause,1,7.5
5363,PRN05362,lauracolombo7,2022-02-13 10:30:00,28 Days Later...,2,6.5
5364,PRN05363,giuliarusso375,2020-01-29 12:00:00,The Matrix,4,6.5
5365,PRN05364,sararomano58,2024-07-14 15:00:00,Key Largo,3,8.5
5366,PRN05365,elenabruno207,2021-12-25 15:00:00,True Romance,2,8.0
5367,PRN05366,elenagreco283,2027-10-19 10:30:00,Aliens,4,8.5
5368,PRN05367,paoloferrari140,2018-10-27 13:00:00,Moana,4,7.5
5369,PRN05368,andreagallo82,2019-12-15 13:00:00,Avengers: Infinity War,1,6.5
5370,PRN05369,matteoesposito303,2019-07-02 12:30:00,The Dirty Dozen,3,8.5
5371,PRN05370,matteoverdi167,2020-03-23 13:30:00,Mr. Smith Goes to Washington,4,7.5
5372,PRN05371,marcoricci192,2022-10-30 10:30:00,The Deer Hunter,2,8.5
5373,PRN05372,lauracolombo195,2026-12-06 10:00:00,Salinui chueok,1,8.0
5374,PRN05373,matteoesposito185,2022-01-04 13:00:00,Lagaan: Once Upon a Time in India,4,7.0
5375,PRN05374,davidebruno0,2022-10-29 17:30:00,Predator,1,8.5
5376,PRN05375,elenaverdi270,2020-07-19 15:30:00,Gandhi,4,6.5
5377,PRN05376,simoneverdi205,2026-09-29 15:30:00,Die Hard,2,8.0
5378,PRN05377,giuliamarino386,2025-04-13 10:00:00,Le locataire,3,8.0
5379,PRN05378,marcorusso99,2020-02-25 14:30:00,Il conformista,4,8.5
5380,PRN05379,chiarafontana393,2020-07-04 10:30:00,Der Name der Rose,4,7.0
5381,PRN05380,matteofontana216,2027-08-29 10:00:00,Sholay,3,8.0
5382,PRN05381,alessiocolombo148,2023-10-08 16:00:00,Monty Python and the Holy Grail,3,6.5
5383,PRN05382,paolofontana378,2027-01-10 10:30:00,Dark City,2,7.0
5384,PRN05383,marcobruno368,2022-03-13 12:30:00,A Little Princess,2,7.5
5385,PRN05384,sarabruno220,2019-10-06 10:30:00,La planète sauvage,2,7.0
5386,PRN05385,matteocolombo229,2026-04-24 10:00:00,Sabrina,4,8.0
5387,PRN05386,andreagallo112,2020-01-06 13:00:00,Avengers: Infinity War,2,8.0
5388,PRN05387,matteoverdi167,2024-03-12 13:00:00,Vertigo,4,6.5
5389,PRN05388,matteoromano129,2019-11-25 10:00:00,Avengers: Infinity War,1,7.0
5390,PRN05389,elenabruno207,2024-06-12 17:00:00,Raiders of the Lost Ark,1,6.5
5391,PRN05390,lucagallo191,2021-12-12 20:00:00,The Muppet Christmas Carol,1,8.5
5392,PRN05391,davideromano22,2022-04-16 16:30:00,The Big Lebowski,2,7.5
5393,PRN05392,elenafontana341,2025-04-25 10:30:00,Airplane!,3,7.0
5394,PRN05393,alessiorusso177,2025-11-29 10:00:00,"Lock, Stock and Two Smoking Barrels",1,7.5
5395,PRN05394,annarusso133,2022-03-22 13:00:00,All About Eve,4,8.0
5396,PRN05395,lucagallo191,2027-10-22 10:00:00,Zelig,4,7.5
5397,PRN05396,annaricci145,2018-12-27 10:30:00,God's Own Country,3,6.5
5398,PRN05397,simonefontana102,2023-08-19 13:00:00,"Paris, Texas",3,6.5
5399,PRN05398,lauraconti118,2018-03-23 12:30:00,Harold and Maude,3,8.0
5400,PRN05399,francescaferrari88,2018-05-15 10:00:00,Forrest Gump,3,6.5
5401,PRN05400,simonericci313,2021-03-02 10:00:00,Jûbê ninpûchô,2,7.5
5402,PRN05401,francescacolombo89,2024-04-30 10:00:00,Bride of Frankenstein,3,6.5
5403,PRN05402,matteobruno127,2019-12-04 16:00:00,The Longest Day,1,8.0
5404,PRN05403,davidebianchi174,2020-03-27 10:00:00,White Heat,3,7.0
5405,PRN05404,giuliaesposito172,2018-09-11 10:00:00,Hannah and Her Sisters,2,8.5
5406,PRN05405,matteoesposito236,2023-11-04 14:30:00,Mad Max 2,1,8.0
5407,PRN05406,giorgiagreco57,2019-08-18 10:30:00,Watership Down,3,7.0
5408,PRN05407,giorgiabruno279,2027-04-24 17:00:00,Million Dollar Baby,4,8.0
5409,PRN05408,lauraverdi90,2021-12-03 13:00:00,Rosemary's Baby,2,7.0
5410,PRN05409,giuliarusso255,2025-01-19 13:30:00,Au revoir les enfants,4,8.5
5411,PRN05410,chiarafontana393,2020-03-28 17:00:00,Blade Runner,3,7.0
5412,PRN05411,lauraricci225,2018-09-29 18:30:00,Au revoir les enfants,4,10.0
5413,PRN05412,elenafontana341,2023-11-30 12:30:00,Dances with Wolves,4,8.0
5414,PRN05413,simonegreco310,2027-01-31 13:00:00,Lawrence of Arabia,3,8.5
5415,PRN05414,paolofontana214,2026-03-05 14:00:00,Sholay,3,7.0
5416,PRN05415,annaricci275,2021-12-03 16:00:00,JFK,4,7.5
5417,PRN05416,matteoesposito303,2024-06-23 17:00:00,Roman Holiday,1,7.5
5418,PRN05417,paologreco206,2026-09-14 16:00:00,Star Wars,3,7.5
5419,PRN05418,giuliaromano175,2026-09-20 19:30:00,Funny Games,3,10.0
5420,PRN05419,marcoricci237,2019-01-31 10:00:00,Dead Poets Society,1,7.5
5421,PRN05420,francescaferrari323,2025-12-02 16:00:00,Dilwale Dulhania Le Jayenge,4,6.5
5422,PRN05421,andreamarino98,2018-01-01 13:30:00,Mr. Smith Goes to Washington,4,7.0
5423,PRN05422,daviderossi254,2027-06-07 13:00:00,The Bridges of Madison County,2,6.5
5424,PRN05423,lucaconti256,2019-02-09 19:00:00,Witness for the Prosecution,4,9.0
5425,PRN05424,giorgiagallo218,2020-08-07 16:00:00,Love and Death,2,7.5
5426,PRN05425,lucaferrari134,2020-01-18 13:30:00,The Matrix,3,6.5
5427,PRN05426,elenabianchi258,2022-03-03 10:00:00,A Few Good Men,2,7.5
5428,PRN05427,chiaraverdi4,2019-03-18 10:00:00,Deadpool 2,3,8.0
5429,PRN05428,saraesposito182,2022-08-28 13:30:00,Raging Bull,2,8.5
5430,PRN05429,lucacolombo318,2022-11-26 19:00:00,Days of Heaven,3,10.0
5431,PRN05430,giorgiamarino68,2027-06-06 10:00:00,Hedwig and the Angry Inch,3,8.0
5432,PRN05431,annaferrari37,2019-09-29 16:30:00,Gone with the Wind,3,6.5
5433,PRN05432,simonebruno130,2018-01-11 10:00:00,Mr. Smith Goes to Washington,4,7.5
5434,PRN05433,lucarusso157,2022-02-10 10:00:00,In the Name of the Father,3,6.5
5435,PRN05434,elenaricci306,2026-05-03 10:00:00,À bout de souffle,4,7.0
5436,PRN05435,giorgiagallo218,2023-01-02 12:30:00,Smultronstället,4,7.0
5437,PRN05436,chiaramarino32,2026-09-11 10:30:00,Star Trek II: The Wrath of Khan,3,8.5
5438,PRN05437,chiaraverdi302,2020-01-14 13:00:00,Home Alone,1,8.0
5439,PRN05438,marcoferrari141,2018-07-18 10:30:00,Pâfekuto burû,4,7.5
5440,PRN05439,lucarusso157,2019-10-01 14:00:00,The Manchurian Candidate,2,6.5
5441,PRN05440,annagallo119,2024-08-11 10:00:00,Glengarry Glen Ross,1,8.5
5442,PRN05441,elenagreco283,2018-09-13 12:00:00,The Sting,3,7.5
5443,PRN05442,elenabianchi96,2021-04-25 15:00:00,Trois couleurs: Blanc,4,7.5
5444,PRN05443,lauraverdi90,2019-03-04 10:00:00,All About Eve,3,7.0
5445,PRN05444,davideferrari63,2023-01-08 10:30:00,Jurassic Park,1,8.5
5446,PRN05445,annacolombo278,2019-10-20 13:00:00,The Thin Man,2,7.5
5447,PRN05446,paolorossi298,2018-10-20 17:00:00,From Here to Eternity,2,6.5
5448,PRN05447,chiaraconti91,2021-03-24 15:30:00,8½,1,6.5
5449,PRN05448,annafontana274,2018-10-10 10:30:00,Captain Fantastic,4,7.5
5450,PRN05449,giorgiaromano188,2023-04-27 13:30:00,"Il buono, il brutto, il cattivo",3,7.0
5451,PRN05450,annafontana107,2026-10-04 10:30:00,To Be or Not to Be,3,6.5
5452,PRN05451,simonebruno130,2024-12-02 13:00:00,The Night of the Hunter,2,6.5
5453,PRN05452,marcofontana326,2027-06-29 13:00:00,The Illusionist,4,8.5
5454,PRN05453,giuliaromano175,2021-11-22 14:00:00,Predator,2,8.0
5455,PRN05454,giorgiaverdi343,2025-01-31 13:00:00,The Goonies,3,7.5
5456,PRN05455,elenacolombo12,2022-07-22 15:30:00,La dolce vita,4,7.5
5457,PRN05456,lauraricci225,2027-09-17 10:30:00,Bronenosets Potemkin,3,8.5
5458,PRN05457,giorgiamarino68,2022-04-30 12:30:00,Tombstone,3,7.5
5459,PRN05458,lauraromano137,2022-04-24 13:30:00,Fried Green Tomatoes,4,6.5
5460,PRN05459,marcoesposito338,2020-02-17 16:00:00,"Planes, Trains & Automobiles",1,7.0
5461,PRN05460,lauraromano137,2024-07-20 10:00:00,Kôkaku Kidôtai,2,6.5
5462,PRN05461,giuliaconti43,2021-03-17 13:00:00,Braveheart,3,7.5
5463,PRN05462,annaverdi59,2026-12-27 13:00:00,Pirates of the Caribbean: The Curse of the Black Pearl,4,7.0
5464,PRN05463,francescaromano348,2022-10-11 10:30:00,His Girl Friday,4,7.0
5465,PRN05464,giuliacolombo72,2022-07-17 16:30:00,Memento,2,7.5
5466,PRN05465,davideverdi333,2022-10-08 15:30:00,12 Angry Men,1,6.5
5467,PRN05466,giorgiaferrari282,2021-01-09 10:30:00,Touch of Evil,1,7.0
5468,PRN05467,giuliafontana74,2024-07-15 10:30:00,Eskiya,2,7.5
5469,PRN05468,paoloferrari140,2022-09-12 10:30:00,Raiders of the Lost Ark,1,8.5
5470,PRN05469,marcorossi260,2025-06-22 15:00:00,The Count of Monte Cristo,3,7.0
5471,PRN05470,daviderossi254,2023-07-04 10:30:00,Sanjuro,2,8.0
5472,PRN05471,saraconti61,2023-12-14 13:00:00,Rope,3,8.5
5473,PRN05472,giorgiafontana222,2027-06-09 16:00:00,The Killing Fields,2,7.5
5474,PRN05473,francescaferrari88,2026-12-02 15:30:00,Notorious,2,8.0
5475,PRN05474,giorgiagreco299,2027-03-29 10:30:00,The Goonies,4,7.0
5476,PRN05475,annarusso133,2020-02-08 17:00:00,Kurenai no buta,3,8.5
5477,PRN05476,paoloconti272,2026-11-14 17:00:00,Goodfellas,2,8.5
5478,PRN05477,lucagallo191,2023-10-23 10:00:00,Duck Soup,2,8.0
5479,PRN05478,lucamarino312,2026-02-21 14:00:00,Badlands,1,7.5
5480,PRN05479,davideverdi333,2022-01-24 10:30:00,Schindler's List,4,7.0
5481,PRN05480,sararossi337,2025-07-05 10:30:00,Back to the Future,3,7.5
5482,PRN05481,chiaramarino32,2027-08-22 16:30:00,Sholay,2,8.0
5483,PRN05482,annagallo119,2025-08-01 10:30:00,Central do Brasil,3,7.5
5484,PRN05483,simonebruno130,2021-09-13 10:30:00,The Shop Around the Corner,1,7.5
5485,PRN05484,giuliaromano287,2019-12-26 13:30:00,Tombstone,3,6.5
5486,PRN05485,marcofontana350,2021-06-30 13:00:00,The Princess Bride,3,8.0
5487,PRN05486,matteoesposito303,2019-08-03 15:30:00,Goldfinger,4,7.5
5488,PRN05487,marcorusso392,2024-07-31 13:00:00,Before Sunrise,2,7.5
5489,PRN05488,annafontana286,2026-05-14 15:30:00,Before Sunrise,4,8.5
5490,PRN05489,andreagallo304,2021-10-11 16:00:00,The Thing,2,7.5
5491,PRN05490,giuliarusso375,2021-09-12 13:00:00,The 39 Steps,3,8.0
5492,PRN05491,lucarossi23,2025-03-29 10:30:00,Le locataire,4,8.5
5493,PRN05492,chiaraconti91,2021-12-15 13:00:00,Mimi wo sumaseba,1,7.0
5494,PRN05493,lucaromano249,2022-12-11 15:30:00,The Kid,1,8.5
5495,PRN05494,chiarabianchi230,2020-09-13 19:00:00,Breakfast at Tiffany's,2,8.5
5496,PRN05495,saracolombo183,2018-01-06 10:00:00,A Night at the Opera,4,7.0
5497,PRN05496,annafontana107,2025-07-13 10:30:00,Un long dimanche de fiançailles,4,6.5
5498,PRN05497,lauraverdi90,2026-03-11 13:00:00,Manhattan,4,7.5
5499,PRN05498,giuliaconti43,2023-02-03 14:00:00,Happiness,1,7.5
5500,PRN05499,giorgiagreco210,2026-03-27 10:00:00,Taegukgi hwinalrimyeo,4,8.0
5501,PRN05500,lucaconti256,2023-08-17 12:30:00,Inherit the Wind,2,8.5
5502,PRN05501,simonecolombo366,2018-09-11 10:00:00,Hannah and Her Sisters,4,8.5
5503,PRN05502,marcofontana326,2023-05-16 17:00:00,Ace in the Hole,1,8.0
5504,PRN05503,lucaesposito55,2021-08-27 10:00:00,Raging Bull,3,7.5
5505,PRN05504,paoloromano219,2021-06-10 16:30:00,Singin' in the Rain,4,6.5
5506,PRN05505,marcorusso99,2022-07-16 13:00:00,Misery,3,7.0
5507,PRN05506,giorgiagreco373,2018-06-17 10:00:00,Ikiru,1,7.5
5508,PRN05507,matteobianchi5,2024-07-22 10:30:00,The Thin Man,3,6.5
5509,PRN05508,giorgiagreco325,2021-11-24 10:00:00,Blowup,1,7.5
5510,PRN05509,davidericci60,2027-06-18 10:30:00,The Great Dictator,2,7.5
5511,PRN05510,giorgiaconti86,2021-07-24 13:30:00,This Is Spinal Tap,2,8.5
5512,PRN05511,francescaferrari88,2022-07-05 10:00:00,Casablanca,2,7.5
5513,PRN05512,davidegreco109,2022-08-07 13:00:00,The Graduate,2,8.0
5514,PRN05513,lauraferrari87,2022-11-26 19:00:00,Days of Heaven,4,10.0
5515,PRN05514,lauraverdi293,2020-02-07 10:30:00,A Clockwork Orange,4,7.0
5516,PRN05515,matteoesposito351,2026-05-13 10:30:00,Taegukgi hwinalrimyeo,4,6.5
5517,PRN05516,andreagallo71,2025-11-22 18:30:00,Das Boot,3,8.5
5518,PRN05517,paolobruno307,2019-02-10 13:30:00,All About Eve,1,8.5
5519,PRN05518,andreamarino106,2023-11-10 15:30:00,In the Name of the Father,1,8.0
5520,PRN05519,lucaverdi41,2023-01-22 19:00:00,Misery,2,10.0
5521,PRN05520,matteoesposito185,2025-01-26 10:30:00,The Magnificent Seven,1,7.0
5522,PRN05521,alessioverdi194,2027-08-28 13:30:00,The Illusionist,1,8.5
5523,PRN05522,chiarafontana76,2024-05-27 10:30:00,Finding Neverland,3,6.5
5524,PRN05523,giuliaverdi354,2026-10-27 10:30:00,Dip huet seung hung,1,8.5
5525,PRN05524,chiararomano372,2021-11-13 12:30:00,The Shawshank Redemption,4,8.0
5526,PRN05525,francescagreco67,2018-10-25 13:00:00,Barton Fink,1,7.5
5527,PRN05526,sararossi337,2025-07-05 19:00:00,"O Brother, Where Art Thou?",1,10.0
5528,PRN05527,andreacolombo376,2023-06-26 17:00:00,Ran,3,8.5
5529,PRN05528,paoloromano35,2023-01-28 15:00:00,Catch Me If You Can,2,7.5
5530,PRN05529,alessioferrari80,2027-05-01 16:00:00,Snatch,1,7.5
5531,PRN05530,lucaricci3,2026-10-07 13:00:00,"Aguirre, der Zorn Gottes",4,8.5
5532,PRN05531,matteoesposito320,2018-02-21 10:00:00,The Long Goodbye,1,6.5
5533,PRN05532,simonefontana234,2025-02-22 15:30:00,Sleepers,1,8.5
5534,PRN05533,marcocolombo152,2020-08-10 13:00:00,The Message,3,6.5
5535,PRN05534,saragallo200,2024-08-02 13:00:00,"Il buono, il brutto, il cattivo",4,8.0
5536,PRN05535,lucaricci273,2018-10-21 10:30:00,Dog Day Afternoon,1,8.5
5537,PRN05536,giuliaromano175,2026-03-26 16:00:00,Pan's Labyrinth,1,7.5
5538,PRN05537,sararossi337,2027-01-09 13:00:00,Fantasia,1,7.0
5539,PRN05538,lucagallo212,2024-05-23 15:30:00,All the President's Men,3,8.0
5540,PRN05539,giuliabruno180,2021-12-10 12:30:00,The Straight Story,1,7.0
5541,PRN05540,giorgiaverdi343,2024-07-26 12:30:00,Invasion of the Body Snatchers,1,7.5
5542,PRN05541,alessiocolombo17,2022-12-02 10:00:00,Dances with Wolves,3,7.5
5543,PRN05542,lucacolombo344,2026-08-23 15:00:00,The Station Agent,1,6.5
5544,PRN05543,paolorossi186,2023-03-18 14:00:00,Amadeus,1,6.5
5545,PRN05544,alessioferrari146,2022-12-29 15:00:00,The Breakfast Club,3,7.0
5546,PRN05545,saraesposito182,2022-11-03 10:30:00,Fargo,4,8.5
5547,PRN05546,elenamarino111,2022-03-20 10:00:00,The Ladykillers,1,7.0
5548,PRN05547,lucaromano280,2027-11-09 10:00:00,Sin City,2,7.0
5549,PRN05548,chiaraesposito317,2020-02-15 10:00:00,The Godfather: Part II,3,7.0
5550,PRN05549,sarafontana151,2019-11-23 10:00:00,Mary Poppins,2,6.5
5551,PRN05550,alessioromano259,2022-10-30 10:30:00,The Deer Hunter,1,8.5
5552,PRN05551,chiararusso103,2027-09-02 10:30:00,Sholay,2,8.5
5553,PRN05552,lucagallo201,2019-09-06 16:00:00,The Gold Rush,2,8.5
5554,PRN05553,andreagallo304,2025-09-25 10:30:00,Withnail & I,2,8.0
5555,PRN05554,alessioferrari80,2026-11-02 10:30:00,Shrek,1,8.5
5556,PRN05555,annaricci275,2020-06-26 13:30:00,Bringing Up Baby,3,8.0
5557,PRN05556,giuliabruno180,2026-10-20 10:00:00,The Station Agent,2,8.0
5558,PRN05557,elenabruno207,2026-04-08 15:30:00,Airplane!,1,6.5
5559,PRN05558,lucarossi23,2024-11-16 14:00:00,Snatch,4,8.5
5560,PRN05559,lucaconti18,2026-02-06 10:30:00,Les yeux sans visage,4,8.5
5561,PRN05560,marcoferrari141,2027-10-18 10:30:00,The Best Years of Our Lives,4,8.5
5562,PRN05561,chiarabianchi230,2018-03-16 10:30:00,Harold and Maude,3,8.0
5563,PRN05562,simonericci313,2023-12-03 10:30:00,My Left Foot: The Story of Christy Brown,1,8.5
5564,PRN05563,andrearomano75,2026-09-22 10:30:00,Sholay,1,8.5
5565,PRN05564,marcorusso99,2022-02-24 10:00:00,Smultronstället,4,8.5
5566,PRN05565,matteorusso178,2020-12-17 15:30:00,Rebecca,4,8.0
5567,PRN05566,francescagreco289,2020-06-13 13:00:00,Der Name der Rose,2,6.5
5568,PRN05567,lauraverdi293,2020-01-07 13:30:00,A Few Good Men,4,8.0
5569,PRN05568,lucaconti384,2021-09-28 15:30:00,Platoon,4,7.0
5570,PRN05569,marcomarino115,2021-09-02 13:00:00,Toy Story 2,3,8.0
5571,PRN05570,lucarossi49,2022-01-30 16:00:00,Aladdin,1,6.5
5572,PRN05571,annaromano105,2018-08-05 13:00:00,This Is Spinal Tap,4,8.0
5573,PRN05572,giorgiaromano243,2024-06-24 10:30:00,Belle de jour,3,7.5
5574,PRN05573,giorgiaverdi291,2020-06-23 16:30:00,Jurassic Park,2,6.5
5575,PRN05574,giuliaverdi189,2018-07-06 16:00:00,"Planes, Trains & Automobiles",2,7.5
5576,PRN05575,giuliaverdi354,2025-10-16 13:30:00,L'avventura,4,8.0
5577,PRN05576,davidericci308,2018-02-09 13:30:00,Bronenosets Potemkin,2,7.0
5578,PRN05577,andrearicci332,2022-08-28 10:30:00,Memento,2,8.0
5579,PRN05578,lucaferrari134,2019-03-17 17:00:00,On Golden Pond,3,8.5
5580,PRN05579,elenacolombo12,2024-02-12 10:00:00,Cool Hand Luke,3,8.5
5581,PRN05580,marcorossi260,2026-09-02 10:00:00,Once Were Warriors,3,6.5
5582,PRN05581,alessiocolombo148,2020-06-23 13:00:00,Gladiator,3,8.5
5583,PRN05582,elenaromano2,2023-12-22 10:00:00,La Strada,1,8.5
5584,PRN05583,giorgiarossi139,2021-10-16 14:00:00,Notorious,1,6.5
5585,PRN05584,giorgiaferrari34,2019-12-27 10:00:00,Gattaca,1,8.5
5586,PRN05585,giuliaconti43,2025-12-03 10:00:00,My Left Foot: The Story of Christy Brown,3,7.0
5587,PRN05586,giorgiaferrari34,2026-03-29 13:00:00,Ivanovo detstvo,4,7.5
5588,PRN05587,paolorusso252,2024-04-24 16:30:00,The Man Who Shot Liberty Valance,4,8.0
5589,PRN05588,marcoromano27,2020-08-11 10:00:00,Bohemian Rhapsody,1,8.5
5590,PRN05589,chiaraferrari311,2019-06-19 10:30:00,Jules et Jim,1,8.0
5591,PRN05590,marcogreco168,2025-05-23 13:30:00,The Jungle Book,4,6.5
5592,PRN05591,francescacolombo89,2020-10-09 10:00:00,M - Eine Stadt sucht einen Mörder,4,8.5
5593,PRN05592,matteofontana216,2026-09-21 12:30:00,Wo hu cang long,2,7.0
5594,PRN05593,matteoesposito236,2027-07-07 16:00:00,Interstate 60: Episodes of the Road,3,6.5
5595,PRN05594,simonegallo31,2019-04-02 12:30:00,Nosferatu,4,8.5
5596,PRN05595,elenarossi121,2021-08-28 10:30:00,The Apartment,1,7.5
5597,PRN05596,annarusso65,2024-04-17 10:30:00,Miller's Crossing,3,7.0
5598,PRN05597,annacolombo123,2018-03-01 13:00:00,Bronenosets Potemkin,1,6.5
5599,PRN05598,lucagallo201,2021-01-09 10:30:00,Touch of Evil,4,7.0
5600,PRN05599,paolorusso198,2019-01-05 13:00:00,The Killing Fields,4,8.0
5601,PRN05600,giuliamarino386,2019-07-28 15:30:00,The Godfather: Part III,2,7.5
5602,PRN05601,francescaromano348,2019-02-05 10:00:00,Citizen Kane,4,8.5
5603,PRN05602,francescaferrari54,2020-11-12 13:00:00,M - Eine Stadt sucht einen Mörder,2,7.5
5604,PRN05603,sarafontana151,2019-10-11 10:30:00,The Ladykillers,2,6.5
5605,PRN05604,chiaragreco395,2020-11-15 21:00:00,The Bridge on the River Kwai,2,9.0
5606,PRN05605,saraverdi1,2023-06-26 17:00:00,Ran,1,8.5
5607,PRN05606,simonegallo31,2025-01-11 15:00:00,Platoon,4,8.5
5608,PRN05607,elenaconti346,2019-07-08 18:00:00,The Naked Gun: From the Files of Police Squad!,1,9.5
5609,PRN05608,andreacolombo295,2018-03-30 10:00:00,Das Boot,4,7.0
5610,PRN05609,giuliaesposito73,2025-08-16 16:00:00,Some Like It Hot,3,7.5
5611,PRN05610,andreacolombo295,2025-11-15 20:30:00,American Psycho,4,9.0
5612,PRN05611,giorgiagreco373,2021-09-25 12:30:00,Brazil,3,8.0
5613,PRN05612,elenarossi121,2026-09-16 10:00:00,Mad Max 2,4,7.5
5614,PRN05613,alessiobruno365,2023-11-04 10:00:00,Boyz n the Hood,4,6.5
5615,PRN05614,simonegallo31,2021-09-12 15:30:00,Indiana Jones and the Last Crusade,4,7.0
5616,PRN05615,annarossi309,2018-03-19 13:00:00,Sherlock Jr.,3,7.0
5617,PRN05616,annarusso132,2020-01-15 14:00:00,Bonnie and Clyde,2,8.5
5618,PRN05617,paoloromano394,2024-03-10 17:00:00,The Terminator,3,8.0
5619,PRN05618,matteoesposito351,2023-02-06 10:00:00,Twelve Monkeys,4,7.0
5620,PRN05619,marcocolombo152,2021-03-06 12:30:00,"Aguirre, der Zorn Gottes",1,7.5
5621,PRN05620,alessiobruno20,2022-05-05 10:30:00,Lawrence of Arabia,3,8.0
5622,PRN05621,davidebianchi29,2027-06-14 13:00:00,The Incredibles,1,7.5
5623,PRN05622,annabianchi122,2026-12-31 15:30:00,The Killing Fields,4,8.5
5624,PRN05623,davideverdi47,2022-12-24 18:30:00,Naked,2,8.5
5625,PRN05624,lucaconti256,2025-12-27 13:00:00,When Harry Met Sally...,1,8.5
5626,PRN05625,giorgiabianchi136,2025-08-01 13:00:00,Du rififi chez les hommes,2,7.5
5627,PRN05626,giorgiaromano19,2019-08-25 16:00:00,Chinatown,4,7.0
5628,PRN05627,davideromano166,2025-07-18 13:00:00,Toy Story 2,3,7.0
5629,PRN05628,annabruno44,2024-02-01 10:30:00,A Man for All Seasons,3,7.5
5630,PRN05629,elenaricci306,2025-06-01 10:00:00,Le samouraï,2,8.5
5631,PRN05630,giuliaconti43,2021-02-02 13:00:00,Central do Brasil,3,7.0
5632,PRN05631,marcoricci192,2023-12-19 16:00:00,The Thing,1,7.5
5633,PRN05632,andreabianchi397,2027-09-28 13:00:00,The King of Comedy,2,7.0
5634,PRN05633,giorgiarossi264,2026-06-07 16:30:00,The Graduate,3,8.5
5635,PRN05634,davidecolombo353,2025-02-12 15:30:00,Das Cabinet des Dr. Caligari,3,8.5
5636,PRN05635,lauraricci248,2022-12-08 10:30:00,Casablanca,1,8.0
5637,PRN05636,francescafontana257,2026-05-13 16:00:00,The Last King of Scotland,4,6.5
5638,PRN05637,simoneverdi362,2027-12-03 13:30:00,Jûbê ninpûchô,2,7.5
5639,PRN05638,annaferrari37,2022-10-08 12:30:00,I Am Sam,1,8.5
5640,PRN05639,elenabianchi387,2019-02-08 13:30:00,Sleuth,2,7.0
5641,PRN05640,saraconti61,2019-11-25 13:30:00,Sweet Smell of Success,3,6.5
5642,PRN05641,chiarabianchi230,2018-01-09 10:00:00,Dial M for Murder,1,7.0
5643,PRN05642,chiaraferrari311,2027-01-15 10:00:00,One Flew Over the Cuckoo's Nest,2,7.0
5644,PRN05643,annaricci275,2026-03-10 14:30:00,Mononoke-hime,4,7.5
5645,PRN05644,elenamarino321,2023-06-30 10:30:00,Mulan,1,6.5
5646,PRN05645,sararossi247,2022-03-16 16:00:00,The Godfather,4,8.5
5647,PRN05646,alessioromano259,2020-03-29 18:00:00,Festen,3,10.0
5648,PRN05647,chiaraconti91,2018-06-09 10:00:00,Hiroshima mon amour,4,8.5
5649,PRN05648,alessiobruno365,2026-05-19 10:30:00,Mimi wo sumaseba,4,7.0
5650,PRN05649,davidegreco109,2026-03-03 12:30:00,Fitzcarraldo,4,8.0
5651,PRN05650,matteobianchi83,2022-07-07 13:00:00,Arsenic and Old Lace,4,8.0
5652,PRN05651,lucaconti256,2019-04-29 10:30:00,Amadeus,2,7.0
5653,PRN05652,giorgiaferrari282,2025-07-06 13:00:00,The Jungle Book,3,8.5
5654,PRN05653,elenaconti104,2026-05-04 12:30:00,The Incredibles,4,6.5
5655,PRN05654,andrearomano75,2027-01-19 13:00:00,Au revoir les enfants,1,7.5
5656,PRN05655,lucabianchi379,2018-03-04 10:00:00,Escape from Alcatraz,4,6.5
5657,PRN05656,andreabianchi226,2026-01-01 14:00:00,Midnight Express,4,8.5
5658,PRN05657,andreafontana329,2022-01-11 13:30:00,The Nightmare Before Christmas,1,8.5
5659,PRN05658,lucaromano249,2018-12-28 13:00:00,A Star Is Born,3,8.0
5660,PRN05659,lucaconti256,2021-04-01 15:00:00,Toy Story 4,1,8.0
5661,PRN05660,davideesposito377,2027-06-15 12:30:00,The Thin Red Line,1,7.0
5662,PRN05661,francescaferrari54,2021-06-26 16:00:00,Harold and Maude,2,8.0
5663,PRN05662,giuliamarino386,2025-06-30 10:00:00,Eskiya,4,7.0
5664,PRN05663,davideromano166,2019-11-02 17:30:00,Sound of Metal,1,6.5
5665,PRN05664,lucagallo212,2025-10-26 17:30:00,Harry Potter and the Goblet of Fire,3,7.5
5666,PRN05665,elenamarino321,2021-01-25 10:00:00,Dancer in the Dark,4,7.0
5667,PRN05666,giuliarusso11,2023-09-02 12:30:00,The Elephant Man,3,8.5
5668,PRN05667,andreagallo82,2027-11-03 10:30:00,Scent of a Woman,2,7.0
5669,PRN05668,daviderossi254,2020-03-24 18:00:00,The Sixth Sense,4,10.0
5670,PRN05669,marcofontana51,2024-02-02 16:30:00,The Innocents,1,7.5
5671,PRN05670,chiararossi53,2024-10-20 10:00:00,All Quiet on the Western Front,2,8.5
5672,PRN05671,lucacolombo85,2018-07-19 10:30:00,Hell or High Water,4,8.0
5673,PRN05672,paoloromano394,2021-08-29 10:00:00,Harold and Maude,3,8.0
5674,PRN05673,matteofontana216,2022-09-18 19:00:00,Judgment at Nuremberg,3,9.5
5675,PRN05674,davidegallo382,2022-03-04 13:00:00,Smultronstället,4,8.5
5676,PRN05675,sarabruno220,2025-01-01 10:30:00,Stand by Me,2,7.0
5677,PRN05676,francescaromano348,2024-06-02 10:30:00,The Bourne Supremacy,3,8.5
5678,PRN05677,lucarossi23,2022-09-25 10:30:00,Hable con ella,4,7.0
5679,PRN05678,paolomarino160,2027-12-03 10:30:00,Cool Hand Luke,3,8.5
5680,PRN05679,annamarino30,2019-03-12 10:00:00,On Golden Pond,1,6.5
5681,PRN05680,sararicci231,2025-06-04 10:00:00,Edward Scissorhands,3,8.0
5682,PRN05681,andreagallo82,2024-12-08 13:30:00,Blade Runner,2,8.0
5683,PRN05682,davidericci308,2020-12-19 14:00:00,Marriage Story,3,8.5
5684,PRN05683,annamarino30,2021-05-24 13:00:00,Unforgiven,1,8.0
5685,PRN05684,francescaromano348,2027-09-19 17:00:00,Jûbê ninpûchô,4,8.5
5686,PRN05685,francescaromano156,2019-01-08 10:30:00,A Little Princess,2,6.5
5687,PRN05686,paolorossi186,2023-10-08 16:00:00,Monty Python and the Holy Grail,3,6.5
5688,PRN05687,laurafontana345,2023-03-22 13:00:00,Tenkû no shiro Rapyuta,3,8.5
5689,PRN05688,andreaconti113,2022-07-03 17:00:00,Planet of the Apes,4,8.0
5690,PRN05689,simonefontana36,2019-10-22 12:30:00,First Blood,4,8.0
5691,PRN05690,giorgiaferrari34,2024-10-31 13:00:00,E.T. the Extra-Terrestrial,1,7.0
5692,PRN05691,matteocolombo229,2018-04-19 16:00:00,The Innocents,1,7.0
5693,PRN05692,andreabianchi232,2026-01-04 10:30:00,Chung Hing sam lam,3,8.5
5694,PRN05693,giuliaverdi354,2020-10-21 13:30:00,"Il buono, il brutto, il cattivo",2,8.0
5695,PRN05694,andreamarino98,2024-12-20 13:30:00,Freaks,2,8.0
5696,PRN05695,elenarossi121,2024-12-21 12:30:00,City Lights,4,8.5
5697,PRN05696,lucagallo201,2018-03-03 10:00:00,To Be or Not to Be,3,8.0
5698,PRN05697,giuliarusso375,2025-10-07 14:00:00,Rushmore,4,8.0
5699,PRN05698,davideverdi333,2024-04-06 10:00:00,Rain Man,4,7.5
5700,PRN05699,chiaragreco395,2025-11-09 13:00:00,28 Days Later...,3,8.5
5701,PRN05700,saramarino14,2019-02-09 13:30:00,La Strada,2,7.5
5702,PRN05701,marcorossi260,2018-07-07 10:30:00,Lola rennt,3,7.5
5703,PRN05702,sarabianchi128,2023-10-14 10:30:00,Duck Soup,1,8.5
5704,PRN05703,alessiocolombo176,2025-11-24 10:30:00,Minority Report,2,7.0
5705,PRN05704,lucaromano249,2023-07-09 15:30:00,Salinui chueok,1,8.5
5706,PRN05705,lucagallo191,2026-06-28 10:30:00,Tôkyô goddofâzâzu,1,8.5
5707,PRN05706,lucabruno277,2018-09-30 16:00:00,Andaz Apna Apna,2,7.5
5708,PRN05707,giuliarusso375,2022-03-22 10:00:00,Tombstone,4,6.5
5709,PRN05708,giuliabianchi169,2023-08-26 16:30:00,Finding Nemo,2,6.5
5710,PRN05709,alessiobruno365,2022-07-15 16:00:00,Casablanca,2,8.0
5711,PRN05710,saramarino359,2025-03-15 14:30:00,Belle de jour,2,6.5
5712,PRN05711,annamarino30,2027-08-29 10:00:00,Sholay,2,8.0
5713,PRN05712,lucaconti18,2019-11-30 18:00:00,Tombstone,3,9.0
5714,PRN05713,davideesposito377,2021-10-02 10:30:00,Andrei Rublev,2,6.5
5715,PRN05714,andreabruno171,2018-10-31 10:00:00,Sing Street,3,7.0
5716,PRN05715,matteogallo266,2019-06-07 12:30:00,Dirty Harry,4,8.5
5717,PRN05716,simonerossi331,2022-11-15 10:00:00,Le salaire de la peur,1,7.5
5718,PRN05717,annamarino242,2019-04-14 13:00:00,The Kid,4,8.0
5719,PRN05718,francescacolombo89,2020-01-06 10:30:00,Home Alone,1,8.0
5720,PRN05719,giorgiagallo356,2018-03-02 12:30:00,Badlands,1,8.0
5721,PRN05720,simonebruno130,2025-12-06 13:00:00,Bom Yeoareum Gaeul Gyeoul Geurigo Bom,1,6.5
5722,PRN05721,giorgiagreco299,2025-09-24 13:00:00,The Wizard of Oz,3,8.0
5723,PRN05722,giuliaromano175,2021-11-16 10:00:00,Klaus,1,7.0
5724,PRN05723,giorgiaverdi131,2024-12-22 10:30:00,Il postino,1,7.5
5725,PRN05724,davideesposito26,2018-04-11 10:30:00,Du rififi chez les hommes,1,7.0
5726,PRN05725,simonefontana234,2018-08-24 10:30:00,Ikiru,3,7.5
5727,PRN05726,marcorossi260,2018-06-20 13:30:00,Willy Wonka & the Chocolate Factory,4,7.5
5728,PRN05727,giorgiamarino68,2019-11-22 16:00:00,The Nightmare Before Christmas,3,8.0
5729,PRN05728,simonecolombo366,2020-10-08 10:30:00,A Few Good Men,3,8.5
5730,PRN05729,marcofontana326,2027-06-03 10:30:00,Det sjunde inseglet,2,8.5
5731,PRN05730,andreagallo97,2019-04-06 10:00:00,Blowup,3,7.5
5732,PRN05731,lauraricci248,2026-07-20 10:00:00,Doctor Zhivago,3,7.0
5733,PRN05732,matteoesposito320,2026-12-27 16:00:00,Kung fu,1,8.0
5734,PRN05733,giorgiaconti86,2021-04-26 10:00:00,Batman: Mask of the Phantasm,4,8.5
5735,PRN05734,annaverdi59,2027-03-27 12:30:00,Raging Bull,1,6.5
5736,PRN05735,saramarino92,2022-11-14 10:30:00,The Magnificent Seven,1,8.0
5737,PRN05736,paolofontana84,2020-10-16 13:30:00,Rushmore,1,8.5
5738,PRN05737,paolocolombo16,2022-07-31 16:00:00,The Graduate,4,7.0
5739,PRN05738,marcofontana350,2026-09-13 10:00:00,Blood Diamond,3,7.0
5740,PRN05739,giuliacolombo72,2020-02-14 10:00:00,Once Upon a Time... in Hollywood,4,6.5
5741,PRN05740,lucafontana399,2024-10-29 10:00:00,Les triplettes de Belleville,3,6.5
5742,PRN05741,alessiobruno20,2024-11-02 13:00:00,Majo no takkyûbin,3,8.0
5743,PRN05742,giorgiafontana222,2018-12-30 13:00:00,Carlito's Way,4,7.5
5744,PRN05743,simonericci313,2022-12-03 15:00:00,Touch of Evil,4,8.5
5745,PRN05744,paolofontana214,2026-03-09 10:30:00,Sholay,3,6.5
5746,PRN05745,marcofontana51,2019-02-17 18:00:00,All About Eve,4,9.0
5747,PRN05746,andreacolombo376,2025-05-18 12:00:00,21 Grams,4,7.0
5748,PRN05747,chiaragallo69,2018-12-15 12:30:00,A Star Is Born,4,7.0
5749,PRN05748,andreagallo97,2021-03-01 10:30:00,"Aguirre, der Zorn Gottes",1,8.0
5750,PRN05749,matteoesposito351,2021-04-28 16:30:00,Trois couleurs: Blanc,4,7.0
5751,PRN05750,davidericci308,2023-05-04 15:00:00,Per qualche dollaro in più,2,8.0
5752,PRN05751,giuliaferrari50,2021-05-30 10:00:00,The Iron Giant,1,8.5
5753,PRN05752,giuliamarino386,2027-01-10 18:00:00,The Big Lebowski,3,9.0
5754,PRN05753,marcoesposito338,2027-02-06 15:00:00,Gegen die Wand,3,7.5
5755,PRN05754,elenamarino321,2021-12-28 17:30:00,The Muppet Christmas Carol,4,8.5
5756,PRN05755,lucaromano249,2020-12-05 12:30:00,Roma,1,8.5
5757,PRN05756,giuliafontana204,2024-09-01 10:30:00,Manhattan,4,8.5
5758,PRN05757,alessioricci381,2020-01-06 10:30:00,Home Alone,1,8.0
5759,PRN05758,paolorusso252,2024-04-29 10:00:00,The Muppet Movie,3,8.5
5760,PRN05759,chiararusso126,2024-10-12 17:30:00,E.T. the Extra-Terrestrial,2,7.0
5761,PRN05760,chiararossi53,2024-07-02 10:00:00,The Godfather,2,7.0
5762,PRN05761,giorgiagreco373,2027-05-17 10:00:00,The Lord of the Rings: The Two Towers,1,8.0
5763,PRN05762,alessioricci381,2021-04-06 10:00:00,E.T. the Extra-Terrestrial,1,7.0
5764,PRN05763,andreagallo97,2024-06-23 10:30:00,The Lord of the Rings: The Return of the King,3,7.0
5765,PRN05764,alessioverdi194,2018-08-08 13:30:00,Judgment at Nuremberg,1,6.5
5766,PRN05765,marcogreco168,2022-12-22 10:00:00,The Elephant Man,1,8.0
5767,PRN05766,paoloferrari140,2019-11-13 13:00:00,The Princess Bride,3,6.5
5768,PRN05767,lucaconti155,2022-10-20 13:30:00,Jungfrukällan,4,8.0
5769,PRN05768,paolorusso198,2026-04-29 10:30:00,The African Queen,4,6.5
5770,PRN05769,chiaraesposito317,2022-01-05 10:30:00,Clerks,1,8.5
5771,PRN05770,paolofontana84,2027-04-04 13:00:00,Star Wars,3,6.5
5772,PRN05771,simonegreco310,2019-05-02 16:00:00,Raging Bull,3,8.0
5773,PRN05772,chiararicci245,2024-04-09 10:30:00,The Conversation,4,8.0
5774,PRN05773,francescaromano348,2027-01-13 13:00:00,His Girl Friday,3,7.5
5775,PRN05774,francescaromano156,2022-03-27 16:30:00,Ocean's Eleven,3,8.5
5776,PRN05775,lucagallo212,2019-11-16 10:00:00,Breaking the Waves,1,6.5
5777,PRN05776,francescagreco13,2024-06-10 15:30:00,Knockin' on Heaven's Door,4,8.5
5778,PRN05777,andreagallo71,2026-11-14 13:00:00,Dogville,4,7.5
5779,PRN05778,giorgiaverdi349,2020-12-20 10:30:00,Mononoke-hime,3,7.0
5780,PRN05779,simonefontana234,2020-07-08 16:00:00,Vivre sa vie: Film en douze tableaux,4,8.5
5781,PRN05780,paoloromano219,2018-07-05 15:30:00,Lethal Weapon,2,6.5
5782,PRN05781,andreagallo71,2024-10-26 10:00:00,"Aguirre, der Zorn Gottes",4,7.0
5783,PRN05782,giuliaferrari50,2025-11-01 19:30:00,The Sound of Music,1,8.5
5784,PRN05783,giorgiagreco299,2023-12-11 12:30:00,The Treasure of the Sierra Madre,2,6.5
5785,PRN05784,elenaconti346,2024-11-26 10:00:00,The Kid,4,7.5
5786,PRN05785,annafontana274,2027-09-19 10:30:00,Bound by Honor,3,8.5
5787,PRN05786,davideverdi333,2021-12-11 12:30:00,Mississippi Burning,1,7.5
5788,PRN05787,marcorusso392,2027-07-04 18:00:00,Match Point,3,10.0
5789,PRN05788,paoloricci385,2023-02-14 13:00:00,The Color Purple,2,7.5
5790,PRN05789,sarabianchi128,2021-09-12 10:00:00,American Beauty,3,8.0
5791,PRN05790,paoloromano394,2027-05-01 13:30:00,La haine,4,6.5
5792,PRN05791,andreaconti355,2020-04-12 18:30:00,Blade Runner,3,8.5
5793,PRN05792,annaverdi162,2020-10-04 16:30:00,Dil Bechara,3,7.0
5794,PRN05793,lucaconti262,2023-04-22 20:00:00,Shine,3,9.0
5795,PRN05794,francescaromano300,2027-10-11 13:00:00,The Shop Around the Corner,3,7.5
5796,PRN05795,chiararomano21,2022-11-05 19:00:00,The Magnificent Seven,3,8.5
5797,PRN05796,lauragreco336,2025-09-04 10:00:00,Love and Death,4,8.0
5798,PRN05797,giuliaromano327,2022-01-09 13:00:00,The Royal Tenenbaums,4,6.5
5799,PRN05798,alessiocolombo64,2019-10-31 10:30:00,Il conformista,4,7.5
5800,PRN05799,marcofontana15,2024-02-15 10:00:00,"South Park: Bigger, Longer & Uncut",4,6.5
5801,PRN05800,andrearicci197,2023-02-25 13:30:00,The Naked Gun: From the Files of Police Squad!,1,7.0
5802,PRN05801,lucabruno324,2023-12-20 14:30:00,Andrei Rublev,4,6.5
5803,PRN05802,francescaferrari323,2021-07-31 13:30:00,Gully Boy,1,6.5
5804,PRN05803,matteobianchi5,2019-01-31 16:00:00,Ayla: The Daughter of War,2,6.5
5805,PRN05804,lucarusso396,2026-06-17 10:30:00,Anand,3,7.0
5806,PRN05805,lucabruno269,2025-09-06 10:30:00,Seppuku,2,6.5
5807,PRN05806,alessioverdi194,2023-03-01 13:30:00,Mimi wo sumaseba,4,8.0
5808,PRN05807,lucamarino173,2024-03-20 15:00:00,Charade,4,7.0
5809,PRN05808,alessiorusso177,2021-02-25 10:30:00,Seppuku,3,8.0
5810,PRN05809,matteoesposito320,2027-10-03 14:00:00,Falling Down,4,7.0
5811,PRN05810,paolobruno307,2025-07-06 17:30:00,Ben-Hur,1,6.5
5812,PRN05811,alessioromano383,2022-03-13 12:30:00,A Little Princess,3,7.5
5813,PRN05812,annaferrari37,2023-05-16 10:30:00,Blue Velvet,2,6.5
5814,PRN05813,giorgiaferrari282,2023-06-04 10:30:00,Lost Highway,3,8.5
5815,PRN05814,lauragreco336,2019-02-08 10:30:00,The Grapes of Wrath,4,7.5
5816,PRN05815,daviderossi254,2020-07-23 10:00:00,Vivre sa vie: Film en douze tableaux,2,7.5
5817,PRN05816,annaromano105,2018-07-31 15:30:00,The Truman Show,2,7.0
5818,PRN05817,francescaromano348,2024-01-26 13:00:00,Full Metal Jacket,4,6.5
5819,PRN05818,giuliarusso301,2025-12-04 13:00:00,Gone with the Wind,3,6.5
5820,PRN05819,francescaferrari54,2026-10-24 18:00:00,Notorious,3,9.0
5821,PRN05820,giuliagallo138,2018-07-13 10:30:00,Kimi no na wa.,1,7.5
5822,PRN05821,andreabruno213,2026-07-18 12:30:00,Spoorloos,4,7.5
5823,PRN05822,alessiofontana215,2027-07-16 10:30:00,Blazing Saddles,4,6.5
5824,PRN05823,lauraconti340,2021-10-13 15:30:00,The Purple Rose of Cairo,3,7.5
5825,PRN05824,simonefontana102,2023-08-10 10:00:00,Memento,3,7.0
5826,PRN05825,saramarino261,2025-05-28 12:30:00,Edward Scissorhands,4,8.0
5827,PRN05826,davideferrari319,2025-10-12 18:30:00,Kelly's Heroes,3,9.5
5828,PRN05827,simonebruno251,2024-12-25 15:30:00,Finding Nemo,4,6.5
5829,PRN05828,francescaromano156,2018-05-12 15:30:00,The Apartment,3,6.5
5830,PRN05829,davideromano22,2023-01-05 10:30:00,Majo no takkyûbin,2,6.5
5831,PRN05830,giorgiagreco210,2023-11-14 13:00:00,Withnail & I,1,6.5
5832,PRN05831,giuliabruno161,2021-06-02 16:30:00,Rupan sansei: Kariosutoro no shiro,2,6.5
5833,PRN05832,andreagallo304,2025-07-27 10:30:00,Höstsonaten,4,8.0
5834,PRN05833,davideverdi333,2020-12-15 10:00:00,Jurassic Park,4,7.0
5835,PRN05834,marcoricci192,2025-08-21 10:00:00,American Beauty,2,7.5
5836,PRN05835,giorgiabianchi39,2018-08-03 10:00:00,Star Wars,2,7.0
5837,PRN05836,giorgiaconti86,2018-12-02 16:30:00,The Untouchables,2,8.0
5838,PRN05837,alessiorossi342,2027-03-28 13:30:00,The Red Shoes,2,6.5
5839,PRN05838,annagallo276,2024-04-14 16:00:00,Ivanovo detstvo,2,8.0
5840,PRN05839,simonefontana253,2018-05-19 15:30:00,Sling Blade,3,7.5
5841,PRN05840,giorgiaverdi291,2019-02-18 13:00:00,Dead Poets Society,4,6.5
5842,PRN05841,lauraconti118,2019-07-10 10:30:00,Sabrina,3,7.5
5843,PRN05842,andrearicci268,2026-11-27 10:00:00,Le charme discret de la bourgeoisie,3,7.0
5844,PRN05843,matteoromano221,2023-09-05 10:30:00,Kagemusha,4,7.0
5845,PRN05844,francescarusso159,2023-06-25 15:30:00,Beauty and the Beast,1,7.5
5846,PRN05845,annamarino30,2020-05-09 18:00:00,Freaks,4,9.5
5847,PRN05846,elenafontana341,2020-03-18 15:30:00,Mr. Smith Goes to Washington,2,7.5
5848,PRN05847,elenafontana294,2018-08-13 10:30:00,Airlift,1,8.5
5849,PRN05848,annacolombo278,2018-11-09 10:30:00,Modern Times,1,6.5
5850,PRN05849,andreaconti113,2024-10-01 12:30:00,Pulp Fiction,1,7.0
5851,PRN05850,chiararossi53,2020-11-24 10:30:00,Glory,4,6.5
5852,PRN05851,davidecolombo353,2024-08-30 13:00:00,Empire of the Sun,4,8.5
5853,PRN05852,elenagallo38,2024-03-09 10:00:00,October Sky,4,8.5
5854,PRN05853,andreagallo304,2020-06-03 15:30:00,American History X,4,6.5
5855,PRN05854,marcofontana350,2021-08-04 15:30:00,Sabrina,2,8.0
5856,PRN05855,annaricci145,2024-09-30 13:00:00,The Shop Around the Corner,3,8.5
5857,PRN05856,chiararicci77,2025-12-03 10:00:00,My Left Foot: The Story of Christy Brown,1,7.0
5858,PRN05857,giorgiagreco325,2023-11-10 15:30:00,In the Name of the Father,4,8.0
5859,PRN05858,giuliaferrari50,2027-09-07 15:30:00,Toki o kakeru shôjo,3,6.5
5860,PRN05859,marcogreco168,2021-04-24 10:30:00,Il conformista,1,7.5
5861,PRN05860,lucaricci233,2022-07-22 15:30:00,La dolce vita,1,7.5
5862,PRN05861,lauraricci248,2026-08-09 10:30:00,Das Cabinet des Dr. Caligari,4,8.0
5863,PRN05862,simonecolombo366,2019-07-25 16:00:00,La double vie de Véronique,1,8.5
5864,PRN05863,giorgiacolombo297,2021-09-05 13:00:00,Raging Bull,4,8.0
5865,PRN05864,lucarossi23,2022-05-26 15:00:00,The Fifth Element,3,7.5
5866,PRN05865,chiaragallo69,2027-07-02 13:30:00,Serenity,1,8.5
5867,PRN05866,lucagallo201,2023-07-26 10:00:00,First Blood,4,7.5
5868,PRN05867,andreabianchi397,2024-07-20 14:30:00,Kôkaku Kidôtai,1,6.5
5869,PRN05868,giuliarusso11,2019-10-10 10:30:00,Inherit the Wind,3,6.5
5870,PRN05869,davidericci308,2027-06-14 16:00:00,The Muppet Christmas Carol,1,7.0
5871,PRN05870,sararicci231,2020-01-08 10:30:00,Frankenstein,1,8.5
5872,PRN05871,giorgiarossi264,2021-12-27 10:00:00,Snatch,4,7.0
5873,PRN05872,alessiomarino288,2020-08-10 10:00:00,Der Himmel über Berlin,4,7.0
5874,PRN05873,lucabruno277,2026-05-08 10:00:00,Before Sunrise,4,7.5
5875,PRN05874,davidebianchi174,2025-03-08 13:00:00,Lilja 4-ever,3,7.5
5876,PRN05875,davideconti62,2021-12-08 12:30:00,Star Trek II: The Wrath of Khan,2,8.5
5877,PRN05876,annabianchi122,2018-12-03 10:00:00,The Last Picture Show,2,8.5
5878,PRN05877,francescacolombo89,2020-03-25 10:30:00,The Sixth Sense,2,8.5
5879,PRN05878,paologreco28,2024-05-08 16:30:00,Bride of Frankenstein,4,6.5
5880,PRN05879,matteoesposito351,2022-05-21 10:00:00,The French Connection,4,7.5
5881,PRN05880,alessiogallo360,2023-05-19 13:00:00,The Untouchables,3,7.5
5882,PRN05881,matteoesposito351,2025-06-01 10:00:00,Le samouraï,1,8.5
5883,PRN05882,chiarabruno370,2021-07-28 10:30:00,Vampire Hunter D: Bloodlust,1,8.0
5884,PRN05883,lucabianchi379,2021-02-08 12:30:00,Seppuku,1,7.0
5885,PRN05884,lucacolombo344,2026-04-01 10:00:00,Manhattan,3,8.0
5886,PRN05885,paolomarino160,2022-01-09 10:00:00,"Crna macka, beli macor",2,7.5
5887,PRN05886,elenaverdi270,2027-06-19 18:00:00,Lost in Translation,4,9.5
5888,PRN05887,giuliafontana204,2027-11-15 14:00:00,The Long Goodbye,2,7.0
5889,PRN05888,giuliacolombo72,2020-10-24 10:30:00,Mission: Impossible - Fallout,3,7.0
5890,PRN05889,simonebruno130,2022-04-03 13:00:00,Tonari no Totoro,2,6.5
5891,PRN05890,davideconti62,2022-11-09 13:30:00,The Hustler,1,8.5
5892,PRN05891,chiararicci77,2018-09-06 10:30:00,Tonari no Totoro,2,8.5
5893,PRN05892,andreamarino98,2019-02-24 15:30:00,The Maltese Falcon,4,8.0
5894,PRN05893,annagallo119,2024-02-19 16:30:00,The Terminator,4,8.0
5895,PRN05894,marcoferrari141,2027-10-19 10:30:00,Aliens,3,8.5
5896,PRN05895,matteogallo266,2027-12-10 10:30:00,Cape Fear,2,7.0
5897,PRN05896,giorgiagallo356,2026-12-20 16:30:00,The Untouchables,4,7.0
5898,PRN05897,lauraconti340,2020-09-02 13:00:00,The Naked Gun: From the Files of Police Squad!,2,8.0
5899,PRN05898,andrearusso265,2018-10-11 13:30:00,Il conformista,4,6.5
5900,PRN05899,giorgiamarino68,2024-04-14 16:00:00,Ivanovo detstvo,3,8.0
5901,PRN05900,francescarusso159,2026-01-31 15:00:00,Brokeback Mountain,2,8.0
5902,PRN05901,elenaesposito211,2022-12-25 15:00:00,The Truman Show,1,7.0
5903,PRN05902,giorgiacolombo363,2018-10-11 10:30:00,North by Northwest,4,8.0
5904,PRN05903,paologreco28,2023-03-06 10:00:00,American Psycho,3,6.5
5905,PRN05904,simonefontana36,2024-03-23 10:30:00,Training Day,4,7.0
5906,PRN05905,marcorusso99,2018-04-14 13:00:00,Jaws,4,8.0
5907,PRN05906,elenafontana294,2020-05-02 15:30:00,Home Alone,2,8.5
5908,PRN05907,saracolombo124,2022-05-19 16:00:00,The Night of the Hunter,2,7.5
5909,PRN05908,paolorossi186,2019-11-19 10:00:00,The Thin Man,1,7.0
5910,PRN05909,lauraconti340,2027-12-16 15:00:00,Cape Fear,2,8.0
5911,PRN05910,simoneverdi362,2025-06-09 13:00:00,"O Brother, Where Art Thou?",1,7.5
5912,PRN05911,davideesposito26,2027-12-22 17:00:00,C.R.A.Z.Y.,4,8.0
5913,PRN05912,simonerossi331,2027-05-06 13:00:00,Cabaret,3,8.0
5914,PRN05913,sararicci231,2019-03-02 19:30:00,The Maltese Falcon,2,10.0
5915,PRN05914,andreagallo71,2023-08-07 10:30:00,Salinui chueok,3,7.0
5916,PRN05915,matteoromano129,2023-09-11 10:30:00,Ladri di biciclette,3,6.5
5917,PRN05916,davideconti62,2020-01-18 10:30:00,Mary Poppins,3,6.5
5918,PRN05917,matteorusso178,2019-07-17 12:30:00,Malcolm X,1,6.5
5919,PRN05918,matteobianchi5,2018-04-05 10:30:00,A Night at the Opera,4,8.5
5920,PRN05919,lauraverdi90,2022-10-22 13:00:00,Judgment at Nuremberg,3,7.5
5921,PRN05920,paoloconti272,2022-09-18 13:00:00,The Innocents,2,8.0
5922,PRN05921,elenagallo38,2021-02-28 20:00:00,Stalag 17,4,8.5
5923,PRN05922,sarafontana151,2025-10-11 16:30:00,Rushmore,2,8.0
5924,PRN05923,elenaricci306,2026-06-07 13:30:00,Terminator 2: Judgment Day,2,7.0
5925,PRN05924,annaricci275,2027-03-03 10:00:00,The Terminator,2,7.5
5926,PRN05925,marcorusso99,2021-06-23 15:30:00,It's a Wonderful Life,2,8.0
5927,PRN05926,giuliaromano25,2019-11-02 10:30:00,Before Sunrise,3,8.5
5928,PRN05927,giorgiagreco373,2022-11-09 16:30:00,Midnight Cowboy,1,7.0
5929,PRN05928,davidebianchi29,2027-03-08 13:00:00,La planète sauvage,2,7.0
5930,PRN05929,paolobruno307,2026-06-28 18:30:00,Apocalypto,3,9.5
5931,PRN05930,davideferrari319,2025-01-16 13:00:00,Finding Nemo,4,8.5
5932,PRN05931,giorgiabruno279,2018-12-09 18:30:00,God's Own Country,4,9.5
5933,PRN05932,sararomano58,2027-12-28 13:00:00,The Philadelphia Story,2,8.5
5934,PRN05933,marcomarino115,2023-07-16 13:30:00,The Day of the Jackal,4,7.0
5935,PRN05934,marcorusso99,2023-12-31 12:30:00,The Deer Hunter,4,6.5
5936,PRN05935,davidebianchi174,2021-09-18 16:00:00,Goldfinger,3,7.5
5937,PRN05936,davidebruno0,2021-04-05 13:30:00,Toy Story 4,4,8.5
5938,PRN05937,matteogallo266,2018-06-23 13:30:00,The Bridges of Madison County,2,8.0
5939,PRN05938,alessiorossi342,2027-12-28 13:00:00,The Philadelphia Story,2,8.5
5940,PRN05939,elenabianchi258,2025-04-05 12:30:00,Cinderella Man,1,6.5
5941,PRN05940,marcorossi78,2025-09-19 10:00:00,The Wizard of Oz,3,7.0
5942,PRN05941,davideesposito26,2019-12-04 12:30:00,Avengers: Infinity War,2,7.0
5943,PRN05942,matteocolombo229,2024-07-27 13:00:00,Dilwale Dulhania Le Jayenge,4,7.5
5944,PRN05943,marcorossi78,2023-01-13 10:00:00,Monty Python and the Holy Grail,1,8.5
5945,PRN05944,alessiomarino334,2024-11-03 10:30:00,E.T. the Extra-Terrestrial,4,7.5
5946,PRN05945,giorgiamarino68,2021-09-11 13:30:00,Kind Hearts and Coronets,2,8.5
5947,PRN05946,lucabianchi379,2022-05-20 10:30:00,The Fifth Element,2,8.5
5948,PRN05947,marcoesposito338,2019-11-09 17:00:00,La double vie de Véronique,2,7.5
5949,PRN05948,lauracolombo7,2024-04-18 10:30:00,The Lady Vanishes,4,8.0
5950,PRN05949,saraconti61,2023-09-24 15:00:00,Dead Man,3,6.5
5951,PRN05950,marcocolombo152,2023-07-14 10:30:00,Sanjuro,2,8.5
5952,PRN05951,lucafontana239,2018-08-21 12:30:00,Nuovo Cinema Paradiso,2,8.0
5953,PRN05952,lucaconti384,2025-09-29 10:00:00,Pirates of the Caribbean: The Curse of the Black Pearl,1,7.0
5954,PRN05953,davideferrari63,2022-12-28 10:30:00,Boyz n the Hood,2,7.0
5955,PRN05954,alessiocolombo64,2019-02-04 13:00:00,The Lion in Winter,2,7.5
5956,PRN05955,marcomarino115,2020-11-20 10:30:00,Todo sobre mi madre,2,6.5
5957,PRN05956,giuliaromano25,2020-09-05 12:30:00,Mission: Impossible - Fallout,4,8.0
5958,PRN05957,alessiogallo56,2018-08-21 12:30:00,Nuovo Cinema Paradiso,2,8.0
5959,PRN05958,chiaraverdi125,2018-05-13 16:00:00,Batman: Mask of the Phantasm,2,8.0
5960,PRN05959,chiararomano21,2020-11-24 13:30:00,Sanjuro,1,8.5
5961,PRN05960,alessioromano259,2023-04-06 13:30:00,Shine,2,7.0
5962,PRN05961,sarabruno290,2026-06-02 14:30:00,What's Eating Gilbert Grape,4,8.5
5963,PRN05962,chiarabruno370,2022-03-04 10:00:00,Boksuneun naui geot,1,7.5
5964,PRN05963,sarabianchi128,2019-10-19 10:00:00,Naked,3,7.5
5965,PRN05964,paolorossi328,2018-10-06 16:30:00,The Naked Gun: From the Files of Police Squad!,1,8.0
5966,PRN05965,paolofontana214,2020-10-11 18:00:00,The Bridge on the River Kwai,4,8.5
5967,PRN05966,chiarafontana76,2023-04-23 14:00:00,The Hustler,3,6.5
5968,PRN05967,chiaramarino388,2026-06-08 10:00:00,Empire of the Sun,2,8.5
5969,PRN05968,alessiocolombo110,2018-09-09 13:30:00,Bound by Honor,4,7.0
5970,PRN05969,giorgiagreco57,2018-08-29 10:30:00,Tonari no Totoro,3,8.0
5971,PRN05970,simonerossi10,2025-02-12 10:00:00,Die Hard,1,8.0
5972,PRN05971,sarabianchi128,2024-07-05 13:00:00,The Man Who Would Be King,4,7.0
5973,PRN05972,paologreco206,2027-03-27 12:30:00,Raging Bull,4,6.5
5974,PRN05973,giuliaferrari50,2021-04-14 16:30:00,Chung Hing sam lam,2,8.0
5975,PRN05974,andrearicci197,2026-02-15 13:00:00,Withnail & I,3,7.0
5976,PRN05975,paolobruno307,2021-11-08 10:30:00,Little Women,2,6.5
5977,PRN05976,paolorusso252,2021-12-11 10:00:00,Paths of Glory,3,6.5
5978,PRN05977,annabianchi48,2021-10-23 10:00:00,Hamlet,2,8.0
5979,PRN05978,simoneconti244,2018-06-23 16:30:00,Hiroshima mon amour,3,8.0
5980,PRN05979,davideferrari63,2019-12-03 10:00:00,The Sixth Sense,3,7.0
5981,PRN05980,giorgiabianchi39,2022-04-28 10:30:00,Dom za vesanje,4,7.0
5982,PRN05981,andreaconti355,2024-06-25 10:30:00,Harry Potter and the Prisoner of Azkaban,2,8.5
5983,PRN05982,lauraricci248,2024-10-18 10:00:00,Dog Day Afternoon,2,6.5
5984,PRN05983,saracolombo124,2023-09-28 10:30:00,Das Cabinet des Dr. Caligari,2,8.0
5985,PRN05984,lauraconti340,2027-11-29 10:00:00,The Best Years of Our Lives,1,7.5
5986,PRN05985,alessiofontana215,2024-07-12 15:30:00,Empire of the Sun,1,8.5
5987,PRN05986,sararusso357,2022-02-10 10:00:00,In the Name of the Father,3,6.5
5988,PRN05987,elenaesposito285,2023-06-17 13:00:00,Manhattan,4,8.0
5989,PRN05988,andreabruno171,2020-02-25 14:30:00,Il conformista,3,8.5
5990,PRN05989,saramarino261,2022-09-29 13:00:00,La Grande Illusion,2,7.0
5991,PRN05990,elenabianchi387,2018-02-08 12:30:00,Lethal Weapon,4,7.0
5992,PRN05991,andreagallo82,2025-11-24 14:00:00,East of Eden,1,8.0
5993,PRN05992,saramarino14,2024-01-14 17:00:00,Batman: Mask of the Phantasm,2,8.0
5994,PRN05993,giuliabruno316,2024-08-03 17:00:00,Manhattan,1,8.5
5995,PRN05994,andreabruno213,2022-10-10 10:30:00,Doctor Zhivago,3,7.5
5996,PRN05995,francescarusso159,2022-04-10 13:30:00,Kumonosu-jô,3,8.5
5997,PRN05996,marcoricci187,2022-03-06 16:00:00,Blue Velvet,2,8.5
5998,PRN05997,paoloverdi179,2020-09-17 10:30:00,"South Park: Bigger, Longer & Uncut",1,7.5
5999,PRN05998,lucacolombo318,2027-02-14 10:00:00,The Gold Rush,2,8.0
6000,PRN05999,alessiorusso177,2027-02-23 16:00:00,The Outlaw Josey Wales,2,8.0
