id_proiezione,data_ora_proiezione,titolo_film,genere,regista,anno,durata_minuti,eta_minima,prezzo_biglietto
1,2027-12-30 10:30:00,A Beautiful Mind,Biography,Ron Howard,2001,135,12,8.5
2,2027-12-29 16:00:00,Good Will Hunting,Drama,Gus Van Sant,1997,126,0,8.5
3,2027-12-29 12:30:00,The Best Years of Our Lives,Drama,William Wyler,1946,170,12,8.5
4,2027-12-29 10:00:00,To Have and Have Not,Adventure,Howard Hawks,1944,100,6,8.0
5,2027-12-28 15:30:00,Blue Velvet,Drama,David Lynch,1986,120,12,7.5
6,2027-12-28 13:00:00,The Philadelphia Story,Comedy,George Cukor,1940,112,12,8.5
7,2027-12-28 10:00:00,Good Will Hunting,Drama,Gus Van Sant,1997,126,0,6.5
8,2027-12-27 14:00:00,The Blues Brothers,Action,John Landis,1980,133,0,8.5
9,2027-12-27 10:30:00,The Bridge on the River Kwai,Adventure,David Lean,1957,161,6,7.5
10,2027-12-26 19:30:00,Good Will Hunting,Drama,Gus Van Sant,1997,126,0,10.0
11,2027-12-26 16:00:00,The Bridge on the River Kwai,Adventure,David Lean,1957,161,6,8.5
12,2027-12-26 13:00:00,Good Will Hunting,Drama,Gus Van Sant,1997,126,0,8.5
13,2027-12-26 10:00:00,Blue Velvet,Drama,David Lynch,1986,120,12,7.5
14,2027-12-25 22:00:00,The Best Years of Our Lives,Drama,William Wyler,1946,170,12,10.0
15,2027-12-25 18:00:00,Gandhi,Biography,Richard Attenborough,1982,191,0,9.0
16,2027-12-25 14:30:00,The Lord of the Rings: The Fellowship of the Ring,Action,Peter Jackson,2001,178,0,7.0
17,2027-12-25 10:30:00,The Lord of the Rings: The Fellowship of the Ring,Action,Peter Jackson,2001,178,0,8.0
18,2027-12-24 13:30:00,Misery,Drama,Rob Reiner,1990,107,16,8.0
19,2027-12-24 10:30:00,The Treasure of the Sierra Madre,Adventure,John Huston,1948,126,12,8.5
20,2027-12-23 10:00:00,The Hurricane,Biography,Norman Jewison,1999,146,16,8.5
21,2027-12-22 17:00:00,C.R.A.Z.Y.,Comedy,Jean-Marc Vallée,2005,129,12,8.0
22,2027-12-22 14:30:00,Misery,Drama,Rob Reiner,1990,107,16,7.5
23,2027-12-22 10:30:00,Veer-Zaara,Drama,Yash Chopra,2004,192,0,7.5
24,2027-12-21 16:00:00,Primal Fear,Crime,Gregory Hoblit,1996,129,12,7.0
25,2027-12-21 13:00:00,The Blues Brothers,Action,John Landis,1980,133,0,8.0
26,2027-12-21 10:00:00,Blue Velvet,Drama,David Lynch,1986,120,12,7.5
27,2027-12-20 13:30:00,Donnie Darko,Drama,Richard Kelly,2001,113,16,7.0
28,2027-12-20 10:30:00,Star Trek II: The Wrath of Khan,Action,Nicholas Meyer,1982,113,0,8.0
29,2027-12-19 16:00:00,The Silence of the Lambs,Crime,Jonathan Demme,1991,118,12,7.5
30,2027-12-19 13:00:00,Philadelphia,Drama,Jonathan Demme,1993,125,12,8.5
31,2027-12-19 10:00:00,Primal Fear,Crime,Gregory Hoblit,1996,129,12,8.0
32,2027-12-18 16:30:00,The Maltese Falcon,Film-Noir,John Huston,1941,100,12,8.0
33,2027-12-18 13:30:00,The Blues Brothers,Action,John Landis,1980,133,0,8.0
34,2027-12-18 10:30:00,C.R.A.Z.Y.,Comedy,Jean-Marc Vallée,2005,129,12,6.5
35,2027-12-17 10:00:00,Primal Fear,Crime,Gregory Hoblit,1996,129,12,7.5
36,2027-12-16 15:00:00,Cape Fear,Drama,J. Lee Thompson,1962,106,12,8.0
37,2027-12-16 10:30:00,Shichinin no samurai,Action,Akira Kurosawa,1954,207,0,6.5
38,2027-12-15 16:00:00,American Psycho,Comedy,Mary Harron,2000,101,12,8.0
39,2027-12-15 13:30:00,The Others,Horror,Alejandro Amenábar,2001,101,12,8.0
40,2027-12-15 10:30:00,Blue Velvet,Drama,David Lynch,1986,120,12,7.5
41,2027-12-14 10:30:00,Fight Club,Drama,David Fincher,1999,139,12,6.5
42,2027-12-13 15:30:00,American Psycho,Comedy,Mary Harron,2000,101,12,6.5
43,2027-12-13 12:30:00,The Treasure of the Sierra Madre,Adventure,John Huston,1948,126,12,8.0
44,2027-12-13 10:00:00,Kurenai no buta,Animation,Hayao Miyazaki,1992,94,0,7.0
45,2027-12-12 18:00:00,Shichinin no samurai,Action,Akira Kurosawa,1954,207,0,8.5
46,2027-12-12 15:30:00,To Have and Have Not,Adventure,Howard Hawks,1944,100,6,8.0
47,2027-12-12 13:00:00,Withnail & I,Comedy,Bruce Robinson,1987,107,16,6.5
48,2027-12-12 10:30:00,The Maltese Falcon,Film-Noir,John Huston,1941,100,12,8.0
49,2027-12-11 19:00:00,Fight Club,Drama,David Fincher,1999,139,12,10.0
50,2027-12-11 16:30:00,Reservoir Dogs,Crime,Quentin Tarantino,1992,99,16,8.5
51,2027-12-11 12:30:00,Shichinin no samurai,Action,Akira Kurosawa,1954,207,0,8.5
52,2027-12-11 10:00:00,Eastern Promises,Action,David Cronenberg,2007,100,16,6.5
53,2027-12-10 13:00:00,To Have and Have Not,Adventure,Howard Hawks,1944,100,6,6.5
54,2027-12-10 10:30:00,Cape Fear,Drama,J. Lee Thompson,1962,106,12,7.0
55,2027-12-09 10:00:00,Star Trek II: The Wrath of Khan,Action,Nicholas Meyer,1982,113,0,8.0
56,2027-12-08 10:00:00,Blue Velvet,Drama,David Lynch,1986,120,12,6.5
57,2027-12-07 15:00:00,Lat sau san taam,Action,John Woo,1992,128,16,7.0
58,2027-12-07 12:30:00,Eastern Promises,Action,David Cronenberg,2007,100,16,6.5
59,2027-12-07 10:00:00,Withnail & I,Comedy,Bruce Robinson,1987,107,16,6.5
60,2027-12-06 15:00:00,American Psycho,Comedy,Mary Harron,2000,101,12,8.0
61,2027-12-06 12:30:00,The Maltese Falcon,Film-Noir,John Huston,1941,100,12,8.5
62,2027-12-06 10:00:00,Eastern Promises,Action,David Cronenberg,2007,100,16,7.0
63,2027-12-05 20:00:00,American Psycho,Comedy,Mary Harron,2000,101,12,8.5
64,2027-12-05 17:30:00,Jûbê ninpûchô,Animation,Yoshiaki Kawajiri,1993,94,12,8.5
65,2027-12-05 13:00:00,Giant,Drama,George Stevens,1956,201,0,8.5
66,2027-12-05 10:00:00,Mississippi Burning,Crime,Alan Parker,1988,128,12,8.0
67,2027-12-04 15:30:00,The Best Years of Our Lives,Drama,William Wyler,1946,170,12,6.5
68,2027-12-04 12:30:00,Lat sau san taam,Action,John Woo,1992,128,16,8.0
69,2027-12-04 10:00:00,Cape Fear,Drama,J. Lee Thompson,1962,106,12,8.0
70,2027-12-03 16:00:00,The Best Years of Our Lives,Drama,William Wyler,1946,170,12,8.5
71,2027-12-03 13:30:00,Jûbê ninpûchô,Animation,Yoshiaki Kawajiri,1993,94,12,7.5
72,2027-12-03 10:30:00,Cool Hand Luke,Crime,Stuart Rosenberg,1967,127,12,8.5
73,2027-12-02 10:30:00,Giant,Drama,George Stevens,1956,201,0,7.5
74,2027-12-01 14:00:00,Blue Velvet,Drama,David Lynch,1986,120,12,8.0
75,2027-12-01 10:00:00,The Best Years of Our Lives,Drama,William Wyler,1946,170,12,8.0
76,2027-11-30 13:30:00,Kurenai no buta,Animation,Hayao Miyazaki,1992,94,0,6.5
77,2027-11-30 10:30:00,Cool Hand Luke,Crime,Stuart Rosenberg,1967,127,12,7.5
78,2027-11-29 13:30:00,The Others,Horror,Alejandro Amenábar,2001,101,12,7.0
79,2027-11-29 10:00:00,The Best Years of Our Lives,Drama,William Wyler,1946,170,12,7.5
80,2027-11-28 16:00:00,Mississippi Burning,Crime,Alan Parker,1988,128,12,8.0
81,2027-11-28 13:00:00,The Blues Brothers,Action,John Landis,1980,133,0,8.0
82,2027-11-28 10:30:00,Festen,Drama,Thomas Vinterberg,1998,105,16,8.0
83,2027-11-27 20:00:00,Cool Hand Luke,Crime,Stuart Rosenberg,1967,127,12,10.0
84,2027-11-27 17:00:00,The Blues Brothers,Action,John Landis,1980,133,0,7.5
85,2027-11-27 13:30:00,The Best Years of Our Lives,Drama,William Wyler,1946,170,12,6.5
86,2027-11-27 10:30:00,The Blues Brothers,Action,John Landis,1980,133,0,8.0
87,2027-11-26 13:30:00,It Happened One Night,Comedy,Frank Capra,1934,105,12,8.0
88,2027-11-26 10:30:00,Sin City,Crime,Frank Miller,2005,124,12,6.5
89,2027-11-25 16:00:00,The Silence of the Lambs,Crime,Jonathan Demme,1991,118,12,6.5
90,2027-11-25 12:30:00,Tengoku to jigoku,Crime,Akira Kurosawa,1963,143,12,8.0
91,2027-11-25 10:00:00,It Happened One Night,Comedy,Frank Capra,1934,105,12,7.0
92,2027-11-24 16:00:00,The Ladykillers,Comedy,Alexander Mackendrick,1955,91,12,6.5
93,2027-11-24 13:30:00,Cape Fear,Drama,J. Lee Thompson,1962,106,12,7.5
94,2027-11-24 10:30:00,Aliens,Action,James Cameron,1986,137,0,8.0
95,2027-11-23 12:30:00,The Others,Horror,Alejandro Amenábar,2001,101,12,6.5
96,2027-11-23 10:00:00,"Monsters, Inc.",Animation,Pete Docter,2001,92,0,6.5
97,2027-11-22 10:30:00,Jûbê ninpûchô,Animation,Yoshiaki Kawajiri,1993,94,12,7.5
98,2027-11-21 16:00:00,The Hurricane,Biography,Norman Jewison,1999,146,16,8.0
99,2027-11-21 13:00:00,Platoon,Drama,Oliver Stone,1986,120,12,8.5
100,2027-11-21 10:00:00,Cool Hand Luke,Crime,Stuart Rosenberg,1967,127,12,7.0
101,2027-11-20 20:30:00,Aliens,Action,James Cameron,1986,137,0,9.0
102,2027-11-20 18:00:00,Jules et Jim,Drama,François Truffaut,1962,105,12,10.0
103,2027-11-20 14:30:00,Close Encounters of the Third Kind,Drama,Steven Spielberg,1977,138,0,8.5
104,2027-11-20 10:30:00,The Best Years of Our Lives,Drama,William Wyler,1946,170,12,7.0
105,2027-11-19 10:00:00,The Hurricane,Biography,Norman Jewison,1999,146,16,8.5
106,2027-11-18 10:00:00,Scent of a Woman,Drama,Martin Brest,1992,156,12,7.0
107,2027-11-17 10:30:00,Giant,Drama,George Stevens,1956,201,0,7.5
108,2027-11-16 16:00:00,The Hurricane,Biography,Norman Jewison,1999,146,16,7.0
109,2027-11-16 13:00:00,Butch Cassidy and the Sundance Kid,Biography,George Roy Hill,1969,110,6,7.5
110,2027-11-16 10:30:00,The Others,Horror,Alejandro Amenábar,2001,101,12,8.0
111,2027-11-15 17:00:00,"Monsters, Inc.",Animation,Pete Docter,2001,92,0,8.0
112,2027-11-15 14:00:00,The Long Goodbye,Comedy,Robert Altman,1973,112,12,7.0
113,2027-11-15 10:30:00,Fight Club,Drama,David Fincher,1999,139,12,8.0
114,2027-11-14 15:30:00,Platoon,Drama,Oliver Stone,1986,120,12,7.0
115,2027-11-14 12:30:00,Tengoku to jigoku,Crime,Akira Kurosawa,1963,143,12,7.5
116,2027-11-14 10:00:00,Back to the Future Part II,Adventure,Robert Zemeckis,1989,108,0,6.5
117,2027-11-13 18:30:00,Papurika,Animation,Satoshi Kon,2006,90,0,9.5
118,2027-11-13 16:00:00,Back to the Future Part II,Adventure,Robert Zemeckis,1989,108,0,7.5
119,2027-11-13 13:00:00,Platoon,Drama,Oliver Stone,1986,120,12,7.0
120,2027-11-13 10:30:00,Platoon,Drama,Oliver Stone,1986,120,12,7.5
121,2027-11-12 13:30:00,Blow,Biography,Ted Demme,2001,124,16,8.0
122,2027-11-12 10:00:00,Scent of a Woman,Drama,Martin Brest,1992,156,12,7.0
123,2027-11-11 13:00:00,Papurika,Animation,Satoshi Kon,2006,90,0,8.0
124,2027-11-11 10:30:00,Papurika,Animation,Satoshi Kon,2006,90,0,6.5
125,2027-11-10 10:30:00,Close Encounters of the Third Kind,Drama,Steven Spielberg,1977,138,0,8.0
126,2027-11-09 13:00:00,The Long Goodbye,Comedy,Robert Altman,1973,112,12,7.0
127,2027-11-09 10:00:00,Sin City,Crime,Frank Miller,2005,124,12,7.0
128,2027-11-08 13:00:00,Chinatown,Drama,Roman Polanski,1974,130,12,7.0
129,2027-11-08 10:30:00,Papurika,Animation,Satoshi Kon,2006,90,0,8.5
130,2027-11-07 15:00:00,Sherlock Jr.,Action,Buster Keaton,1924,45,12,6.5
131,2027-11-07 12:30:00,Annie Hall,Comedy,Woody Allen,1977,93,12,8.0
132,2027-11-07 10:00:00,Butch Cassidy and the Sundance Kid,Biography,George Roy Hill,1969,110,6,7.5
133,2027-11-06 19:30:00,Giant,Drama,George Stevens,1956,201,0,9.0
134,2027-11-06 16:00:00,Idi i smotri,Drama,Elem Klimov,1985,142,12,8.0
135,2027-11-06 13:00:00,Sin City,Crime,Frank Miller,2005,124,12,6.5
136,2027-11-06 10:00:00,Blow,Biography,Ted Demme,2001,124,16,7.5
137,2027-11-05 10:30:00,Back to the Future Part II,Adventure,Robert Zemeckis,1989,108,0,8.0
138,2027-11-04 10:30:00,Aliens,Action,James Cameron,1986,137,0,8.0
139,2027-11-03 10:30:00,Scent of a Woman,Drama,Martin Brest,1992,156,12,7.0
140,2027-11-02 13:30:00,Papurika,Animation,Satoshi Kon,2006,90,0,6.5
141,2027-11-02 10:30:00,Enemy at the Gates,Drama,Jean-Jacques Annaud,2001,131,12,7.0
142,2027-11-01 13:00:00,The Ladykillers,Comedy,Alexander Mackendrick,1955,91,12,8.0
143,2027-11-01 10:30:00,"4 luni, 3 saptamâni si 2 zile",Drama,Cristian Mungiu,2007,113,12,8.5
144,2027-10-31 17:00:00,Sherlock Jr.,Action,Buster Keaton,1924,45,12,6.5
145,2027-10-31 14:00:00,Back to the Future Part II,Adventure,Robert Zemeckis,1989,108,0,6.5
146,2027-10-31 10:30:00,Scent of a Woman,Drama,Martin Brest,1992,156,12,6.5
147,2027-10-30 17:00:00,"Monsters, Inc.",Animation,Pete Docter,2001,92,0,8.0
148,2027-10-30 14:00:00,Blow,Biography,Ted Demme,2001,124,16,8.5
149,2027-10-30 10:30:00,The Best Years of Our Lives,Drama,William Wyler,1946,170,12,7.5
150,2027-10-29 10:30:00,Annie Hall,Comedy,Woody Allen,1977,93,12,7.5
151,2027-10-28 15:00:00,Tengoku to jigoku,Crime,Akira Kurosawa,1963,143,12,7.5
152,2027-10-28 12:30:00,Ivanovo detstvo,Drama,Andrei Tarkovsky,1962,95,12,7.5
153,2027-10-28 10:00:00,The Ladykillers,Comedy,Alexander Mackendrick,1955,91,12,8.0
154,2027-10-27 10:30:00,Donnie Brasco,Biography,Mike Newell,1997,127,12,6.5
155,2027-10-26 10:00:00,Zelig,Comedy,Woody Allen,1983,79,6,8.5
156,2027-10-25 10:30:00,No Country for Old Men,Crime,Ethan Coen,2007,122,16,6.5
157,2027-10-24 19:30:00,Annie Hall,Comedy,Woody Allen,1977,93,12,9.5
158,2027-10-24 16:00:00,The Best Years of Our Lives,Drama,William Wyler,1946,170,12,8.0
159,2027-10-24 13:00:00,Butch Cassidy and the Sundance Kid,Biography,George Roy Hill,1969,110,6,7.0
160,2027-10-24 10:30:00,Butch Cassidy and the Sundance Kid,Biography,George Roy Hill,1969,110,6,8.5
161,2027-10-23 19:00:00,Adaptation.,Comedy,Spike Jonze,2002,115,16,8.5
162,2027-10-23 16:00:00,Blow,Biography,Ted Demme,2001,124,16,7.0
163,2027-10-23 13:00:00,No Country for Old Men,Crime,Ethan Coen,2007,122,16,6.5
164,2027-10-23 10:00:00,Platoon,Drama,Oliver Stone,1986,120,12,7.5
165,2027-10-22 10:00:00,Zelig,Comedy,Woody Allen,1983,79,6,7.5
166,2027-10-21 10:00:00,Adaptation.,Comedy,Spike Jonze,2002,115,16,7.5
167,2027-10-20 13:30:00,Chinatown,Drama,Roman Polanski,1974,130,12,8.0
168,2027-10-20 10:00:00,Aliens,Action,James Cameron,1986,137,0,6.5
169,2027-10-19 13:30:00,"Monsters, Inc.",Animation,Pete Docter,2001,92,0,7.0
170,2027-10-19 10:30:00,Aliens,Action,James Cameron,1986,137,0,8.5
171,2027-10-18 10:30:00,The Best Years of Our Lives,Drama,William Wyler,1946,170,12,8.5
172,2027-10-17 16:00:00,Close Encounters of the Third Kind,Drama,Steven Spielberg,1977,138,0,8.0
173,2027-10-17 13:00:00,Back to the Future Part II,Adventure,Robert Zemeckis,1989,108,0,6.5
174,2027-10-17 10:30:00,Sunrise: A Song of Two Humans,Drama,F.W. Murnau,1927,94,12,7.5
175,2027-10-16 16:30:00,Platoon,Drama,Oliver Stone,1986,120,12,7.0
176,2027-10-16 13:30:00,Idi i smotri,Drama,Elem Klimov,1985,142,12,6.5
177,2027-10-16 10:30:00,Adaptation.,Comedy,Spike Jonze,2002,115,16,6.5
178,2027-10-15 13:00:00,Chinatown,Drama,Roman Polanski,1974,130,12,8.0
179,2027-10-15 10:00:00,Close Encounters of the Third Kind,Drama,Steven Spielberg,1977,138,0,6.5
180,2027-10-14 10:30:00,Sherlock Jr.,Action,Buster Keaton,1924,45,12,6.5
181,2027-10-13 13:00:00,Sunrise: A Song of Two Humans,Drama,F.W. Murnau,1927,94,12,7.5
182,2027-10-13 10:00:00,Close Encounters of the Third Kind,Drama,Steven Spielberg,1977,138,0,6.5
183,2027-10-12 13:30:00,Sunrise: A Song of Two Humans,Drama,F.W. Murnau,1927,94,12,8.0
184,2027-10-12 10:30:00,The Pianist,Biography,Roman Polanski,2002,150,16,7.0
185,2027-10-11 13:00:00,The Shop Around the Corner,Comedy,Ernst Lubitsch,1940,99,12,7.5
186,2027-10-11 10:00:00,The Lives of Others,Drama,Florian Henckel von Donnersmarck,2006,137,12,7.5
187,2027-10-10 17:30:00,Bound by Honor,Crime,Taylor Hackford,1993,180,16,7.5
188,2027-10-10 15:00:00,Falling Down,Action,Joel Schumacher,1993,113,16,7.0
189,2027-10-10 13:30:00,Sherlock Jr.,Action,Buster Keaton,1924,45,12,8.5
190,2027-10-10 10:30:00,Hauru no ugoku shiro,Animation,Hayao Miyazaki,2004,119,0,8.0
191,2027-10-09 16:00:00,Platoon,Drama,Oliver Stone,1986,120,12,6.5
192,2027-10-09 13:30:00,A Christmas Story,Comedy,Bob Clark,1983,93,0,7.5
193,2027-10-09 10:00:00,Amadeus,Biography,Milos Forman,1984,160,16,8.0
194,2027-10-08 10:00:00,Back to the Future Part II,Adventure,Robert Zemeckis,1989,108,0,6.5
195,2027-10-07 10:30:00,Close Encounters of the Third Kind,Drama,Steven Spielberg,1977,138,0,6.5
196,2027-10-06 14:00:00,As Good as It Gets,Comedy,James L. Brooks,1997,139,12,7.0
197,2027-10-06 10:30:00,Close Encounters of the Third Kind,Drama,Steven Spielberg,1977,138,0,7.0
198,2027-10-05 16:30:00,Black Hawk Down,Drama,Ridley Scott,2001,144,12,7.5
199,2027-10-05 14:00:00,Back to the Future Part II,Adventure,Robert Zemeckis,1989,108,0,8.5
200,2027-10-05 10:30:00,Black Hawk Down,Drama,Ridley Scott,2001,144,12,8.0
201,2027-10-04 10:30:00,Close Encounters of the Third Kind,Drama,Steven Spielberg,1977,138,0,6.5
202,2027-10-03 17:00:00,"4 luni, 3 saptamâni si 2 zile",Drama,Cristian Mungiu,2007,113,12,7.0
203,2027-10-03 14:00:00,Falling Down,Action,Joel Schumacher,1993,113,16,7.0
204,2027-10-03 10:30:00,As Good as It Gets,Comedy,James L. Brooks,1997,139,12,8.0
205,2027-10-02 19:30:00,Persona,Drama,Ingmar Bergman,1966,85,12,9.0
206,2027-10-02 16:30:00,The Lives of Others,Drama,Florian Henckel von Donnersmarck,2006,137,12,8.5
207,2027-10-02 13:30:00,Falling Down,Action,Joel Schumacher,1993,113,16,8.5
208,2027-10-02 10:30:00,As Good as It Gets,Comedy,James L. Brooks,1997,139,12,8.0
209,2027-10-01 10:30:00,Back to the Future Part II,Adventure,Robert Zemeckis,1989,108,0,8.0
210,2027-09-30 13:30:00,Falling Down,Action,Joel Schumacher,1993,113,16,8.0
211,2027-09-30 10:30:00,The Lives of Others,Drama,Florian Henckel von Donnersmarck,2006,137,12,7.0
212,2027-09-29 10:00:00,The Lives of Others,Drama,Florian Henckel von Donnersmarck,2006,137,12,8.0
213,2027-09-28 13:00:00,The King of Comedy,Comedy,Martin Scorsese,1982,109,0,7.0
214,2027-09-28 10:00:00,Le notti di Cabiria,Drama,Federico Fellini,1957,110,12,7.0
215,2027-09-27 10:00:00,Donnie Brasco,Biography,Mike Newell,1997,127,12,7.0
216,2027-09-26 19:00:00,The King of Comedy,Comedy,Martin Scorsese,1982,109,0,9.5
217,2027-09-26 15:30:00,Boogie Nights,Drama,Paul Thomas Anderson,1997,155,16,7.0
218,2027-09-26 12:30:00,Sleepers,Crime,Barry Levinson,1996,147,12,6.5
219,2027-09-26 10:00:00,Le notti di Cabiria,Drama,Federico Fellini,1957,110,12,7.0
220,2027-09-25 15:30:00,Enemy at the Gates,Drama,Jean-Jacques Annaud,2001,131,12,7.5
221,2027-09-25 12:30:00,Happiness,Comedy,Todd Solondz,1998,134,12,8.5
222,2027-09-25 10:00:00,Trois couleurs: Blanc,Comedy,Krzysztof Kieslowski,1994,92,0,7.0
223,2027-09-24 10:30:00,Jûbê ninpûchô,Animation,Yoshiaki Kawajiri,1993,94,12,7.0
224,2027-09-23 14:30:00,Bronenosets Potemkin,Drama,Sergei M. Eisenstein,1925,75,12,7.5
225,2027-09-23 12:00:00,Trois couleurs: Blanc,Comedy,Krzysztof Kieslowski,1994,92,0,7.0
226,2027-09-23 10:00:00,Bronenosets Potemkin,Drama,Sergei M. Eisenstein,1925,75,12,7.5
227,2027-09-22 15:30:00,Toki o kakeru shôjo,Animation,Mamoru Hosoda,2006,98,0,8.0
228,2027-09-22 13:00:00,It Happened One Night,Comedy,Frank Capra,1934,105,12,6.5
229,2027-09-22 10:30:00,The Shop Around the Corner,Comedy,Ernst Lubitsch,1940,99,12,6.5
230,2027-09-21 10:00:00,The Lives of Others,Drama,Florian Henckel von Donnersmarck,2006,137,12,6.5
231,2027-09-20 15:00:00,Bronenosets Potemkin,Drama,Sergei M. Eisenstein,1925,75,12,8.5
232,2027-09-20 12:30:00,Sunrise: A Song of Two Humans,Drama,F.W. Murnau,1927,94,12,8.5
233,2027-09-20 10:00:00,Jûbê ninpûchô,Animation,Yoshiaki Kawajiri,1993,94,12,7.5
234,2027-09-19 17:00:00,Jûbê ninpûchô,Animation,Yoshiaki Kawajiri,1993,94,12,8.5
235,2027-09-19 14:30:00,Trois couleurs: Blanc,Comedy,Krzysztof Kieslowski,1994,92,0,8.0
236,2027-09-19 10:30:00,Bound by Honor,Crime,Taylor Hackford,1993,180,16,8.5
237,2027-09-18 18:30:00,The Shawshank Redemption,Drama,Frank Darabont,1994,142,12,10.0
238,2027-09-18 14:30:00,Kal Ho Naa Ho,Comedy,Nikkhil Advani,2003,186,0,8.5
239,2027-09-18 12:30:00,Persona,Drama,Ingmar Bergman,1966,85,12,7.5
240,2027-09-18 10:30:00,Persona,Drama,Ingmar Bergman,1966,85,12,8.5
241,2027-09-17 15:00:00,Persona,Drama,Ingmar Bergman,1966,85,12,6.5
242,2027-09-17 12:30:00,The King of Comedy,Comedy,Martin Scorsese,1982,109,0,7.5
243,2027-09-17 10:30:00,Bronenosets Potemkin,Drama,Sergei M. Eisenstein,1925,75,12,8.5
244,2027-09-16 10:00:00,The King of Comedy,Comedy,Martin Scorsese,1982,109,0,7.0
245,2027-09-15 16:30:00,The Shawshank Redemption,Drama,Frank Darabont,1994,142,12,8.0
246,2027-09-15 13:30:00,Falling Down,Action,Joel Schumacher,1993,113,16,7.5
247,2027-09-15 10:00:00,Amadeus,Biography,Milos Forman,1984,160,16,8.0
248,2027-09-14 17:00:00,Harry Potter and the Sorcerer's Stone,Adventure,Chris Columbus,2001,152,0,7.0
249,2027-09-14 14:00:00,Falling Down,Action,Joel Schumacher,1993,113,16,8.5
250,2027-09-14 10:00:00,Kal Ho Naa Ho,Comedy,Nikkhil Advani,2003,186,0,8.5
251,2027-09-13 10:00:00,Jeux d'enfants,Comedy,Yann Samuell,2003,93,16,8.0
252,2027-09-12 16:00:00,Memento,Mystery,Christopher Nolan,2000,113,12,7.5
253,2027-09-12 13:30:00,The Others,Horror,Alejandro Amenábar,2001,101,12,7.5
254,2027-09-12 10:30:00,The Shawshank Redemption,Drama,Frank Darabont,1994,142,12,8.5
255,2027-09-11 16:30:00,The Pianist,Biography,Roman Polanski,2002,150,16,7.5
256,2027-09-11 12:30:00,Barry Lyndon,Adventure,Stanley Kubrick,1975,185,6,8.0
257,2027-09-11 10:00:00,Toki o kakeru shôjo,Animation,Mamoru Hosoda,2006,98,0,8.5
258,2027-09-10 13:00:00,Falling Down,Action,Joel Schumacher,1993,113,16,8.5
259,2027-09-10 10:00:00,All That Jazz,Drama,Bob Fosse,1979,123,12,6.5
260,2027-09-09 17:30:00,Jûbê ninpûchô,Animation,Yoshiaki Kawajiri,1993,94,12,7.5
261,2027-09-09 13:30:00,Sholay,Action,Ramesh Sippy,1975,204,0,8.5
262,2027-09-09 10:30:00,The Treasure of the Sierra Madre,Adventure,John Huston,1948,126,12,8.0
263,2027-09-08 17:00:00,Sleepers,Crime,Barry Levinson,1996,147,12,8.0
264,2027-09-08 13:00:00,"Swades: We, the People",Drama,Ashutosh Gowariker,2004,210,0,7.0
265,2027-09-08 10:30:00,Toki o kakeru shôjo,Animation,Mamoru Hosoda,2006,98,0,7.0
266,2027-09-07 15:30:00,Toki o kakeru shôjo,Animation,Mamoru Hosoda,2006,98,0,6.5
267,2027-09-07 12:30:00,Star Wars: Episode VI - Return of the Jedi,Action,Richard Marquand,1983,131,0,8.0
268,2027-09-07 10:00:00,Toki o kakeru shôjo,Animation,Mamoru Hosoda,2006,98,0,8.5
269,2027-09-06 13:00:00,All That Jazz,Drama,Bob Fosse,1979,123,12,6.5
270,2027-09-06 10:00:00,The Shawshank Redemption,Drama,Frank Darabont,1994,142,12,8.5
271,2027-09-05 21:30:00,Philadelphia,Drama,Jonathan Demme,1993,125,12,10.0
272,2027-09-05 18:00:00,The Killing Fields,Biography,Roland Joffé,1984,141,12,9.5
273,2027-09-05 14:30:00,My Fair Lady,Drama,George Cukor,1964,170,0,8.0
274,2027-09-05 10:30:00,Saving Private Ryan,Drama,Steven Spielberg,1998,169,16,6.5
275,2027-09-04 17:00:00,The Killing Fields,Biography,Roland Joffé,1984,141,12,8.5
276,2027-09-04 13:30:00,Fitzcarraldo,Adventure,Werner Herzog,1982,158,16,8.5
277,2027-09-04 10:30:00,All That Jazz,Drama,Bob Fosse,1979,123,12,8.0
278,2027-09-03 16:30:00,"Shin seiki Evangelion Gekijô-ban: Air/Magokoro wo, kimi ni",Animation,Hideaki Anno,1997,87,12,6.5
279,2027-09-03 13:30:00,All That Jazz,Drama,Bob Fosse,1979,123,12,6.5
280,2027-09-03 10:30:00,The Illusionist,Drama,Neil Burger,2006,110,0,7.0
281,2027-09-02 10:30:00,Sholay,Action,Ramesh Sippy,1975,204,0,8.5
282,2027-09-01 10:30:00,The Game,Action,David Fincher,1997,129,12,7.5
283,2027-08-31 13:00:00,Kurenai no buta,Animation,Hayao Miyazaki,1992,94,0,7.0
284,2027-08-31 10:30:00,Jeux d'enfants,Comedy,Yann Samuell,2003,93,16,7.0
285,2027-08-30 10:30:00,The Killing Fields,Biography,Roland Joffé,1984,141,12,7.0
286,2027-08-29 20:30:00,Kal Ho Naa Ho,Comedy,Nikkhil Advani,2003,186,0,10.0
287,2027-08-29 17:00:00,Fitzcarraldo,Adventure,Werner Herzog,1982,158,16,8.5
288,2027-08-29 14:30:00,Le notti di Cabiria,Drama,Federico Fellini,1957,110,12,8.0
289,2027-08-29 10:00:00,Sholay,Action,Ramesh Sippy,1975,204,0,8.0
290,2027-08-28 16:00:00,My Fair Lady,Drama,George Cukor,1964,170,0,8.5
291,2027-08-28 13:30:00,The Illusionist,Drama,Neil Burger,2006,110,0,8.5
292,2027-08-28 10:30:00,Le notti di Cabiria,Drama,Federico Fellini,1957,110,12,7.5
293,2027-08-27 10:30:00,The Treasure of the Sierra Madre,Adventure,John Huston,1948,126,12,7.0
294,2027-08-26 17:00:00,Sen to Chihiro no kamikakushi,Animation,Hayao Miyazaki,2001,125,0,7.0
295,2027-08-26 14:00:00,Close Encounters of the Third Kind,Drama,Steven Spielberg,1977,138,0,6.5
296,2027-08-26 10:30:00,Saving Private Ryan,Drama,Steven Spielberg,1998,169,16,7.5
297,2027-08-25 15:30:00,Le notti di Cabiria,Drama,Federico Fellini,1957,110,12,6.5
298,2027-08-25 13:00:00,Jeux d'enfants,Comedy,Yann Samuell,2003,93,16,7.5
299,2027-08-25 10:30:00,The Sixth Sense,Drama,M. Night Shyamalan,1999,107,12,8.0
300,2027-08-24 13:00:00,The Treasure of the Sierra Madre,Adventure,John Huston,1948,126,12,6.5
301,2027-08-24 10:30:00,Zelig,Comedy,Woody Allen,1983,79,6,7.5
302,2027-08-23 13:00:00,Gone with the Wind,Drama,Victor Fleming,1939,238,0,6.5
303,2027-08-23 10:00:00,Lat sau san taam,Action,John Woo,1992,128,16,6.5
304,2027-08-22 16:30:00,Sholay,Action,Ramesh Sippy,1975,204,0,8.0
305,2027-08-22 14:00:00,The Others,Horror,Alejandro Amenábar,2001,101,12,7.5
306,2027-08-22 10:00:00,Kal Ho Naa Ho,Comedy,Nikkhil Advani,2003,186,0,8.5
307,2027-08-21 16:00:00,"Swades: We, the People",Drama,Ashutosh Gowariker,2004,210,0,8.5
308,2027-08-21 13:00:00,All That Jazz,Drama,Bob Fosse,1979,123,12,6.5
309,2027-08-21 10:00:00,All That Jazz,Drama,Bob Fosse,1979,123,12,7.5
310,2027-08-20 10:00:00,Jeux d'enfants,Comedy,Yann Samuell,2003,93,16,6.5
311,2027-08-19 10:00:00,Amadeus,Biography,Milos Forman,1984,160,16,7.0
312,2027-08-18 10:00:00,Sholay,Action,Ramesh Sippy,1975,204,0,7.5
313,2027-08-17 15:30:00,Der Name der Rose,Crime,Jean-Jacques Annaud,1986,130,16,8.5
314,2027-08-17 13:00:00,Toki o kakeru shôjo,Animation,Mamoru Hosoda,2006,98,0,8.5
315,2027-08-17 10:00:00,The Treasure of the Sierra Madre,Adventure,John Huston,1948,126,12,8.5
316,2027-08-16 13:30:00,Jeux d'enfants,Comedy,Yann Samuell,2003,93,16,7.0
317,2027-08-16 10:30:00,Aliens,Action,James Cameron,1986,137,0,6.5
318,2027-08-15 18:00:00,The Killing Fields,Biography,Roland Joffé,1984,141,12,9.0
319,2027-08-15 15:00:00,8½,Drama,Federico Fellini,1963,138,12,8.5
320,2027-08-15 10:30:00,Sholay,Action,Ramesh Sippy,1975,204,0,6.5
321,2027-08-14 16:30:00,Indiana Jones and the Last Crusade,Action,Steven Spielberg,1989,127,0,6.5
322,2027-08-14 13:00:00,Fitzcarraldo,Adventure,Werner Herzog,1982,158,16,8.5
323,2027-08-14 10:00:00,Planet of the Apes,Adventure,Franklin J. Schaffner,1968,112,0,8.0
324,2027-08-13 10:30:00,Fitzcarraldo,Adventure,Werner Herzog,1982,158,16,6.5
325,2027-08-12 10:30:00,Gone with the Wind,Drama,Victor Fleming,1939,238,0,7.5
326,2027-08-11 16:00:00,Sholay,Action,Ramesh Sippy,1975,204,0,6.5
327,2027-08-11 13:00:00,Lat sau san taam,Action,John Woo,1992,128,16,7.5
328,2027-08-11 10:00:00,Casino Royale,Action,Martin Campbell,2006,144,12,8.0
329,2027-08-10 15:30:00,Indiana Jones and the Last Crusade,Action,Steven Spielberg,1989,127,0,7.0
330,2027-08-10 12:30:00,Lat sau san taam,Action,John Woo,1992,128,16,8.5
331,2027-08-10 10:30:00,Once,Drama,John Carney,2007,86,16,7.0
332,2027-08-09 16:30:00,Planet of the Apes,Adventure,Franklin J. Schaffner,1968,112,0,6.5
333,2027-08-09 14:00:00,Once,Drama,John Carney,2007,86,16,7.5
334,2027-08-09 10:00:00,Barry Lyndon,Adventure,Stanley Kubrick,1975,185,6,8.0
335,2027-08-08 19:30:00,The Others,Horror,Alejandro Amenábar,2001,101,12,10.0
336,2027-08-08 16:00:00,Saving Private Ryan,Drama,Steven Spielberg,1998,169,16,8.5
337,2027-08-08 13:00:00,Sen to Chihiro no kamikakushi,Animation,Hayao Miyazaki,2001,125,0,7.5
338,2027-08-08 10:00:00,The Treasure of the Sierra Madre,Adventure,John Huston,1948,126,12,7.5
339,2027-08-07 19:30:00,The Gold Rush,Adventure,Charles Chaplin,1925,95,12,8.5
340,2027-08-07 17:00:00,Do lok tin si,Comedy,Kar-Wai Wong,1995,99,12,8.5
341,2027-08-07 13:30:00,Fitzcarraldo,Adventure,Werner Herzog,1982,158,16,7.5
342,2027-08-07 10:00:00,Kakushi-toride no san-akunin,Adventure,Akira Kurosawa,1958,139,12,6.5
343,2027-08-06 13:00:00,Barry Lyndon,Adventure,Stanley Kubrick,1975,185,6,8.0
344,2027-08-06 10:00:00,Sen to Chihiro no kamikakushi,Animation,Hayao Miyazaki,2001,125,0,7.5
345,2027-08-05 10:30:00,Aliens,Action,James Cameron,1986,137,0,7.0
346,2027-08-04 15:30:00,The Shawshank Redemption,Drama,Frank Darabont,1994,142,12,8.0
347,2027-08-04 13:00:00,The Gold Rush,Adventure,Charles Chaplin,1925,95,12,7.0
348,2027-08-04 10:00:00,Sen to Chihiro no kamikakushi,Animation,Hayao Miyazaki,2001,125,0,7.5
349,2027-08-03 16:30:00,Aliens,Action,James Cameron,1986,137,0,8.0
350,2027-08-03 13:30:00,The Killing Fields,Biography,Roland Joffé,1984,141,12,6.5
351,2027-08-03 10:30:00,Indiana Jones and the Last Crusade,Action,Steven Spielberg,1989,127,0,7.0
352,2027-08-02 10:30:00,The Muppet Movie,Adventure,James Frawley,1979,95,0,8.0
353,2027-08-01 18:00:00,"Swades: We, the People",Drama,Ashutosh Gowariker,2004,210,0,9.0
354,2027-08-01 15:00:00,The Game,Action,David Fincher,1997,129,12,7.0
355,2027-08-01 10:00:00,Gone with the Wind,Drama,Victor Fleming,1939,238,0,7.5
356,2027-07-31 19:30:00,The Game,Action,David Fincher,1997,129,12,9.0
357,2027-07-31 16:30:00,The Game,Action,David Fincher,1997,129,12,8.0
358,2027-07-31 13:00:00,Fitzcarraldo,Adventure,Werner Herzog,1982,158,16,7.0
359,2027-07-31 10:30:00,Finding Neverland,Biography,Marc Forster,2004,106,0,8.5
360,2027-07-30 16:00:00,Aliens,Action,James Cameron,1986,137,0,8.0
361,2027-07-30 13:00:00,Interstate 60: Episodes of the Road,Adventure,Bob Gale,2002,116,16,7.5
362,2027-07-30 10:00:00,Control,Biography,Anton Corbijn,2007,122,16,8.5
363,2027-07-29 10:30:00,The Illusionist,Drama,Neil Burger,2006,110,0,6.5
364,2027-07-28 16:00:00,Star Wars: Episode VI - Return of the Jedi,Action,Richard Marquand,1983,131,0,7.5
365,2027-07-28 13:00:00,Interstate 60: Episodes of the Road,Adventure,Bob Gale,2002,116,16,7.5
366,2027-07-28 10:30:00,Finding Neverland,Biography,Marc Forster,2004,106,0,7.5
367,2027-07-27 10:00:00,Star Wars: Episode VI - Return of the Jedi,Action,Richard Marquand,1983,131,0,8.0
368,2027-07-26 10:30:00,Philadelphia,Drama,Jonathan Demme,1993,125,12,6.5
369,2027-07-25 19:30:00,Le locataire,Drama,Roman Polanski,1976,126,16,8.5
370,2027-07-25 16:30:00,Interstate 60: Episodes of the Road,Adventure,Bob Gale,2002,116,16,8.0
371,2027-07-25 13:30:00,The Game,Action,David Fincher,1997,129,12,8.5
372,2027-07-25 10:30:00,The Shawshank Redemption,Drama,Frank Darabont,1994,142,12,7.5
373,2027-07-24 19:00:00,Kakushi-toride no san-akunin,Adventure,Akira Kurosawa,1958,139,12,10.0
374,2027-07-24 16:00:00,The Bridges of Madison County,Drama,Clint Eastwood,1995,135,12,8.0
375,2027-07-24 13:00:00,Kakushi-toride no san-akunin,Adventure,Akira Kurosawa,1958,139,12,8.5
376,2027-07-24 10:00:00,Le locataire,Drama,Roman Polanski,1976,126,16,8.5
377,2027-07-23 14:30:00,The Birds,Drama,Alfred Hitchcock,1963,119,12,7.0
378,2027-07-23 12:30:00,Zelig,Comedy,Woody Allen,1983,79,6,8.0
379,2027-07-23 10:00:00,Toy Story 2,Animation,John Lasseter,1999,92,0,8.0
380,2027-07-22 10:00:00,Batman Begins,Action,Christopher Nolan,2005,140,12,8.5
381,2027-07-21 16:30:00,The Birds,Drama,Alfred Hitchcock,1963,119,12,7.0
382,2027-07-21 13:30:00,Interstate 60: Episodes of the Road,Adventure,Bob Gale,2002,116,16,7.5
383,2027-07-21 10:30:00,The Game,Action,David Fincher,1997,129,12,8.5
384,2027-07-20 15:30:00,Stand by Me,Adventure,Rob Reiner,1986,89,0,6.5
385,2027-07-20 12:30:00,Close Encounters of the Third Kind,Drama,Steven Spielberg,1977,138,0,7.5
386,2027-07-20 10:00:00,Finding Nemo,Animation,Andrew Stanton,2003,100,0,8.0
387,2027-07-19 13:00:00,Zelig,Comedy,Woody Allen,1983,79,6,7.5
388,2027-07-19 10:00:00,Ed Wood,Biography,Tim Burton,1994,127,0,8.5
389,2027-07-18 17:00:00,Zelig,Comedy,Woody Allen,1983,79,6,7.5
390,2027-07-18 14:00:00,Rio Bravo,Action,Howard Hawks,1959,141,12,8.0
391,2027-07-18 10:00:00,Barry Lyndon,Adventure,Stanley Kubrick,1975,185,6,6.5
392,2027-07-17 19:00:00,Planet of the Apes,Adventure,Franklin J. Schaffner,1968,112,0,10.0
393,2027-07-17 16:00:00,The Shawshank Redemption,Drama,Frank Darabont,1994,142,12,8.5
394,2027-07-17 13:00:00,Casino Royale,Action,Martin Campbell,2006,144,12,7.5
395,2027-07-17 10:00:00,Le locataire,Drama,Roman Polanski,1976,126,16,6.5
396,2027-07-16 10:30:00,Blazing Saddles,Comedy,Mel Brooks,1974,93,12,6.5
397,2027-07-15 12:30:00,Rocky,Drama,John G. Avildsen,1976,120,0,7.5
398,2027-07-15 10:00:00,Do lok tin si,Comedy,Kar-Wai Wong,1995,99,12,8.5
399,2027-07-14 10:30:00,Control,Biography,Anton Corbijn,2007,122,16,8.0
400,2027-07-13 10:00:00,The Great Dictator,Comedy,Charles Chaplin,1940,125,12,8.5
401,2027-07-12 13:00:00,Ladri di biciclette,Drama,Vittorio De Sica,1948,89,12,8.5
402,2027-07-12 10:00:00,Close Encounters of the Third Kind,Drama,Steven Spielberg,1977,138,0,8.0
403,2027-07-11 18:30:00,The Great Dictator,Comedy,Charles Chaplin,1940,125,12,10.0
404,2027-07-11 16:00:00,Det sjunde inseglet,Drama,Ingmar Bergman,1957,96,12,7.5
405,2027-07-11 13:00:00,Rio Bravo,Action,Howard Hawks,1959,141,12,8.5
406,2027-07-11 10:30:00,"Lock, Stock and Two Smoking Barrels",Action,Guy Ritchie,1998,107,12,7.0
407,2027-07-10 19:00:00,The Birds,Drama,Alfred Hitchcock,1963,119,12,9.5
408,2027-07-10 16:00:00,Fantasia,Animation,James Algar,1940,125,0,8.0
409,2027-07-10 13:00:00,Interstate 60: Episodes of the Road,Adventure,Bob Gale,2002,116,16,7.0
410,2027-07-10 10:00:00,Happiness,Comedy,Todd Solondz,1998,134,12,8.0
411,2027-07-09 16:30:00,Who's Afraid of Virginia Woolf?,Drama,Mike Nichols,1966,131,12,8.0
412,2027-07-09 13:30:00,Ikiru,Drama,Akira Kurosawa,1952,143,12,8.5
413,2027-07-09 10:00:00,Once Upon a Time in the West,Western,Sergio Leone,1968,165,0,8.0
414,2027-07-08 13:30:00,Gone with the Wind,Drama,Victor Fleming,1939,238,0,7.0
415,2027-07-08 10:30:00,Casino Royale,Action,Martin Campbell,2006,144,12,7.5
416,2027-07-07 16:00:00,Interstate 60: Episodes of the Road,Adventure,Bob Gale,2002,116,16,6.5
417,2027-07-07 13:00:00,The Birds,Drama,Alfred Hitchcock,1963,119,12,7.0
418,2027-07-07 10:00:00,The Bridges of Madison County,Drama,Clint Eastwood,1995,135,12,8.0
419,2027-07-06 10:00:00,Happiness,Comedy,Todd Solondz,1998,134,12,8.5
420,2027-07-05 13:30:00,American Gangster,Biography,Ridley Scott,2007,157,12,8.0
421,2027-07-05 10:30:00,Fantasia,Animation,James Algar,1940,125,0,7.0
422,2027-07-04 18:00:00,Match Point,Drama,Woody Allen,2005,124,16,10.0
423,2027-07-04 15:00:00,The Illusionist,Drama,Neil Burger,2006,110,0,7.5
424,2027-07-04 10:00:00,Gone with the Wind,Drama,Victor Fleming,1939,238,0,7.0
425,2027-07-03 19:00:00,Toy Story 2,Animation,John Lasseter,1999,92,0,8.5
426,2027-07-03 16:30:00,Stand by Me,Adventure,Rob Reiner,1986,89,0,6.5
427,2027-07-03 13:00:00,Once Upon a Time in the West,Western,Sergio Leone,1968,165,0,8.5
428,2027-07-03 10:00:00,Batman Begins,Action,Christopher Nolan,2005,140,12,8.5
429,2027-07-02 13:30:00,Serenity,Action,Joss Whedon,2005,119,12,8.5
430,2027-07-02 10:30:00,Match Point,Drama,Woody Allen,2005,124,16,6.5
431,2027-07-01 10:00:00,Rocky,Drama,John G. Avildsen,1976,120,0,8.5
432,2027-06-30 13:00:00,The Muppet Movie,Adventure,James Frawley,1979,95,0,6.5
433,2027-06-30 10:30:00,Gongdong gyeongbi guyeok JSA,Action,Chan-wook Park,2000,110,12,8.5
434,2027-06-29 13:00:00,The Illusionist,Drama,Neil Burger,2006,110,0,8.5
435,2027-06-29 10:00:00,The Killing Fields,Biography,Roland Joffé,1984,141,12,8.5
436,2027-06-28 16:00:00,The Muppet Christmas Carol,Comedy,Brian Henson,1992,85,0,8.0
437,2027-06-28 13:00:00,Sleepers,Crime,Barry Levinson,1996,147,12,7.0
438,2027-06-28 10:30:00,Hedwig and the Angry Inch,Comedy,John Cameron Mitchell,2001,95,16,7.5
439,2027-06-27 18:30:00,La montaña sagrada,Adventure,Alejandro Jodorowsky,1973,114,16,10.0
440,2027-06-27 15:00:00,American Gangster,Biography,Ridley Scott,2007,157,12,6.5
441,2027-06-27 12:00:00,The Great Dictator,Comedy,Charles Chaplin,1940,125,12,8.5
442,2027-06-27 10:00:00,Stand by Me,Adventure,Rob Reiner,1986,89,0,6.5
443,2027-06-26 19:30:00,The Great Dictator,Comedy,Charles Chaplin,1940,125,12,8.5
444,2027-06-26 16:30:00,Fantasia,Animation,James Algar,1940,125,0,8.0
445,2027-06-26 13:00:00,Once Upon a Time in the West,Western,Sergio Leone,1968,165,0,8.0
446,2027-06-26 10:00:00,Who's Afraid of Virginia Woolf?,Drama,Mike Nichols,1966,131,12,7.0
447,2027-06-25 10:30:00,Gongdong gyeongbi guyeok JSA,Action,Chan-wook Park,2000,110,12,7.5
448,2027-06-24 10:00:00,The Illusionist,Drama,Neil Burger,2006,110,0,7.5
449,2027-06-23 13:30:00,The Incredibles,Animation,Brad Bird,2004,115,0,7.0
450,2027-06-23 10:30:00,Match Point,Drama,Woody Allen,2005,124,16,7.0
451,2027-06-22 10:30:00,Enemy at the Gates,Drama,Jean-Jacques Annaud,2001,131,12,6.5
452,2027-06-21 13:00:00,Ladri di biciclette,Drama,Vittorio De Sica,1948,89,12,7.5
453,2027-06-21 10:30:00,Blazing Saddles,Comedy,Mel Brooks,1974,93,12,7.0
454,2027-06-20 18:30:00,Twelve Monkeys,Mystery,Terry Gilliam,1995,129,12,10.0
455,2027-06-20 15:30:00,Kakushi-toride no san-akunin,Adventure,Akira Kurosawa,1958,139,12,6.5
456,2027-06-20 13:00:00,Det sjunde inseglet,Drama,Ingmar Bergman,1957,96,12,6.5
457,2027-06-20 10:00:00,Ed Wood,Biography,Tim Burton,1994,127,0,7.5
458,2027-06-19 18:00:00,Lost in Translation,Comedy,Sofia Coppola,2003,102,12,9.5
459,2027-06-19 15:30:00,Hedwig and the Angry Inch,Comedy,John Cameron Mitchell,2001,95,16,7.0
460,2027-06-19 12:30:00,Happiness,Comedy,Todd Solondz,1998,134,12,7.0
461,2027-06-19 10:00:00,Blazing Saddles,Comedy,Mel Brooks,1974,93,12,7.0
462,2027-06-18 16:30:00,Happiness,Comedy,Todd Solondz,1998,134,12,7.5
463,2027-06-18 13:30:00,Rio Bravo,Action,Howard Hawks,1959,141,12,7.5
464,2027-06-18 10:30:00,The Great Dictator,Comedy,Charles Chaplin,1940,125,12,7.5
465,2027-06-17 14:00:00,Gattaca,Drama,Andrew Niccol,1997,106,12,7.5
466,2027-06-17 10:30:00,Munna Bhai M.B.B.S.,Comedy,Rajkumar Hirani,2003,156,0,7.0
467,2027-06-16 10:30:00,Lost in Translation,Comedy,Sofia Coppola,2003,102,12,8.0
468,2027-06-15 16:30:00,Tombstone,Action,George P. Cosmatos,1993,130,16,7.0
469,2027-06-15 12:30:00,The Thin Red Line,Drama,Terrence Malick,1998,170,12,7.0
470,2027-06-15 10:00:00,The Illusionist,Drama,Neil Burger,2006,110,0,7.0
471,2027-06-14 16:00:00,The Muppet Christmas Carol,Comedy,Brian Henson,1992,85,0,7.0
472,2027-06-14 13:00:00,The Incredibles,Animation,Brad Bird,2004,115,0,7.5
473,2027-06-14 10:00:00,Match Point,Drama,Woody Allen,2005,124,16,6.5
474,2027-06-13 16:30:00,Munna Bhai M.B.B.S.,Comedy,Rajkumar Hirani,2003,156,0,7.5
475,2027-06-13 14:00:00,The Muppet Christmas Carol,Comedy,Brian Henson,1992,85,0,8.5
476,2027-06-13 10:00:00,The Thin Red Line,Drama,Terrence Malick,1998,170,12,8.5
477,2027-06-12 18:00:00,The Illusionist,Drama,Neil Burger,2006,110,0,9.5
478,2027-06-12 15:30:00,"Lock, Stock and Two Smoking Barrels",Action,Guy Ritchie,1998,107,12,8.5
479,2027-06-12 13:00:00,Gattaca,Drama,Andrew Niccol,1997,106,12,8.0
480,2027-06-12 10:00:00,Rocky,Drama,John G. Avildsen,1976,120,0,8.5
481,2027-06-11 10:30:00,Enemy at the Gates,Drama,Jean-Jacques Annaud,2001,131,12,8.5
482,2027-06-10 10:30:00,Match Point,Drama,Woody Allen,2005,124,16,7.0
483,2027-06-09 16:00:00,The Killing Fields,Biography,Roland Joffé,1984,141,12,7.5
484,2027-06-09 13:00:00,Enemy at the Gates,Drama,Jean-Jacques Annaud,2001,131,12,7.5
485,2027-06-09 10:30:00,Gattaca,Drama,Andrew Niccol,1997,106,12,7.5
486,2027-06-08 15:30:00,La montaña sagrada,Adventure,Alejandro Jodorowsky,1973,114,16,8.0
487,2027-06-08 13:00:00,Lost in Translation,Comedy,Sofia Coppola,2003,102,12,7.0
488,2027-06-08 10:00:00,Happiness,Comedy,Todd Solondz,1998,134,12,7.5
489,2027-06-07 16:00:00,La montaña sagrada,Adventure,Alejandro Jodorowsky,1973,114,16,7.5
490,2027-06-07 13:00:00,The Bridges of Madison County,Drama,Clint Eastwood,1995,135,12,6.5
491,2027-06-07 10:00:00,Happiness,Comedy,Todd Solondz,1998,134,12,8.0
492,2027-06-06 15:30:00,La haine,Crime,Mathieu Kassovitz,1995,98,12,8.0
493,2027-06-06 12:30:00,Who's Afraid of Virginia Woolf?,Drama,Mike Nichols,1966,131,12,7.0
494,2027-06-06 10:00:00,Hedwig and the Angry Inch,Comedy,John Cameron Mitchell,2001,95,16,8.0
495,2027-06-05 15:00:00,King Kong,Adventure,Merian C. Cooper,1933,100,12,7.0
496,2027-06-05 12:30:00,Dazed and Confused,Comedy,Richard Linklater,1993,102,0,6.5
497,2027-06-05 10:30:00,Stand by Me,Adventure,Rob Reiner,1986,89,0,7.0
498,2027-06-04 16:00:00,The Thin Red Line,Drama,Terrence Malick,1998,170,12,7.5
499,2027-06-04 13:00:00,Escape from Alcatraz,Action,Don Siegel,1979,112,12,7.5
500,2027-06-04 10:00:00,The Elephant Man,Biography,David Lynch,1980,124,12,8.5
501,2027-06-03 13:00:00,Happiness,Comedy,Todd Solondz,1998,134,12,6.5
502,2027-06-03 10:30:00,Det sjunde inseglet,Drama,Ingmar Bergman,1957,96,12,8.5
503,2027-06-02 16:30:00,Ikiru,Drama,Akira Kurosawa,1952,143,12,6.5
504,2027-06-02 14:00:00,Dazed and Confused,Comedy,Richard Linklater,1993,102,0,6.5
505,2027-06-02 10:30:00,The Thin Red Line,Drama,Terrence Malick,1998,170,12,7.5
506,2027-06-01 16:00:00,Ikiru,Drama,Akira Kurosawa,1952,143,12,8.5
507,2027-06-01 13:30:00,The Muppet Christmas Carol,Comedy,Brian Henson,1992,85,0,7.0
508,2027-06-01 10:00:00,Sleepers,Crime,Barry Levinson,1996,147,12,6.5
509,2027-05-31 13:00:00,Twelve Monkeys,Mystery,Terry Gilliam,1995,129,12,6.5
510,2027-05-31 10:00:00,Tropa de Elite,Action,José Padilha,2007,115,16,7.5
511,2027-05-30 16:00:00,Tropa de Elite,Action,José Padilha,2007,115,16,8.0
512,2027-05-30 13:30:00,First Blood,Action,Ted Kotcheff,1982,93,12,8.0
513,2027-05-30 10:30:00,Happiness,Comedy,Todd Solondz,1998,134,12,7.0
514,2027-05-29 18:30:00,North by Northwest,Adventure,Alfred Hitchcock,1959,136,0,8.5
515,2027-05-29 16:00:00,Lost in Translation,Comedy,Sofia Coppola,2003,102,12,8.5
516,2027-05-29 12:30:00,Munna Bhai M.B.B.S.,Comedy,Rajkumar Hirani,2003,156,0,8.5
517,2027-05-29 10:00:00,Gongdong gyeongbi guyeok JSA,Action,Chan-wook Park,2000,110,12,8.5
518,2027-05-28 13:00:00,Dazed and Confused,Comedy,Richard Linklater,1993,102,0,8.5
519,2027-05-28 10:30:00,Hedwig and the Angry Inch,Comedy,John Cameron Mitchell,2001,95,16,7.0
520,2027-05-27 12:30:00,Badlands,Action,Terrence Malick,1973,94,6,6.5
521,2027-05-27 10:00:00,Badlands,Action,Terrence Malick,1973,94,6,8.5
522,2027-05-26 13:00:00,Mystic River,Crime,Clint Eastwood,2003,138,12,7.0
523,2027-05-26 10:30:00,Le scaphandre et le papillon,Biography,Julian Schnabel,2007,112,12,7.0
524,2027-05-25 10:00:00,Kakushi-toride no san-akunin,Adventure,Akira Kurosawa,1958,139,12,7.0
525,2027-05-24 10:30:00,Who's Afraid of Virginia Woolf?,Drama,Mike Nichols,1966,131,12,7.0
526,2027-05-23 17:30:00,Heat,Crime,Michael Mann,1995,170,12,7.0
527,2027-05-23 14:00:00,The Last Samurai,Action,Edward Zwick,2003,154,12,8.0
528,2027-05-23 10:30:00,Cast Away,Adventure,Robert Zemeckis,2000,143,12,6.5
529,2027-05-22 16:30:00,First Blood,Action,Ted Kotcheff,1982,93,12,7.0
530,2027-05-22 13:00:00,Mystic River,Crime,Clint Eastwood,2003,138,12,6.5
531,2027-05-22 10:30:00,Snatch,Comedy,Guy Ritchie,2000,104,12,7.0
532,2027-05-21 12:30:00,Dazed and Confused,Comedy,Richard Linklater,1993,102,0,6.5
533,2027-05-21 10:00:00,Sunset Blvd.,Drama,Billy Wilder,1950,110,12,8.0
534,2027-05-20 15:30:00,Tombstone,Action,George P. Cosmatos,1993,130,16,6.5
535,2027-05-20 13:00:00,Tropa de Elite,Action,José Padilha,2007,115,16,7.0
536,2027-05-20 10:30:00,Dazed and Confused,Comedy,Richard Linklater,1993,102,0,7.0
537,2027-05-19 10:00:00,Braveheart,Biography,Mel Gibson,1995,178,12,6.5
538,2027-05-18 15:00:00,Gattaca,Drama,Andrew Niccol,1997,106,12,8.5
539,2027-05-18 12:30:00,Snatch,Comedy,Guy Ritchie,2000,104,12,8.5
540,2027-05-18 10:00:00,Badlands,Action,Terrence Malick,1973,94,6,7.0
541,2027-05-17 14:00:00,Brief Encounter,Drama,David Lean,1945,86,0,7.5
542,2027-05-17 10:00:00,The Lord of the Rings: The Two Towers,Action,Peter Jackson,2002,179,12,8.0
543,2027-05-16 18:30:00,First Blood,Action,Ted Kotcheff,1982,93,12,8.5
544,2027-05-16 16:00:00,King Kong,Adventure,Merian C. Cooper,1933,100,12,7.5
545,2027-05-16 13:00:00,All the President's Men,Biography,Alan J. Pakula,1976,138,0,6.5
546,2027-05-16 10:30:00,King Kong,Adventure,Merian C. Cooper,1933,100,12,8.5
547,2027-05-15 19:30:00,Tropa de Elite,Action,José Padilha,2007,115,16,9.5
548,2027-05-15 16:00:00,Heat,Crime,Michael Mann,1995,170,12,8.5
549,2027-05-15 13:30:00,La haine,Crime,Mathieu Kassovitz,1995,98,12,8.0
550,2027-05-15 10:00:00,Cast Away,Adventure,Robert Zemeckis,2000,143,12,7.0
551,2027-05-14 10:00:00,Twelve Monkeys,Mystery,Terry Gilliam,1995,129,12,7.5
552,2027-05-13 10:30:00,Mystic River,Crime,Clint Eastwood,2003,138,12,6.5
553,2027-05-12 10:00:00,All the President's Men,Biography,Alan J. Pakula,1976,138,0,8.5
554,2027-05-11 12:30:00,Rain Man,Drama,Barry Levinson,1988,133,0,8.0
555,2027-05-11 10:00:00,Fa yeung nin wah,Drama,Kar-Wai Wong,2000,98,0,7.0
556,2027-05-10 12:30:00,Dom za vesanje,Comedy,Emir Kusturica,1988,142,16,6.5
557,2027-05-10 10:00:00,First Blood,Action,Ted Kotcheff,1982,93,12,8.0
558,2027-05-09 20:00:00,Brief Encounter,Drama,David Lean,1945,86,0,9.5
559,2027-05-09 17:30:00,Dark City,Mystery,Alex Proyas,1998,100,12,8.0
560,2027-05-09 14:30:00,Dom za vesanje,Comedy,Emir Kusturica,1988,142,16,7.5
561,2027-05-09 10:30:00,Gandhi,Biography,Richard Attenborough,1982,191,0,7.5
562,2027-05-08 16:30:00,First Blood,Action,Ted Kotcheff,1982,93,12,7.5
563,2027-05-08 13:30:00,Vertigo,Mystery,Alfred Hitchcock,1958,128,12,8.5
564,2027-05-08 10:30:00,A Streetcar Named Desire,Drama,Elia Kazan,1951,122,12,8.0
565,2027-05-07 12:30:00,King Kong,Adventure,Merian C. Cooper,1933,100,12,8.0
566,2027-05-07 10:00:00,Escape from Alcatraz,Action,Don Siegel,1979,112,12,6.5
567,2027-05-06 16:00:00,Kakushi-toride no san-akunin,Adventure,Akira Kurosawa,1958,139,12,8.5
568,2027-05-06 13:00:00,Cabaret,Drama,Bob Fosse,1972,124,12,8.0
569,2027-05-06 10:00:00,The Great Dictator,Comedy,Charles Chaplin,1940,125,12,8.5
570,2027-05-05 10:00:00,Kakushi-toride no san-akunin,Adventure,Akira Kurosawa,1958,139,12,8.5
571,2027-05-04 10:30:00,Gandhi,Biography,Richard Attenborough,1982,191,0,6.5
572,2027-05-03 10:00:00,Jûbê ninpûchô,Animation,Yoshiaki Kawajiri,1993,94,12,6.5
573,2027-05-02 21:00:00,Badlands,Action,Terrence Malick,1973,94,6,8.5
574,2027-05-02 17:00:00,Gandhi,Biography,Richard Attenborough,1982,191,0,6.5
575,2027-05-02 13:00:00,Heat,Crime,Michael Mann,1995,170,12,7.0
576,2027-05-02 10:00:00,Seppuku,Action,Masaki Kobayashi,1962,133,12,7.5
577,2027-05-01 16:00:00,Snatch,Comedy,Guy Ritchie,2000,104,12,7.5
578,2027-05-01 13:30:00,La haine,Crime,Mathieu Kassovitz,1995,98,12,6.5
579,2027-05-01 10:00:00,Heat,Crime,Michael Mann,1995,170,12,7.0
580,2027-04-30 14:00:00,The Red Shoes,Drama,Michael Powell,1948,135,12,8.5
581,2027-04-30 10:00:00,The Right Stuff,Adventure,Philip Kaufman,1983,193,6,7.5
582,2027-04-29 14:30:00,Cast Away,Adventure,Robert Zemeckis,2000,143,12,8.0
583,2027-04-29 10:30:00,The Lord of the Rings: The Two Towers,Action,Peter Jackson,2002,179,12,7.0
584,2027-04-28 15:30:00,Duck Soup,Comedy,Leo McCarey,1933,69,12,8.5
585,2027-04-28 12:30:00,Cabaret,Drama,Bob Fosse,1972,124,12,7.5
586,2027-04-28 10:00:00,The Night of the Hunter,Crime,Charles Laughton,1955,92,12,8.0
587,2027-04-27 15:30:00,Dom za vesanje,Comedy,Emir Kusturica,1988,142,16,7.5
588,2027-04-27 13:00:00,Jûbê ninpûchô,Animation,Yoshiaki Kawajiri,1993,94,12,7.5
589,2027-04-27 10:30:00,Cowboy Bebop: Tengoku no tobira,Animation,Shin'ichirô Watanabe,2001,115,0,6.5
590,2027-04-26 15:00:00,Dà hóng denglong gaogao guà,Drama,Yimou Zhang,1991,125,6,8.0
591,2027-04-26 12:00:00,Escape from Alcatraz,Action,Don Siegel,1979,112,12,8.5
592,2027-04-26 10:00:00,Brief Encounter,Drama,David Lean,1945,86,0,7.5
593,2027-04-25 17:00:00,In a Lonely Place,Drama,Nicholas Ray,1950,94,12,7.5
594,2027-04-25 13:00:00,The Right Stuff,Adventure,Philip Kaufman,1983,193,6,8.5
595,2027-04-25 10:00:00,Kakushi-toride no san-akunin,Adventure,Akira Kurosawa,1958,139,12,8.0
596,2027-04-24 17:00:00,Million Dollar Baby,Drama,Clint Eastwood,2004,132,12,8.0
597,2027-04-24 14:00:00,Cowboy Bebop: Tengoku no tobira,Animation,Shin'ichirô Watanabe,2001,115,0,8.5
598,2027-04-24 10:00:00,La dolce vita,Comedy,Federico Fellini,1960,174,12,8.0
599,2027-04-23 15:30:00,The Lord of the Rings: The Two Towers,Action,Peter Jackson,2002,179,12,7.0
600,2027-04-23 13:00:00,Jûbê ninpûchô,Animation,Yoshiaki Kawajiri,1993,94,12,8.5
601,2027-04-23 10:30:00,In a Lonely Place,Drama,Nicholas Ray,1950,94,12,8.0
602,2027-04-22 10:30:00,Fa yeung nin wah,Drama,Kar-Wai Wong,2000,98,0,6.5
603,2027-04-21 10:30:00,Mystic River,Crime,Clint Eastwood,2003,138,12,8.0
604,2027-04-20 10:00:00,The Great Dictator,Comedy,Charles Chaplin,1940,125,12,7.5
605,2027-04-19 10:30:00,The Color Purple,Drama,Steven Spielberg,1985,154,0,6.5
606,2027-04-18 18:00:00,October Sky,Biography,Joe Johnston,1999,108,6,10.0
607,2027-04-18 15:30:00,In a Lonely Place,Drama,Nicholas Ray,1950,94,12,8.0
608,2027-04-18 13:00:00,Fa yeung nin wah,Drama,Kar-Wai Wong,2000,98,0,8.5
609,2027-04-18 10:30:00,Willy Wonka & the Chocolate Factory,Family,Mel Stuart,1971,100,0,8.5
610,2027-04-17 19:00:00,The Night of the Hunter,Crime,Charles Laughton,1955,92,12,10.0
611,2027-04-17 16:30:00,La haine,Crime,Mathieu Kassovitz,1995,98,12,8.0
612,2027-04-17 13:30:00,The Man Who Shot Liberty Valance,Drama,John Ford,1962,123,12,7.5
613,2027-04-17 10:30:00,Close Encounters of the Third Kind,Drama,Steven Spielberg,1977,138,0,8.5
614,2027-04-16 15:00:00,The Lord of the Rings: The Two Towers,Action,Peter Jackson,2002,179,12,8.0
615,2027-04-16 13:00:00,Brief Encounter,Drama,David Lean,1945,86,0,7.0
616,2027-04-16 10:00:00,Seppuku,Action,Masaki Kobayashi,1962,133,12,6.5
617,2027-04-15 15:30:00,The Last Samurai,Action,Edward Zwick,2003,154,12,8.5
618,2027-04-15 13:00:00,The Night of the Hunter,Crime,Charles Laughton,1955,92,12,7.0
619,2027-04-15 10:00:00,Mystic River,Crime,Clint Eastwood,2003,138,12,8.5
620,2027-04-14 13:00:00,October Sky,Biography,Joe Johnston,1999,108,6,6.5
621,2027-04-14 10:00:00,Cabaret,Drama,Bob Fosse,1972,124,12,7.5
622,2027-04-13 13:00:00,Lagaan: Once Upon a Time in India,Adventure,Ashutosh Gowariker,2001,224,0,8.5
623,2027-04-13 10:30:00,The Night of the Hunter,Crime,Charles Laughton,1955,92,12,7.5
624,2027-04-12 14:00:00,Willy Wonka & the Chocolate Factory,Family,Mel Stuart,1971,100,0,8.5
625,2027-04-12 10:30:00,The Last Samurai,Action,Edward Zwick,2003,154,12,6.5
626,2027-04-11 19:30:00,The Night of the Hunter,Crime,Charles Laughton,1955,92,12,8.5
627,2027-04-11 16:00:00,Kill Bill: Vol. 2,Action,Quentin Tarantino,2004,137,12,6.5
628,2027-04-11 13:00:00,Seppuku,Action,Masaki Kobayashi,1962,133,12,7.5
629,2027-04-11 10:00:00,La battaglia di Algeri,Drama,Gillo Pontecorvo,1966,121,12,8.5
630,2027-04-10 17:30:00,Persepolis,Animation,Vincent Paronnaud,2007,96,12,8.5
631,2027-04-10 14:30:00,Star Wars,Action,George Lucas,1977,121,12,8.0
632,2027-04-10 10:00:00,Lagaan: Once Upon a Time in India,Adventure,Ashutosh Gowariker,2001,224,0,8.5
633,2027-04-09 13:30:00,No Country for Old Men,Crime,Ethan Coen,2007,122,16,6.5
634,2027-04-09 10:30:00,Escape from Alcatraz,Action,Don Siegel,1979,112,12,8.5
635,2027-04-08 13:30:00,The Lord of the Rings: The Fellowship of the Ring,Action,Peter Jackson,2001,178,0,8.5
636,2027-04-08 10:00:00,The Lord of the Rings: The Fellowship of the Ring,Action,Peter Jackson,2001,178,0,8.5
637,2027-04-07 13:00:00,Dark City,Mystery,Alex Proyas,1998,100,12,7.0
638,2027-04-07 10:00:00,The Man Who Shot Liberty Valance,Drama,John Ford,1962,123,12,8.0
639,2027-04-06 10:00:00,October Sky,Biography,Joe Johnston,1999,108,6,6.5
640,2027-04-05 10:00:00,October Sky,Biography,Joe Johnston,1999,108,6,7.0
641,2027-04-04 19:00:00,Escape from Alcatraz,Action,Don Siegel,1979,112,12,10.0
642,2027-04-04 16:00:00,The Great Dictator,Comedy,Charles Chaplin,1940,125,12,8.5
643,2027-04-04 13:00:00,Star Wars,Action,George Lucas,1977,121,12,6.5
644,2027-04-04 10:00:00,Kill Bill: Vol. 2,Action,Quentin Tarantino,2004,137,12,7.5
645,2027-04-03 15:00:00,The Man Who Shot Liberty Valance,Drama,John Ford,1962,123,12,8.5
646,2027-04-03 12:30:00,Persepolis,Animation,Vincent Paronnaud,2007,96,12,8.0
647,2027-04-03 10:00:00,October Sky,Biography,Joe Johnston,1999,108,6,7.5
648,2027-04-02 16:00:00,Lagaan: Once Upon a Time in India,Adventure,Ashutosh Gowariker,2001,224,0,7.0
649,2027-04-02 13:00:00,Star Wars,Action,George Lucas,1977,121,12,7.5
650,2027-04-02 10:30:00,Cowboy Bebop: Tengoku no tobira,Animation,Shin'ichirô Watanabe,2001,115,0,7.5
651,2027-04-01 10:30:00,Star Wars,Action,George Lucas,1977,121,12,8.0
652,2027-03-31 13:00:00,Kaze no tani no Naushika,Animation,Hayao Miyazaki,1984,117,0,7.0
653,2027-03-31 10:00:00,Close Encounters of the Third Kind,Drama,Steven Spielberg,1977,138,0,6.5
654,2027-03-30 10:30:00,Willy Wonka & the Chocolate Factory,Family,Mel Stuart,1971,100,0,6.5
655,2027-03-29 16:30:00,Million Dollar Baby,Drama,Clint Eastwood,2004,132,12,6.5
656,2027-03-29 13:30:00,October Sky,Biography,Joe Johnston,1999,108,6,8.0
657,2027-03-29 10:30:00,The Goonies,Adventure,Richard Donner,1985,114,0,7.0
658,2027-03-28 16:30:00,Persepolis,Animation,Vincent Paronnaud,2007,96,12,7.5
659,2027-03-28 13:30:00,The Red Shoes,Drama,Michael Powell,1948,135,12,6.5
660,2027-03-28 10:00:00,Close Encounters of the Third Kind,Drama,Steven Spielberg,1977,138,0,8.5
661,2027-03-27 18:30:00,My Cousin Vinny,Comedy,Jonathan Lynn,1992,120,12,9.5
662,2027-03-27 15:30:00,The Red Shoes,Drama,Michael Powell,1948,135,12,6.5
663,2027-03-27 12:30:00,Raging Bull,Biography,Martin Scorsese,1980,129,12,6.5
664,2027-03-27 10:30:00,Duck Soup,Comedy,Leo McCarey,1933,69,12,7.5
665,2027-03-26 13:00:00,La dolce vita,Comedy,Federico Fellini,1960,174,12,8.5
666,2027-03-26 10:00:00,The Great Dictator,Comedy,Charles Chaplin,1940,125,12,8.0
667,2027-03-25 12:30:00,Kaze no tani no Naushika,Animation,Hayao Miyazaki,1984,117,0,7.5
668,2027-03-25 10:00:00,The Goonies,Adventure,Richard Donner,1985,114,0,8.5
669,2027-03-24 10:00:00,All the President's Men,Biography,Alan J. Pakula,1976,138,0,8.0
670,2027-03-23 13:30:00,Duck Soup,Comedy,Leo McCarey,1933,69,12,8.5
671,2027-03-23 10:30:00,The Silence of the Lambs,Crime,Jonathan Demme,1991,118,12,8.5
672,2027-03-22 18:00:00,The Red Shoes,Drama,Michael Powell,1948,135,12,9.0
673,2027-03-22 13:30:00,Lagaan: Once Upon a Time in India,Adventure,Ashutosh Gowariker,2001,224,0,7.0
674,2027-03-22 10:30:00,The Silence of the Lambs,Crime,Jonathan Demme,1991,118,12,8.5
675,2027-03-21 16:30:00,Kill Bill: Vol. 2,Action,Quentin Tarantino,2004,137,12,7.0
676,2027-03-21 13:30:00,Citizen Kane,Drama,Orson Welles,1941,119,12,6.5
677,2027-03-21 10:30:00,Gegen die Wand,Drama,Fatih Akin,2004,121,16,8.5
678,2027-03-20 17:30:00,Raging Bull,Biography,Martin Scorsese,1980,129,12,7.5
679,2027-03-20 13:30:00,The Right Stuff,Adventure,Philip Kaufman,1983,193,6,7.0
680,2027-03-20 10:30:00,Stalag 17,Comedy,Billy Wilder,1953,120,12,8.5
681,2027-03-19 16:00:00,The Lord of the Rings: The Fellowship of the Ring,Action,Peter Jackson,2001,178,0,8.0
682,2027-03-19 13:30:00,Toki o kakeru shôjo,Animation,Mamoru Hosoda,2006,98,0,7.5
683,2027-03-19 10:30:00,Star Wars: Episode VI - Return of the Jedi,Action,Richard Marquand,1983,131,0,6.5
684,2027-03-18 15:30:00,All the President's Men,Biography,Alan J. Pakula,1976,138,0,6.5
685,2027-03-18 12:30:00,Kill Bill: Vol. 2,Action,Quentin Tarantino,2004,137,12,7.0
686,2027-03-18 10:30:00,Duck Soup,Comedy,Leo McCarey,1933,69,12,7.0
687,2027-03-17 13:00:00,The Lord of the Rings: The Fellowship of the Ring,Action,Peter Jackson,2001,178,0,7.0
688,2027-03-17 10:30:00,In the Heat of the Night,Crime,Norman Jewison,1967,110,0,8.5
689,2027-03-16 15:30:00,Duck Soup,Comedy,Leo McCarey,1933,69,12,7.5
690,2027-03-16 12:30:00,All the President's Men,Biography,Alan J. Pakula,1976,138,0,8.0
691,2027-03-16 10:00:00,Persepolis,Animation,Vincent Paronnaud,2007,96,12,7.5
692,2027-03-15 14:00:00,La planète sauvage,Animation,René Laloux,1973,72,0,8.5
693,2027-03-15 10:30:00,The Lord of the Rings: The Fellowship of the Ring,Action,Peter Jackson,2001,178,0,8.5
694,2027-03-14 17:00:00,All the President's Men,Biography,Alan J. Pakula,1976,138,0,7.5
695,2027-03-14 13:00:00,La dolce vita,Comedy,Federico Fellini,1960,174,12,6.5
696,2027-03-14 10:00:00,Close Encounters of the Third Kind,Drama,Steven Spielberg,1977,138,0,8.0
697,2027-03-13 15:30:00,All the President's Men,Biography,Alan J. Pakula,1976,138,0,8.5
698,2027-03-13 12:30:00,Stalag 17,Comedy,Billy Wilder,1953,120,12,6.5
699,2027-03-13 10:30:00,Le dîner de cons,Comedy,Francis Veber,1998,80,12,8.0
700,2027-03-12 10:30:00,Toki o kakeru shôjo,Animation,Mamoru Hosoda,2006,98,0,8.5
701,2027-03-11 16:00:00,Taegukgi hwinalrimyeo,Action,Je-kyu Kang,2004,140,16,8.0
702,2027-03-11 13:30:00,Toki o kakeru shôjo,Animation,Mamoru Hosoda,2006,98,0,7.0
703,2027-03-11 10:00:00,Taegukgi hwinalrimyeo,Action,Je-kyu Kang,2004,140,16,6.5
704,2027-03-10 15:30:00,The Muppet Christmas Carol,Comedy,Brian Henson,1992,85,0,8.5
705,2027-03-10 13:00:00,Dial M for Murder,Crime,Alfred Hitchcock,1954,105,12,6.5
706,2027-03-10 10:30:00,Willy Wonka & the Chocolate Factory,Family,Mel Stuart,1971,100,0,7.0
707,2027-03-09 10:30:00,Escape from Alcatraz,Action,Don Siegel,1979,112,12,7.0
708,2027-03-08 15:00:00,Kaze no tani no Naushika,Animation,Hayao Miyazaki,1984,117,0,7.0
709,2027-03-08 13:00:00,La planète sauvage,Animation,René Laloux,1973,72,0,7.0
710,2027-03-08 10:30:00,Willy Wonka & the Chocolate Factory,Family,Mel Stuart,1971,100,0,8.5
711,2027-03-07 19:00:00,Dial M for Murder,Crime,Alfred Hitchcock,1954,105,12,8.5
712,2027-03-07 16:30:00,Life of Brian,Comedy,Terry Jones,1979,94,16,7.0
713,2027-03-07 13:30:00,The Goonies,Adventure,Richard Donner,1985,114,0,6.5
714,2027-03-07 10:30:00,La battaglia di Algeri,Drama,Gillo Pontecorvo,1966,121,12,7.0
715,2027-03-06 15:30:00,Hedwig and the Angry Inch,Comedy,John Cameron Mitchell,2001,95,16,7.5
716,2027-03-06 13:30:00,La planète sauvage,Animation,René Laloux,1973,72,0,7.5
717,2027-03-06 10:30:00,Stalag 17,Comedy,Billy Wilder,1953,120,12,8.5
718,2027-03-05 10:00:00,Misery,Drama,Rob Reiner,1990,107,16,8.5
719,2027-03-04 10:00:00,After Hours,Comedy,Martin Scorsese,1985,97,12,8.5
720,2027-03-03 15:00:00,Kill Bill: Vol. 2,Action,Quentin Tarantino,2004,137,12,8.0
721,2027-03-03 13:00:00,The Muppet Christmas Carol,Comedy,Brian Henson,1992,85,0,8.5
722,2027-03-03 10:00:00,The Terminator,Action,James Cameron,1984,107,12,7.5
723,2027-03-02 15:00:00,Glory,Biography,Edward Zwick,1989,122,16,7.5
724,2027-03-02 12:30:00,The Goonies,Adventure,Richard Donner,1985,114,0,7.0
725,2027-03-02 10:00:00,Hedwig and the Angry Inch,Comedy,John Cameron Mitchell,2001,95,16,6.5
726,2027-03-01 10:00:00,Willy Wonka & the Chocolate Factory,Family,Mel Stuart,1971,100,0,6.5
727,2027-02-28 19:00:00,The Lion King,Animation,Roger Allers,1994,88,0,10.0
728,2027-02-28 16:00:00,Inside Man,Crime,Spike Lee,2006,129,16,6.5
729,2027-02-28 13:00:00,Gegen die Wand,Drama,Fatih Akin,2004,121,16,7.5
730,2027-02-28 10:00:00,The Notebook,Drama,Nick Cassavetes,2004,123,12,8.0
731,2027-02-27 15:30:00,The Right Stuff,Adventure,Philip Kaufman,1983,193,6,7.0
732,2027-02-27 12:30:00,Brazil,Drama,Terry Gilliam,1985,132,0,8.0
733,2027-02-27 10:30:00,Le dîner de cons,Comedy,Francis Veber,1998,80,12,7.5
734,2027-02-26 12:30:00,In the Heat of the Night,Crime,Norman Jewison,1967,110,0,7.0
735,2027-02-26 10:00:00,The Gold Rush,Adventure,Charles Chaplin,1925,95,12,7.5
736,2027-02-25 10:00:00,Stardust,Adventure,Matthew Vaughn,2007,127,0,7.5
737,2027-02-24 10:00:00,The Jungle Book,Animation,Wolfgang Reitherman,1967,78,0,7.0
738,2027-02-23 16:00:00,The Outlaw Josey Wales,Western,Clint Eastwood,1976,135,12,8.0
739,2027-02-23 13:00:00,The Notebook,Drama,Nick Cassavetes,2004,123,12,6.5
740,2027-02-23 10:00:00,Glory,Biography,Edward Zwick,1989,122,16,7.0
741,2027-02-22 10:00:00,The Terminator,Action,James Cameron,1984,107,12,7.0
742,2027-02-21 18:30:00,Le dîner de cons,Comedy,Francis Veber,1998,80,12,10.0
743,2027-02-21 16:30:00,Le dîner de cons,Comedy,Francis Veber,1998,80,12,8.0
744,2027-02-21 13:30:00,Inside Man,Crime,Spike Lee,2006,129,16,7.5
745,2027-02-21 10:30:00,Gegen die Wand,Drama,Fatih Akin,2004,121,16,8.0
746,2027-02-20 19:30:00,La planète sauvage,Animation,René Laloux,1973,72,0,9.0
747,2027-02-20 17:00:00,Au revoir les enfants,Drama,Louis Malle,1987,104,0,8.0
748,2027-02-20 13:00:00,The Right Stuff,Adventure,Philip Kaufman,1983,193,6,6.5
749,2027-02-20 10:30:00,The Terminator,Action,James Cameron,1984,107,12,8.0
750,2027-02-19 12:30:00,The Right Stuff,Adventure,Philip Kaufman,1983,193,6,7.5
751,2027-02-19 10:00:00,The Terminator,Action,James Cameron,1984,107,12,8.0
752,2027-02-18 12:00:00,The Terminator,Action,James Cameron,1984,107,12,6.5
753,2027-02-18 10:00:00,Le dîner de cons,Comedy,Francis Veber,1998,80,12,8.5
754,2027-02-17 15:30:00,Glory,Biography,Edward Zwick,1989,122,16,6.5
755,2027-02-17 13:00:00,In the Heat of the Night,Crime,Norman Jewison,1967,110,0,8.0
756,2027-02-17 10:00:00,Stardust,Adventure,Matthew Vaughn,2007,127,0,6.5
757,2027-02-16 15:30:00,The Notebook,Drama,Nick Cassavetes,2004,123,12,6.5
758,2027-02-16 13:00:00,The Lion King,Animation,Roger Allers,1994,88,0,7.0
759,2027-02-16 10:00:00,Brazil,Drama,Terry Gilliam,1985,132,0,7.0
760,2027-02-15 15:30:00,Taegukgi hwinalrimyeo,Action,Je-kyu Kang,2004,140,16,7.0
761,2027-02-15 12:30:00,The Outlaw Josey Wales,Western,Clint Eastwood,1976,135,12,7.0
762,2027-02-15 10:00:00,Le dîner de cons,Comedy,Francis Veber,1998,80,12,8.0
763,2027-02-14 18:00:00,The Lion King,Animation,Roger Allers,1994,88,0,10.0
764,2027-02-14 15:00:00,My Cousin Vinny,Comedy,Jonathan Lynn,1992,120,12,8.0
765,2027-02-14 12:30:00,The Muppet Christmas Carol,Comedy,Brian Henson,1992,85,0,7.0
766,2027-02-14 10:00:00,The Gold Rush,Adventure,Charles Chaplin,1925,95,12,8.0
767,2027-02-13 17:30:00,The Lion King,Animation,Roger Allers,1994,88,0,8.0
768,2027-02-13 14:30:00,Taegukgi hwinalrimyeo,Action,Je-kyu Kang,2004,140,16,8.5
769,2027-02-13 12:00:00,My Cousin Vinny,Comedy,Jonathan Lynn,1992,120,12,6.5
770,2027-02-13 10:00:00,Le dîner de cons,Comedy,Francis Veber,1998,80,12,6.5
771,2027-02-12 17:00:00,The Notebook,Drama,Nick Cassavetes,2004,123,12,7.0
772,2027-02-12 14:00:00,The Fifth Element,Action,Luc Besson,1997,126,12,8.5
773,2027-02-12 10:00:00,The Right Stuff,Adventure,Philip Kaufman,1983,193,6,7.5
774,2027-02-11 13:00:00,Brazil,Drama,Terry Gilliam,1985,132,0,8.0
775,2027-02-11 10:30:00,The Odd Couple,Comedy,Gene Saks,1968,105,0,7.0
776,2027-02-10 12:30:00,Lawrence of Arabia,Adventure,David Lean,1962,228,0,6.5
777,2027-02-10 10:00:00,Hedwig and the Angry Inch,Comedy,John Cameron Mitchell,2001,95,16,8.5
778,2027-02-09 13:00:00,Nueve reinas,Crime,Fabián Bielinsky,2000,114,16,7.0
779,2027-02-09 10:00:00,One Flew Over the Cuckoo's Nest,Drama,Milos Forman,1975,133,12,8.0
780,2027-02-08 14:00:00,In the Heat of the Night,Crime,Norman Jewison,1967,110,0,6.5
781,2027-02-08 10:00:00,The Right Stuff,Adventure,Philip Kaufman,1983,193,6,7.0
782,2027-02-07 15:00:00,Taegukgi hwinalrimyeo,Action,Je-kyu Kang,2004,140,16,8.0
783,2027-02-07 12:30:00,The Lion King,Animation,Roger Allers,1994,88,0,8.5
784,2027-02-07 10:30:00,A Hard Day's Night,Comedy,Richard Lester,1964,87,0,6.5
785,2027-02-06 18:00:00,Hedwig and the Angry Inch,Comedy,John Cameron Mitchell,2001,95,16,8.5
786,2027-02-06 15:00:00,Gegen die Wand,Drama,Fatih Akin,2004,121,16,7.5
787,2027-02-06 10:30:00,Lawrence of Arabia,Adventure,David Lean,1962,228,0,7.0
788,2027-02-05 10:30:00,The Gold Rush,Adventure,Charles Chaplin,1925,95,12,7.5
789,2027-02-04 15:00:00,Lawrence of Arabia,Adventure,David Lean,1962,228,0,7.0
790,2027-02-04 12:30:00,Eastern Promises,Action,David Cronenberg,2007,100,16,7.5
791,2027-02-04 10:00:00,Au revoir les enfants,Drama,Louis Malle,1987,104,0,8.5
792,2027-02-03 14:30:00,Le dîner de cons,Comedy,Francis Veber,1998,80,12,8.0
793,2027-02-03 10:00:00,Lawrence of Arabia,Adventure,David Lean,1962,228,0,8.0
794,2027-02-02 13:30:00,Pirates of the Caribbean: The Curse of the Black Pearl,Action,Gore Verbinski,2003,143,12,7.0
795,2027-02-02 10:30:00,The Outlaw Josey Wales,Western,Clint Eastwood,1976,135,12,8.0
796,2027-02-01 10:00:00,Le dîner de cons,Comedy,Francis Veber,1998,80,12,8.0
797,2027-01-31 21:00:00,The Jungle Book,Animation,Wolfgang Reitherman,1967,78,0,8.5
798,2027-01-31 17:30:00,Ba wang bie ji,Drama,Kaige Chen,1993,171,16,8.0
799,2027-01-31 13:00:00,Lawrence of Arabia,Adventure,David Lean,1962,228,0,8.5
800,2027-01-31 10:00:00,Inside Man,Crime,Spike Lee,2006,129,16,8.0
801,2027-01-30 16:00:00,Chinatown,Drama,Roman Polanski,1974,130,12,8.0
802,2027-01-30 13:00:00,Chinatown,Drama,Roman Polanski,1974,130,12,8.5
803,2027-01-30 10:00:00,Gegen die Wand,Drama,Fatih Akin,2004,121,16,8.0
804,2027-01-29 12:30:00,Persona,Drama,Ingmar Bergman,1966,85,12,7.0
805,2027-01-29 10:00:00,Dial M for Murder,Crime,Alfred Hitchcock,1954,105,12,8.5
806,2027-01-28 15:00:00,Dial M for Murder,Crime,Alfred Hitchcock,1954,105,12,7.5
807,2027-01-28 12:30:00,The Gold Rush,Adventure,Charles Chaplin,1925,95,12,6.5
808,2027-01-28 10:00:00,Le dîner de cons,Comedy,Francis Veber,1998,80,12,8.0
809,2027-01-27 10:00:00,Stalker,Drama,Andrei Tarkovsky,1979,162,0,7.5
810,2027-01-26 12:00:00,Walk the Line,Biography,James Mangold,2005,136,12,8.0
811,2027-01-26 10:00:00,Toy Story,Animation,John Lasseter,1995,81,0,6.5
812,2027-01-25 10:00:00,The Notebook,Drama,Nick Cassavetes,2004,123,12,6.5
813,2027-01-24 18:30:00,The Notebook,Drama,Nick Cassavetes,2004,123,12,10.0
814,2027-01-24 15:30:00,The Fifth Element,Action,Luc Besson,1997,126,12,6.5
815,2027-01-24 12:30:00,Inside Man,Crime,Spike Lee,2006,129,16,6.5
816,2027-01-24 10:00:00,Toy Story,Animation,John Lasseter,1995,81,0,8.0
817,2027-01-23 16:30:00,Hera Pheri,Action,Priyadarshan,2000,156,0,8.5
818,2027-01-23 12:30:00,The Right Stuff,Adventure,Philip Kaufman,1983,193,6,7.5
819,2027-01-23 10:30:00,The Jungle Book,Animation,Wolfgang Reitherman,1967,78,0,6.5
820,2027-01-22 12:30:00,Kung fu,Action,Stephen Chow,2004,99,12,8.0
821,2027-01-22 10:00:00,The Gold Rush,Adventure,Charles Chaplin,1925,95,12,6.5
822,2027-01-21 10:00:00,Night of the Living Dead,Horror,George A. Romero,1968,96,12,6.5
823,2027-01-20 13:00:00,Hamlet,Drama,Kenneth Branagh,1996,242,12,6.5
824,2027-01-20 10:30:00,Sunrise: A Song of Two Humans,Drama,F.W. Murnau,1927,94,12,6.5
825,2027-01-19 15:30:00,The Notebook,Drama,Nick Cassavetes,2004,123,12,7.5
826,2027-01-19 13:00:00,Au revoir les enfants,Drama,Louis Malle,1987,104,0,7.5
827,2027-01-19 10:00:00,The Notebook,Drama,Nick Cassavetes,2004,123,12,7.0
828,2027-01-18 16:30:00,The Gold Rush,Adventure,Charles Chaplin,1925,95,12,6.5
829,2027-01-18 13:30:00,The Notebook,Drama,Nick Cassavetes,2004,123,12,7.0
830,2027-01-18 10:30:00,The Fifth Element,Action,Luc Besson,1997,126,12,8.0
831,2027-01-17 16:00:00,Kung fu,Action,Stephen Chow,2004,99,12,8.0
832,2027-01-17 12:30:00,Hera Pheri,Action,Priyadarshan,2000,156,0,8.5
833,2027-01-17 10:00:00,Donnie Darko,Drama,Richard Kelly,2001,113,16,6.5
834,2027-01-16 18:00:00,Night of the Living Dead,Horror,George A. Romero,1968,96,12,10.0
835,2027-01-16 15:30:00,Dark City,Mystery,Alex Proyas,1998,100,12,7.5
836,2027-01-16 12:30:00,The Notebook,Drama,Nick Cassavetes,2004,123,12,8.5
837,2027-01-16 10:00:00,After Hours,Comedy,Martin Scorsese,1985,97,12,7.0
838,2027-01-15 10:00:00,One Flew Over the Cuckoo's Nest,Drama,Milos Forman,1975,133,12,7.0
839,2027-01-14 13:30:00,Hamlet,Drama,Kenneth Branagh,1996,242,12,8.5
840,2027-01-14 10:30:00,The Notebook,Drama,Nick Cassavetes,2004,123,12,6.5
841,2027-01-13 13:00:00,His Girl Friday,Comedy,Howard Hawks,1940,92,12,7.5
842,2027-01-13 10:00:00,Pirates of the Caribbean: The Curse of the Black Pearl,Action,Gore Verbinski,2003,143,12,6.5
843,2027-01-12 10:30:00,A Hard Day's Night,Comedy,Richard Lester,1964,87,0,8.5
844,2027-01-11 15:30:00,Pirates of the Caribbean: The Curse of the Black Pearl,Action,Gore Verbinski,2003,143,12,8.0
845,2027-01-11 12:30:00,The Fifth Element,Action,Luc Besson,1997,126,12,8.5
846,2027-01-11 10:00:00,Donnie Darko,Drama,Richard Kelly,2001,113,16,8.5
847,2027-01-10 18:00:00,The Big Lebowski,Comedy,Joel Coen,1998,117,16,9.0
848,2027-01-10 15:30:00,Sunrise: A Song of Two Humans,Drama,F.W. Murnau,1927,94,12,8.0
849,2027-01-10 13:00:00,Donnie Darko,Drama,Richard Kelly,2001,113,16,8.0
850,2027-01-10 10:30:00,Dark City,Mystery,Alex Proyas,1998,100,12,7.0
851,2027-01-09 16:00:00,Hamlet,Drama,Kenneth Branagh,1996,242,12,7.0
852,2027-01-09 13:00:00,Fantasia,Animation,James Algar,1940,125,0,7.0
853,2027-01-09 10:30:00,Dark City,Mystery,Alex Proyas,1998,100,12,8.0
854,2027-01-08 10:00:00,Nueve reinas,Crime,Fabián Bielinsky,2000,114,16,7.0
855,2027-01-07 15:30:00,The 39 Steps,Crime,Alfred Hitchcock,1935,86,12,7.0
856,2027-01-07 13:00:00,Nueve reinas,Crime,Fabián Bielinsky,2000,114,16,8.5
857,2027-01-07 10:30:00,"Aguirre, der Zorn Gottes",Action,Werner Herzog,1972,95,12,8.0
858,2027-01-06 10:30:00,Det sjunde inseglet,Drama,Ingmar Bergman,1957,96,12,7.5
859,2027-01-05 10:30:00,Fantasia,Animation,James Algar,1940,125,0,6.5
860,2027-01-04 10:30:00,Pirates of the Caribbean: The Curse of the Black Pearl,Action,Gore Verbinski,2003,143,12,8.0
861,2027-01-03 18:00:00,Blow,Biography,Ted Demme,2001,124,16,9.5
862,2027-01-03 15:00:00,Nueve reinas,Crime,Fabián Bielinsky,2000,114,16,7.5
863,2027-01-03 12:30:00,High Noon,Drama,Fred Zinnemann,1952,85,6,8.0
864,2027-01-03 10:00:00,Adams æbler,Comedy,Anders Thomas Jensen,2005,94,16,7.0
865,2027-01-02 20:30:00,Tôkyô monogatari,Drama,Yasujirô Ozu,1953,136,0,9.5
866,2027-01-02 18:00:00,Eastern Promises,Action,David Cronenberg,2007,100,16,8.5
867,2027-01-02 14:00:00,Ba wang bie ji,Drama,Kaige Chen,1993,171,16,7.0
868,2027-01-02 10:30:00,Breaking the Waves,Drama,Lars von Trier,1996,159,16,8.0
869,2027-01-01 16:30:00,Adams æbler,Comedy,Anders Thomas Jensen,2005,94,16,7.5
870,2027-01-01 14:00:00,Nueve reinas,Crime,Fabián Bielinsky,2000,114,16,8.0
871,2027-01-01 10:30:00,Breaking the Waves,Drama,Lars von Trier,1996,159,16,7.0
872,2026-12-31 15:30:00,The Killing Fields,Biography,Roland Joffé,1984,141,12,8.5
873,2026-12-31 12:30:00,Pirates of the Caribbean: The Curse of the Black Pearl,Action,Gore Verbinski,2003,143,12,8.0
874,2026-12-31 10:00:00,"Aguirre, der Zorn Gottes",Action,Werner Herzog,1972,95,12,7.0
875,2026-12-30 17:00:00,Pulp Fiction,Crime,Quentin Tarantino,1994,154,12,7.5
876,2026-12-30 14:00:00,One Flew Over the Cuckoo's Nest,Drama,Milos Forman,1975,133,12,8.5
877,2026-12-30 10:30:00,Breaking the Waves,Drama,Lars von Trier,1996,159,16,8.5
878,2026-12-29 13:00:00,Stalker,Drama,Andrei Tarkovsky,1979,162,0,8.0
879,2026-12-29 10:30:00,Kung fu,Action,Stephen Chow,2004,99,12,6.5
880,2026-12-28 15:30:00,The Day of the Jackal,Crime,Fred Zinnemann,1973,143,12,8.5
881,2026-12-28 12:30:00,Pirates of the Caribbean: The Curse of the Black Pearl,Action,Gore Verbinski,2003,143,12,7.0
882,2026-12-28 10:00:00,Sanjuro,Action,Akira Kurosawa,1962,96,0,6.5
883,2026-12-27 16:00:00,Kung fu,Action,Stephen Chow,2004,99,12,8.0
884,2026-12-27 13:00:00,Pirates of the Caribbean: The Curse of the Black Pearl,Action,Gore Verbinski,2003,143,12,7.0
885,2026-12-27 10:30:00,His Girl Friday,Comedy,Howard Hawks,1940,92,12,7.0
886,2026-12-26 16:00:00,Bringing Up Baby,Comedy,Howard Hawks,1938,102,12,8.5
887,2026-12-26 13:00:00,Rear Window,Mystery,Alfred Hitchcock,1954,112,0,8.5
888,2026-12-26 10:30:00,Harold and Maude,Comedy,Hal Ashby,1971,91,6,7.0
889,2026-12-25 15:30:00,"Aguirre, der Zorn Gottes",Action,Werner Herzog,1972,95,12,7.0
890,2026-12-25 12:30:00,The Fifth Element,Action,Luc Besson,1997,126,12,6.5
891,2026-12-25 10:00:00,"Planes, Trains & Automobiles",Comedy,John Hughes,1987,93,0,8.0
892,2026-12-24 10:00:00,The Little Mermaid,Animation,Ron Clements,1989,83,0,7.5
893,2026-12-23 10:30:00,Toy Story,Animation,John Lasseter,1995,81,0,7.5
894,2026-12-22 10:30:00,The Princess Bride,Adventure,Rob Reiner,1987,98,0,6.5
895,2026-12-21 15:30:00,Brazil,Drama,Terry Gilliam,1985,132,0,8.0
896,2026-12-21 13:00:00,The Princess Bride,Adventure,Rob Reiner,1987,98,0,7.5
897,2026-12-21 10:00:00,The Untouchables,Crime,Brian De Palma,1987,119,12,8.5
898,2026-12-20 16:30:00,The Untouchables,Crime,Brian De Palma,1987,119,12,7.0
899,2026-12-20 14:00:00,Le charme discret de la bourgeoisie,Comedy,Luis Buñuel,1972,102,6,8.5
900,2026-12-20 10:00:00,Giant,Drama,George Stevens,1956,201,0,6.5
901,2026-12-19 17:30:00,Giant,Drama,George Stevens,1956,201,0,6.5
902,2026-12-19 15:00:00,The Little Mermaid,Animation,Ron Clements,1989,83,0,7.0
903,2026-12-19 10:30:00,Once Upon a Time in America,Crime,Sergio Leone,1984,229,12,7.0
904,2026-12-18 16:30:00,Toy Story,Animation,John Lasseter,1995,81,0,6.5
905,2026-12-18 13:30:00,Tôkyô monogatari,Drama,Yasujirô Ozu,1953,136,0,7.0
906,2026-12-18 10:00:00,The Day of the Jackal,Crime,Fred Zinnemann,1973,143,12,8.5
907,2026-12-17 16:30:00,This Is England,Crime,Shane Meadows,2006,101,12,6.5
908,2026-12-17 13:30:00,Rear Window,Mystery,Alfred Hitchcock,1954,112,0,8.0
909,2026-12-17 10:30:00,The Untouchables,Crime,Brian De Palma,1987,119,12,8.0
910,2026-12-16 12:30:00,Stand by Me,Adventure,Rob Reiner,1986,89,0,7.5
911,2026-12-16 10:00:00,Det sjunde inseglet,Drama,Ingmar Bergman,1957,96,12,8.0
912,2026-12-15 10:00:00,Toy Story,Animation,John Lasseter,1995,81,0,8.5
913,2026-12-14 14:00:00,Sanjuro,Action,Akira Kurosawa,1962,96,0,8.0
914,2026-12-14 10:30:00,The Lives of Others,Drama,Florian Henckel von Donnersmarck,2006,137,12,6.5
915,2026-12-13 21:30:00,This Is England,Crime,Shane Meadows,2006,101,12,9.0
916,2026-12-13 18:00:00,Pulp Fiction,Crime,Quentin Tarantino,1994,154,12,10.0
917,2026-12-13 15:00:00,The Killing Fields,Biography,Roland Joffé,1984,141,12,8.0
918,2026-12-13 10:30:00,Once Upon a Time in America,Crime,Sergio Leone,1984,229,12,7.0
919,2026-12-12 15:30:00,The Little Mermaid,Animation,Ron Clements,1989,83,0,6.5
920,2026-12-12 12:30:00,Donnie Darko,Drama,Richard Kelly,2001,113,16,6.5
921,2026-12-12 10:00:00,Psycho,Horror,Alfred Hitchcock,1960,109,12,8.0
922,2026-12-11 10:00:00,The Little Mermaid,Animation,Ron Clements,1989,83,0,7.0
923,2026-12-10 16:30:00,Blow,Biography,Ted Demme,2001,124,16,8.5
924,2026-12-10 13:30:00,Das Experiment,Drama,Oliver Hirschbiegel,2001,120,16,8.5
925,2026-12-10 10:00:00,Stalker,Drama,Andrei Tarkovsky,1979,162,0,7.0
926,2026-12-09 15:30:00,Harry Potter and the Sorcerer's Stone,Adventure,Chris Columbus,2001,152,0,7.0
927,2026-12-09 13:00:00,The Lost Weekend,Drama,Billy Wilder,1945,101,12,7.0
928,2026-12-09 10:30:00,Hannah and Her Sisters,Comedy,Woody Allen,1986,107,12,7.5
929,2026-12-08 15:30:00,Stalker,Drama,Andrei Tarkovsky,1979,162,0,8.0
930,2026-12-08 13:00:00,Das Experiment,Drama,Oliver Hirschbiegel,2001,120,16,7.5
931,2026-12-08 10:00:00,Psycho,Horror,Alfred Hitchcock,1960,109,12,7.5
932,2026-12-07 12:30:00,Bringing Up Baby,Comedy,Howard Hawks,1938,102,12,8.0
933,2026-12-07 10:00:00,Stand by Me,Adventure,Rob Reiner,1986,89,0,8.5
934,2026-12-06 16:30:00,Once Upon a Time in America,Crime,Sergio Leone,1984,229,12,7.0
935,2026-12-06 13:00:00,The Day of the Jackal,Crime,Fred Zinnemann,1973,143,12,6.5
936,2026-12-06 10:00:00,Salinui chueok,Crime,Bong Joon Ho,2003,131,12,8.0
937,2026-12-05 17:00:00,Donnie Darko,Drama,Richard Kelly,2001,113,16,6.5
938,2026-12-05 14:30:00,Le charme discret de la bourgeoisie,Comedy,Luis Buñuel,1972,102,6,7.0
939,2026-12-05 10:00:00,Once Upon a Time in America,Crime,Sergio Leone,1984,229,12,6.5
940,2026-12-04 10:00:00,Breaking the Waves,Drama,Lars von Trier,1996,159,16,8.0
941,2026-12-03 10:00:00,Smultronstället,Drama,Ingmar Bergman,1957,91,0,7.0
942,2026-12-02 15:30:00,Notorious,Drama,Alfred Hitchcock,1946,102,0,8.0
943,2026-12-02 12:30:00,The Exorcist,Horror,William Friedkin,1973,122,12,6.5
944,2026-12-02 10:00:00,"Aguirre, der Zorn Gottes",Action,Werner Herzog,1972,95,12,7.5
945,2026-12-01 12:30:00,Stand by Me,Adventure,Rob Reiner,1986,89,0,6.5
946,2026-12-01 10:00:00,Psycho,Horror,Alfred Hitchcock,1960,109,12,6.5
947,2026-11-30 12:30:00,Dawn of the Dead,Action,George A. Romero,1978,127,12,8.0
948,2026-11-30 10:00:00,"Planes, Trains & Automobiles",Comedy,John Hughes,1987,93,0,7.0
949,2026-11-29 15:30:00,The Lost Weekend,Drama,Billy Wilder,1945,101,12,6.5
950,2026-11-29 13:00:00,Le charme discret de la bourgeoisie,Comedy,Luis Buñuel,1972,102,6,7.5
951,2026-11-29 10:30:00,Office Space,Comedy,Mike Judge,1999,89,16,6.5
952,2026-11-28 19:00:00,The Exorcist,Horror,William Friedkin,1973,122,12,8.5
953,2026-11-28 16:30:00,Shrek,Animation,Andrew Adamson,2001,90,0,7.0
954,2026-11-28 14:00:00,Shrek,Animation,Andrew Adamson,2001,90,0,8.5
955,2026-11-28 10:30:00,Breaking the Waves,Drama,Lars von Trier,1996,159,16,8.5
956,2026-11-27 10:00:00,Le charme discret de la bourgeoisie,Comedy,Luis Buñuel,1972,102,6,7.0
957,2026-11-26 10:30:00,Dogville,Crime,Lars von Trier,2003,178,16,7.5
958,2026-11-25 12:30:00,The Little Mermaid,Animation,Ron Clements,1989,83,0,8.5
959,2026-11-25 10:00:00,Sanjuro,Action,Akira Kurosawa,1962,96,0,7.0
960,2026-11-24 10:00:00,The Day of the Jackal,Crime,Fred Zinnemann,1973,143,12,6.5
961,2026-11-23 10:30:00,The Kid,Comedy,Charles Chaplin,1921,68,12,7.0
962,2026-11-22 16:30:00,Salinui chueok,Crime,Bong Joon Ho,2003,131,12,8.5
963,2026-11-22 13:30:00,The Killing Fields,Biography,Roland Joffé,1984,141,12,8.0
964,2026-11-22 10:00:00,Harry Potter and the Sorcerer's Stone,Adventure,Chris Columbus,2001,152,0,8.5
965,2026-11-21 16:30:00,Rang De Basanti,Comedy,Rakeysh Omprakash Mehra,2006,167,12,7.0
966,2026-11-21 13:30:00,L.A. Confidential,Crime,Curtis Hanson,1997,138,12,8.0
967,2026-11-21 10:30:00,Dead Man,Adventure,Jim Jarmusch,1995,121,16,7.0
968,2026-11-20 15:30:00,Once Upon a Time in America,Crime,Sergio Leone,1984,229,12,8.0
969,2026-11-20 13:00:00,Hana-bi,Crime,Takeshi Kitano,1997,103,12,7.0
970,2026-11-20 10:30:00,Sanjuro,Action,Akira Kurosawa,1962,96,0,6.5
971,2026-11-19 10:00:00,Gilda,Drama,Charles Vidor,1946,110,12,7.5
972,2026-11-18 12:30:00,The 39 Steps,Crime,Alfred Hitchcock,1935,86,12,7.5
973,2026-11-18 10:00:00,Double Indemnity,Crime,Billy Wilder,1944,107,12,8.5
974,2026-11-17 16:00:00,L.A. Confidential,Crime,Curtis Hanson,1997,138,12,7.5
975,2026-11-17 13:30:00,Trois couleurs: Bleu,Drama,Krzysztof Kieslowski,1993,94,0,8.5
976,2026-11-17 10:30:00,Dancer in the Dark,Crime,Lars von Trier,2000,140,0,8.0
977,2026-11-16 16:00:00,Shrek,Animation,Andrew Adamson,2001,90,0,8.5
978,2026-11-16 12:30:00,Giù la testa,Drama,Sergio Leone,1971,157,6,8.0
979,2026-11-16 10:30:00,Stand by Me,Adventure,Rob Reiner,1986,89,0,7.5
980,2026-11-15 15:30:00,Hana-bi,Crime,Takeshi Kitano,1997,103,12,7.0
981,2026-11-15 13:00:00,Shrek,Animation,Andrew Adamson,2001,90,0,8.0
982,2026-11-15 10:00:00,Goodfellas,Biography,Martin Scorsese,1990,146,12,6.5
983,2026-11-14 17:00:00,Goodfellas,Biography,Martin Scorsese,1990,146,12,8.5
984,2026-11-14 13:00:00,Dogville,Crime,Lars von Trier,2003,178,16,7.5
985,2026-11-14 10:30:00,Majo no takkyûbin,Animation,Hayao Miyazaki,1989,103,0,6.5
986,2026-11-13 12:30:00,Majo no takkyûbin,Animation,Hayao Miyazaki,1989,103,0,7.0
987,2026-11-13 10:00:00,Smultronstället,Drama,Ingmar Bergman,1957,91,0,6.5
988,2026-11-12 10:00:00,Dà hóng denglong gaogao guà,Drama,Yimou Zhang,1991,125,6,7.5
989,2026-11-11 10:30:00,Toy Story 2,Animation,John Lasseter,1999,92,0,7.0
990,2026-11-10 12:30:00,Dà hóng denglong gaogao guà,Drama,Yimou Zhang,1991,125,6,7.5
991,2026-11-10 10:00:00,The Station Agent,Comedy,Tom McCarthy,2003,89,16,6.5
992,2026-11-09 10:30:00,Gilda,Drama,Charles Vidor,1946,110,12,8.5
993,2026-11-08 18:00:00,Per un pugno di dollari,Action,Sergio Leone,1964,99,12,9.5
994,2026-11-08 14:30:00,Giù la testa,Drama,Sergio Leone,1971,157,6,6.5
995,2026-11-08 12:30:00,The 39 Steps,Crime,Alfred Hitchcock,1935,86,12,8.5
996,2026-11-08 10:00:00,The 39 Steps,Crime,Alfred Hitchcock,1935,86,12,8.0
997,2026-11-07 19:00:00,The King of Comedy,Comedy,Martin Scorsese,1982,109,0,9.5
998,2026-11-07 16:00:00,V for Vendetta,Action,James McTeigue,2005,132,12,7.5
999,2026-11-07 13:00:00,Brazil,Drama,Terry Gilliam,1985,132,0,7.5
1000,2026-11-07 10:00:00,Dà hóng denglong gaogao guà,Drama,Yimou Zhang,1991,125,6,7.5
1001,2026-11-06 15:00:00,Dancer in the Dark,Crime,Lars von Trier,2000,140,0,8.0
1002,2026-11-06 12:30:00,The 39 Steps,Crime,Alfred Hitchcock,1935,86,12,8.0
1003,2026-11-06 10:30:00,The Kid,Comedy,Charles Chaplin,1921,68,12,7.0
1004,2026-11-05 10:00:00,Annie Hall,Comedy,Woody Allen,1977,93,12,8.5
1005,2026-11-04 10:00:00,Dead Man,Adventure,Jim Jarmusch,1995,121,16,8.5
1006,2026-11-03 10:00:00,Laura,Drama,Otto Preminger,1944,88,12,7.0
1007,2026-11-02 13:00:00,Notorious,Drama,Alfred Hitchcock,1946,102,0,6.5
1008,2026-11-02 10:30:00,Shrek,Animation,Andrew Adamson,2001,90,0,8.5
1009,2026-11-01 18:30:00,Brazil,Drama,Terry Gilliam,1985,132,0,9.0
1010,2026-11-01 16:00:00,Majo no takkyûbin,Animation,Hayao Miyazaki,1989,103,0,8.0
1011,2026-11-01 13:00:00,Dead Man,Adventure,Jim Jarmusch,1995,121,16,8.5
1012,2026-11-01 10:30:00,Shrek,Animation,Andrew Adamson,2001,90,0,8.0
1013,2026-10-31 18:00:00,All About Eve,Drama,Joseph L. Mankiewicz,1950,138,12,9.0
1014,2026-10-31 15:30:00,Toy Story 2,Animation,John Lasseter,1999,92,0,8.5
1015,2026-10-31 13:00:00,Hana-bi,Crime,Takeshi Kitano,1997,103,12,6.5
1016,2026-10-31 10:30:00,The Day the Earth Stood Still,Drama,Robert Wise,1951,92,0,8.5
1017,2026-10-30 10:30:00,V for Vendetta,Action,James McTeigue,2005,132,12,7.0
1018,2026-10-29 10:30:00,The Station Agent,Comedy,Tom McCarthy,2003,89,16,7.5
1019,2026-10-28 10:30:00,Gilda,Drama,Charles Vidor,1946,110,12,8.5
1020,2026-10-27 16:00:00,Dancer in the Dark,Crime,Lars von Trier,2000,140,0,7.5
1021,2026-10-27 13:30:00,Toy Story 2,Animation,John Lasseter,1999,92,0,8.5
1022,2026-10-27 10:30:00,Dip huet seung hung,Action,John Woo,1989,111,16,8.5
1023,2026-10-26 16:30:00,Giù la testa,Drama,Sergio Leone,1971,157,6,8.0
1024,2026-10-26 13:30:00,Blow,Biography,Ted Demme,2001,124,16,8.0
1025,2026-10-26 10:30:00,Brazil,Drama,Terry Gilliam,1985,132,0,8.5
1026,2026-10-25 15:00:00,Dancer in the Dark,Crime,Lars von Trier,2000,140,0,7.5
1027,2026-10-25 12:30:00,Per un pugno di dollari,Action,Sergio Leone,1964,99,12,6.5
1028,2026-10-25 10:00:00,Bacheha-Ye aseman,Drama,Majid Majidi,1997,89,6,8.0
1029,2026-10-24 18:00:00,Notorious,Drama,Alfred Hitchcock,1946,102,0,9.0
1030,2026-10-24 15:00:00,Star Trek II: The Wrath of Khan,Action,Nicholas Meyer,1982,113,0,8.0
1031,2026-10-24 12:30:00,Notorious,Drama,Alfred Hitchcock,1946,102,0,7.5
1032,2026-10-24 10:00:00,Majo no takkyûbin,Animation,Hayao Miyazaki,1989,103,0,8.5
1033,2026-10-23 10:00:00,La leggenda del pianista sull'oceano,Drama,Giuseppe Tornatore,1998,169,0,7.5
1034,2026-10-22 13:00:00,The King of Comedy,Comedy,Martin Scorsese,1982,109,0,7.5
1035,2026-10-22 10:30:00,To Be or Not to Be,Comedy,Ernst Lubitsch,1942,99,12,8.0
1036,2026-10-21 10:00:00,The Day the Earth Stood Still,Drama,Robert Wise,1951,92,0,8.5
1037,2026-10-20 10:00:00,The Station Agent,Comedy,Tom McCarthy,2003,89,16,8.0
1038,2026-10-19 10:00:00,8½,Drama,Federico Fellini,1963,138,12,8.0
1039,2026-10-18 15:00:00,Bacheha-Ye aseman,Drama,Majid Majidi,1997,89,6,8.5
1040,2026-10-18 12:00:00,L.A. Confidential,Crime,Curtis Hanson,1997,138,12,8.0
1041,2026-10-18 10:00:00,Lola rennt,Crime,Tom Tykwer,1998,81,12,7.5
1042,2026-10-17 19:00:00,Brazil,Drama,Terry Gilliam,1985,132,0,8.5
1043,2026-10-17 16:00:00,Dancer in the Dark,Crime,Lars von Trier,2000,140,0,7.5
1044,2026-10-17 13:00:00,8½,Drama,Federico Fellini,1963,138,12,7.5
1045,2026-10-17 10:00:00,The Sting,Comedy,George Roy Hill,1973,129,0,8.5
1046,2026-10-16 12:30:00,Donnie Darko,Drama,Richard Kelly,2001,113,16,6.5
1047,2026-10-16 10:00:00,Majo no takkyûbin,Animation,Hayao Miyazaki,1989,103,0,8.5
1048,2026-10-15 10:00:00,Bacheha-Ye aseman,Drama,Majid Majidi,1997,89,6,7.5
1049,2026-10-14 15:30:00,Secrets & Lies,Comedy,Mike Leigh,1996,136,0,7.5
1050,2026-10-14 13:00:00,Hana-bi,Crime,Takeshi Kitano,1997,103,12,7.0
1051,2026-10-14 10:00:00,Efter brylluppet,Drama,Susanne Bier,2006,120,16,8.0
1052,2026-10-13 13:00:00,Before Sunrise,Drama,Richard Linklater,1995,101,16,7.0
1053,2026-10-13 10:00:00,All About Eve,Drama,Joseph L. Mankiewicz,1950,138,12,7.5
1054,2026-10-12 16:00:00,What's Eating Gilbert Grape,Drama,Lasse Hallström,1993,118,0,7.5
1055,2026-10-12 13:00:00,Dancer in the Dark,Crime,Lars von Trier,2000,140,0,6.5
1056,2026-10-12 10:30:00,"Aguirre, der Zorn Gottes",Action,Werner Herzog,1972,95,12,8.0
1057,2026-10-11 18:30:00,Efter brylluppet,Drama,Susanne Bier,2006,120,16,8.5
1058,2026-10-11 16:00:00,The Shop Around the Corner,Comedy,Ernst Lubitsch,1940,99,12,8.0
1059,2026-10-11 13:30:00,To Be or Not to Be,Comedy,Ernst Lubitsch,1942,99,12,8.0
1060,2026-10-11 10:00:00,Goodfellas,Biography,Martin Scorsese,1990,146,12,8.5
1061,2026-10-10 18:00:00,The Station Agent,Comedy,Tom McCarthy,2003,89,16,9.0
1062,2026-10-10 15:00:00,Goodfellas,Biography,Martin Scorsese,1990,146,12,8.0
1063,2026-10-10 12:30:00,Bacheha-Ye aseman,Drama,Majid Majidi,1997,89,6,6.5
1064,2026-10-10 10:00:00,Annie Hall,Comedy,Woody Allen,1977,93,12,8.5
1065,2026-10-09 10:00:00,Brokeback Mountain,Drama,Ang Lee,2005,134,12,7.5
1066,2026-10-08 12:30:00,The Sting,Comedy,George Roy Hill,1973,129,0,8.0
1067,2026-10-08 10:00:00,"Aguirre, der Zorn Gottes",Action,Werner Herzog,1972,95,12,8.0
1068,2026-10-07 15:30:00,Secrets & Lies,Comedy,Mike Leigh,1996,136,0,8.5
1069,2026-10-07 13:00:00,"Aguirre, der Zorn Gottes",Action,Werner Herzog,1972,95,12,8.5
1070,2026-10-07 10:00:00,Secrets & Lies,Comedy,Mike Leigh,1996,136,0,6.5
1071,2026-10-06 14:30:00,Efter brylluppet,Drama,Susanne Bier,2006,120,16,7.0
1072,2026-10-06 12:30:00,Lola rennt,Crime,Tom Tykwer,1998,81,12,7.0
1073,2026-10-06 10:00:00,Kung fu,Action,Stephen Chow,2004,99,12,7.5
1074,2026-10-05 10:30:00,Funny Games,Crime,Michael Haneke,1997,108,12,8.0
1075,2026-10-04 16:00:00,Awakenings,Biography,Penny Marshall,1990,121,0,7.5
1076,2026-10-04 13:00:00,Die Hard,Action,John McTiernan,1988,132,12,8.5
1077,2026-10-04 10:30:00,To Be or Not to Be,Comedy,Ernst Lubitsch,1942,99,12,6.5
1078,2026-10-03 18:00:00,The Sting,Comedy,George Roy Hill,1973,129,0,9.0
1079,2026-10-03 15:00:00,Ed Wood,Biography,Tim Burton,1994,127,0,8.5
1080,2026-10-03 12:30:00,"O Brother, Where Art Thou?",Adventure,Joel Coen,2000,107,0,8.5
1081,2026-10-03 10:00:00,Kung fu,Action,Stephen Chow,2004,99,12,7.0
1082,2026-10-02 12:30:00,Brokeback Mountain,Drama,Ang Lee,2005,134,12,7.5
1083,2026-10-02 10:00:00,The Night of the Hunter,Crime,Charles Laughton,1955,92,12,8.5
1084,2026-10-01 14:00:00,Die Hard: With a Vengeance,Action,John McTiernan,1995,128,12,7.5
1085,2026-10-01 10:00:00,La leggenda del pianista sull'oceano,Drama,Giuseppe Tornatore,1998,169,0,8.0
1086,2026-09-30 10:00:00,Annie Hall,Comedy,Woody Allen,1977,93,12,6.5
1087,2026-09-29 15:30:00,Die Hard,Action,John McTiernan,1988,132,12,8.0
1088,2026-09-29 13:00:00,"Aguirre, der Zorn Gottes",Action,Werner Herzog,1972,95,12,8.0
1089,2026-09-29 10:00:00,Guess Who's Coming to Dinner,Comedy,Stanley Kramer,1967,108,12,7.0
1090,2026-09-28 13:00:00,"O Brother, Where Art Thou?",Adventure,Joel Coen,2000,107,0,6.5
1091,2026-09-28 10:30:00,"O Brother, Where Art Thou?",Adventure,Joel Coen,2000,107,0,8.5
1092,2026-09-27 17:00:00,Once Were Warriors,Crime,Lee Tamahori,1994,102,12,8.0
1093,2026-09-27 14:30:00,Laura,Drama,Otto Preminger,1944,88,12,7.0
1094,2026-09-27 12:30:00,Lola rennt,Crime,Tom Tykwer,1998,81,12,8.0
1095,2026-09-27 10:00:00,Brief Encounter,Drama,David Lean,1945,86,0,8.0
1096,2026-09-26 18:00:00,Dead Man,Adventure,Jim Jarmusch,1995,121,16,10.0
1097,2026-09-26 15:00:00,Witness for the Prosecution,Crime,Billy Wilder,1957,116,0,7.0
1098,2026-09-26 12:30:00,To Be or Not to Be,Comedy,Ernst Lubitsch,1942,99,12,7.0
1099,2026-09-26 10:00:00,The Night of the Hunter,Crime,Charles Laughton,1955,92,12,7.0
1100,2026-09-25 15:30:00,Central do Brasil,Drama,Walter Salles,1998,110,16,8.0
1101,2026-09-25 13:00:00,Brief Encounter,Drama,David Lean,1945,86,0,7.0
1102,2026-09-25 10:30:00,Donnie Darko,Drama,Richard Kelly,2001,113,16,7.5
1103,2026-09-24 13:00:00,Star Trek II: The Wrath of Khan,Action,Nicholas Meyer,1982,113,0,8.0
1104,2026-09-24 10:30:00,Strangers on a Train,Crime,Alfred Hitchcock,1951,101,12,8.5
1105,2026-09-23 13:00:00,Laura,Drama,Otto Preminger,1944,88,12,6.5
1106,2026-09-23 10:00:00,V for Vendetta,Action,James McTeigue,2005,132,12,6.5
1107,2026-09-22 10:30:00,Sholay,Action,Ramesh Sippy,1975,204,0,8.5
1108,2026-09-21 12:30:00,Wo hu cang long,Action,Ang Lee,2000,120,12,7.0
1109,2026-09-21 10:00:00,A Christmas Story,Comedy,Bob Clark,1983,93,0,7.5
1110,2026-09-20 19:30:00,Funny Games,Crime,Michael Haneke,1997,108,12,10.0
1111,2026-09-20 17:00:00,The Night of the Hunter,Crime,Charles Laughton,1955,92,12,8.5
1112,2026-09-20 13:30:00,"Paris, Texas",Drama,Wim Wenders,1984,145,0,8.5
1113,2026-09-20 10:30:00,Efter brylluppet,Drama,Susanne Bier,2006,120,16,7.0
1114,2026-09-19 20:00:00,Ed Wood,Biography,Tim Burton,1994,127,0,8.5
1115,2026-09-19 17:00:00,Anand,Drama,Hrishikesh Mukherjee,1971,122,0,7.5
1116,2026-09-19 14:00:00,Wo hu cang long,Action,Ang Lee,2000,120,12,7.0
1117,2026-09-19 10:30:00,Stalker,Drama,Andrei Tarkovsky,1979,162,0,6.5
1118,2026-09-18 10:00:00,A Christmas Story,Comedy,Bob Clark,1983,93,0,6.5
1119,2026-09-17 13:00:00,Mad Max 2,Action,George Miller,1981,96,12,7.0
1120,2026-09-17 10:30:00,No Man's Land,Comedy,Danis Tanovic,2001,98,16,6.5
1121,2026-09-16 16:00:00,Ed Wood,Biography,Tim Burton,1994,127,0,8.0
1122,2026-09-16 12:30:00,Once Upon a Time in the West,Western,Sergio Leone,1968,165,0,7.5
1123,2026-09-16 10:00:00,Mad Max 2,Action,George Miller,1981,96,12,7.5
1124,2026-09-15 16:30:00,Yeopgijeogin geunyeo,Comedy,Jae-young Kwak,2001,137,12,7.5
1125,2026-09-15 13:30:00,Kumonosu-jô,Drama,Akira Kurosawa,1957,110,12,8.0
1126,2026-09-15 10:30:00,Witness for the Prosecution,Crime,Billy Wilder,1957,116,0,8.5
1127,2026-09-14 16:00:00,Star Wars,Action,George Lucas,1977,121,12,7.5
1128,2026-09-14 13:30:00,Roman Holiday,Comedy,William Wyler,1953,118,12,7.0
1129,2026-09-14 10:30:00,Efter brylluppet,Drama,Susanne Bier,2006,120,16,7.0
1130,2026-09-13 20:00:00,Star Trek II: The Wrath of Khan,Action,Nicholas Meyer,1982,113,0,9.0
1131,2026-09-13 16:30:00,Once Upon a Time in the West,Western,Sergio Leone,1968,165,0,8.0
1132,2026-09-13 13:30:00,Blood Diamond,Adventure,Edward Zwick,2006,143,12,7.5
1133,2026-09-13 10:00:00,Blood Diamond,Adventure,Edward Zwick,2006,143,12,7.0
1134,2026-09-12 15:30:00,Sleuth,Mystery,Joseph L. Mankiewicz,1972,138,6,8.5
1135,2026-09-12 13:00:00,The Station Agent,Comedy,Tom McCarthy,2003,89,16,8.5
1136,2026-09-12 10:30:00,Funny Games,Crime,Michael Haneke,1997,108,12,7.0
1137,2026-09-11 16:00:00,The Exorcist,Horror,William Friedkin,1973,122,12,7.5
1138,2026-09-11 13:30:00,"O Brother, Where Art Thou?",Adventure,Joel Coen,2000,107,0,7.0
1139,2026-09-11 10:30:00,Star Trek II: The Wrath of Khan,Action,Nicholas Meyer,1982,113,0,8.5
1140,2026-09-10 10:00:00,Once Upon a Time in the West,Western,Sergio Leone,1968,165,0,8.5
1141,2026-09-09 13:00:00,"O Brother, Where Art Thou?",Adventure,Joel Coen,2000,107,0,7.0
1142,2026-09-09 10:00:00,Lat sau san taam,Action,John Woo,1992,128,16,7.5
1143,2026-09-08 16:30:00,Stalag 17,Comedy,Billy Wilder,1953,120,12,8.5
1144,2026-09-08 13:00:00,Yeopgijeogin geunyeo,Comedy,Jae-young Kwak,2001,137,12,6.5
1145,2026-09-08 10:30:00,Guess Who's Coming to Dinner,Comedy,Stanley Kramer,1967,108,12,6.5
1146,2026-09-07 13:30:00,Funny Games,Crime,Michael Haneke,1997,108,12,6.5
1147,2026-09-07 10:00:00,Once Upon a Time in the West,Western,Sergio Leone,1968,165,0,8.5
1148,2026-09-06 15:00:00,Guess Who's Coming to Dinner,Comedy,Stanley Kramer,1967,108,12,7.0
1149,2026-09-06 12:30:00,The Night of the Hunter,Crime,Charles Laughton,1955,92,12,6.5
1150,2026-09-06 10:00:00,Rope,Crime,Alfred Hitchcock,1948,80,12,8.0
1151,2026-09-05 17:00:00,La Grande Illusion,Drama,Jean Renoir,1937,113,12,8.5
1152,2026-09-05 13:30:00,Once Upon a Time in the West,Western,Sergio Leone,1968,165,0,7.0
1153,2026-09-05 10:00:00,Once Upon a Time in the West,Western,Sergio Leone,1968,165,0,7.5
1154,2026-09-04 12:30:00,Efter brylluppet,Drama,Susanne Bier,2006,120,16,8.0
1155,2026-09-04 10:00:00,Once Were Warriors,Crime,Lee Tamahori,1994,102,12,8.5
1156,2026-09-03 10:30:00,What Ever Happened to Baby Jane?,Drama,Robert Aldrich,1962,134,12,8.0
1157,2026-09-02 10:00:00,Once Were Warriors,Crime,Lee Tamahori,1994,102,12,6.5
1158,2026-09-01 10:00:00,"Paris, Texas",Drama,Wim Wenders,1984,145,0,8.5
1159,2026-08-31 12:00:00,Stalker,Drama,Andrei Tarkovsky,1979,162,0,7.5
1160,2026-08-31 10:00:00,The Circus,Comedy,Charles Chaplin,1928,72,12,7.5
1161,2026-08-30 15:00:00,V for Vendetta,Action,James McTeigue,2005,132,12,8.0
1162,2026-08-30 12:30:00,The Truman Show,Comedy,Peter Weir,1998,103,0,7.5
1163,2026-08-30 10:00:00,Funny Games,Crime,Michael Haneke,1997,108,12,6.5
1164,2026-08-29 17:00:00,Kumonosu-jô,Drama,Akira Kurosawa,1957,110,12,8.0
1165,2026-08-29 14:00:00,The Bourne Identity,Action,Doug Liman,2002,119,12,7.5
1166,2026-08-29 10:00:00,The Right Stuff,Adventure,Philip Kaufman,1983,193,6,7.0
1167,2026-08-28 10:30:00,The Color Purple,Drama,Steven Spielberg,1985,154,0,8.5
1168,2026-08-27 15:30:00,Blood Diamond,Adventure,Edward Zwick,2006,143,12,6.5
1169,2026-08-27 13:30:00,The General,Action,Clyde Bruckman,1926,67,12,6.5
1170,2026-08-27 10:30:00,Lat sau san taam,Action,John Woo,1992,128,16,8.0
1171,2026-08-26 10:30:00,The Notebook,Drama,Nick Cassavetes,2004,123,12,6.5
1172,2026-08-25 15:30:00,Rope,Crime,Alfred Hitchcock,1948,80,12,7.0
1173,2026-08-25 12:30:00,Stalag 17,Comedy,Billy Wilder,1953,120,12,7.0
1174,2026-08-25 10:30:00,Zelig,Comedy,Woody Allen,1983,79,6,8.5
1175,2026-08-24 10:00:00,Rope,Crime,Alfred Hitchcock,1948,80,12,8.5
1176,2026-08-23 17:30:00,La Grande Illusion,Drama,Jean Renoir,1937,113,12,7.0
1177,2026-08-23 15:00:00,The Station Agent,Comedy,Tom McCarthy,2003,89,16,6.5
1178,2026-08-23 12:30:00,Central do Brasil,Drama,Walter Salles,1998,110,16,6.5
1179,2026-08-23 10:30:00,The General,Action,Clyde Bruckman,1926,67,12,8.0
1180,2026-08-22 19:00:00,Pride & Prejudice,Drama,Joe Wright,2005,129,6,9.0
1181,2026-08-22 16:30:00,On the Waterfront,Crime,Elia Kazan,1954,108,12,7.5
1182,2026-08-22 14:00:00,The Truman Show,Comedy,Peter Weir,1998,103,0,8.0
1183,2026-08-22 10:30:00,The Color Purple,Drama,Steven Spielberg,1985,154,0,8.5
1184,2026-08-21 17:00:00,Stalag 17,Comedy,Billy Wilder,1953,120,12,7.0
1185,2026-08-21 14:30:00,Glengarry Glen Ross,Crime,James Foley,1992,100,16,7.0
1186,2026-08-21 10:30:00,Judgment at Nuremberg,Drama,Stanley Kramer,1961,179,12,7.5
1187,2026-08-20 10:00:00,The Color Purple,Drama,Steven Spielberg,1985,154,0,7.5
1188,2026-08-19 12:30:00,Spoorloos,Mystery,George Sluizer,1988,107,12,7.0
1189,2026-08-19 10:00:00,Harold and Maude,Comedy,Hal Ashby,1971,91,6,8.0
1190,2026-08-18 13:30:00,The Game,Action,David Fincher,1997,129,12,6.5
1191,2026-08-18 10:30:00,Sleuth,Mystery,Joseph L. Mankiewicz,1972,138,6,7.0
1192,2026-08-17 15:00:00,Sleuth,Mystery,Joseph L. Mankiewicz,1972,138,6,6.5
1193,2026-08-17 13:00:00,The Circus,Comedy,Charles Chaplin,1928,72,12,8.0
1194,2026-08-17 10:00:00,The World's Fastest Indian,Biography,Roger Donaldson,2005,127,0,8.0
1195,2026-08-16 20:00:00,The Game,Action,David Fincher,1997,129,12,9.0
1196,2026-08-16 17:00:00,Roman Holiday,Comedy,William Wyler,1953,118,12,6.5
1197,2026-08-16 13:30:00,Zwartboek,Drama,Paul Verhoeven,2006,145,16,8.5
1198,2026-08-16 10:30:00,Blood Diamond,Adventure,Edward Zwick,2006,143,12,7.0
1199,2026-08-15 15:30:00,Miracle on 34th Street,Comedy,George Seaton,1947,96,12,6.5
1200,2026-08-15 13:00:00,Mad Max 2,Action,George Miller,1981,96,12,7.5
1201,2026-08-15 10:30:00,Spoorloos,Mystery,George Sluizer,1988,107,12,7.5
1202,2026-08-14 13:30:00,Kumonosu-jô,Drama,Akira Kurosawa,1957,110,12,8.0
1203,2026-08-14 10:30:00,Awakenings,Biography,Penny Marshall,1990,121,0,8.0
1204,2026-08-13 17:30:00,The Game,Action,David Fincher,1997,129,12,7.5
1205,2026-08-13 13:30:00,Doctor Zhivago,Drama,David Lean,1965,197,12,8.5
1206,2026-08-13 10:30:00,La battaglia di Algeri,Drama,Gillo Pontecorvo,1966,121,12,8.5
1207,2026-08-12 17:00:00,Blood Diamond,Adventure,Edward Zwick,2006,143,12,7.0
1208,2026-08-12 13:30:00,Zwartboek,Drama,Paul Verhoeven,2006,145,16,8.5
1209,2026-08-12 10:30:00,Sleuth,Mystery,Joseph L. Mankiewicz,1972,138,6,7.0
1210,2026-08-11 13:30:00,Star Wars,Action,George Lucas,1977,121,12,7.0
1211,2026-08-11 10:00:00,The Wild Bunch,Action,Sam Peckinpah,1969,145,12,6.5
1212,2026-08-10 10:30:00,Shadow of a Doubt,Film-Noir,Alfred Hitchcock,1943,108,6,7.5
1213,2026-08-09 15:30:00,Being John Malkovich,Comedy,Spike Jonze,1999,113,16,8.5
1214,2026-08-09 12:30:00,Roman Holiday,Comedy,William Wyler,1953,118,12,8.0
1215,2026-08-09 10:30:00,Das Cabinet des Dr. Caligari,Fantasy,Robert Wiene,1920,76,12,8.0
1216,2026-08-08 18:00:00,Being John Malkovich,Comedy,Spike Jonze,1999,113,16,8.5
1217,2026-08-08 15:30:00,Being John Malkovich,Comedy,Spike Jonze,1999,113,16,7.5
1218,2026-08-08 13:00:00,Glengarry Glen Ross,Crime,James Foley,1992,100,16,8.5
1219,2026-08-08 10:00:00,Pride & Prejudice,Drama,Joe Wright,2005,129,6,6.5
1220,2026-08-07 10:30:00,Badlands,Action,Terrence Malick,1973,94,6,8.5
1221,2026-08-06 13:00:00,Delicatessen,Comedy,Marc Caro,1991,99,16,7.0
1222,2026-08-06 10:30:00,On the Waterfront,Crime,Elia Kazan,1954,108,12,8.0
1223,2026-08-05 15:00:00,Miracle on 34th Street,Comedy,George Seaton,1947,96,12,6.5
1224,2026-08-05 12:30:00,À bout de souffle,Crime,Jean-Luc Godard,1960,90,0,7.5
1225,2026-08-05 10:00:00,The Station Agent,Comedy,Tom McCarthy,2003,89,16,8.5
1226,2026-08-04 10:30:00,Pride & Prejudice,Drama,Joe Wright,2005,129,6,8.5
1227,2026-08-03 12:30:00,Roman Holiday,Comedy,William Wyler,1953,118,12,6.5
1228,2026-08-03 10:00:00,Midnight Cowboy,Drama,John Schlesinger,1969,113,12,6.5
1229,2026-08-02 16:00:00,No Man's Land,Comedy,Danis Tanovic,2001,98,16,6.5
1230,2026-08-02 13:00:00,Awakenings,Biography,Penny Marshall,1990,121,0,7.5
1231,2026-08-02 10:30:00,No Man's Land,Comedy,Danis Tanovic,2001,98,16,8.5
1232,2026-08-01 17:00:00,Star Wars,Action,George Lucas,1977,121,12,6.5
1233,2026-08-01 14:00:00,Awakenings,Biography,Penny Marshall,1990,121,0,7.0
1234,2026-08-01 10:00:00,Doctor Zhivago,Drama,David Lean,1965,197,12,7.0
1235,2026-07-31 10:00:00,Das Cabinet des Dr. Caligari,Fantasy,Robert Wiene,1920,76,12,8.0
1236,2026-07-30 12:30:00,Miracle on 34th Street,Comedy,George Seaton,1947,96,12,7.5
1237,2026-07-30 10:00:00,On the Waterfront,Crime,Elia Kazan,1954,108,12,8.5
1238,2026-07-29 10:00:00,The Bridges of Madison County,Drama,Clint Eastwood,1995,135,12,7.5
1239,2026-07-28 15:30:00,The World's Fastest Indian,Biography,Roger Donaldson,2005,127,0,6.5
1240,2026-07-28 12:30:00,Being John Malkovich,Comedy,Spike Jonze,1999,113,16,7.5
1241,2026-07-28 10:00:00,Das Cabinet des Dr. Caligari,Fantasy,Robert Wiene,1920,76,12,7.0
1242,2026-07-27 10:30:00,The Wild Bunch,Action,Sam Peckinpah,1969,145,12,8.0
1243,2026-07-26 19:00:00,Star Wars,Action,George Lucas,1977,121,12,8.5
1244,2026-07-26 16:00:00,Awakenings,Biography,Penny Marshall,1990,121,0,6.5
1245,2026-07-26 13:30:00,Badlands,Action,Terrence Malick,1973,94,6,8.0
1246,2026-07-26 10:30:00,Pride & Prejudice,Drama,Joe Wright,2005,129,6,8.5
1247,2026-07-25 15:30:00,Rebecca,Drama,Alfred Hitchcock,1940,130,12,8.5
1248,2026-07-25 13:00:00,No Man's Land,Comedy,Danis Tanovic,2001,98,16,7.5
1249,2026-07-25 10:00:00,Star Wars,Action,George Lucas,1977,121,12,7.5
1250,2026-07-24 12:30:00,On the Waterfront,Crime,Elia Kazan,1954,108,12,6.5
1251,2026-07-24 10:00:00,Manhattan,Comedy,Woody Allen,1979,96,16,7.0
1252,2026-07-23 13:00:00,On the Waterfront,Crime,Elia Kazan,1954,108,12,6.5
1253,2026-07-23 10:30:00,The Adventures of Robin Hood,Action,Michael Curtiz,1938,102,6,7.0
1254,2026-07-22 13:30:00,Miracle on 34th Street,Comedy,George Seaton,1947,96,12,8.5
1255,2026-07-22 10:30:00,The Bridges of Madison County,Drama,Clint Eastwood,1995,135,12,7.0
1256,2026-07-21 13:30:00,Giant,Drama,George Stevens,1956,201,0,7.0
1257,2026-07-21 10:30:00,The World's Fastest Indian,Biography,Roger Donaldson,2005,127,0,8.5
1258,2026-07-20 14:00:00,Delicatessen,Comedy,Marc Caro,1991,99,16,8.5
1259,2026-07-20 10:00:00,Doctor Zhivago,Drama,David Lean,1965,197,12,7.0
1260,2026-07-19 15:30:00,The Circus,Comedy,Charles Chaplin,1928,72,12,6.5
1261,2026-07-19 12:30:00,Unforgiven,Drama,Clint Eastwood,1992,130,12,6.5
1262,2026-07-19 10:00:00,Tôkyô goddofâzâzu,Animation,Satoshi Kon,2003,90,12,8.0
1263,2026-07-18 15:00:00,À bout de souffle,Crime,Jean-Luc Godard,1960,90,0,8.5
1264,2026-07-18 12:30:00,Spoorloos,Mystery,George Sluizer,1988,107,12,7.5
1265,2026-07-18 10:00:00,Tôkyô goddofâzâzu,Animation,Satoshi Kon,2003,90,12,7.0
1266,2026-07-17 12:30:00,The World's Fastest Indian,Biography,Roger Donaldson,2005,127,0,8.5
1267,2026-07-17 10:00:00,Badlands,Action,Terrence Malick,1973,94,6,8.0
1268,2026-07-16 15:00:00,The World's Fastest Indian,Biography,Roger Donaldson,2005,127,0,8.5
1269,2026-07-16 12:30:00,Funny Games,Crime,Michael Haneke,1997,108,12,7.0
1270,2026-07-16 10:00:00,Spoorloos,Mystery,George Sluizer,1988,107,12,7.0
1271,2026-07-15 16:30:00,Rebecca,Drama,Alfred Hitchcock,1940,130,12,7.0
1272,2026-07-15 14:00:00,To Have and Have Not,Adventure,Howard Hawks,1944,100,6,7.5
1273,2026-07-15 10:30:00,The Wild Bunch,Action,Sam Peckinpah,1969,145,12,7.5
1274,2026-07-14 14:00:00,The World's Fastest Indian,Biography,Roger Donaldson,2005,127,0,7.0
1275,2026-07-14 10:00:00,The Longest Day,Action,Ken Annakin,1962,178,0,8.0
1276,2026-07-13 17:00:00,Heat,Crime,Michael Mann,1995,170,12,7.0
1277,2026-07-13 12:30:00,Giant,Drama,George Stevens,1956,201,0,8.5
1278,2026-07-13 10:00:00,The Graduate,Comedy,Mike Nichols,1967,106,12,6.5
1279,2026-07-12 15:30:00,Manhattan,Comedy,Woody Allen,1979,96,16,8.0
1280,2026-07-12 13:00:00,To Have and Have Not,Adventure,Howard Hawks,1944,100,6,7.0
1281,2026-07-12 10:30:00,Trois couleurs: Blanc,Comedy,Krzysztof Kieslowski,1994,92,0,6.5
1282,2026-07-11 16:30:00,Jungfrukällan,Drama,Ingmar Bergman,1960,89,12,7.5
1283,2026-07-11 13:30:00,La battaglia di Algeri,Drama,Gillo Pontecorvo,1966,121,12,6.5
1284,2026-07-11 10:30:00,La battaglia di Algeri,Drama,Gillo Pontecorvo,1966,121,12,7.0
1285,2026-07-10 13:30:00,Cast Away,Adventure,Robert Zemeckis,2000,143,12,8.5
1286,2026-07-10 10:30:00,The World's Fastest Indian,Biography,Roger Donaldson,2005,127,0,8.5
1287,2026-07-09 16:00:00,Manhattan,Comedy,Woody Allen,1979,96,16,7.0
1288,2026-07-09 13:30:00,Spoorloos,Mystery,George Sluizer,1988,107,12,7.0
1289,2026-07-09 10:30:00,Kill Bill: Vol. 2,Action,Quentin Tarantino,2004,137,12,6.5
1290,2026-07-08 10:30:00,Vizontele,Comedy,Yilmaz Erdogan,2001,110,12,6.5
1291,2026-07-07 10:30:00,Funny Games,Crime,Michael Haneke,1997,108,12,8.0
1292,2026-07-06 10:30:00,À bout de souffle,Crime,Jean-Luc Godard,1960,90,0,8.0
1293,2026-07-05 16:00:00,Empire of the Sun,Action,Steven Spielberg,1987,153,0,8.0
1294,2026-07-05 13:00:00,Fantasia,Animation,James Algar,1940,125,0,6.5
1295,2026-07-05 10:00:00,La battaglia di Algeri,Drama,Gillo Pontecorvo,1966,121,12,7.0
1296,2026-07-04 19:00:00,Spoorloos,Mystery,George Sluizer,1988,107,12,9.0
1297,2026-07-04 16:00:00,Cast Away,Adventure,Robert Zemeckis,2000,143,12,7.5
1298,2026-07-04 13:00:00,Apocalypto,Action,Mel Gibson,2006,139,12,7.0
1299,2026-07-04 10:30:00,Spoorloos,Mystery,George Sluizer,1988,107,12,8.5
1300,2026-07-03 10:30:00,The World's Fastest Indian,Biography,Roger Donaldson,2005,127,0,6.5
1301,2026-07-02 10:00:00,Kal Ho Naa Ho,Comedy,Nikkhil Advani,2003,186,0,8.5
1302,2026-07-01 10:00:00,À bout de souffle,Crime,Jean-Luc Godard,1960,90,0,7.5
1303,2026-06-30 16:00:00,Jungfrukällan,Drama,Ingmar Bergman,1960,89,12,7.5
1304,2026-06-30 13:00:00,Funny Games,Crime,Michael Haneke,1997,108,12,8.5
1305,2026-06-30 10:00:00,Rebecca,Drama,Alfred Hitchcock,1940,130,12,7.0
1306,2026-06-29 13:30:00,What's Eating Gilbert Grape,Drama,Lasse Hallström,1993,118,0,7.5
1307,2026-06-29 10:30:00,Omohide poro poro,Animation,Isao Takahata,1991,118,0,8.5
1308,2026-06-28 18:30:00,Apocalypto,Action,Mel Gibson,2006,139,12,9.5
1309,2026-06-28 15:30:00,Fantasia,Animation,James Algar,1940,125,0,7.0
1310,2026-06-28 13:00:00,In the Heat of the Night,Crime,Norman Jewison,1967,110,0,8.0
1311,2026-06-28 10:30:00,Tôkyô goddofâzâzu,Animation,Satoshi Kon,2003,90,12,8.5
1312,2026-06-27 16:00:00,To Have and Have Not,Adventure,Howard Hawks,1944,100,6,7.0
1313,2026-06-27 13:30:00,To Have and Have Not,Adventure,Howard Hawks,1944,100,6,8.0
1314,2026-06-27 10:30:00,Unforgiven,Drama,Clint Eastwood,1992,130,12,8.5
1315,2026-06-26 14:00:00,Giant,Drama,George Stevens,1956,201,0,8.5
1316,2026-06-26 10:30:00,Heat,Crime,Michael Mann,1995,170,12,8.0
1317,2026-06-25 15:00:00,28 Days Later...,Drama,Danny Boyle,2002,113,12,8.0
1318,2026-06-25 12:30:00,À bout de souffle,Crime,Jean-Luc Godard,1960,90,0,7.0
1319,2026-06-25 10:00:00,Laura,Drama,Otto Preminger,1944,88,12,8.5
1320,2026-06-24 15:00:00,Vizontele,Comedy,Yilmaz Erdogan,2001,110,12,8.0
1321,2026-06-24 12:30:00,Trois couleurs: Blanc,Comedy,Krzysztof Kieslowski,1994,92,0,6.5
1322,2026-06-24 10:00:00,The Graduate,Comedy,Mike Nichols,1967,106,12,7.0
1323,2026-06-23 13:30:00,Unforgiven,Drama,Clint Eastwood,1992,130,12,8.5
1324,2026-06-23 10:30:00,Anand,Drama,Hrishikesh Mukherjee,1971,122,0,8.0
1325,2026-06-22 16:30:00,Laura,Drama,Otto Preminger,1944,88,12,8.0
1326,2026-06-22 13:30:00,The Silence of the Lambs,Crime,Jonathan Demme,1991,118,12,6.5
1327,2026-06-22 10:30:00,What's Eating Gilbert Grape,Drama,Lasse Hallström,1993,118,0,8.5
1328,2026-06-21 17:30:00,Empire of the Sun,Action,Steven Spielberg,1987,153,0,6.5
1329,2026-06-21 14:30:00,Rebecca,Drama,Alfred Hitchcock,1940,130,12,8.0
1330,2026-06-21 12:00:00,Before Sunrise,Drama,Richard Linklater,1995,101,16,7.0
1331,2026-06-21 10:00:00,Laura,Drama,Otto Preminger,1944,88,12,7.5
1332,2026-06-20 15:30:00,Sling Blade,Drama,Billy Bob Thornton,1996,135,16,8.0
1333,2026-06-20 13:00:00,Trois couleurs: Blanc,Comedy,Krzysztof Kieslowski,1994,92,0,8.0
1334,2026-06-20 10:30:00,Tôkyô goddofâzâzu,Animation,Satoshi Kon,2003,90,12,7.0
1335,2026-06-19 12:30:00,What's Eating Gilbert Grape,Drama,Lasse Hallström,1993,118,0,7.0
1336,2026-06-19 10:00:00,Trois couleurs: Blanc,Comedy,Krzysztof Kieslowski,1994,92,0,8.0
1337,2026-06-18 16:30:00,Jurassic Park,Action,Steven Spielberg,1993,127,12,8.0
1338,2026-06-18 14:00:00,Strangers on a Train,Crime,Alfred Hitchcock,1951,101,12,6.5
1339,2026-06-18 10:30:00,The Longest Day,Action,Ken Annakin,1962,178,0,7.5
1340,2026-06-17 10:30:00,Anand,Drama,Hrishikesh Mukherjee,1971,122,0,7.0
1341,2026-06-16 10:30:00,Trois couleurs: Blanc,Comedy,Krzysztof Kieslowski,1994,92,0,7.0
1342,2026-06-15 10:30:00,Laura,Drama,Otto Preminger,1944,88,12,7.5
1343,2026-06-14 21:00:00,Kal Ho Naa Ho,Comedy,Nikkhil Advani,2003,186,0,8.5
1344,2026-06-14 17:00:00,The Longest Day,Action,Ken Annakin,1962,178,0,8.5
1345,2026-06-14 14:30:00,The Graduate,Comedy,Mike Nichols,1967,106,12,8.5
1346,2026-06-14 10:30:00,Kal Ho Naa Ho,Comedy,Nikkhil Advani,2003,186,0,7.5
1347,2026-06-13 19:30:00,The Longest Day,Action,Ken Annakin,1962,178,0,8.5
1348,2026-06-13 16:00:00,Metropolis,Drama,Fritz Lang,1927,153,12,8.0
1349,2026-06-13 13:30:00,The Graduate,Comedy,Mike Nichols,1967,106,12,7.5
1350,2026-06-13 10:30:00,Jurassic Park,Action,Steven Spielberg,1993,127,12,8.0
1351,2026-06-12 13:00:00,Empire of the Sun,Action,Steven Spielberg,1987,153,0,8.5
1352,2026-06-12 10:00:00,Rebecca,Drama,Alfred Hitchcock,1940,130,12,7.0
1353,2026-06-11 16:00:00,Jurassic Park,Action,Steven Spielberg,1993,127,12,7.5
1354,2026-06-11 13:00:00,Anand,Drama,Hrishikesh Mukherjee,1971,122,0,7.5
1355,2026-06-11 10:00:00,Anand,Drama,Hrishikesh Mukherjee,1971,122,0,7.5
1356,2026-06-10 12:30:00,Omohide poro poro,Animation,Isao Takahata,1991,118,0,7.0
1357,2026-06-10 10:00:00,28 Days Later...,Drama,Danny Boyle,2002,113,12,8.0
1358,2026-06-09 16:30:00,Before Sunrise,Drama,Richard Linklater,1995,101,16,7.5
1359,2026-06-09 13:00:00,Terminator 2: Judgment Day,Action,James Cameron,1991,137,0,6.5
1360,2026-06-09 10:00:00,28 Days Later...,Drama,Danny Boyle,2002,113,12,6.5
1361,2026-06-08 16:00:00,The Longest Day,Action,Ken Annakin,1962,178,0,8.5
1362,2026-06-08 13:30:00,Spoorloos,Mystery,George Sluizer,1988,107,12,7.5
1363,2026-06-08 10:00:00,Empire of the Sun,Action,Steven Spielberg,1987,153,0,8.5
1364,2026-06-07 16:30:00,The Graduate,Comedy,Mike Nichols,1967,106,12,8.5
1365,2026-06-07 13:30:00,Terminator 2: Judgment Day,Action,James Cameron,1991,137,0,7.0
1366,2026-06-07 10:00:00,Metropolis,Drama,Fritz Lang,1927,153,12,8.0
1367,2026-06-06 16:00:00,The Muppet Christmas Carol,Comedy,Brian Henson,1992,85,0,8.5
1368,2026-06-06 13:30:00,Trois couleurs: Blanc,Comedy,Krzysztof Kieslowski,1994,92,0,7.5
1369,2026-06-06 10:30:00,Omohide poro poro,Animation,Isao Takahata,1991,118,0,8.0
1370,2026-06-05 13:00:00,Metropolis,Drama,Fritz Lang,1927,153,12,7.0
1371,2026-06-05 10:30:00,Strangers on a Train,Crime,Alfred Hitchcock,1951,101,12,7.5
1372,2026-06-04 16:00:00,Before Sunrise,Drama,Richard Linklater,1995,101,16,7.0
1373,2026-06-04 13:00:00,Omohide poro poro,Animation,Isao Takahata,1991,118,0,6.5
1374,2026-06-04 10:30:00,Spoorloos,Mystery,George Sluizer,1988,107,12,6.5
1375,2026-06-03 14:30:00,Funny Games,Crime,Michael Haneke,1997,108,12,8.0
1376,2026-06-03 10:30:00,Kal Ho Naa Ho,Comedy,Nikkhil Advani,2003,186,0,6.5
1377,2026-06-02 17:30:00,The Graduate,Comedy,Mike Nichols,1967,106,12,8.5
1378,2026-06-02 14:30:00,What's Eating Gilbert Grape,Drama,Lasse Hallström,1993,118,0,8.5
1379,2026-06-02 10:00:00,Giant,Drama,George Stevens,1956,201,0,7.0
1380,2026-06-01 17:00:00,Trois couleurs: Blanc,Comedy,Krzysztof Kieslowski,1994,92,0,8.5
1381,2026-06-01 14:00:00,The Incredibles,Animation,Brad Bird,2004,115,0,8.0
1382,2026-06-01 10:30:00,Apocalypto,Action,Mel Gibson,2006,139,12,8.0
1383,2026-05-31 15:30:00,Funny Games,Crime,Michael Haneke,1997,108,12,7.5
1384,2026-05-31 13:00:00,Spoorloos,Mystery,George Sluizer,1988,107,12,8.5
1385,2026-05-31 10:00:00,Jurassic Park,Action,Steven Spielberg,1993,127,12,7.5
1386,2026-05-30 15:00:00,Mimi wo sumaseba,Animation,Yoshifumi Kondô,1995,111,0,6.5
1387,2026-05-30 12:30:00,Funny Games,Crime,Michael Haneke,1997,108,12,8.0
1388,2026-05-30 10:00:00,What's Eating Gilbert Grape,Drama,Lasse Hallström,1993,118,0,8.5
1389,2026-05-29 12:30:00,Apocalypto,Action,Mel Gibson,2006,139,12,7.0
1390,2026-05-29 10:00:00,The Lost Weekend,Drama,Billy Wilder,1945,101,12,8.5
1391,2026-05-28 16:00:00,Star Wars,Action,George Lucas,1977,121,12,7.5
1392,2026-05-28 13:00:00,Jurassic Park,Action,Steven Spielberg,1993,127,12,7.0
1393,2026-05-28 10:00:00,28 Days Later...,Drama,Danny Boyle,2002,113,12,8.0
1394,2026-05-27 13:30:00,The Muppet Christmas Carol,Comedy,Brian Henson,1992,85,0,8.5
1395,2026-05-27 10:30:00,The Silence of the Lambs,Crime,Jonathan Demme,1991,118,12,8.5
1396,2026-05-26 16:30:00,The Treasure of the Sierra Madre,Adventure,John Huston,1948,126,12,8.0
1397,2026-05-26 14:00:00,Mimi wo sumaseba,Animation,Yoshifumi Kondô,1995,111,0,7.0
1398,2026-05-26 10:00:00,Kal Ho Naa Ho,Comedy,Nikkhil Advani,2003,186,0,8.5
1399,2026-05-25 13:00:00,The Muppet Christmas Carol,Comedy,Brian Henson,1992,85,0,7.0
1400,2026-05-25 10:30:00,Tôkyô goddofâzâzu,Animation,Satoshi Kon,2003,90,12,7.5
1401,2026-05-24 19:00:00,The Last King of Scotland,Biography,Kevin Macdonald,2006,123,16,9.5
1402,2026-05-24 16:00:00,Anand,Drama,Hrishikesh Mukherjee,1971,122,0,8.0
1403,2026-05-24 13:00:00,What's Eating Gilbert Grape,Drama,Lasse Hallström,1993,118,0,6.5
1404,2026-05-24 10:30:00,À bout de souffle,Crime,Jean-Luc Godard,1960,90,0,6.5
1405,2026-05-23 16:00:00,Trois couleurs: Bleu,Drama,Krzysztof Kieslowski,1993,94,0,8.5
1406,2026-05-23 13:00:00,Apocalypto,Action,Mel Gibson,2006,139,12,6.5
1407,2026-05-23 10:30:00,Strangers on a Train,Crime,Alfred Hitchcock,1951,101,12,8.0
1408,2026-05-22 10:30:00,Before Sunrise,Drama,Richard Linklater,1995,101,16,7.0
1409,2026-05-21 10:30:00,Kal Ho Naa Ho,Comedy,Nikkhil Advani,2003,186,0,8.5
1410,2026-05-20 16:00:00,The Graduate,Comedy,Mike Nichols,1967,106,12,8.0
1411,2026-05-20 13:30:00,The Iron Giant,Animation,Brad Bird,1999,86,6,6.5
1412,2026-05-20 10:30:00,Star Wars,Action,George Lucas,1977,121,12,7.5
1413,2026-05-19 13:30:00,Terminator 2: Judgment Day,Action,James Cameron,1991,137,0,8.5
1414,2026-05-19 10:30:00,Mimi wo sumaseba,Animation,Yoshifumi Kondô,1995,111,0,7.0
1415,2026-05-18 16:00:00,The Terminator,Action,James Cameron,1984,107,12,7.5
1416,2026-05-18 13:00:00,Charade,Comedy,Stanley Donen,1963,113,0,8.5
1417,2026-05-18 10:00:00,Omohide poro poro,Animation,Isao Takahata,1991,118,0,7.5
1418,2026-05-17 18:00:00,The Blues Brothers,Action,John Landis,1980,133,0,8.5
1419,2026-05-17 16:00:00,The Muppet Christmas Carol,Comedy,Brian Henson,1992,85,0,8.5
1420,2026-05-17 13:00:00,The Blues Brothers,Action,John Landis,1980,133,0,7.0
1421,2026-05-17 10:00:00,Anand,Drama,Hrishikesh Mukherjee,1971,122,0,8.0
1422,2026-05-16 18:30:00,The Last King of Scotland,Biography,Kevin Macdonald,2006,123,16,8.5
1423,2026-05-16 16:00:00,Blood Simple,Crime,Joel Coen,1984,99,12,7.5
1424,2026-05-16 13:30:00,Trois couleurs: Rouge,Drama,Krzysztof Kieslowski,1994,99,0,8.5
1425,2026-05-16 10:30:00,A Bronx Tale,Crime,Robert De Niro,1993,121,16,7.0
1426,2026-05-15 10:30:00,Aliens,Action,James Cameron,1986,137,0,7.5
1427,2026-05-14 15:30:00,Before Sunrise,Drama,Richard Linklater,1995,101,16,8.5
1428,2026-05-14 13:00:00,Fa yeung nin wah,Drama,Kar-Wai Wong,2000,98,0,8.0
1429,2026-05-14 10:30:00,À bout de souffle,Crime,Jean-Luc Godard,1960,90,0,7.0
1430,2026-05-13 16:00:00,The Last King of Scotland,Biography,Kevin Macdonald,2006,123,16,6.5
1431,2026-05-13 13:30:00,Ghostbusters,Action,Ivan Reitman,1984,105,12,8.5
1432,2026-05-13 10:30:00,Taegukgi hwinalrimyeo,Action,Je-kyu Kang,2004,140,16,6.5
1433,2026-05-12 15:30:00,The Lost Weekend,Drama,Billy Wilder,1945,101,12,7.5
1434,2026-05-12 13:00:00,Boyz n the Hood,Crime,John Singleton,1991,112,12,7.0
1435,2026-05-12 10:30:00,The Graduate,Comedy,Mike Nichols,1967,106,12,7.5
1436,2026-05-11 13:30:00,Before Sunrise,Drama,Richard Linklater,1995,101,16,7.0
1437,2026-05-11 10:30:00,Anand,Drama,Hrishikesh Mukherjee,1971,122,0,8.5
1438,2026-05-10 18:00:00,Sen to Chihiro no kamikakushi,Animation,Hayao Miyazaki,2001,125,0,9.0
1439,2026-05-10 15:00:00,Terminator 2: Judgment Day,Action,James Cameron,1991,137,0,8.0
1440,2026-05-10 12:30:00,The Graduate,Comedy,Mike Nichols,1967,106,12,7.0
1441,2026-05-10 10:00:00,Blood Simple,Crime,Joel Coen,1984,99,12,7.0
1442,2026-05-09 19:00:00,300,Action,Zack Snyder,2006,117,12,10.0
1443,2026-05-09 16:00:00,Inside Man,Crime,Spike Lee,2006,129,16,7.0
1444,2026-05-09 13:30:00,Trois couleurs: Rouge,Drama,Krzysztof Kieslowski,1994,99,0,8.5
1445,2026-05-09 10:30:00,Omohide poro poro,Animation,Isao Takahata,1991,118,0,8.0
1446,2026-05-08 10:00:00,Before Sunrise,Drama,Richard Linklater,1995,101,16,7.5
1447,2026-05-07 15:30:00,Sen to Chihiro no kamikakushi,Animation,Hayao Miyazaki,2001,125,0,7.5
1448,2026-05-07 13:00:00,Rashômon,Crime,Akira Kurosawa,1950,88,12,7.0
1449,2026-05-07 10:00:00,Boyz n the Hood,Crime,John Singleton,1991,112,12,7.0
1450,2026-05-06 15:00:00,À bout de souffle,Crime,Jean-Luc Godard,1960,90,0,8.5
1451,2026-05-06 12:30:00,300,Action,Zack Snyder,2006,117,12,7.5
1452,2026-05-06 10:00:00,Annie Hall,Comedy,Woody Allen,1977,93,12,6.5
1453,2026-05-05 13:30:00,Cinderella Man,Biography,Ron Howard,2005,144,12,7.0
1454,2026-05-05 10:30:00,Omohide poro poro,Animation,Isao Takahata,1991,118,0,7.5
1455,2026-05-04 12:30:00,The Incredibles,Animation,Brad Bird,2004,115,0,6.5
1456,2026-05-04 10:00:00,Ivanovo detstvo,Drama,Andrei Tarkovsky,1962,95,12,6.5
1457,2026-05-03 18:00:00,Before Sunrise,Drama,Richard Linklater,1995,101,16,9.5
1458,2026-05-03 15:00:00,The Treasure of the Sierra Madre,Adventure,John Huston,1948,126,12,6.5
1459,2026-05-03 12:30:00,Charade,Comedy,Stanley Donen,1963,113,0,7.0
1460,2026-05-03 10:00:00,À bout de souffle,Crime,Jean-Luc Godard,1960,90,0,7.0
1461,2026-05-02 16:00:00,Kurenai no buta,Animation,Hayao Miyazaki,1992,94,0,8.0
1462,2026-05-02 13:00:00,Pan's Labyrinth,Drama,Guillermo del Toro,2006,118,12,8.0
1463,2026-05-02 10:30:00,The Iron Giant,Animation,Brad Bird,1999,86,6,8.0
1464,2026-05-01 10:30:00,On Golden Pond,Drama,Mark Rydell,1981,109,12,7.0
1465,2026-04-30 15:30:00,Cinderella Man,Biography,Ron Howard,2005,144,12,6.5
1466,2026-04-30 12:30:00,The Treasure of the Sierra Madre,Adventure,John Huston,1948,126,12,8.5
1467,2026-04-30 10:00:00,The Maltese Falcon,Film-Noir,John Huston,1941,100,12,6.5
1468,2026-04-29 10:30:00,The African Queen,Adventure,John Huston,1951,105,6,6.5
1469,2026-04-28 15:00:00,The Blues Brothers,Action,John Landis,1980,133,0,6.5
1470,2026-04-28 12:30:00,The Incredibles,Animation,Brad Bird,2004,115,0,6.5
1471,2026-04-28 10:00:00,Kurenai no buta,Animation,Hayao Miyazaki,1992,94,0,7.5
1472,2026-04-27 10:30:00,Cinderella Man,Biography,Ron Howard,2005,144,12,7.0
1473,2026-04-26 19:00:00,Trois couleurs: Rouge,Drama,Krzysztof Kieslowski,1994,99,0,8.5
1474,2026-04-26 16:00:00,Letters from Iwo Jima,Action,Clint Eastwood,2006,141,12,8.5
1475,2026-04-26 13:30:00,Blood Simple,Crime,Joel Coen,1984,99,12,8.0
1476,2026-04-26 10:30:00,Taegukgi hwinalrimyeo,Action,Je-kyu Kang,2004,140,16,6.5
1477,2026-04-25 18:30:00,The Treasure of the Sierra Madre,Adventure,John Huston,1948,126,12,9.5
1478,2026-04-25 15:30:00,Inherit the Wind,Biography,Stanley Kramer,1960,128,12,7.5
1479,2026-04-25 12:30:00,Letters from Iwo Jima,Action,Clint Eastwood,2006,141,12,7.5
1480,2026-04-25 10:00:00,Lethal Weapon,Action,Richard Donner,1987,109,12,8.5
1481,2026-04-24 16:00:00,Kurenai no buta,Animation,Hayao Miyazaki,1992,94,0,7.0
1482,2026-04-24 13:00:00,Death Note: Desu nôto,Crime,Shûsuke Kaneko,2006,126,12,7.5
1483,2026-04-24 10:00:00,Sabrina,Comedy,Billy Wilder,1954,113,12,8.0
1484,2026-04-23 10:30:00,The Treasure of the Sierra Madre,Adventure,John Huston,1948,126,12,6.5
1485,2026-04-22 12:30:00,The African Queen,Adventure,John Huston,1951,105,6,7.0
1486,2026-04-22 10:00:00,Hotaru no haka,Animation,Isao Takahata,1988,89,0,8.0
1487,2026-04-21 14:30:00,The Incredibles,Animation,Brad Bird,2004,115,0,8.0
1488,2026-04-21 10:30:00,The Godfather,Crime,Francis Ford Coppola,1972,175,12,6.5
1489,2026-04-20 10:00:00,The Blues Brothers,Action,John Landis,1980,133,0,7.0
1490,2026-04-19 17:30:00,Aliens,Action,James Cameron,1986,137,0,7.0
1491,2026-04-19 15:00:00,Tôkyô goddofâzâzu,Animation,Satoshi Kon,2003,90,12,7.0
1492,2026-04-19 12:30:00,Kurenai no buta,Animation,Hayao Miyazaki,1992,94,0,8.0
1493,2026-04-19 10:00:00,The Maltese Falcon,Film-Noir,John Huston,1941,100,12,7.0
1494,2026-04-18 18:30:00,The Godfather,Crime,Francis Ford Coppola,1972,175,12,8.5
1495,2026-04-18 16:00:00,À bout de souffle,Crime,Jean-Luc Godard,1960,90,0,8.0
1496,2026-04-18 13:00:00,Sabrina,Comedy,Billy Wilder,1954,113,12,6.5
1497,2026-04-18 10:00:00,Sen to Chihiro no kamikakushi,Animation,Hayao Miyazaki,2001,125,0,6.5
1498,2026-04-17 16:30:00,On Golden Pond,Drama,Mark Rydell,1981,109,12,6.5
1499,2026-04-17 13:00:00,The Godfather,Crime,Francis Ford Coppola,1972,175,12,7.0
1500,2026-04-17 10:30:00,Ivanovo detstvo,Drama,Andrei Tarkovsky,1962,95,12,8.0
1501,2026-04-16 15:30:00,Taegukgi hwinalrimyeo,Action,Je-kyu Kang,2004,140,16,7.5
1502,2026-04-16 13:00:00,The African Queen,Adventure,John Huston,1951,105,6,8.0
1503,2026-04-16 10:30:00,Fa yeung nin wah,Drama,Kar-Wai Wong,2000,98,0,8.0
1504,2026-04-15 16:30:00,Lethal Weapon,Action,Richard Donner,1987,109,12,6.5
1505,2026-04-15 14:00:00,Hotaru no haka,Animation,Isao Takahata,1988,89,0,7.0
1506,2026-04-15 10:30:00,Taegukgi hwinalrimyeo,Action,Je-kyu Kang,2004,140,16,8.5
1507,2026-04-14 13:30:00,Ivanovo detstvo,Drama,Andrei Tarkovsky,1962,95,12,7.0
1508,2026-04-14 10:30:00,Sabrina,Comedy,Billy Wilder,1954,113,12,8.0
1509,2026-04-13 10:30:00,The African Queen,Adventure,John Huston,1951,105,6,7.5
1510,2026-04-12 17:30:00,Inherit the Wind,Biography,Stanley Kramer,1960,128,12,6.5
1511,2026-04-12 15:00:00,Ivanovo detstvo,Drama,Andrei Tarkovsky,1962,95,12,8.0
1512,2026-04-12 12:30:00,To Have and Have Not,Adventure,Howard Hawks,1944,100,6,7.5
1513,2026-04-12 10:00:00,The Conversation,Drama,Francis Ford Coppola,1974,113,0,7.5
1514,2026-04-11 17:00:00,Sabrina,Comedy,Billy Wilder,1954,113,12,6.5
1515,2026-04-11 13:00:00,The Lord of the Rings: The Return of the King,Action,Peter Jackson,2003,201,0,7.5
1516,2026-04-11 10:30:00,À bout de souffle,Crime,Jean-Luc Godard,1960,90,0,8.0
1517,2026-04-10 15:00:00,The Conversation,Drama,Francis Ford Coppola,1974,113,0,8.0
1518,2026-04-10 12:30:00,Airplane!,Comedy,Jim Abrahams,1980,88,0,8.5
1519,2026-04-10 10:00:00,The Conversation,Drama,Francis Ford Coppola,1974,113,0,6.5
1520,2026-04-09 13:00:00,On Golden Pond,Drama,Mark Rydell,1981,109,12,7.0
1521,2026-04-09 10:30:00,The Odd Couple,Comedy,Gene Saks,1968,105,0,6.5
1522,2026-04-08 15:30:00,Airplane!,Comedy,Jim Abrahams,1980,88,0,6.5
1523,2026-04-08 12:30:00,Death Note: Desu nôto,Crime,Shûsuke Kaneko,2006,126,12,8.0
1524,2026-04-08 10:00:00,Hiroshima mon amour,Drama,Alain Resnais,1959,90,12,8.5
1525,2026-04-07 15:00:00,Taegukgi hwinalrimyeo,Action,Je-kyu Kang,2004,140,16,8.0
1526,2026-04-07 12:30:00,Annie Hall,Comedy,Woody Allen,1977,93,12,7.5
1527,2026-04-07 10:00:00,Hiroshima mon amour,Drama,Alain Resnais,1959,90,12,8.0
1528,2026-04-06 15:30:00,Ivanovo detstvo,Drama,Andrei Tarkovsky,1962,95,12,7.5
1529,2026-04-06 12:30:00,Taegukgi hwinalrimyeo,Action,Je-kyu Kang,2004,140,16,8.5
1530,2026-04-06 10:00:00,Ivanovo detstvo,Drama,Andrei Tarkovsky,1962,95,12,7.5
1531,2026-04-05 16:00:00,Mononoke-hime,Animation,Hayao Miyazaki,1997,134,0,8.5
1532,2026-04-05 13:00:00,Aliens,Action,James Cameron,1986,137,0,7.5
1533,2026-04-05 10:00:00,Sen to Chihiro no kamikakushi,Animation,Hayao Miyazaki,2001,125,0,8.5
1534,2026-04-04 16:30:00,Aliens,Action,James Cameron,1986,137,0,7.5
1535,2026-04-04 13:30:00,The Big Lebowski,Comedy,Joel Coen,1998,117,16,8.0
1536,2026-04-04 10:30:00,Inherit the Wind,Biography,Stanley Kramer,1960,128,12,7.5
1537,2026-04-03 10:00:00,Inside Man,Crime,Spike Lee,2006,129,16,8.0
1538,2026-04-02 10:30:00,The Big Lebowski,Comedy,Joel Coen,1998,117,16,8.0
1539,2026-04-01 15:30:00,Wait Until Dark,Thriller,Terence Young,1967,108,12,8.0
1540,2026-04-01 12:30:00,Tôkyô monogatari,Drama,Yasujirô Ozu,1953,136,0,7.0
1541,2026-04-01 10:00:00,Manhattan,Comedy,Woody Allen,1979,96,16,8.0
1542,2026-03-31 10:00:00,Vertigo,Mystery,Alfred Hitchcock,1958,128,12,8.0
1543,2026-03-30 12:30:00,Sholay,Action,Ramesh Sippy,1975,204,0,6.5
1544,2026-03-30 10:00:00,Back to the Future Part II,Adventure,Robert Zemeckis,1989,108,0,7.0
1545,2026-03-29 15:30:00,Billy Elliot,Drama,Stephen Daldry,2000,110,16,8.0
1546,2026-03-29 13:00:00,Ivanovo detstvo,Drama,Andrei Tarkovsky,1962,95,12,7.5
1547,2026-03-29 10:00:00,Death Note: Desu nôto,Crime,Shûsuke Kaneko,2006,126,12,8.0
1548,2026-03-28 17:30:00,Letters from Iwo Jima,Action,Clint Eastwood,2006,141,12,8.5
1549,2026-03-28 15:00:00,Airplane!,Comedy,Jim Abrahams,1980,88,0,7.5
1550,2026-03-28 13:00:00,The General,Action,Clyde Bruckman,1926,67,12,8.0
1551,2026-03-28 10:30:00,The Wizard of Oz,Adventure,Victor Fleming,1939,102,0,7.5
1552,2026-03-27 13:30:00,Star Wars: Episode VI - Return of the Jedi,Action,Richard Marquand,1983,131,0,8.5
1553,2026-03-27 10:00:00,Taegukgi hwinalrimyeo,Action,Je-kyu Kang,2004,140,16,8.0
1554,2026-03-26 16:00:00,Pan's Labyrinth,Drama,Guillermo del Toro,2006,118,12,7.5
1555,2026-03-26 13:30:00,Back to the Future Part II,Adventure,Robert Zemeckis,1989,108,0,6.5
1556,2026-03-26 10:30:00,The Bridges of Madison County,Drama,Clint Eastwood,1995,135,12,7.0
1557,2026-03-25 15:30:00,Letters from Iwo Jima,Action,Clint Eastwood,2006,141,12,8.5
1558,2026-03-25 12:30:00,Pan's Labyrinth,Drama,Guillermo del Toro,2006,118,12,6.5
1559,2026-03-25 10:00:00,Nosferatu,Fantasy,F.W. Murnau,1922,94,12,7.5
1560,2026-03-24 10:30:00,Pride & Prejudice,Drama,Joe Wright,2005,129,6,7.5
1561,2026-03-23 10:00:00,The Odd Couple,Comedy,Gene Saks,1968,105,0,7.5
1562,2026-03-22 15:30:00,The Lord of the Rings: The Return of the King,Action,Peter Jackson,2003,201,0,7.5
1563,2026-03-22 12:00:00,La leggenda del pianista sull'oceano,Drama,Giuseppe Tornatore,1998,169,0,7.0
1564,2026-03-22 10:30:00,Sherlock Jr.,Action,Buster Keaton,1924,45,12,7.0
1565,2026-03-21 15:30:00,Badlands,Action,Terrence Malick,1973,94,6,7.5
1566,2026-03-21 13:00:00,Ivanovo detstvo,Drama,Andrei Tarkovsky,1962,95,12,8.0
1567,2026-03-21 10:00:00,The Conversation,Drama,Francis Ford Coppola,1974,113,0,7.5
1568,2026-03-20 10:30:00,The Bridges of Madison County,Drama,Clint Eastwood,1995,135,12,6.5
1569,2026-03-19 17:00:00,To Have and Have Not,Adventure,Howard Hawks,1944,100,6,7.5
1570,2026-03-19 14:00:00,Sen to Chihiro no kamikakushi,Animation,Hayao Miyazaki,2001,125,0,7.0
1571,2026-03-19 10:30:00,Stalker,Drama,Andrei Tarkovsky,1979,162,0,8.5
1572,2026-03-18 17:00:00,The Day the Earth Stood Still,Drama,Robert Wise,1951,92,0,8.5
1573,2026-03-18 14:00:00,Star Wars: Episode VI - Return of the Jedi,Action,Richard Marquand,1983,131,0,7.0
1574,2026-03-18 10:30:00,Stalker,Drama,Andrei Tarkovsky,1979,162,0,7.0
1575,2026-03-17 10:00:00,Road to Perdition,Crime,Sam Mendes,2002,117,12,8.5
1576,2026-03-16 10:00:00,The Kid,Comedy,Charles Chaplin,1921,68,12,6.5
1577,2026-03-15 16:00:00,Stalker,Drama,Andrei Tarkovsky,1979,162,0,8.0
1578,2026-03-15 13:30:00,Ivanovo detstvo,Drama,Andrei Tarkovsky,1962,95,12,7.0
1579,2026-03-15 10:00:00,Tôkyô monogatari,Drama,Yasujirô Ozu,1953,136,0,8.0
1580,2026-03-14 19:30:00,Do the Right Thing,Comedy,Spike Lee,1989,120,16,10.0
1581,2026-03-14 17:00:00,Wait Until Dark,Thriller,Terence Young,1967,108,12,8.0
1582,2026-03-14 13:00:00,The Lord of the Rings: The Return of the King,Action,Peter Jackson,2003,201,0,8.5
1583,2026-03-14 10:30:00,Badlands,Action,Terrence Malick,1973,94,6,6.5
1584,2026-03-13 10:30:00,The General,Action,Clyde Bruckman,1926,67,12,6.5
1585,2026-03-12 10:30:00,La leggenda del pianista sull'oceano,Drama,Giuseppe Tornatore,1998,169,0,6.5
1586,2026-03-11 13:00:00,Manhattan,Comedy,Woody Allen,1979,96,16,7.5
1587,2026-03-11 10:00:00,Citizen Kane,Drama,Orson Welles,1941,119,12,8.0
1588,2026-03-10 14:30:00,Mononoke-hime,Animation,Hayao Miyazaki,1997,134,0,7.5
1589,2026-03-10 12:30:00,The Kid,Comedy,Charles Chaplin,1921,68,12,8.0
1590,2026-03-10 10:00:00,Citizen Kane,Drama,Orson Welles,1941,119,12,6.5
1591,2026-03-09 10:30:00,Sholay,Action,Ramesh Sippy,1975,204,0,6.5
1592,2026-03-08 17:00:00,"Monsters, Inc.",Animation,Pete Docter,2001,92,0,6.5
1593,2026-03-08 14:00:00,Star Wars: Episode VI - Return of the Jedi,Action,Richard Marquand,1983,131,0,8.5
1594,2026-03-08 10:00:00,The Lord of the Rings: The Return of the King,Action,Peter Jackson,2003,201,0,8.5
1595,2026-03-07 14:30:00,Road to Perdition,Crime,Sam Mendes,2002,117,12,6.5
1596,2026-03-07 12:00:00,Badlands,Action,Terrence Malick,1973,94,6,8.0
1597,2026-03-07 10:00:00,The Kid,Comedy,Charles Chaplin,1921,68,12,8.5
1598,2026-03-06 15:00:00,Nuovo Cinema Paradiso,Drama,Giuseppe Tornatore,1988,155,0,7.5
1599,2026-03-06 12:00:00,Do the Right Thing,Comedy,Spike Lee,1989,120,16,6.5
1600,2026-03-06 10:00:00,La planète sauvage,Animation,René Laloux,1973,72,0,8.0
1601,2026-03-05 18:00:00,Citizen Kane,Drama,Orson Welles,1941,119,12,9.0
1602,2026-03-05 14:00:00,Sholay,Action,Ramesh Sippy,1975,204,0,7.0
1603,2026-03-05 10:30:00,Nuovo Cinema Paradiso,Drama,Giuseppe Tornatore,1988,155,0,7.0
1604,2026-03-04 13:30:00,Au revoir les enfants,Drama,Louis Malle,1987,104,0,7.5
1605,2026-03-04 10:00:00,Fitzcarraldo,Adventure,Werner Herzog,1982,158,16,6.5
1606,2026-03-03 12:30:00,Fitzcarraldo,Adventure,Werner Herzog,1982,158,16,8.0
1607,2026-03-03 10:00:00,Back to the Future Part II,Adventure,Robert Zemeckis,1989,108,0,7.0
1608,2026-03-02 10:30:00,Nuovo Cinema Paradiso,Drama,Giuseppe Tornatore,1988,155,0,8.0
1609,2026-03-01 16:30:00,Nosferatu,Fantasy,F.W. Murnau,1922,94,12,7.0
1610,2026-03-01 12:30:00,Sholay,Action,Ramesh Sippy,1975,204,0,8.0
1611,2026-03-01 10:00:00,Au revoir les enfants,Drama,Louis Malle,1987,104,0,7.0
1612,2026-02-28 19:00:00,Badlands,Action,Terrence Malick,1973,94,6,9.5
1613,2026-02-28 16:30:00,Edward Scissorhands,Drama,Tim Burton,1990,105,0,6.5
1614,2026-02-28 13:30:00,The Blues Brothers,Action,John Landis,1980,133,0,7.0
1615,2026-02-28 10:30:00,Road to Perdition,Crime,Sam Mendes,2002,117,12,6.5
1616,2026-02-27 10:30:00,The Blues Brothers,Action,John Landis,1980,133,0,7.5
1617,2026-02-26 12:30:00,Sholay,Action,Ramesh Sippy,1975,204,0,8.0
1618,2026-02-26 10:30:00,The General,Action,Clyde Bruckman,1926,67,12,6.5
1619,2026-02-25 10:30:00,Stalker,Drama,Andrei Tarkovsky,1979,162,0,7.5
1620,2026-02-24 13:30:00,Do the Right Thing,Comedy,Spike Lee,1989,120,16,7.5
1621,2026-02-24 10:00:00,Stalker,Drama,Andrei Tarkovsky,1979,162,0,8.0
1622,2026-02-23 12:30:00,Viskningar och rop,Drama,Ingmar Bergman,1972,91,12,6.5
1623,2026-02-23 10:00:00,Viskningar och rop,Drama,Ingmar Bergman,1972,91,12,8.0
1624,2026-02-22 17:30:00,Forrest Gump,Drama,Robert Zemeckis,1994,142,12,7.0
1625,2026-02-22 15:30:00,The 39 Steps,Crime,Alfred Hitchcock,1935,86,12,8.5
1626,2026-02-22 13:00:00,Au revoir les enfants,Drama,Louis Malle,1987,104,0,7.0
1627,2026-02-22 10:00:00,Minority Report,Action,Steven Spielberg,2002,145,12,8.5
1628,2026-02-21 14:00:00,Badlands,Action,Terrence Malick,1973,94,6,7.5
1629,2026-02-21 11:30:00,High Noon,Drama,Fred Zinnemann,1952,85,6,7.0
1630,2026-02-21 10:00:00,Sherlock Jr.,Action,Buster Keaton,1924,45,12,6.5
1631,2026-02-20 16:00:00,La planète sauvage,Animation,René Laloux,1973,72,0,7.5
1632,2026-02-20 13:30:00,Gongdong gyeongbi guyeok JSA,Action,Chan-wook Park,2000,110,12,6.5
1633,2026-02-20 10:00:00,Stalker,Drama,Andrei Tarkovsky,1979,162,0,6.5
1634,2026-02-19 10:30:00,The Last Picture Show,Drama,Peter Bogdanovich,1971,118,16,7.0
1635,2026-02-18 15:00:00,Sherlock Jr.,Action,Buster Keaton,1924,45,12,8.0
1636,2026-02-18 12:30:00,Dirty Harry,Action,Don Siegel,1971,102,12,7.0
1637,2026-02-18 10:00:00,Au revoir les enfants,Drama,Louis Malle,1987,104,0,8.0
1638,2026-02-17 10:30:00,Stalker,Drama,Andrei Tarkovsky,1979,162,0,7.0
1639,2026-02-16 10:00:00,Barton Fink,Comedy,Joel Coen,1991,116,0,8.5
1640,2026-02-15 15:30:00,The Blues Brothers,Action,John Landis,1980,133,0,7.5
1641,2026-02-15 13:00:00,Withnail & I,Comedy,Bruce Robinson,1987,107,16,7.0
1642,2026-02-15 10:30:00,No Man's Land,Comedy,Danis Tanovic,2001,98,16,8.0
1643,2026-02-14 14:30:00,Citizen Kane,Drama,Orson Welles,1941,119,12,7.5
1644,2026-02-14 13:00:00,Sherlock Jr.,Action,Buster Keaton,1924,45,12,8.0
1645,2026-02-14 10:30:00,Viskningar och rop,Drama,Ingmar Bergman,1972,91,12,8.5
1646,2026-02-13 14:00:00,The Color Purple,Drama,Steven Spielberg,1985,154,0,7.5
1647,2026-02-13 10:00:00,Barry Lyndon,Adventure,Stanley Kubrick,1975,185,6,7.0
1648,2026-02-12 10:00:00,Back to the Future Part II,Adventure,Robert Zemeckis,1989,108,0,6.5
1649,2026-02-11 13:30:00,The Usual Suspects,Crime,Bryan Singer,1995,106,12,8.0
1650,2026-02-11 10:30:00,Barton Fink,Comedy,Joel Coen,1991,116,0,7.5
1651,2026-02-10 16:30:00,No Man's Land,Comedy,Danis Tanovic,2001,98,16,8.0
1652,2026-02-10 13:00:00,Nuovo Cinema Paradiso,Drama,Giuseppe Tornatore,1988,155,0,8.0
1653,2026-02-10 10:30:00,Children of Men,Adventure,Alfonso Cuarón,2006,109,12,6.5
1654,2026-02-09 12:30:00,Viskningar och rop,Drama,Ingmar Bergman,1972,91,12,8.0
1655,2026-02-09 10:00:00,Gongdong gyeongbi guyeok JSA,Action,Chan-wook Park,2000,110,12,8.5
1656,2026-02-08 18:30:00,Mississippi Burning,Crime,Alan Parker,1988,128,12,9.0
1657,2026-02-08 15:00:00,Amadeus,Biography,Milos Forman,1984,160,16,7.0
1658,2026-02-08 12:30:00,Billy Elliot,Drama,Stephen Daldry,2000,110,16,8.5
1659,2026-02-08 10:00:00,Edward Scissorhands,Drama,Tim Burton,1990,105,0,7.5
1660,2026-02-07 15:00:00,Blade Runner,Action,Ridley Scott,1982,117,12,7.0
1661,2026-02-07 12:30:00,The Usual Suspects,Crime,Bryan Singer,1995,106,12,8.5
1662,2026-02-07 10:00:00,Zerkalo,Biography,Andrei Tarkovsky,1975,107,0,6.5
1663,2026-02-06 13:00:00,Minority Report,Action,Steven Spielberg,2002,145,12,7.0
1664,2026-02-06 10:30:00,Les yeux sans visage,Drama,Georges Franju,1960,90,12,8.5
1665,2026-02-05 10:00:00,Billy Elliot,Drama,Stephen Daldry,2000,110,16,6.5
1666,2026-02-04 10:30:00,Dirty Harry,Action,Don Siegel,1971,102,12,8.0
1667,2026-02-03 15:30:00,Gongdong gyeongbi guyeok JSA,Action,Chan-wook Park,2000,110,12,6.5
1668,2026-02-03 12:30:00,The Remains of the Day,Drama,James Ivory,1993,134,0,7.5
1669,2026-02-03 10:00:00,Withnail & I,Comedy,Bruce Robinson,1987,107,16,7.5
1670,2026-02-02 15:30:00,Les yeux sans visage,Drama,Georges Franju,1960,90,12,8.0
1671,2026-02-02 13:00:00,Children of Men,Adventure,Alfonso Cuarón,2006,109,12,6.5
1672,2026-02-02 10:30:00,The 39 Steps,Crime,Alfred Hitchcock,1935,86,12,6.5
1673,2026-02-01 16:00:00,Blade Runner,Action,Ridley Scott,1982,117,12,8.0
1674,2026-02-01 13:30:00,Les yeux sans visage,Drama,Georges Franju,1960,90,12,7.5
1675,2026-02-01 10:00:00,Forrest Gump,Drama,Robert Zemeckis,1994,142,12,8.5
1676,2026-01-31 15:00:00,Brokeback Mountain,Drama,Ang Lee,2005,134,12,8.0
1677,2026-01-31 12:30:00,No Man's Land,Comedy,Danis Tanovic,2001,98,16,8.5
1678,2026-01-31 10:00:00,Wait Until Dark,Thriller,Terence Young,1967,108,12,7.5
1679,2026-01-30 10:30:00,Midnight Express,Biography,Alan Parker,1978,121,12,7.5
1680,2026-01-29 15:00:00,Withnail & I,Comedy,Bruce Robinson,1987,107,16,7.0
1681,2026-01-29 12:30:00,Viskningar och rop,Drama,Ingmar Bergman,1972,91,12,7.5
1682,2026-01-29 10:00:00,Dirty Harry,Action,Don Siegel,1971,102,12,7.0
1683,2026-01-28 13:00:00,The Usual Suspects,Crime,Bryan Singer,1995,106,12,8.0
1684,2026-01-28 10:30:00,Au revoir les enfants,Drama,Louis Malle,1987,104,0,8.5
1685,2026-01-27 13:00:00,Blade Runner,Action,Ridley Scott,1982,117,12,8.5
1686,2026-01-27 10:30:00,Au revoir les enfants,Drama,Louis Malle,1987,104,0,7.5
1687,2026-01-26 15:30:00,To Have and Have Not,Adventure,Howard Hawks,1944,100,6,6.5
1688,2026-01-26 12:30:00,Wait Until Dark,Thriller,Terence Young,1967,108,12,7.5
1689,2026-01-26 10:00:00,No Man's Land,Comedy,Danis Tanovic,2001,98,16,7.5
1690,2026-01-25 16:30:00,The 39 Steps,Crime,Alfred Hitchcock,1935,86,12,7.5
1691,2026-01-25 13:00:00,Forrest Gump,Drama,Robert Zemeckis,1994,142,12,7.0
1692,2026-01-25 10:30:00,Fargo,Crime,Joel Coen,1996,98,12,8.0
1693,2026-01-24 17:00:00,Ray,Biography,Taylor Hackford,2004,152,12,7.0
1694,2026-01-24 13:30:00,Taegukgi hwinalrimyeo,Action,Je-kyu Kang,2004,140,16,7.5
1695,2026-01-24 10:30:00,Gongdong gyeongbi guyeok JSA,Action,Chan-wook Park,2000,110,12,8.0
1696,2026-01-23 10:30:00,Predator,Action,John McTiernan,1987,107,12,8.5
1697,2026-01-22 10:30:00,Barry Lyndon,Adventure,Stanley Kubrick,1975,185,6,6.5
1698,2026-01-21 10:00:00,Fargo,Crime,Joel Coen,1996,98,12,8.0
1699,2026-01-20 13:30:00,Dirty Harry,Action,Don Siegel,1971,102,12,8.0
1700,2026-01-20 10:30:00,Mississippi Burning,Crime,Alan Parker,1988,128,12,6.5
1701,2026-01-19 16:00:00,The Third Man,Film-Noir,Carol Reed,1949,104,12,7.5
1702,2026-01-19 13:00:00,Forrest Gump,Drama,Robert Zemeckis,1994,142,12,7.5
1703,2026-01-19 10:30:00,Withnail & I,Comedy,Bruce Robinson,1987,107,16,7.0
1704,2026-01-18 19:30:00,The Remains of the Day,Drama,James Ivory,1993,134,0,9.0
1705,2026-01-18 16:00:00,Amadeus,Biography,Milos Forman,1984,160,16,8.0
1706,2026-01-18 13:30:00,High Noon,Drama,Fred Zinnemann,1952,85,6,6.5
1707,2026-01-18 10:30:00,The Remains of the Day,Drama,James Ivory,1993,134,0,8.5
1708,2026-01-17 20:00:00,Taegukgi hwinalrimyeo,Action,Je-kyu Kang,2004,140,16,10.0
1709,2026-01-17 17:00:00,To Kill a Mockingbird,Crime,Robert Mulligan,1962,129,0,8.0
1710,2026-01-17 13:30:00,The Last Samurai,Action,Edward Zwick,2003,154,12,8.5
1711,2026-01-17 10:30:00,Forrest Gump,Drama,Robert Zemeckis,1994,142,12,8.5
1712,2026-01-16 13:00:00,Withnail & I,Comedy,Bruce Robinson,1987,107,16,8.0
1713,2026-01-16 10:30:00,Zerkalo,Biography,Andrei Tarkovsky,1975,107,0,7.0
1714,2026-01-15 16:00:00,Office Space,Comedy,Mike Judge,1999,89,16,8.5
1715,2026-01-15 13:30:00,No Man's Land,Comedy,Danis Tanovic,2001,98,16,7.5
1716,2026-01-15 10:00:00,Ray,Biography,Taylor Hackford,2004,152,12,8.0
1717,2026-01-14 10:30:00,Midnight Express,Biography,Alan Parker,1978,121,12,8.5
1718,2026-01-13 10:30:00,Dirty Harry,Action,Don Siegel,1971,102,12,6.5
1719,2026-01-12 12:30:00,When Harry Met Sally...,Comedy,Rob Reiner,1989,95,12,8.5
1720,2026-01-12 10:00:00,Predator,Action,John McTiernan,1987,107,12,8.5
1721,2026-01-11 18:30:00,Taegukgi hwinalrimyeo,Action,Je-kyu Kang,2004,140,16,9.0
1722,2026-01-11 16:00:00,Fargo,Crime,Joel Coen,1996,98,12,8.5
1723,2026-01-11 13:30:00,Dirty Harry,Action,Don Siegel,1971,102,12,8.0
1724,2026-01-11 10:00:00,Ray,Biography,Taylor Hackford,2004,152,12,8.5
1725,2026-01-10 18:30:00,Dirty Harry,Action,Don Siegel,1971,102,12,9.5
1726,2026-01-10 16:00:00,High Noon,Drama,Fred Zinnemann,1952,85,6,7.5
1727,2026-01-10 12:30:00,Papillon,Biography,Franklin J. Schaffner,1973,151,16,7.5
1728,2026-01-10 10:00:00,Office Space,Comedy,Mike Judge,1999,89,16,7.5
1729,2026-01-09 10:00:00,Kôkaku Kidôtai,Animation,Mamoru Oshii,1995,83,12,7.0
1730,2026-01-08 16:00:00,Harvey,Comedy,Henry Koster,1950,104,12,8.5
1731,2026-01-08 13:30:00,Double Indemnity,Crime,Billy Wilder,1944,107,12,7.5
1732,2026-01-08 10:00:00,Taegukgi hwinalrimyeo,Action,Je-kyu Kang,2004,140,16,7.5
1733,2026-01-07 10:00:00,Taegukgi hwinalrimyeo,Action,Je-kyu Kang,2004,140,16,7.5
1734,2026-01-06 13:30:00,Hannah and Her Sisters,Comedy,Woody Allen,1986,107,12,6.5
1735,2026-01-06 10:30:00,Hannah and Her Sisters,Comedy,Woody Allen,1986,107,12,6.5
1736,2026-01-05 16:30:00,The Last Samurai,Action,Edward Zwick,2003,154,12,6.5
1737,2026-01-05 13:00:00,Papillon,Biography,Franklin J. Schaffner,1973,151,16,7.0
1738,2026-01-05 10:30:00,Office Space,Comedy,Mike Judge,1999,89,16,7.0
1739,2026-01-04 19:00:00,Fargo,Crime,Joel Coen,1996,98,12,9.0
1740,2026-01-04 16:00:00,The Remains of the Day,Drama,James Ivory,1993,134,0,8.0
1741,2026-01-04 13:00:00,L.A. Confidential,Crime,Curtis Hanson,1997,138,12,7.5
1742,2026-01-04 10:30:00,Chung Hing sam lam,Comedy,Kar-Wai Wong,1994,102,0,8.5
1743,2026-01-03 19:00:00,Mississippi Burning,Crime,Alan Parker,1988,128,12,10.0
1744,2026-01-03 16:30:00,Predator,Action,John McTiernan,1987,107,12,7.5
1745,2026-01-03 13:00:00,The Last Samurai,Action,Edward Zwick,2003,154,12,7.5
1746,2026-01-03 10:30:00,Fargo,Crime,Joel Coen,1996,98,12,7.0
1747,2026-01-02 10:00:00,The Third Man,Film-Noir,Carol Reed,1949,104,12,6.5
1748,2026-01-01 17:00:00,Love and Death,Comedy,Woody Allen,1975,85,6,8.0
1749,2026-01-01 14:00:00,Midnight Express,Biography,Alan Parker,1978,121,12,8.5
1750,2026-01-01 10:30:00,The Departed,Crime,Martin Scorsese,2006,151,12,8.0
1751,2025-12-31 10:30:00,The Wild Bunch,Action,Sam Peckinpah,1969,145,12,6.5
1752,2025-12-30 10:00:00,Office Space,Comedy,Mike Judge,1999,89,16,7.5
1753,2025-12-29 12:30:00,Papillon,Biography,Franklin J. Schaffner,1973,151,16,8.0
1754,2025-12-29 10:00:00,Chung Hing sam lam,Comedy,Kar-Wai Wong,1994,102,0,7.5
1755,2025-12-28 16:30:00,La planète sauvage,Animation,René Laloux,1973,72,0,8.5
1756,2025-12-28 14:00:00,Yôjinbô,Action,Akira Kurosawa,1961,110,12,8.0
1757,2025-12-28 10:30:00,The Great Escape,Adventure,John Sturges,1963,172,0,8.5
1758,2025-12-27 15:30:00,American Psycho,Comedy,Mary Harron,2000,101,12,7.0
1759,2025-12-27 13:00:00,When Harry Met Sally...,Comedy,Rob Reiner,1989,95,12,8.5
1760,2025-12-27 10:30:00,High Noon,Drama,Fred Zinnemann,1952,85,6,8.0
1761,2025-12-26 10:30:00,My Left Foot: The Story of Christy Brown,Biography,Jim Sheridan,1989,103,0,8.5
1762,2025-12-25 16:00:00,L.A. Confidential,Crime,Curtis Hanson,1997,138,12,7.0
1763,2025-12-25 13:00:00,Minority Report,Action,Steven Spielberg,2002,145,12,8.5
1764,2025-12-25 10:30:00,Predator,Action,John McTiernan,1987,107,12,6.5
1765,2025-12-24 12:30:00,American Psycho,Comedy,Mary Harron,2000,101,12,7.5
1766,2025-12-24 10:00:00,When Harry Met Sally...,Comedy,Rob Reiner,1989,95,12,7.0
1767,2025-12-23 16:30:00,Office Space,Comedy,Mike Judge,1999,89,16,6.5
1768,2025-12-23 13:30:00,The Fugitive,Action,Andrew Davis,1993,130,0,7.0
1769,2025-12-23 10:00:00,Papillon,Biography,Franklin J. Schaffner,1973,151,16,7.0
1770,2025-12-22 16:00:00,The Wild Bunch,Action,Sam Peckinpah,1969,145,12,8.0
1771,2025-12-22 13:30:00,When Harry Met Sally...,Comedy,Rob Reiner,1989,95,12,6.5
1772,2025-12-22 10:30:00,Midnight Express,Biography,Alan Parker,1978,121,12,7.5
1773,2025-12-21 15:00:00,Yôjinbô,Action,Akira Kurosawa,1961,110,12,8.5
1774,2025-12-21 12:30:00,Pink Floyd: The Wall,Drama,Alan Parker,1982,95,12,8.0
1775,2025-12-21 10:00:00,Trois couleurs: Bleu,Drama,Krzysztof Kieslowski,1993,94,0,8.5
1776,2025-12-20 15:30:00,Midnight Express,Biography,Alan Parker,1978,121,12,7.5
1777,2025-12-20 12:30:00,All That Jazz,Drama,Bob Fosse,1979,123,12,7.5
1778,2025-12-20 10:00:00,Kumonosu-jô,Drama,Akira Kurosawa,1957,110,12,7.5
1779,2025-12-19 15:30:00,Predator,Action,John McTiernan,1987,107,12,8.5
1780,2025-12-19 13:00:00,Love and Death,Comedy,Woody Allen,1975,85,6,8.0
1781,2025-12-19 10:30:00,Fa yeung nin wah,Drama,Kar-Wai Wong,2000,98,0,8.0
1782,2025-12-18 15:30:00,La montaña sagrada,Adventure,Alejandro Jodorowsky,1973,114,16,8.0
1783,2025-12-18 12:30:00,All That Jazz,Drama,Bob Fosse,1979,123,12,8.0
1784,2025-12-18 10:00:00,Bom Yeoareum Gaeul Gyeoul Geurigo Bom,Drama,Ki-duk Kim,2003,103,16,8.0
1785,2025-12-17 16:30:00,Yôjinbô,Action,Akira Kurosawa,1961,110,12,8.5
1786,2025-12-17 13:30:00,All That Jazz,Drama,Bob Fosse,1979,123,12,8.0
1787,2025-12-17 10:30:00,Predator,Action,John McTiernan,1987,107,12,8.5
1788,2025-12-16 13:00:00,High Noon,Drama,Fred Zinnemann,1952,85,6,7.0
1789,2025-12-16 10:30:00,28 Days Later...,Drama,Danny Boyle,2002,113,12,8.0
1790,2025-12-15 13:00:00,Papillon,Biography,Franklin J. Schaffner,1973,151,16,8.5
1791,2025-12-15 10:00:00,The Fugitive,Action,Andrew Davis,1993,130,0,6.5
1792,2025-12-14 15:30:00,Kumonosu-jô,Drama,Akira Kurosawa,1957,110,12,7.0
1793,2025-12-14 13:00:00,Rupan sansei: Kariosutoro no shiro,Animation,Hayao Miyazaki,1979,100,0,8.0
1794,2025-12-14 10:30:00,Dip huet seung hung,Action,John Woo,1989,111,16,6.5
1795,2025-12-13 16:30:00,Bom Yeoareum Gaeul Gyeoul Geurigo Bom,Drama,Ki-duk Kim,2003,103,16,7.5
1796,2025-12-13 14:00:00,Fa yeung nin wah,Drama,Kar-Wai Wong,2000,98,0,6.5
1797,2025-12-13 10:00:00,The Great Escape,Adventure,John Sturges,1963,172,0,8.0
1798,2025-12-12 10:00:00,La battaglia di Algeri,Drama,Gillo Pontecorvo,1966,121,12,8.0
1799,2025-12-11 10:30:00,Scarface,Crime,Brian De Palma,1983,170,12,8.0
1800,2025-12-10 12:30:00,The Wild Bunch,Action,Sam Peckinpah,1969,145,12,7.5
1801,2025-12-10 10:00:00,Trois couleurs: Bleu,Drama,Krzysztof Kieslowski,1993,94,0,7.5
1802,2025-12-09 10:30:00,Once Were Warriors,Crime,Lee Tamahori,1994,102,12,7.5
1803,2025-12-08 16:00:00,The Great Escape,Adventure,John Sturges,1963,172,0,7.5
1804,2025-12-08 13:30:00,La montaña sagrada,Adventure,Alejandro Jodorowsky,1973,114,16,7.5
1805,2025-12-08 10:00:00,The Great Escape,Adventure,John Sturges,1963,172,0,6.5
1806,2025-12-07 15:30:00,Once Were Warriors,Crime,Lee Tamahori,1994,102,12,7.0
1807,2025-12-07 13:00:00,Trois couleurs: Bleu,Drama,Krzysztof Kieslowski,1993,94,0,8.5
1808,2025-12-07 10:00:00,La montaña sagrada,Adventure,Alejandro Jodorowsky,1973,114,16,8.0
1809,2025-12-06 15:30:00,Dilwale Dulhania Le Jayenge,Drama,Aditya Chopra,1995,189,0,6.5
1810,2025-12-06 13:00:00,Bom Yeoareum Gaeul Gyeoul Geurigo Bom,Drama,Ki-duk Kim,2003,103,16,6.5
1811,2025-12-06 10:30:00,Once Were Warriors,Crime,Lee Tamahori,1994,102,12,8.0
1812,2025-12-05 18:00:00,Dilwale Dulhania Le Jayenge,Drama,Aditya Chopra,1995,189,0,9.5
1813,2025-12-05 15:30:00,Kumonosu-jô,Drama,Akira Kurosawa,1957,110,12,7.5
1814,2025-12-05 10:30:00,Gone with the Wind,Drama,Victor Fleming,1939,238,0,7.0
1815,2025-12-04 18:00:00,Minority Report,Action,Steven Spielberg,2002,145,12,9.5
1816,2025-12-04 13:00:00,Gone with the Wind,Drama,Victor Fleming,1939,238,0,6.5
1817,2025-12-04 10:30:00,Once Were Warriors,Crime,Lee Tamahori,1994,102,12,8.0
1818,2025-12-03 15:30:00,Minority Report,Action,Steven Spielberg,2002,145,12,6.5
1819,2025-12-03 12:30:00,The Fugitive,Action,Andrew Davis,1993,130,0,7.5
1820,2025-12-03 10:00:00,My Left Foot: The Story of Christy Brown,Biography,Jim Sheridan,1989,103,0,7.0
1821,2025-12-02 16:00:00,Dilwale Dulhania Le Jayenge,Drama,Aditya Chopra,1995,189,0,6.5
1822,2025-12-02 12:30:00,Papillon,Biography,Franklin J. Schaffner,1973,151,16,8.0
1823,2025-12-02 10:00:00,When Harry Met Sally...,Comedy,Rob Reiner,1989,95,12,6.5
1824,2025-12-01 10:00:00,The Wild Bunch,Action,Sam Peckinpah,1969,145,12,7.5
1825,2025-11-30 21:00:00,"Lock, Stock and Two Smoking Barrels",Action,Guy Ritchie,1998,107,12,10.0
1826,2025-11-30 16:30:00,Malcolm X,Biography,Spike Lee,1992,202,0,6.5
1827,2025-11-30 13:30:00,La battaglia di Algeri,Drama,Gillo Pontecorvo,1966,121,12,7.5
1828,2025-11-30 10:00:00,Stalker,Drama,Andrei Tarkovsky,1979,162,0,8.5
1829,2025-11-29 19:00:00,La planète sauvage,Animation,René Laloux,1973,72,0,10.0
1830,2025-11-29 15:30:00,Scarface,Crime,Brian De Palma,1983,170,12,8.0
1831,2025-11-29 13:00:00,Bom Yeoareum Gaeul Gyeoul Geurigo Bom,Drama,Ki-duk Kim,2003,103,16,7.5
1832,2025-11-29 10:00:00,"Lock, Stock and Two Smoking Barrels",Action,Guy Ritchie,1998,107,12,7.5
1833,2025-11-28 10:00:00,East of Eden,Drama,Elia Kazan,1955,118,0,8.5
1834,2025-11-27 17:00:00,My Left Foot: The Story of Christy Brown,Biography,Jim Sheridan,1989,103,0,8.5
1835,2025-11-27 14:30:00,American Psycho,Comedy,Mary Harron,2000,101,12,7.0
1836,2025-11-27 10:30:00,Malcolm X,Biography,Spike Lee,1992,202,0,8.5
1837,2025-11-26 16:00:00,Rupan sansei: Kariosutoro no shiro,Animation,Hayao Miyazaki,1979,100,0,8.5
1838,2025-11-26 12:30:00,Stalker,Drama,Andrei Tarkovsky,1979,162,0,8.5
1839,2025-11-26 10:30:00,La planète sauvage,Animation,René Laloux,1973,72,0,7.5
1840,2025-11-25 10:00:00,28 Days Later...,Drama,Danny Boyle,2002,113,12,8.0
1841,2025-11-24 14:00:00,East of Eden,Drama,Elia Kazan,1955,118,0,8.0
1842,2025-11-24 10:30:00,Minority Report,Action,Steven Spielberg,2002,145,12,7.0
1843,2025-11-23 18:00:00,The Machinist,Drama,Brad Anderson,2004,101,16,8.5
1844,2025-11-23 15:00:00,"Lock, Stock and Two Smoking Barrels",Action,Guy Ritchie,1998,107,12,8.0
1845,2025-11-23 12:30:00,Trois couleurs: Bleu,Drama,Krzysztof Kieslowski,1993,94,0,8.5
1846,2025-11-23 10:00:00,Trois couleurs: Bleu,Drama,Krzysztof Kieslowski,1993,94,0,6.5
1847,2025-11-22 18:30:00,Das Boot,Adventure,Wolfgang Petersen,1981,149,16,8.5
1848,2025-11-22 16:00:00,The Sandlot,Comedy,David Mickey Evans,1993,101,0,8.0
1849,2025-11-22 13:00:00,Sleuth,Mystery,Joseph L. Mankiewicz,1972,138,6,6.5
1850,2025-11-22 10:30:00,American Psycho,Comedy,Mary Harron,2000,101,12,6.5
1851,2025-11-21 10:00:00,Minority Report,Action,Steven Spielberg,2002,145,12,7.0
1852,2025-11-20 12:00:00,Minority Report,Action,Steven Spielberg,2002,145,12,6.5
1853,2025-11-20 10:00:00,La planète sauvage,Animation,René Laloux,1973,72,0,8.0
1854,2025-11-19 12:30:00,When Harry Met Sally...,Comedy,Rob Reiner,1989,95,12,7.5
1855,2025-11-19 10:00:00,28 Days Later...,Drama,Danny Boyle,2002,113,12,8.5
1856,2025-11-18 13:30:00,Stalker,Drama,Andrei Tarkovsky,1979,162,0,8.5
1857,2025-11-18 10:30:00,Das Boot,Adventure,Wolfgang Petersen,1981,149,16,7.5
1858,2025-11-17 16:00:00,Das Boot,Adventure,Wolfgang Petersen,1981,149,16,8.0
1859,2025-11-17 12:30:00,Ray,Biography,Taylor Hackford,2004,152,12,8.0
1860,2025-11-17 10:00:00,Enter the Dragon,Action,Robert Clouse,1973,102,12,8.5
1861,2025-11-16 17:00:00,Rosemary's Baby,Drama,Roman Polanski,1968,137,12,7.5
1862,2025-11-16 13:30:00,Stalker,Drama,Andrei Tarkovsky,1979,162,0,7.5
1863,2025-11-16 10:00:00,Minority Report,Action,Steven Spielberg,2002,145,12,6.5
1864,2025-11-15 20:30:00,American Psycho,Comedy,Mary Harron,2000,101,12,9.0
1865,2025-11-15 17:00:00,Harry Potter and the Goblet of Fire,Adventure,Mike Newell,2005,157,12,7.5
1866,2025-11-15 13:30:00,Stalker,Drama,Andrei Tarkovsky,1979,162,0,8.0
1867,2025-11-15 10:30:00,Crash,Crime,Paul Haggis,2004,112,12,7.5
1868,2025-11-14 15:00:00,American Psycho,Comedy,Mary Harron,2000,101,12,7.0
1869,2025-11-14 12:30:00,American Psycho,Comedy,Mary Harron,2000,101,12,6.5
1870,2025-11-14 10:00:00,The Machinist,Drama,Brad Anderson,2004,101,16,6.5
1871,2025-11-13 10:30:00,The Machinist,Drama,Brad Anderson,2004,101,16,8.0
1872,2025-11-12 10:00:00,King Kong,Adventure,Merian C. Cooper,1933,100,12,8.5
1873,2025-11-11 13:30:00,Malcolm X,Biography,Spike Lee,1992,202,0,8.0
1874,2025-11-11 10:00:00,Stalker,Drama,Andrei Tarkovsky,1979,162,0,7.0
1875,2025-11-10 15:00:00,Minority Report,Action,Steven Spielberg,2002,145,12,7.0
1876,2025-11-10 12:30:00,Crash,Crime,Paul Haggis,2004,112,12,7.5
1877,2025-11-10 10:00:00,King Kong,Adventure,Merian C. Cooper,1933,100,12,7.5
1878,2025-11-09 20:00:00,Ray,Biography,Taylor Hackford,2004,152,12,9.5
1879,2025-11-09 16:00:00,Titanic,Drama,James Cameron,1997,194,12,7.0
1880,2025-11-09 13:00:00,28 Days Later...,Drama,Danny Boyle,2002,113,12,8.5
1881,2025-11-09 10:00:00,28 Days Later...,Drama,Danny Boyle,2002,113,12,8.0
1882,2025-11-08 15:30:00,Tengoku to jigoku,Crime,Akira Kurosawa,1963,143,12,8.0
1883,2025-11-08 13:00:00,When Harry Met Sally...,Comedy,Rob Reiner,1989,95,12,8.0
1884,2025-11-08 10:00:00,Indiana Jones and the Last Crusade,Action,Steven Spielberg,1989,127,0,8.5
1885,2025-11-07 10:30:00,A Streetcar Named Desire,Drama,Elia Kazan,1951,122,12,8.0
1886,2025-11-06 13:00:00,Harry Potter and the Goblet of Fire,Adventure,Mike Newell,2005,157,12,8.5
1887,2025-11-06 10:00:00,Sleuth,Mystery,Joseph L. Mankiewicz,1972,138,6,7.5
1888,2025-11-05 10:30:00,When Harry Met Sally...,Comedy,Rob Reiner,1989,95,12,7.0
1889,2025-11-04 13:00:00,Das Boot,Adventure,Wolfgang Petersen,1981,149,16,7.0
1890,2025-11-04 10:30:00,The Machinist,Drama,Brad Anderson,2004,101,16,6.5
1891,2025-11-03 13:30:00,Indiana Jones and the Last Crusade,Action,Steven Spielberg,1989,127,0,8.5
1892,2025-11-03 10:30:00,Per qualche dollaro in più,Western,Sergio Leone,1965,132,0,8.0
1893,2025-11-02 19:30:00,Harry Potter and the Goblet of Fire,Adventure,Mike Newell,2005,157,12,8.5
1894,2025-11-02 16:00:00,Ray,Biography,Taylor Hackford,2004,152,12,6.5
1895,2025-11-02 13:00:00,Indiana Jones and the Last Crusade,Action,Steven Spielberg,1989,127,0,7.0
1896,2025-11-02 10:30:00,King Kong,Adventure,Merian C. Cooper,1933,100,12,6.5
1897,2025-11-01 19:30:00,The Sound of Music,Biography,Robert Wise,1965,172,0,8.5
1898,2025-11-01 16:30:00,East of Eden,Drama,Elia Kazan,1955,118,0,6.5
1899,2025-11-01 13:30:00,Indiana Jones and the Last Crusade,Action,Steven Spielberg,1989,127,0,7.5
1900,2025-11-01 10:00:00,Tengoku to jigoku,Crime,Akira Kurosawa,1963,143,12,7.0
1901,2025-10-31 15:30:00,On Golden Pond,Drama,Mark Rydell,1981,109,12,6.5
1902,2025-10-31 13:00:00,The Goonies,Adventure,Richard Donner,1985,114,0,8.0
1903,2025-10-31 10:00:00,The Philadelphia Story,Comedy,George Cukor,1940,112,12,8.5
1904,2025-10-30 10:00:00,Enter the Dragon,Action,Robert Clouse,1973,102,12,8.0
1905,2025-10-29 14:00:00,Enter the Dragon,Action,Robert Clouse,1973,102,12,7.5
1906,2025-10-29 10:30:00,Tengoku to jigoku,Crime,Akira Kurosawa,1963,143,12,8.0
1907,2025-10-28 14:00:00,Rosemary's Baby,Drama,Roman Polanski,1968,137,12,7.5
1908,2025-10-28 10:30:00,Harry Potter and the Goblet of Fire,Adventure,Mike Newell,2005,157,12,7.5
1909,2025-10-27 10:30:00,The Sound of Music,Biography,Robert Wise,1965,172,0,8.0
1910,2025-10-26 17:30:00,Harry Potter and the Goblet of Fire,Adventure,Mike Newell,2005,157,12,7.5
1911,2025-10-26 14:00:00,Das Boot,Adventure,Wolfgang Petersen,1981,149,16,6.5
1912,2025-10-26 10:30:00,Harry Potter and the Goblet of Fire,Adventure,Mike Newell,2005,157,12,8.0
1913,2025-10-25 17:00:00,Vizontele,Comedy,Yilmaz Erdogan,2001,110,12,6.5
1914,2025-10-25 13:30:00,Ray,Biography,Taylor Hackford,2004,152,12,6.5
1915,2025-10-25 10:00:00,Kelly's Heroes,Adventure,Brian G. Hutton,1970,144,12,8.5
1916,2025-10-24 10:30:00,A Streetcar Named Desire,Drama,Elia Kazan,1951,122,12,8.0
1917,2025-10-23 15:30:00,Rushmore,Comedy,Wes Anderson,1998,93,12,7.0
1918,2025-10-23 13:00:00,On Golden Pond,Drama,Mark Rydell,1981,109,12,7.0
1919,2025-10-23 10:00:00,Tengoku to jigoku,Crime,Akira Kurosawa,1963,143,12,8.5
1920,2025-10-22 10:00:00,The Sound of Music,Biography,Robert Wise,1965,172,0,6.5
1921,2025-10-21 15:30:00,Ray,Biography,Taylor Hackford,2004,152,12,8.5
1922,2025-10-21 13:00:00,The Lady Vanishes,Mystery,Alfred Hitchcock,1938,96,12,8.0
1923,2025-10-21 10:30:00,On Golden Pond,Drama,Mark Rydell,1981,109,12,7.5
1924,2025-10-20 10:00:00,Manhattan,Comedy,Woody Allen,1979,96,16,7.5
1925,2025-10-19 18:30:00,Indiana Jones and the Last Crusade,Action,Steven Spielberg,1989,127,0,10.0
1926,2025-10-19 15:30:00,Kelly's Heroes,Adventure,Brian G. Hutton,1970,144,12,8.5
1927,2025-10-19 12:30:00,Midnight Express,Biography,Alan Parker,1978,121,12,6.5
1928,2025-10-19 10:00:00,Enter the Dragon,Action,Robert Clouse,1973,102,12,6.5
1929,2025-10-18 16:00:00,Harry Potter and the Goblet of Fire,Adventure,Mike Newell,2005,157,12,7.0
1930,2025-10-18 13:30:00,Zerkalo,Biography,Andrei Tarkovsky,1975,107,0,6.5
1931,2025-10-18 10:30:00,Kelly's Heroes,Adventure,Brian G. Hutton,1970,144,12,6.5
1932,2025-10-17 10:00:00,The Sound of Music,Biography,Robert Wise,1965,172,0,8.5
1933,2025-10-16 16:30:00,Harry Potter and the Goblet of Fire,Adventure,Mike Newell,2005,157,12,7.5
1934,2025-10-16 13:30:00,L'avventura,Drama,Michelangelo Antonioni,1960,144,0,8.0
1935,2025-10-16 10:30:00,A Streetcar Named Desire,Drama,Elia Kazan,1951,122,12,7.5
1936,2025-10-15 16:00:00,Ray,Biography,Taylor Hackford,2004,152,12,7.0
1937,2025-10-15 13:00:00,Vizontele,Comedy,Yilmaz Erdogan,2001,110,12,6.5
1938,2025-10-15 10:30:00,Rushmore,Comedy,Wes Anderson,1998,93,12,8.5
1939,2025-10-14 14:00:00,King Kong,Adventure,Merian C. Cooper,1933,100,12,7.0
1940,2025-10-14 10:30:00,Ray,Biography,Taylor Hackford,2004,152,12,7.5
1941,2025-10-13 12:30:00,Pirates of the Caribbean: The Curse of the Black Pearl,Action,Gore Verbinski,2003,143,12,7.5
1942,2025-10-13 10:00:00,Halloween,Horror,John Carpenter,1978,91,12,8.5
1943,2025-10-12 18:30:00,Kelly's Heroes,Adventure,Brian G. Hutton,1970,144,12,9.5
1944,2025-10-12 16:00:00,The Lady Vanishes,Mystery,Alfred Hitchcock,1938,96,12,8.5
1945,2025-10-12 13:30:00,The Goonies,Adventure,Richard Donner,1985,114,0,8.0
1946,2025-10-12 10:00:00,Pirates of the Caribbean: The Curse of the Black Pearl,Action,Gore Verbinski,2003,143,12,8.0
1947,2025-10-11 19:00:00,Rushmore,Comedy,Wes Anderson,1998,93,12,8.5
1948,2025-10-11 16:30:00,Rushmore,Comedy,Wes Anderson,1998,93,12,8.0
1949,2025-10-11 14:00:00,Enter the Dragon,Action,Robert Clouse,1973,102,12,7.0
1950,2025-10-11 10:00:00,Titanic,Drama,James Cameron,1997,194,12,7.5
1951,2025-10-10 16:30:00,The Sound of Music,Biography,Robert Wise,1965,172,0,8.0
1952,2025-10-10 14:00:00,Manhattan,Comedy,Woody Allen,1979,96,16,8.5
1953,2025-10-10 10:00:00,The Godfather: Part II,Crime,Francis Ford Coppola,1974,202,12,6.5
1954,2025-10-09 16:30:00,The Goonies,Adventure,Richard Donner,1985,114,0,8.0
1955,2025-10-09 12:30:00,The Godfather: Part II,Crime,Francis Ford Coppola,1974,202,12,7.5
1956,2025-10-09 10:00:00,Enter the Dragon,Action,Robert Clouse,1973,102,12,8.0
1957,2025-10-08 12:30:00,Halloween,Horror,John Carpenter,1978,91,12,8.0
1958,2025-10-08 10:00:00,Paper Moon,Comedy,Peter Bogdanovich,1973,102,0,8.5
1959,2025-10-07 14:00:00,Rushmore,Comedy,Wes Anderson,1998,93,12,8.0
1960,2025-10-07 10:30:00,The Sound of Music,Biography,Robert Wise,1965,172,0,8.5
1961,2025-10-06 12:30:00,Philadelphia,Drama,Jonathan Demme,1993,125,12,6.5
1962,2025-10-06 10:00:00,The Lady Vanishes,Mystery,Alfred Hitchcock,1938,96,12,8.5
1963,2025-10-05 18:30:00,The Sound of Music,Biography,Robert Wise,1965,172,0,9.0
1964,2025-10-05 16:00:00,Rushmore,Comedy,Wes Anderson,1998,93,12,7.5
1965,2025-10-05 13:00:00,Donnie Darko,Drama,Richard Kelly,2001,113,16,8.0
1966,2025-10-05 10:00:00,The Goonies,Adventure,Richard Donner,1985,114,0,7.0
1967,2025-10-04 19:00:00,Manhattan,Comedy,Woody Allen,1979,96,16,9.5
1968,2025-10-04 16:00:00,A Streetcar Named Desire,Drama,Elia Kazan,1951,122,12,7.0
1969,2025-10-04 13:00:00,Midnight Express,Biography,Alan Parker,1978,121,12,7.5
1970,2025-10-04 10:00:00,Kelly's Heroes,Adventure,Brian G. Hutton,1970,144,12,8.0
1971,2025-10-03 10:30:00,Manhattan,Comedy,Woody Allen,1979,96,16,8.0
1972,2025-10-02 13:00:00,Ying xiong,Action,Yimou Zhang,2002,120,12,7.0
1973,2025-10-02 10:00:00,Withnail & I,Comedy,Bruce Robinson,1987,107,16,8.5
1974,2025-10-01 13:00:00,Pirates of the Caribbean: The Curse of the Black Pearl,Action,Gore Verbinski,2003,143,12,6.5
1975,2025-10-01 10:00:00,Per qualche dollaro in più,Western,Sergio Leone,1965,132,0,6.5
1976,2025-09-30 10:30:00,Bronenosets Potemkin,Drama,Sergei M. Eisenstein,1925,75,12,7.5
1977,2025-09-29 10:00:00,Pirates of the Caribbean: The Curse of the Black Pearl,Action,Gore Verbinski,2003,143,12,7.0
1978,2025-09-28 16:00:00,Bronenosets Potemkin,Drama,Sergei M. Eisenstein,1925,75,12,8.0
1979,2025-09-28 13:00:00,Ying xiong,Action,Yimou Zhang,2002,120,12,6.5
1980,2025-09-28 10:30:00,The Conversation,Drama,Francis Ford Coppola,1974,113,0,7.5
1981,2025-09-27 20:00:00,Cidade de Deus,Crime,Fernando Meirelles,2002,130,12,8.5
1982,2025-09-27 17:00:00,Philadelphia,Drama,Jonathan Demme,1993,125,12,7.0
1983,2025-09-27 14:00:00,Kelly's Heroes,Adventure,Brian G. Hutton,1970,144,12,8.0
1984,2025-09-27 10:00:00,The Right Stuff,Adventure,Philip Kaufman,1983,193,6,8.5
1985,2025-09-26 10:00:00,Midnight Express,Biography,Alan Parker,1978,121,12,8.5
1986,2025-09-25 16:00:00,The Wizard of Oz,Adventure,Victor Fleming,1939,102,0,6.5
1987,2025-09-25 13:00:00,Ying xiong,Action,Yimou Zhang,2002,120,12,7.5
1988,2025-09-25 10:30:00,Withnail & I,Comedy,Bruce Robinson,1987,107,16,8.0
1989,2025-09-24 13:00:00,The Wizard of Oz,Adventure,Victor Fleming,1939,102,0,8.0
1990,2025-09-24 10:30:00,The Lady Vanishes,Mystery,Alfred Hitchcock,1938,96,12,7.0
1991,2025-09-23 13:30:00,Dà hóng denglong gaogao guà,Drama,Yimou Zhang,1991,125,6,7.5
1992,2025-09-23 10:30:00,The Conversation,Drama,Francis Ford Coppola,1974,113,0,8.5
1993,2025-09-22 16:00:00,Withnail & I,Comedy,Bruce Robinson,1987,107,16,8.0
1994,2025-09-22 13:30:00,La double vie de Véronique,Drama,Krzysztof Kieslowski,1991,98,16,6.5
1995,2025-09-22 10:30:00,Wo hu cang long,Action,Ang Lee,2000,120,12,6.5
1996,2025-09-21 19:30:00,The Right Stuff,Adventure,Philip Kaufman,1983,193,6,10.0
1997,2025-09-21 16:00:00,L'avventura,Drama,Michelangelo Antonioni,1960,144,0,7.0
1998,2025-09-21 13:30:00,Per un pugno di dollari,Action,Sergio Leone,1964,99,12,7.0
1999,2025-09-21 10:30:00,L'avventura,Drama,Michelangelo Antonioni,1960,144,0,6.5
2000,2025-09-20 19:00:00,Kaze no tani no Naushika,Animation,Hayao Miyazaki,1984,117,0,10.0
2001,2025-09-20 16:00:00,Philadelphia,Drama,Jonathan Demme,1993,125,12,8.5
2002,2025-09-20 13:30:00,The Wizard of Oz,Adventure,Victor Fleming,1939,102,0,7.0
2003,2025-09-20 10:30:00,Ying xiong,Action,Yimou Zhang,2002,120,12,7.0
2004,2025-09-19 12:30:00,Ladri di biciclette,Drama,Vittorio De Sica,1948,89,12,8.0
2005,2025-09-19 10:00:00,The Wizard of Oz,Adventure,Victor Fleming,1939,102,0,7.0
2006,2025-09-18 13:00:00,Black Hawk Down,Drama,Ridley Scott,2001,144,12,7.0
2007,2025-09-18 10:00:00,Cidade de Deus,Crime,Fernando Meirelles,2002,130,12,7.0
2008,2025-09-17 16:00:00,Kelly's Heroes,Adventure,Brian G. Hutton,1970,144,12,7.0
2009,2025-09-17 13:30:00,Per un pugno di dollari,Action,Sergio Leone,1964,99,12,7.0
2010,2025-09-17 10:30:00,Dà hóng denglong gaogao guà,Drama,Yimou Zhang,1991,125,6,7.0
2011,2025-09-16 10:00:00,The Lady Vanishes,Mystery,Alfred Hitchcock,1938,96,12,7.0
2012,2025-09-15 10:00:00,Kelly's Heroes,Adventure,Brian G. Hutton,1970,144,12,7.5
2013,2025-09-14 15:00:00,A Streetcar Named Desire,Drama,Elia Kazan,1951,122,12,6.5
2014,2025-09-14 12:30:00,The Wizard of Oz,Adventure,Victor Fleming,1939,102,0,8.0
2015,2025-09-14 10:00:00,La double vie de Véronique,Drama,Krzysztof Kieslowski,1991,98,16,7.5
2016,2025-09-13 19:00:00,A Streetcar Named Desire,Drama,Elia Kazan,1951,122,12,9.5
2017,2025-09-13 16:30:00,Withnail & I,Comedy,Bruce Robinson,1987,107,16,6.5
2018,2025-09-13 13:30:00,Cidade de Deus,Crime,Fernando Meirelles,2002,130,12,8.0
2019,2025-09-13 10:30:00,Boksuneun naui geot,Crime,Chan-wook Park,2002,129,16,8.5
2020,2025-09-12 12:30:00,The Wizard of Oz,Adventure,Victor Fleming,1939,102,0,8.0
2021,2025-09-12 10:30:00,Bronenosets Potemkin,Drama,Sergei M. Eisenstein,1925,75,12,6.5
2022,2025-09-11 10:30:00,Withnail & I,Comedy,Bruce Robinson,1987,107,16,7.0
2023,2025-09-10 17:30:00,The Count of Monte Cristo,Action,Kevin Reynolds,2002,131,12,7.5
2024,2025-09-10 15:00:00,Les yeux sans visage,Drama,Georges Franju,1960,90,12,8.5
2025,2025-09-10 10:30:00,Spartacus,Adventure,Stanley Kubrick,1960,197,12,8.5
2026,2025-09-09 10:00:00,Ying xiong,Action,Yimou Zhang,2002,120,12,8.0
2027,2025-09-08 10:30:00,Spartacus,Adventure,Stanley Kubrick,1960,197,12,7.0
2028,2025-09-07 15:30:00,Donnie Darko,Drama,Richard Kelly,2001,113,16,8.5
2029,2025-09-07 13:00:00,Bonnie and Clyde,Action,Arthur Penn,1967,111,12,8.0
2030,2025-09-07 10:00:00,Breakfast at Tiffany's,Comedy,Blake Edwards,1961,115,12,8.5
2031,2025-09-06 19:00:00,The Count of Monte Cristo,Action,Kevin Reynolds,2002,131,12,10.0
2032,2025-09-06 16:00:00,Mr. Smith Goes to Washington,Comedy,Frank Capra,1939,129,12,7.0
2033,2025-09-06 13:30:00,The Conversation,Drama,Francis Ford Coppola,1974,113,0,8.5
2034,2025-09-06 10:30:00,Seppuku,Action,Masaki Kobayashi,1962,133,12,6.5
2035,2025-09-05 14:00:00,The Right Stuff,Adventure,Philip Kaufman,1983,193,6,7.5
2036,2025-09-05 10:30:00,Metropolis,Drama,Fritz Lang,1927,153,12,8.0
2037,2025-09-04 10:00:00,Love and Death,Comedy,Woody Allen,1975,85,6,8.0
2038,2025-09-03 10:00:00,Metropolis,Drama,Fritz Lang,1927,153,12,8.5
2039,2025-09-02 10:30:00,Kaze no tani no Naushika,Animation,Hayao Miyazaki,1984,117,0,8.5
2040,2025-09-01 16:00:00,Fiddler on the Roof,Drama,Norman Jewison,1971,181,0,6.5
2041,2025-09-01 13:00:00,Dà hóng denglong gaogao guà,Drama,Yimou Zhang,1991,125,6,7.0
2042,2025-09-01 10:30:00,Per un pugno di dollari,Action,Sergio Leone,1964,99,12,7.0
2043,2025-08-31 19:00:00,Harvey,Comedy,Henry Koster,1950,104,12,9.5
2044,2025-08-31 16:00:00,Full Metal Jacket,Drama,Stanley Kubrick,1987,116,12,6.5
2045,2025-08-31 13:00:00,Good Will Hunting,Drama,Gus Van Sant,1997,126,0,8.0
2046,2025-08-31 10:30:00,Per un pugno di dollari,Action,Sergio Leone,1964,99,12,8.0
2047,2025-08-30 17:00:00,The Count of Monte Cristo,Action,Kevin Reynolds,2002,131,12,7.0
2048,2025-08-30 13:30:00,All Quiet on the Western Front,Drama,Lewis Milestone,1930,152,0,7.0
2049,2025-08-30 10:30:00,Naked,Comedy,Mike Leigh,1993,132,12,6.5
2050,2025-08-29 13:30:00,Boksuneun naui geot,Crime,Chan-wook Park,2002,129,16,6.5
2051,2025-08-29 10:30:00,Full Metal Jacket,Drama,Stanley Kubrick,1987,116,12,8.0
2052,2025-08-28 10:30:00,Naked,Comedy,Mike Leigh,1993,132,12,8.0
2053,2025-08-27 16:30:00,Les yeux sans visage,Drama,Georges Franju,1960,90,12,8.5
2054,2025-08-27 13:30:00,Breakfast at Tiffany's,Comedy,Blake Edwards,1961,115,12,6.5
2055,2025-08-27 10:30:00,Black Hawk Down,Drama,Ridley Scott,2001,144,12,6.5
2056,2025-08-26 15:30:00,The Green Mile,Crime,Frank Darabont,1999,189,12,7.5
2057,2025-08-26 12:30:00,Kaze no tani no Naushika,Animation,Hayao Miyazaki,1984,117,0,7.5
2058,2025-08-26 10:00:00,Jungfrukällan,Drama,Ingmar Bergman,1960,89,12,6.5
2059,2025-08-25 13:00:00,All Quiet on the Western Front,Drama,Lewis Milestone,1930,152,0,7.5
2060,2025-08-25 10:30:00,Harvey,Comedy,Henry Koster,1950,104,12,7.0
2061,2025-08-24 20:00:00,The Green Mile,Crime,Frank Darabont,1999,189,12,9.0
2062,2025-08-24 17:00:00,The Outlaw Josey Wales,Western,Clint Eastwood,1976,135,12,8.0
2063,2025-08-24 13:00:00,Spartacus,Adventure,Stanley Kubrick,1960,197,12,6.5
2064,2025-08-24 10:00:00,Eskiya,Crime,Yavuz Turgul,1996,128,12,7.5
2065,2025-08-23 18:30:00,Days of Heaven,Drama,Terrence Malick,1978,94,6,9.5
2066,2025-08-23 15:30:00,Withnail & I,Comedy,Bruce Robinson,1987,107,16,6.5
2067,2025-08-23 12:30:00,Mr. Smith Goes to Washington,Comedy,Frank Capra,1939,129,12,8.0
2068,2025-08-23 10:00:00,Withnail & I,Comedy,Bruce Robinson,1987,107,16,6.5
2069,2025-08-22 10:00:00,Full Metal Jacket,Drama,Stanley Kubrick,1987,116,12,7.0
2070,2025-08-21 10:00:00,American Beauty,Drama,Sam Mendes,1999,122,12,7.5
2071,2025-08-20 16:30:00,G.O.R.A.,Adventure,Ömer Faruk Sorak,2004,127,12,6.5
2072,2025-08-20 13:30:00,One Flew Over the Cuckoo's Nest,Drama,Milos Forman,1975,133,12,7.5
2073,2025-08-20 10:30:00,Black,Drama,Sanjay Leela Bhansali,2005,122,0,8.0
2074,2025-08-19 10:00:00,Mr. Smith Goes to Washington,Comedy,Frank Capra,1939,129,12,8.0
2075,2025-08-18 15:30:00,Ordinary People,Drama,Robert Redford,1980,124,0,6.5
2076,2025-08-18 12:30:00,The Outlaw Josey Wales,Western,Clint Eastwood,1976,135,12,7.0
2077,2025-08-18 10:00:00,Watership Down,Animation,Martin Rosen,1978,91,0,6.5
2078,2025-08-17 19:00:00,Kaze no tani no Naushika,Animation,Hayao Miyazaki,1984,117,0,10.0
2079,2025-08-17 16:00:00,Interstate 60: Episodes of the Road,Adventure,Bob Gale,2002,116,16,7.5
2080,2025-08-17 13:00:00,Breakfast at Tiffany's,Comedy,Blake Edwards,1961,115,12,8.0
2081,2025-08-17 10:00:00,Naked,Comedy,Mike Leigh,1993,132,12,6.5
2082,2025-08-16 19:00:00,The Day of the Jackal,Crime,Fred Zinnemann,1973,143,12,8.5
2083,2025-08-16 16:00:00,Some Like It Hot,Comedy,Billy Wilder,1959,121,0,7.5
2084,2025-08-16 13:30:00,Watership Down,Animation,Martin Rosen,1978,91,0,8.0
2085,2025-08-16 10:30:00,The Bourne Supremacy,Action,Paul Greengrass,2004,108,12,8.0
2086,2025-08-15 13:30:00,American Beauty,Drama,Sam Mendes,1999,122,12,7.0
2087,2025-08-15 10:30:00,Lord of War,Action,Andrew Niccol,2005,122,16,7.5
2088,2025-08-14 13:00:00,The Outlaw Josey Wales,Western,Clint Eastwood,1976,135,12,7.5
2089,2025-08-14 10:30:00,Requiem for a Dream,Drama,Darren Aronofsky,2000,102,12,7.5
2090,2025-08-13 10:00:00,Spartacus,Adventure,Stanley Kubrick,1960,197,12,8.5
2091,2025-08-12 13:00:00,Black Hawk Down,Drama,Ridley Scott,2001,144,12,8.0
2092,2025-08-12 10:00:00,Black Hawk Down,Drama,Ridley Scott,2001,144,12,7.5
2093,2025-08-11 13:30:00,Kaze no tani no Naushika,Animation,Hayao Miyazaki,1984,117,0,7.0
2094,2025-08-11 10:30:00,Full Metal Jacket,Drama,Stanley Kubrick,1987,116,12,7.0
2095,2025-08-10 18:30:00,Mr. Smith Goes to Washington,Comedy,Frank Capra,1939,129,12,9.5
2096,2025-08-10 16:00:00,Watership Down,Animation,Martin Rosen,1978,91,0,8.0
2097,2025-08-10 13:00:00,One Flew Over the Cuckoo's Nest,Drama,Milos Forman,1975,133,12,8.0
2098,2025-08-10 10:00:00,American Beauty,Drama,Sam Mendes,1999,122,12,7.0
2099,2025-08-09 18:30:00,The Day of the Jackal,Crime,Fred Zinnemann,1973,143,12,10.0
2100,2025-08-09 14:30:00,Spartacus,Adventure,Stanley Kubrick,1960,197,12,7.5
2101,2025-08-09 10:30:00,Spartacus,Adventure,Stanley Kubrick,1960,197,12,8.5
2102,2025-08-08 14:00:00,Spartacus,Adventure,Stanley Kubrick,1960,197,12,6.5
2103,2025-08-08 10:00:00,Fiddler on the Roof,Drama,Norman Jewison,1971,181,0,8.0
2104,2025-08-07 13:30:00,The Best Years of Our Lives,Drama,William Wyler,1946,170,12,7.0
2105,2025-08-07 10:30:00,Black,Drama,Sanjay Leela Bhansali,2005,122,0,8.5
2106,2025-08-06 10:30:00,A Streetcar Named Desire,Drama,Elia Kazan,1951,122,12,7.0
2107,2025-08-05 10:00:00,American Beauty,Drama,Sam Mendes,1999,122,12,7.5
2108,2025-08-04 13:00:00,The Day of the Jackal,Crime,Fred Zinnemann,1973,143,12,8.5
2109,2025-08-04 10:00:00,American Beauty,Drama,Sam Mendes,1999,122,12,7.5
2110,2025-08-03 15:00:00,The Day of the Jackal,Crime,Fred Zinnemann,1973,143,12,6.5
2111,2025-08-03 12:30:00,Höstsonaten,Drama,Ingmar Bergman,1978,99,0,7.0
2112,2025-08-03 10:00:00,The Bourne Supremacy,Action,Paul Greengrass,2004,108,12,7.0
2113,2025-08-02 19:00:00,Du rififi chez les hommes,Crime,Jules Dassin,1955,118,12,8.5
2114,2025-08-02 16:00:00,Naked,Comedy,Mike Leigh,1993,132,12,7.0
2115,2025-08-02 13:00:00,The Outlaw Josey Wales,Western,Clint Eastwood,1976,135,12,6.5
2116,2025-08-02 10:00:00,Lord of War,Action,Andrew Niccol,2005,122,16,7.5
2117,2025-08-01 15:30:00,Bonnie and Clyde,Action,Arthur Penn,1967,111,12,8.5
2118,2025-08-01 13:00:00,Du rififi chez les hommes,Crime,Jules Dassin,1955,118,12,7.5
2119,2025-08-01 10:30:00,Central do Brasil,Drama,Walter Salles,1998,110,16,7.5
2120,2025-07-31 13:30:00,Seppuku,Action,Masaki Kobayashi,1962,133,12,6.5
2121,2025-07-31 10:30:00,American Beauty,Drama,Sam Mendes,1999,122,12,8.0
2122,2025-07-30 10:00:00,G.O.R.A.,Adventure,Ömer Faruk Sorak,2004,127,12,7.0
2123,2025-07-29 13:30:00,The Straight Story,Biography,David Lynch,1999,112,0,8.0
2124,2025-07-29 10:30:00,Some Like It Hot,Comedy,Billy Wilder,1959,121,0,7.5
2125,2025-07-28 13:30:00,Black,Drama,Sanjay Leela Bhansali,2005,122,0,8.5
2126,2025-07-28 10:30:00,Match Point,Drama,Woody Allen,2005,124,16,6.5
2127,2025-07-27 15:30:00,One Flew Over the Cuckoo's Nest,Drama,Milos Forman,1975,133,12,8.0
2128,2025-07-27 13:00:00,Days of Heaven,Drama,Terrence Malick,1978,94,6,7.5
2129,2025-07-27 10:30:00,Höstsonaten,Drama,Ingmar Bergman,1978,99,0,8.0
2130,2025-07-26 15:30:00,Days of Heaven,Drama,Terrence Malick,1978,94,6,8.0
2131,2025-07-26 13:00:00,Interstate 60: Episodes of the Road,Adventure,Bob Gale,2002,116,16,8.5
2132,2025-07-26 10:00:00,Du rififi chez les hommes,Crime,Jules Dassin,1955,118,12,7.0
2133,2025-07-25 13:30:00,Days of Heaven,Drama,Terrence Malick,1978,94,6,8.0
2134,2025-07-25 10:30:00,Anand,Drama,Hrishikesh Mukherjee,1971,122,0,8.5
2135,2025-07-24 10:00:00,Du rififi chez les hommes,Crime,Jules Dassin,1955,118,12,8.5
2136,2025-07-23 10:00:00,The Best Years of Our Lives,Drama,William Wyler,1946,170,12,7.5
2137,2025-07-22 13:30:00,Mr. Smith Goes to Washington,Comedy,Frank Capra,1939,129,12,8.0
2138,2025-07-22 10:30:00,Ordinary People,Drama,Robert Redford,1980,124,0,7.5
2139,2025-07-21 17:00:00,The Fifth Element,Action,Luc Besson,1997,126,12,7.5
2140,2025-07-21 14:00:00,The Straight Story,Biography,David Lynch,1999,112,0,7.0
2141,2025-07-21 10:30:00,The Best Years of Our Lives,Drama,William Wyler,1946,170,12,6.5
2142,2025-07-20 18:30:00,Interstate 60: Episodes of the Road,Adventure,Bob Gale,2002,116,16,9.0
2143,2025-07-20 15:30:00,Roman Holiday,Comedy,William Wyler,1953,118,12,8.5
2144,2025-07-20 13:00:00,The Straight Story,Biography,David Lynch,1999,112,0,8.0
2145,2025-07-20 10:30:00,Days of Heaven,Drama,Terrence Malick,1978,94,6,7.0
2146,2025-07-19 15:30:00,Kelly's Heroes,Adventure,Brian G. Hutton,1970,144,12,6.5
2147,2025-07-19 13:00:00,The Bourne Supremacy,Action,Paul Greengrass,2004,108,12,6.5
2148,2025-07-19 10:00:00,Lord of War,Action,Andrew Niccol,2005,122,16,7.5
2149,2025-07-18 13:00:00,Toy Story 2,Animation,John Lasseter,1999,92,0,7.0
2150,2025-07-18 10:00:00,Match Point,Drama,Woody Allen,2005,124,16,7.0
2151,2025-07-17 13:00:00,Mr. Smith Goes to Washington,Comedy,Frank Capra,1939,129,12,8.0
2152,2025-07-17 10:00:00,The Day of the Jackal,Crime,Fred Zinnemann,1973,143,12,8.0
2153,2025-07-16 16:30:00,Anand,Drama,Hrishikesh Mukherjee,1971,122,0,6.5
2154,2025-07-16 13:00:00,Boogie Nights,Drama,Paul Thomas Anderson,1997,155,16,8.5
2155,2025-07-16 10:00:00,The Fifth Element,Action,Luc Besson,1997,126,12,8.0
2156,2025-07-15 10:30:00,Ben-Hur,Adventure,William Wyler,1959,212,0,7.0
2157,2025-07-14 17:00:00,The Best Years of Our Lives,Drama,William Wyler,1946,170,12,8.5
2158,2025-07-14 14:00:00,Charade,Comedy,Stanley Donen,1963,113,0,8.0
2159,2025-07-14 10:30:00,The Best Years of Our Lives,Drama,William Wyler,1946,170,12,8.5
2160,2025-07-13 17:00:00,Solaris,Drama,Andrei Tarkovsky,1972,167,6,8.5
2161,2025-07-13 13:30:00,Kelly's Heroes,Adventure,Brian G. Hutton,1970,144,12,8.0
2162,2025-07-13 10:30:00,Un long dimanche de fiançailles,Drama,Jean-Pierre Jeunet,2004,133,0,6.5
2163,2025-07-12 16:30:00,Match Point,Drama,Woody Allen,2005,124,16,8.5
2164,2025-07-12 13:30:00,It's a Wonderful Life,Drama,Frank Capra,1946,130,6,6.5
2165,2025-07-12 10:30:00,The Fifth Element,Action,Luc Besson,1997,126,12,6.5
2166,2025-07-11 10:30:00,Lost in Translation,Comedy,Sofia Coppola,2003,102,12,8.5
2167,2025-07-10 13:30:00,The Bourne Supremacy,Action,Paul Greengrass,2004,108,12,6.5
2168,2025-07-10 10:30:00,Eskiya,Crime,Yavuz Turgul,1996,128,12,8.0
2169,2025-07-09 10:00:00,Mulan,Animation,Tony Bancroft,1998,88,0,8.0
2170,2025-07-08 10:30:00,Solaris,Drama,Andrei Tarkovsky,1972,167,6,7.0
2171,2025-07-07 16:30:00,The Fifth Element,Action,Luc Besson,1997,126,12,8.5
2172,2025-07-07 13:30:00,The Fifth Element,Action,Luc Besson,1997,126,12,8.5
2173,2025-07-07 10:30:00,Akira,Animation,Katsuhiro Ôtomo,1988,124,12,6.5
2174,2025-07-06 17:30:00,Ben-Hur,Adventure,William Wyler,1959,212,0,6.5
2175,2025-07-06 15:00:00,The Bourne Supremacy,Action,Paul Greengrass,2004,108,12,7.5
2176,2025-07-06 13:00:00,The Jungle Book,Animation,Wolfgang Reitherman,1967,78,0,8.5
2177,2025-07-06 10:00:00,The Verdict,Drama,Sidney Lumet,1982,129,0,6.5
2178,2025-07-05 19:00:00,"O Brother, Where Art Thou?",Adventure,Joel Coen,2000,107,0,10.0
2179,2025-07-05 16:30:00,Vozvrashchenie,Drama,Andrey Zvyagintsev,2003,110,12,7.5
2180,2025-07-05 13:30:00,Back to the Future,Adventure,Robert Zemeckis,1985,116,0,7.5
2181,2025-07-05 10:30:00,Back to the Future,Adventure,Robert Zemeckis,1985,116,0,7.5
2182,2025-07-04 13:00:00,Match Point,Drama,Woody Allen,2005,124,16,7.0
2183,2025-07-04 10:00:00,The Untouchables,Crime,Brian De Palma,1987,119,12,7.0
2184,2025-07-03 10:00:00,Akira,Animation,Katsuhiro Ôtomo,1988,124,12,6.5
2185,2025-07-02 16:30:00,Match Point,Drama,Woody Allen,2005,124,16,7.5
2186,2025-07-02 13:30:00,The Fifth Element,Action,Luc Besson,1997,126,12,6.5
2187,2025-07-02 10:30:00,Match Point,Drama,Woody Allen,2005,124,16,6.5
2188,2025-07-01 10:30:00,Requiem for a Dream,Drama,Darren Aronofsky,2000,102,12,6.5
2189,2025-06-30 13:00:00,Akira,Animation,Katsuhiro Ôtomo,1988,124,12,8.5
2190,2025-06-30 10:00:00,Eskiya,Crime,Yavuz Turgul,1996,128,12,7.0
2191,2025-06-29 14:30:00,Kelly's Heroes,Adventure,Brian G. Hutton,1970,144,12,6.5
2192,2025-06-29 12:30:00,The General,Action,Clyde Bruckman,1926,67,12,8.0
2193,2025-06-29 10:00:00,Ladri di biciclette,Drama,Vittorio De Sica,1948,89,12,7.5
2194,2025-06-28 15:30:00,Toy Story 2,Animation,John Lasseter,1999,92,0,6.5
2195,2025-06-28 12:30:00,The Quiet Man,Comedy,John Ford,1952,129,12,7.0
2196,2025-06-28 10:30:00,The General,Action,Clyde Bruckman,1926,67,12,6.5
2197,2025-06-27 10:00:00,Vozvrashchenie,Drama,Andrey Zvyagintsev,2003,110,12,6.5
2198,2025-06-26 10:00:00,Where Eagles Dare,Action,Brian G. Hutton,1968,158,0,7.0
2199,2025-06-25 13:00:00,Akira,Animation,Katsuhiro Ôtomo,1988,124,12,6.5
2200,2025-06-25 10:00:00,The Untouchables,Crime,Brian De Palma,1987,119,12,8.5
2201,2025-06-24 15:00:00,Where Eagles Dare,Action,Brian G. Hutton,1968,158,0,7.5
2202,2025-06-24 10:30:00,Ben-Hur,Adventure,William Wyler,1959,212,0,8.0
2203,2025-06-23 16:00:00,Andaz Apna Apna,Action,Rajkumar Santoshi,1994,160,0,6.5
2204,2025-06-23 13:00:00,Ordinary People,Drama,Robert Redford,1980,124,0,7.5
2205,2025-06-23 10:00:00,It's a Wonderful Life,Drama,Frank Capra,1946,130,6,7.5
2206,2025-06-22 15:00:00,The Count of Monte Cristo,Action,Kevin Reynolds,2002,131,12,7.0
2207,2025-06-22 12:30:00,High Noon,Drama,Fred Zinnemann,1952,85,6,6.5
2208,2025-06-22 10:30:00,The Iron Giant,Animation,Brad Bird,1999,86,6,6.5
2209,2025-06-21 15:30:00,Roman Holiday,Comedy,William Wyler,1953,118,12,6.5
2210,2025-06-21 13:30:00,Les triplettes de Belleville,Animation,Sylvain Chomet,2003,80,12,8.0
2211,2025-06-21 10:30:00,The Count of Monte Cristo,Action,Kevin Reynolds,2002,131,12,6.5
2212,2025-06-20 13:00:00,Akira,Animation,Katsuhiro Ôtomo,1988,124,12,6.5
2213,2025-06-20 10:00:00,It's a Wonderful Life,Drama,Frank Capra,1946,130,6,8.0
2214,2025-06-19 10:00:00,Akira,Animation,Katsuhiro Ôtomo,1988,124,12,7.5
2215,2025-06-18 10:30:00,The Iron Giant,Animation,Brad Bird,1999,86,6,7.5
2216,2025-06-17 13:00:00,Toy Story 2,Animation,John Lasseter,1999,92,0,6.5
2217,2025-06-17 10:30:00,Ladri di biciclette,Drama,Vittorio De Sica,1948,89,12,7.5
2218,2025-06-16 12:00:00,The Untouchables,Crime,Brian De Palma,1987,119,12,8.0
2219,2025-06-16 10:00:00,The Iron Giant,Animation,Brad Bird,1999,86,6,7.0
2220,2025-06-15 16:00:00,Fitzcarraldo,Adventure,Werner Herzog,1982,158,16,7.5
2221,2025-06-15 12:30:00,Fitzcarraldo,Adventure,Werner Herzog,1982,158,16,7.0
2222,2025-06-15 10:00:00,Bin-jip,Crime,Ki-duk Kim,2004,88,0,8.0
2223,2025-06-14 19:00:00,Andaz Apna Apna,Action,Rajkumar Santoshi,1994,160,0,9.0
2224,2025-06-14 16:00:00,Ordinary People,Drama,Robert Redford,1980,124,0,7.5
2225,2025-06-14 14:00:00,The Jungle Book,Animation,Wolfgang Reitherman,1967,78,0,6.5
2226,2025-06-14 10:30:00,Where Eagles Dare,Action,Brian G. Hutton,1968,158,0,7.0
2227,2025-06-13 10:00:00,Ladri di biciclette,Drama,Vittorio De Sica,1948,89,12,7.5
2228,2025-06-12 10:00:00,Les triplettes de Belleville,Animation,Sylvain Chomet,2003,80,12,8.0
2229,2025-06-11 16:00:00,Ying xiong,Action,Yimou Zhang,2002,120,12,7.5
2230,2025-06-11 12:30:00,Andaz Apna Apna,Action,Rajkumar Santoshi,1994,160,0,7.0
2231,2025-06-11 10:30:00,Airplane!,Comedy,Jim Abrahams,1980,88,0,8.5
2232,2025-06-10 14:00:00,Ladri di biciclette,Drama,Vittorio De Sica,1948,89,12,8.5
2233,2025-06-10 10:30:00,Andaz Apna Apna,Action,Rajkumar Santoshi,1994,160,0,8.5
2234,2025-06-09 13:00:00,"O Brother, Where Art Thou?",Adventure,Joel Coen,2000,107,0,7.5
2235,2025-06-09 10:00:00,The Verdict,Drama,Sidney Lumet,1982,129,0,8.5
2236,2025-06-08 18:00:00,Eskiya,Crime,Yavuz Turgul,1996,128,12,8.5
2237,2025-06-08 15:30:00,High Noon,Drama,Fred Zinnemann,1952,85,6,7.5
2238,2025-06-08 12:30:00,G.O.R.A.,Adventure,Ömer Faruk Sorak,2004,127,12,7.0
2239,2025-06-08 10:30:00,The General,Action,Clyde Bruckman,1926,67,12,8.0
2240,2025-06-07 19:00:00,High Noon,Drama,Fred Zinnemann,1952,85,6,9.0
2241,2025-06-07 15:30:00,Fitzcarraldo,Adventure,Werner Herzog,1982,158,16,8.0
2242,2025-06-07 12:30:00,Ying xiong,Action,Yimou Zhang,2002,120,12,8.5
2243,2025-06-07 10:00:00,"O Brother, Where Art Thou?",Adventure,Joel Coen,2000,107,0,8.0
2244,2025-06-06 10:00:00,Ladri di biciclette,Drama,Vittorio De Sica,1948,89,12,6.5
2245,2025-06-05 10:00:00,"O Brother, Where Art Thou?",Adventure,Joel Coen,2000,107,0,6.5
2246,2025-06-04 10:00:00,Edward Scissorhands,Drama,Tim Burton,1990,105,0,8.0
2247,2025-06-03 10:00:00,"O Brother, Where Art Thou?",Adventure,Joel Coen,2000,107,0,6.5
2248,2025-06-02 13:00:00,High Noon,Drama,Fred Zinnemann,1952,85,6,6.5
2249,2025-06-02 10:30:00,Ladri di biciclette,Drama,Vittorio De Sica,1948,89,12,6.5
2250,2025-06-01 18:00:00,Le samouraï,Crime,Jean-Pierre Melville,1967,105,12,9.0
2251,2025-06-01 15:30:00,A Little Princess,Drama,Alfonso Cuarón,1995,97,0,7.0
2252,2025-06-01 12:30:00,The Untouchables,Crime,Brian De Palma,1987,119,12,8.0
2253,2025-06-01 10:00:00,Le samouraï,Crime,Jean-Pierre Melville,1967,105,12,8.5
2254,2025-05-31 15:30:00,The Verdict,Drama,Sidney Lumet,1982,129,0,8.5
2255,2025-05-31 13:30:00,High Noon,Drama,Fred Zinnemann,1952,85,6,8.0
2256,2025-05-31 10:30:00,Secrets & Lies,Comedy,Mike Leigh,1996,136,0,6.5
2257,2025-05-30 10:00:00,21 Grams,Crime,Alejandro G. Iñárritu,2003,124,12,8.5
2258,2025-05-29 14:00:00,The Iron Giant,Animation,Brad Bird,1999,86,6,8.0
2259,2025-05-29 10:00:00,Gandhi,Biography,Richard Attenborough,1982,191,0,8.0
2260,2025-05-28 12:30:00,Edward Scissorhands,Drama,Tim Burton,1990,105,0,8.0
2261,2025-05-28 10:30:00,Les triplettes de Belleville,Animation,Sylvain Chomet,2003,80,12,8.5
2262,2025-05-27 10:00:00,Taxi Driver,Crime,Martin Scorsese,1976,114,12,8.5
2263,2025-05-26 14:00:00,21 Grams,Crime,Alejandro G. Iñárritu,2003,124,12,7.5
2264,2025-05-26 10:30:00,Fitzcarraldo,Adventure,Werner Herzog,1982,158,16,7.5
2265,2025-05-25 17:30:00,Clerks,Comedy,Kevin Smith,1994,92,16,7.0
2266,2025-05-25 15:00:00,"O Brother, Where Art Thou?",Adventure,Joel Coen,2000,107,0,8.5
2267,2025-05-25 12:00:00,Night on Earth,Comedy,Jim Jarmusch,1991,129,16,7.0
2268,2025-05-25 10:00:00,Les triplettes de Belleville,Animation,Sylvain Chomet,2003,80,12,8.5
2269,2025-05-24 18:30:00,The Iron Giant,Animation,Brad Bird,1999,86,6,10.0
2270,2025-05-24 16:30:00,The General,Action,Clyde Bruckman,1926,67,12,7.0
2271,2025-05-24 13:00:00,Fitzcarraldo,Adventure,Werner Herzog,1982,158,16,7.5
2272,2025-05-24 10:00:00,G.O.R.A.,Adventure,Ömer Faruk Sorak,2004,127,12,8.5
2273,2025-05-23 15:30:00,Le samouraï,Crime,Jean-Pierre Melville,1967,105,12,7.5
2274,2025-05-23 13:30:00,The Jungle Book,Animation,Wolfgang Reitherman,1967,78,0,6.5
2275,2025-05-23 10:00:00,Andaz Apna Apna,Action,Rajkumar Santoshi,1994,160,0,8.5
2276,2025-05-22 13:00:00,The General,Action,Clyde Bruckman,1926,67,12,6.5
2277,2025-05-22 10:00:00,Happiness,Comedy,Todd Solondz,1998,134,12,7.5
2278,2025-05-21 12:30:00,The Verdict,Drama,Sidney Lumet,1982,129,0,7.0
2279,2025-05-21 10:30:00,The General,Action,Clyde Bruckman,1926,67,12,6.5
2280,2025-05-20 10:00:00,Edward Scissorhands,Drama,Tim Burton,1990,105,0,7.5
2281,2025-05-19 12:30:00,Le samouraï,Crime,Jean-Pierre Melville,1967,105,12,6.5
2282,2025-05-19 10:00:00,Bin-jip,Crime,Ki-duk Kim,2004,88,0,8.0
2283,2025-05-18 15:00:00,Bin-jip,Crime,Ki-duk Kim,2004,88,0,8.0
2284,2025-05-18 12:00:00,21 Grams,Crime,Alejandro G. Iñárritu,2003,124,12,7.0
2285,2025-05-18 10:00:00,The General,Action,Clyde Bruckman,1926,67,12,8.0
2286,2025-05-17 15:30:00,Secrets & Lies,Comedy,Mike Leigh,1996,136,0,7.0
2287,2025-05-17 13:00:00,Ladri di biciclette,Drama,Vittorio De Sica,1948,89,12,8.5
2288,2025-05-17 10:00:00,Happiness,Comedy,Todd Solondz,1998,134,12,8.5
2289,2025-05-16 10:00:00,A Little Princess,Drama,Alfonso Cuarón,1995,97,0,8.5
2290,2025-05-15 10:30:00,My Cousin Vinny,Comedy,Jonathan Lynn,1992,120,12,7.5
2291,2025-05-14 14:30:00,The Last of the Mohicans,Action,Michael Mann,1992,112,12,8.0
2292,2025-05-14 12:00:00,Clerks,Comedy,Kevin Smith,1994,92,16,8.5
2293,2025-05-14 10:00:00,The General,Action,Clyde Bruckman,1926,67,12,8.0
2294,2025-05-13 16:00:00,Night on Earth,Comedy,Jim Jarmusch,1991,129,16,6.5
2295,2025-05-13 13:30:00,Miracle on 34th Street,Comedy,George Seaton,1947,96,12,7.0
2296,2025-05-13 10:30:00,Forrest Gump,Drama,Robert Zemeckis,1994,142,12,6.5
2297,2025-05-12 15:30:00,Edward Scissorhands,Drama,Tim Burton,1990,105,0,7.0
2298,2025-05-12 12:30:00,The Bridges of Madison County,Drama,Clint Eastwood,1995,135,12,6.5
2299,2025-05-12 10:00:00,The Breakfast Club,Comedy,John Hughes,1985,97,12,8.5
2300,2025-05-11 16:00:00,Night on Earth,Comedy,Jim Jarmusch,1991,129,16,6.5
2301,2025-05-11 13:30:00,In America,Drama,Jim Sheridan,2002,105,12,8.5
2302,2025-05-11 10:30:00,21 Grams,Crime,Alejandro G. Iñárritu,2003,124,12,8.5
2303,2025-05-10 19:30:00,21 Grams,Crime,Alejandro G. Iñárritu,2003,124,12,10.0
2304,2025-05-10 16:00:00,Giù la testa,Drama,Sergio Leone,1971,157,6,8.0
2305,2025-05-10 13:30:00,Deliverance,Adventure,John Boorman,1972,109,0,7.0
2306,2025-05-10 10:00:00,Giù la testa,Drama,Sergio Leone,1971,157,6,7.0
2307,2025-05-09 10:00:00,Mononoke-hime,Animation,Hayao Miyazaki,1997,134,0,7.5
2308,2025-05-08 13:30:00,Trois couleurs: Bleu,Drama,Krzysztof Kieslowski,1993,94,0,8.5
2309,2025-05-08 10:30:00,Amélie,Comedy,Jean-Pierre Jeunet,2001,122,0,8.5
2310,2025-05-07 10:30:00,My Cousin Vinny,Comedy,Jonathan Lynn,1992,120,12,8.0
2311,2025-05-06 10:30:00,Deliverance,Adventure,John Boorman,1972,109,0,8.0
2312,2025-05-05 10:30:00,Mononoke-hime,Animation,Hayao Miyazaki,1997,134,0,8.0
2313,2025-05-04 16:30:00,The Sting,Comedy,George Roy Hill,1973,129,0,6.5
2314,2025-05-04 13:30:00,Un long dimanche de fiançailles,Drama,Jean-Pierre Jeunet,2004,133,0,8.0
2315,2025-05-04 10:30:00,Forrest Gump,Drama,Robert Zemeckis,1994,142,12,8.5
2316,2025-05-03 20:30:00,Deliverance,Adventure,John Boorman,1972,109,0,9.5
2317,2025-05-03 16:30:00,Gandhi,Biography,Richard Attenborough,1982,191,0,6.5
2318,2025-05-03 13:30:00,Un long dimanche de fiançailles,Drama,Jean-Pierre Jeunet,2004,133,0,8.5
2319,2025-05-03 10:30:00,Amélie,Comedy,Jean-Pierre Jeunet,2001,122,0,8.5
2320,2025-05-02 15:30:00,Nuovo Cinema Paradiso,Drama,Giuseppe Tornatore,1988,155,0,6.5
2321,2025-05-02 13:00:00,Wait Until Dark,Thriller,Terence Young,1967,108,12,8.0
2322,2025-05-02 10:00:00,The Bridges of Madison County,Drama,Clint Eastwood,1995,135,12,8.0
2323,2025-05-01 16:00:00,Amélie,Comedy,Jean-Pierre Jeunet,2001,122,0,7.0
2324,2025-05-01 13:00:00,Happiness,Comedy,Todd Solondz,1998,134,12,7.5
2325,2025-05-01 10:00:00,Night on Earth,Comedy,Jim Jarmusch,1991,129,16,6.5
2326,2025-04-30 16:30:00,In America,Drama,Jim Sheridan,2002,105,12,8.0
2327,2025-04-30 14:00:00,Lilja 4-ever,Crime,Lukas Moodysson,2002,109,16,8.5
2328,2025-04-30 10:30:00,Giù la testa,Drama,Sergio Leone,1971,157,6,7.5
2329,2025-04-29 16:00:00,Forrest Gump,Drama,Robert Zemeckis,1994,142,12,7.5
2330,2025-04-29 13:30:00,The Last of the Mohicans,Action,Michael Mann,1992,112,12,6.5
2331,2025-04-29 10:30:00,Pride & Prejudice,Drama,Joe Wright,2005,129,6,8.5
2332,2025-04-28 13:00:00,Fried Green Tomatoes,Drama,Jon Avnet,1991,130,12,7.5
2333,2025-04-28 10:00:00,Night on Earth,Comedy,Jim Jarmusch,1991,129,16,7.5
2334,2025-04-27 18:30:00,Mononoke-hime,Animation,Hayao Miyazaki,1997,134,0,9.0
2335,2025-04-27 16:00:00,The Breakfast Club,Comedy,John Hughes,1985,97,12,6.5
2336,2025-04-27 13:00:00,Pride & Prejudice,Drama,Joe Wright,2005,129,6,8.0
2337,2025-04-27 10:30:00,The Last of the Mohicans,Action,Michael Mann,1992,112,12,7.5
2338,2025-04-26 18:30:00,Mononoke-hime,Animation,Hayao Miyazaki,1997,134,0,8.5
2339,2025-04-26 15:30:00,Amélie,Comedy,Jean-Pierre Jeunet,2001,122,0,7.5
2340,2025-04-26 13:00:00,Airplane!,Comedy,Jim Abrahams,1980,88,0,8.5
2341,2025-04-26 10:30:00,The Breakfast Club,Comedy,John Hughes,1985,97,12,6.5
2342,2025-04-25 15:30:00,Kelly's Heroes,Adventure,Brian G. Hutton,1970,144,12,6.5
2343,2025-04-25 12:30:00,The Sting,Comedy,George Roy Hill,1973,129,0,8.0
2344,2025-04-25 10:30:00,Airplane!,Comedy,Jim Abrahams,1980,88,0,7.0
2345,2025-04-24 15:30:00,Mary Poppins,Comedy,Robert Stevenson,1964,139,0,8.5
2346,2025-04-24 13:00:00,Trois couleurs: Blanc,Comedy,Krzysztof Kieslowski,1994,92,0,6.5
2347,2025-04-24 10:30:00,My Cousin Vinny,Comedy,Jonathan Lynn,1992,120,12,6.5
2348,2025-04-23 10:30:00,Giù la testa,Drama,Sergio Leone,1971,157,6,6.5
2349,2025-04-22 16:00:00,Pink Floyd: The Wall,Drama,Alan Parker,1982,95,12,7.5
2350,2025-04-22 12:30:00,Breaking the Waves,Drama,Lars von Trier,1996,159,16,7.5
2351,2025-04-22 10:00:00,Deliverance,Adventure,John Boorman,1972,109,0,6.5
2352,2025-04-21 12:30:00,Forrest Gump,Drama,Robert Zemeckis,1994,142,12,8.5
2353,2025-04-21 10:00:00,Who Framed Roger Rabbit,Animation,Robert Zemeckis,1988,104,0,8.0
2354,2025-04-20 18:00:00,Full Metal Jacket,Drama,Stanley Kubrick,1987,116,12,9.5
2355,2025-04-20 15:00:00,My Cousin Vinny,Comedy,Jonathan Lynn,1992,120,12,7.5
2356,2025-04-20 12:30:00,Miracle on 34th Street,Comedy,George Seaton,1947,96,12,7.5
2357,2025-04-20 10:00:00,Pink Floyd: The Wall,Drama,Alan Parker,1982,95,12,8.5
2358,2025-04-19 18:30:00,Deliverance,Adventure,John Boorman,1972,109,0,9.0
2359,2025-04-19 15:30:00,The Sting,Comedy,George Roy Hill,1973,129,0,8.5
2360,2025-04-19 12:30:00,The Bridges of Madison County,Drama,Clint Eastwood,1995,135,12,8.5
2361,2025-04-19 10:00:00,Paper Moon,Comedy,Peter Bogdanovich,1973,102,0,7.0
2362,2025-04-18 10:30:00,Amélie,Comedy,Jean-Pierre Jeunet,2001,122,0,8.5
2363,2025-04-17 15:30:00,The Bridges of Madison County,Drama,Clint Eastwood,1995,135,12,7.0
2364,2025-04-17 12:30:00,The Last of the Mohicans,Action,Michael Mann,1992,112,12,6.5
2365,2025-04-17 10:00:00,My Cousin Vinny,Comedy,Jonathan Lynn,1992,120,12,8.5
2366,2025-04-16 10:00:00,In America,Drama,Jim Sheridan,2002,105,12,7.5
2367,2025-04-15 14:00:00,Le locataire,Drama,Roman Polanski,1976,126,16,8.5
2368,2025-04-15 10:30:00,Breaking the Waves,Drama,Lars von Trier,1996,159,16,8.0
2369,2025-04-14 13:00:00,The Muppet Christmas Carol,Comedy,Brian Henson,1992,85,0,7.0
2370,2025-04-14 10:30:00,Who Framed Roger Rabbit,Animation,Robert Zemeckis,1988,104,0,6.5
2371,2025-04-13 19:30:00,Full Metal Jacket,Drama,Stanley Kubrick,1987,116,12,10.0
2372,2025-04-13 16:00:00,Mary Poppins,Comedy,Robert Stevenson,1964,139,0,7.0
2373,2025-04-13 13:00:00,Un long dimanche de fiançailles,Drama,Jean-Pierre Jeunet,2004,133,0,8.5
2374,2025-04-13 10:00:00,Le locataire,Drama,Roman Polanski,1976,126,16,8.0
2375,2025-04-12 18:00:00,Les choristes,Drama,Christophe Barratier,2004,97,12,9.5
2376,2025-04-12 15:00:00,Tengoku to jigoku,Crime,Akira Kurosawa,1963,143,12,6.5
2377,2025-04-12 12:30:00,In America,Drama,Jim Sheridan,2002,105,12,6.5
2378,2025-04-12 10:00:00,In America,Drama,Jim Sheridan,2002,105,12,7.5
2379,2025-04-11 13:00:00,Home Alone,Comedy,Chris Columbus,1990,103,0,6.5
2380,2025-04-11 10:30:00,Paper Moon,Comedy,Peter Bogdanovich,1973,102,0,8.5
2381,2025-04-10 10:30:00,The Breakfast Club,Comedy,John Hughes,1985,97,12,8.0
2382,2025-04-09 13:00:00,In America,Drama,Jim Sheridan,2002,105,12,8.5
2383,2025-04-09 10:30:00,Pink Floyd: The Wall,Drama,Alan Parker,1982,95,12,8.5
2384,2025-04-08 10:30:00,Judgment at Nuremberg,Drama,Stanley Kramer,1961,179,12,7.0
2385,2025-04-07 13:00:00,Short Cuts,Comedy,Robert Altman,1993,188,16,7.0
2386,2025-04-07 10:00:00,The Incredibles,Animation,Brad Bird,2004,115,0,8.5
2387,2025-04-06 15:00:00,The Purple Rose of Cairo,Comedy,Woody Allen,1985,82,0,8.0
2388,2025-04-06 12:30:00,Predator,Action,John McTiernan,1987,107,12,8.0
2389,2025-04-06 10:30:00,The Purple Rose of Cairo,Comedy,Woody Allen,1985,82,0,8.5
2390,2025-04-05 18:30:00,The Purple Rose of Cairo,Comedy,Woody Allen,1985,82,0,8.5
2391,2025-04-05 16:00:00,In America,Drama,Jim Sheridan,2002,105,12,8.5
2392,2025-04-05 12:30:00,Cinderella Man,Biography,Ron Howard,2005,144,12,6.5
2393,2025-04-05 10:00:00,Who Framed Roger Rabbit,Animation,Robert Zemeckis,1988,104,0,7.0
2394,2025-04-04 13:00:00,The 39 Steps,Crime,Alfred Hitchcock,1935,86,12,6.5
2395,2025-04-04 10:30:00,Airplane!,Comedy,Jim Abrahams,1980,88,0,8.5
2396,2025-04-03 10:00:00,Kelly's Heroes,Adventure,Brian G. Hutton,1970,144,12,7.0
2397,2025-04-02 10:30:00,The Odd Couple,Comedy,Gene Saks,1968,105,0,7.5
2398,2025-04-01 10:30:00,Pink Floyd: The Wall,Drama,Alan Parker,1982,95,12,7.5
2399,2025-03-31 10:30:00,Aladdin,Animation,Ron Clements,1992,90,0,7.5
2400,2025-03-30 16:30:00,Fried Green Tomatoes,Drama,Jon Avnet,1991,130,12,7.0
2401,2025-03-30 14:00:00,The Odd Couple,Comedy,Gene Saks,1968,105,0,8.0
2402,2025-03-30 10:30:00,Sleepers,Crime,Barry Levinson,1996,147,12,8.0
2403,2025-03-29 16:00:00,Kelly's Heroes,Adventure,Brian G. Hutton,1970,144,12,6.5
2404,2025-03-29 13:30:00,Who Framed Roger Rabbit,Animation,Robert Zemeckis,1988,104,0,7.5
2405,2025-03-29 10:30:00,Le locataire,Drama,Roman Polanski,1976,126,16,8.5
2406,2025-03-28 10:30:00,Forrest Gump,Drama,Robert Zemeckis,1994,142,12,6.5
2407,2025-03-27 16:30:00,The Odd Couple,Comedy,Gene Saks,1968,105,0,7.0
2408,2025-03-27 13:30:00,The Sting,Comedy,George Roy Hill,1973,129,0,7.5
2409,2025-03-27 10:00:00,Breaking the Waves,Drama,Lars von Trier,1996,159,16,6.5
2410,2025-03-26 13:00:00,Indiana Jones and the Last Crusade,Action,Steven Spielberg,1989,127,0,6.5
2411,2025-03-26 10:00:00,Full Metal Jacket,Drama,Stanley Kubrick,1987,116,12,6.5
2412,2025-03-25 14:00:00,Kelly's Heroes,Adventure,Brian G. Hutton,1970,144,12,7.0
2413,2025-03-25 10:30:00,The Wild Bunch,Action,Sam Peckinpah,1969,145,12,7.0
2414,2025-03-24 12:30:00,The Odd Couple,Comedy,Gene Saks,1968,105,0,8.5
2415,2025-03-24 10:00:00,Pink Floyd: The Wall,Drama,Alan Parker,1982,95,12,8.5
2416,2025-03-23 20:30:00,Network,Drama,Sidney Lumet,1976,121,12,9.5
2417,2025-03-23 17:30:00,Fried Green Tomatoes,Drama,Jon Avnet,1991,130,12,8.5
2418,2025-03-23 14:30:00,The Incredibles,Animation,Brad Bird,2004,115,0,7.5
2419,2025-03-23 10:30:00,Judgment at Nuremberg,Drama,Stanley Kramer,1961,179,12,6.5
2420,2025-03-22 18:30:00,Indiana Jones and the Last Crusade,Action,Steven Spielberg,1989,127,0,9.5
2421,2025-03-22 16:00:00,Pink Floyd: The Wall,Drama,Alan Parker,1982,95,12,6.5
2422,2025-03-22 13:00:00,The Incredibles,Animation,Brad Bird,2004,115,0,8.0
2423,2025-03-22 10:30:00,Who Framed Roger Rabbit,Animation,Robert Zemeckis,1988,104,0,7.0
2424,2025-03-21 13:30:00,Cat on a Hot Tin Roof,Drama,Richard Brooks,1958,108,12,7.5
2425,2025-03-21 10:30:00,Mary Poppins,Comedy,Robert Stevenson,1964,139,0,7.0
2426,2025-03-20 16:00:00,Once Were Warriors,Crime,Lee Tamahori,1994,102,12,7.0
2427,2025-03-20 13:00:00,Fried Green Tomatoes,Drama,Jon Avnet,1991,130,12,8.5
2428,2025-03-20 10:30:00,The Odd Couple,Comedy,Gene Saks,1968,105,0,7.5
2429,2025-03-19 16:00:00,Breaking the Waves,Drama,Lars von Trier,1996,159,16,6.5
2430,2025-03-19 12:30:00,Tengoku to jigoku,Crime,Akira Kurosawa,1963,143,12,8.5
2431,2025-03-19 10:00:00,Pink Floyd: The Wall,Drama,Alan Parker,1982,95,12,6.5
2432,2025-03-18 15:30:00,Les choristes,Drama,Christophe Barratier,2004,97,12,8.5
2433,2025-03-18 12:30:00,The King of Comedy,Comedy,Martin Scorsese,1982,109,0,8.0
2434,2025-03-18 10:00:00,Cat on a Hot Tin Roof,Drama,Richard Brooks,1958,108,12,7.5
2435,2025-03-17 13:00:00,Schindler's List,Biography,Steven Spielberg,1993,195,12,7.5
2436,2025-03-17 10:00:00,Back to the Future,Adventure,Robert Zemeckis,1985,116,0,6.5
2437,2025-03-16 20:00:00,Die Hard,Action,John McTiernan,1988,132,12,8.5
2438,2025-03-16 16:30:00,The Shining,Drama,Stanley Kubrick,1980,146,12,7.5
2439,2025-03-16 13:30:00,The Incredibles,Animation,Brad Bird,2004,115,0,8.0
2440,2025-03-16 10:30:00,Fried Green Tomatoes,Drama,Jon Avnet,1991,130,12,6.5
2441,2025-03-15 20:00:00,Once Were Warriors,Crime,Lee Tamahori,1994,102,12,8.5
2442,2025-03-15 17:00:00,Le locataire,Drama,Roman Polanski,1976,126,16,8.5
2443,2025-03-15 14:30:00,Belle de jour,Drama,Luis Buñuel,1967,100,12,6.5
2444,2025-03-15 10:30:00,Schindler's List,Biography,Steven Spielberg,1993,195,12,8.0
2445,2025-03-14 13:00:00,Aladdin,Animation,Ron Clements,1992,90,0,6.5
2446,2025-03-14 10:00:00,Rosemary's Baby,Drama,Roman Polanski,1968,137,12,8.5
2447,2025-03-13 10:00:00,Les choristes,Drama,Christophe Barratier,2004,97,12,8.5
2448,2025-03-12 13:30:00,Cat on a Hot Tin Roof,Drama,Richard Brooks,1958,108,12,6.5
2449,2025-03-12 10:30:00,Network,Drama,Sidney Lumet,1976,121,12,8.0
2450,2025-03-11 10:00:00,It Happened One Night,Comedy,Frank Capra,1934,105,12,7.5
2451,2025-03-10 16:30:00,Les choristes,Drama,Christophe Barratier,2004,97,12,7.0
2452,2025-03-10 13:30:00,Network,Drama,Sidney Lumet,1976,121,12,6.5
2453,2025-03-10 10:30:00,Back to the Future,Adventure,Robert Zemeckis,1985,116,0,6.5
2454,2025-03-09 17:00:00,Viskningar och rop,Drama,Ingmar Bergman,1972,91,12,8.0
2455,2025-03-09 15:00:00,Das Cabinet des Dr. Caligari,Fantasy,Robert Wiene,1920,76,12,6.5
2456,2025-03-09 12:30:00,Paper Moon,Comedy,Peter Bogdanovich,1973,102,0,6.5
2457,2025-03-09 10:00:00,Kind Hearts and Coronets,Comedy,Robert Hamer,1949,106,0,7.5
2458,2025-03-08 15:30:00,The Incredibles,Animation,Brad Bird,2004,115,0,8.0
2459,2025-03-08 13:00:00,Lilja 4-ever,Crime,Lukas Moodysson,2002,109,16,7.5
2460,2025-03-08 10:30:00,The King of Comedy,Comedy,Martin Scorsese,1982,109,0,8.5
2461,2025-03-07 14:00:00,Aladdin,Animation,Ron Clements,1992,90,0,8.5
2462,2025-03-07 10:00:00,Schindler's List,Biography,Steven Spielberg,1993,195,12,6.5
2463,2025-03-06 13:00:00,One Flew Over the Cuckoo's Nest,Drama,Milos Forman,1975,133,12,7.0
2464,2025-03-06 10:00:00,True Romance,Crime,Tony Scott,1993,119,16,7.5
2465,2025-03-05 10:00:00,Die Hard,Action,John McTiernan,1988,132,12,7.0
2466,2025-03-04 10:30:00,Pink Floyd: The Wall,Drama,Alan Parker,1982,95,12,6.5
2467,2025-03-03 15:00:00,Back to the Future,Adventure,Robert Zemeckis,1985,116,0,7.5
2468,2025-03-03 12:30:00,Home Alone,Comedy,Chris Columbus,1990,103,0,6.5
2469,2025-03-03 10:00:00,The Wizard of Oz,Adventure,Victor Fleming,1939,102,0,6.5
2470,2025-03-02 15:00:00,Sleepers,Crime,Barry Levinson,1996,147,12,7.0
2471,2025-03-02 12:30:00,Halloween,Horror,John Carpenter,1978,91,12,8.0
2472,2025-03-02 10:00:00,Lilja 4-ever,Crime,Lukas Moodysson,2002,109,16,7.0
2473,2025-03-01 18:30:00,Lilja 4-ever,Crime,Lukas Moodysson,2002,109,16,10.0
2474,2025-03-01 15:30:00,One Flew Over the Cuckoo's Nest,Drama,Milos Forman,1975,133,12,7.5
2475,2025-03-01 13:00:00,The Lady Vanishes,Mystery,Alfred Hitchcock,1938,96,12,8.5
2476,2025-03-01 10:30:00,Once Were Warriors,Crime,Lee Tamahori,1994,102,12,8.0
2477,2025-02-28 15:00:00,Paper Moon,Comedy,Peter Bogdanovich,1973,102,0,7.0
2478,2025-02-28 12:30:00,Once Were Warriors,Crime,Lee Tamahori,1994,102,12,8.0
2479,2025-02-28 10:00:00,Pink Floyd: The Wall,Drama,Alan Parker,1982,95,12,6.5
2480,2025-02-27 10:00:00,The Wild Bunch,Action,Sam Peckinpah,1969,145,12,7.5
2481,2025-02-26 10:00:00,Red River,Action,Howard Hawks,1948,133,12,7.0
2482,2025-02-25 10:30:00,One Flew Over the Cuckoo's Nest,Drama,Milos Forman,1975,133,12,8.5
2483,2025-02-24 10:30:00,Fa yeung nin wah,Drama,Kar-Wai Wong,2000,98,0,8.0
2484,2025-02-23 16:00:00,Les choristes,Drama,Christophe Barratier,2004,97,12,7.0
2485,2025-02-23 13:30:00,Viskningar och rop,Drama,Ingmar Bergman,1972,91,12,7.0
2486,2025-02-23 10:30:00,One Flew Over the Cuckoo's Nest,Drama,Milos Forman,1975,133,12,6.5
2487,2025-02-22 19:00:00,Paper Moon,Comedy,Peter Bogdanovich,1973,102,0,9.0
2488,2025-02-22 15:30:00,Sleepers,Crime,Barry Levinson,1996,147,12,8.5
2489,2025-02-22 13:00:00,Halloween,Horror,John Carpenter,1978,91,12,8.0
2490,2025-02-22 10:00:00,One Flew Over the Cuckoo's Nest,Drama,Milos Forman,1975,133,12,6.5
2491,2025-02-21 10:30:00,The Lady Vanishes,Mystery,Alfred Hitchcock,1938,96,12,7.5
2492,2025-02-20 16:00:00,The King of Comedy,Comedy,Martin Scorsese,1982,109,0,7.5
2493,2025-02-20 12:30:00,The Wild Bunch,Action,Sam Peckinpah,1969,145,12,6.5
2494,2025-02-20 10:00:00,Pink Floyd: The Wall,Drama,Alan Parker,1982,95,12,8.5
2495,2025-02-19 14:30:00,Rosemary's Baby,Drama,Roman Polanski,1968,137,12,7.5
2496,2025-02-19 10:00:00,Ben-Hur,Adventure,William Wyler,1959,212,0,8.5
2497,2025-02-18 17:30:00,Primal Fear,Crime,Gregory Hoblit,1996,129,12,7.5
2498,2025-02-18 13:30:00,Barry Lyndon,Adventure,Stanley Kubrick,1975,185,6,7.0
2499,2025-02-18 10:00:00,The Wild Bunch,Action,Sam Peckinpah,1969,145,12,8.5
2500,2025-02-17 13:30:00,Rosemary's Baby,Drama,Roman Polanski,1968,137,12,6.5
2501,2025-02-17 10:30:00,Network,Drama,Sidney Lumet,1976,121,12,7.5
2502,2025-02-16 18:00:00,Platoon,Drama,Oliver Stone,1986,120,12,9.0
2503,2025-02-16 15:30:00,The Wizard of Oz,Adventure,Victor Fleming,1939,102,0,8.5
2504,2025-02-16 12:30:00,Arsenic and Old Lace,Comedy,Frank Capra,1942,118,12,6.5
2505,2025-02-16 10:00:00,The Lady Vanishes,Mystery,Alfred Hitchcock,1938,96,12,8.0
2506,2025-02-15 18:30:00,Bound by Honor,Crime,Taylor Hackford,1993,180,16,10.0
2507,2025-02-15 16:00:00,Halloween,Horror,John Carpenter,1978,91,12,7.0
2508,2025-02-15 13:30:00,Mad Max 2,Action,George Miller,1981,96,12,7.5
2509,2025-02-15 10:30:00,In the Name of the Father,Biography,Jim Sheridan,1993,133,12,6.5
2510,2025-02-14 10:00:00,Training Day,Crime,Antoine Fuqua,2001,122,12,8.0
2511,2025-02-13 13:00:00,Network,Drama,Sidney Lumet,1976,121,12,7.5
2512,2025-02-13 10:30:00,Fa yeung nin wah,Drama,Kar-Wai Wong,2000,98,0,8.0
2513,2025-02-12 15:30:00,Das Cabinet des Dr. Caligari,Fantasy,Robert Wiene,1920,76,12,8.5
2514,2025-02-12 13:00:00,Aladdin,Animation,Ron Clements,1992,90,0,7.5
2515,2025-02-12 10:00:00,Die Hard,Action,John McTiernan,1988,132,12,8.0
2516,2025-02-11 10:30:00,Amélie,Comedy,Jean-Pierre Jeunet,2001,122,0,8.5
2517,2025-02-10 10:30:00,Rosemary's Baby,Drama,Roman Polanski,1968,137,12,7.0
2518,2025-02-09 17:30:00,Aladdin,Animation,Ron Clements,1992,90,0,6.5
2519,2025-02-09 15:00:00,Kind Hearts and Coronets,Comedy,Robert Hamer,1949,106,0,8.0
2520,2025-02-09 12:30:00,Clerks,Comedy,Kevin Smith,1994,92,16,6.5
2521,2025-02-09 10:00:00,Clerks,Comedy,Kevin Smith,1994,92,16,8.0
2522,2025-02-08 15:30:00,Platoon,Drama,Oliver Stone,1986,120,12,7.0
2523,2025-02-08 13:00:00,It Happened One Night,Comedy,Frank Capra,1934,105,12,8.0
2524,2025-02-08 10:30:00,Les choristes,Drama,Christophe Barratier,2004,97,12,8.5
2525,2025-02-07 16:00:00,Twelve Monkeys,Mystery,Terry Gilliam,1995,129,12,7.5
2526,2025-02-07 13:00:00,Back to the Future,Adventure,Robert Zemeckis,1985,116,0,6.5
2527,2025-02-07 10:00:00,The Magnificent Seven,Action,John Sturges,1960,128,12,6.5
2528,2025-02-06 15:00:00,Rashômon,Crime,Akira Kurosawa,1950,88,12,8.5
2529,2025-02-06 13:00:00,Das Cabinet des Dr. Caligari,Fantasy,Robert Wiene,1920,76,12,7.0
2530,2025-02-06 10:30:00,Les choristes,Drama,Christophe Barratier,2004,97,12,6.5
2531,2025-02-05 10:00:00,Au revoir les enfants,Drama,Louis Malle,1987,104,0,7.5
2532,2025-02-04 15:00:00,Kind Hearts and Coronets,Comedy,Robert Hamer,1949,106,0,7.5
2533,2025-02-04 12:30:00,Strangers on a Train,Crime,Alfred Hitchcock,1951,101,12,6.5
2534,2025-02-04 10:00:00,It Happened One Night,Comedy,Frank Capra,1934,105,12,7.0
2535,2025-02-03 15:00:00,Clerks,Comedy,Kevin Smith,1994,92,16,8.5
2536,2025-02-03 12:30:00,Home Alone,Comedy,Chris Columbus,1990,103,0,8.5
2537,2025-02-03 10:00:00,"Shin seiki Evangelion Gekijô-ban: Air/Magokoro wo, kimi ni",Animation,Hideaki Anno,1997,87,12,8.5
2538,2025-02-02 16:00:00,Training Day,Crime,Antoine Fuqua,2001,122,12,6.5
2539,2025-02-02 13:00:00,Dog Day Afternoon,Biography,Sidney Lumet,1975,125,0,7.0
2540,2025-02-02 10:30:00,Strangers on a Train,Crime,Alfred Hitchcock,1951,101,12,7.5
2541,2025-02-01 18:00:00,Amélie,Comedy,Jean-Pierre Jeunet,2001,122,0,9.0
2542,2025-02-01 15:30:00,Au revoir les enfants,Drama,Louis Malle,1987,104,0,8.5
2543,2025-02-01 13:00:00,The Goonies,Adventure,Richard Donner,1985,114,0,7.5
2544,2025-02-01 10:00:00,Primal Fear,Crime,Gregory Hoblit,1996,129,12,7.0
2545,2025-01-31 13:00:00,The Goonies,Adventure,Richard Donner,1985,114,0,7.5
2546,2025-01-31 10:30:00,Clerks,Comedy,Kevin Smith,1994,92,16,7.5
2547,2025-01-30 10:30:00,Au revoir les enfants,Drama,Louis Malle,1987,104,0,6.5
2548,2025-01-29 13:30:00,Home Alone,Comedy,Chris Columbus,1990,103,0,8.0
2549,2025-01-29 10:00:00,"Il buono, il brutto, il cattivo",Western,Sergio Leone,1966,161,12,7.5
2550,2025-01-28 10:00:00,Arsenic and Old Lace,Comedy,Frank Capra,1942,118,12,7.5
2551,2025-01-27 16:30:00,The Magnificent Seven,Action,John Sturges,1960,128,12,8.5
2552,2025-01-27 13:30:00,Training Day,Crime,Antoine Fuqua,2001,122,12,8.5
2553,2025-01-27 10:30:00,Training Day,Crime,Antoine Fuqua,2001,122,12,7.0
2554,2025-01-26 19:00:00,The Godfather: Part III,Crime,Francis Ford Coppola,1990,162,12,9.5
2555,2025-01-26 16:30:00,Rashômon,Crime,Akira Kurosawa,1950,88,12,8.0
2556,2025-01-26 13:30:00,Mononoke-hime,Animation,Hayao Miyazaki,1997,134,0,6.5
2557,2025-01-26 10:30:00,The Magnificent Seven,Action,John Sturges,1960,128,12,7.0
2558,2025-01-25 17:00:00,Twelve Monkeys,Mystery,Terry Gilliam,1995,129,12,6.5
2559,2025-01-25 13:00:00,Barry Lyndon,Adventure,Stanley Kubrick,1975,185,6,6.5
2560,2025-01-25 10:00:00,Training Day,Crime,Antoine Fuqua,2001,122,12,7.0
2561,2025-01-24 13:00:00,Escape from Alcatraz,Action,Don Siegel,1979,112,12,8.0
2562,2025-01-24 10:30:00,Repulsion,Drama,Roman Polanski,1965,105,12,7.5
2563,2025-01-23 15:30:00,Amélie,Comedy,Jean-Pierre Jeunet,2001,122,0,6.5
2564,2025-01-23 12:30:00,Amélie,Comedy,Jean-Pierre Jeunet,2001,122,0,8.5
2565,2025-01-23 10:00:00,Jeux d'enfants,Comedy,Yann Samuell,2003,93,16,8.0
2566,2025-01-22 15:30:00,The Goonies,Adventure,Richard Donner,1985,114,0,7.0
2567,2025-01-22 13:00:00,Les choristes,Drama,Christophe Barratier,2004,97,12,7.0
2568,2025-01-22 10:30:00,It Happened One Night,Comedy,Frank Capra,1934,105,12,8.0
2569,2025-01-21 13:00:00,All About Eve,Drama,Joseph L. Mankiewicz,1950,138,12,7.0
2570,2025-01-21 10:30:00,Repulsion,Drama,Roman Polanski,1965,105,12,7.5
2571,2025-01-20 13:30:00,Platoon,Drama,Oliver Stone,1986,120,12,7.0
2572,2025-01-20 10:30:00,Twelve Monkeys,Mystery,Terry Gilliam,1995,129,12,6.5
2573,2025-01-19 18:00:00,Gongdong gyeongbi guyeok JSA,Action,Chan-wook Park,2000,110,12,8.5
2574,2025-01-19 16:00:00,"Shin seiki Evangelion Gekijô-ban: Air/Magokoro wo, kimi ni",Animation,Hideaki Anno,1997,87,12,7.5
2575,2025-01-19 13:30:00,Au revoir les enfants,Drama,Louis Malle,1987,104,0,8.5
2576,2025-01-19 10:30:00,Platoon,Drama,Oliver Stone,1986,120,12,8.5
2577,2025-01-18 18:00:00,Barry Lyndon,Adventure,Stanley Kubrick,1975,185,6,9.0
2578,2025-01-18 15:30:00,First Blood,Action,Ted Kotcheff,1982,93,12,6.5
2579,2025-01-18 13:00:00,Au revoir les enfants,Drama,Louis Malle,1987,104,0,7.0
2580,2025-01-18 10:00:00,Escape from Alcatraz,Action,Don Siegel,1979,112,12,8.5
2581,2025-01-17 16:00:00,First Blood,Action,Ted Kotcheff,1982,93,12,7.0
2582,2025-01-17 13:30:00,Gongdong gyeongbi guyeok JSA,Action,Chan-wook Park,2000,110,12,6.5
2583,2025-01-17 10:30:00,Platoon,Drama,Oliver Stone,1986,120,12,8.0
2584,2025-01-16 15:30:00,All About Eve,Drama,Joseph L. Mankiewicz,1950,138,12,7.0
2585,2025-01-16 13:00:00,Finding Nemo,Animation,Andrew Stanton,2003,100,0,8.5
2586,2025-01-16 10:30:00,Stand by Me,Adventure,Rob Reiner,1986,89,0,6.5
2587,2025-01-15 13:00:00,City Lights,Comedy,Charles Chaplin,1931,87,0,7.5
2588,2025-01-15 10:30:00,Fa yeung nin wah,Drama,Kar-Wai Wong,2000,98,0,6.5
2589,2025-01-14 10:30:00,Twelve Monkeys,Mystery,Terry Gilliam,1995,129,12,7.0
2590,2025-01-13 10:00:00,Amélie,Comedy,Jean-Pierre Jeunet,2001,122,0,8.0
2591,2025-01-12 15:30:00,The Godfather: Part III,Crime,Francis Ford Coppola,1990,162,12,6.5
2592,2025-01-12 13:00:00,Escape from Alcatraz,Action,Don Siegel,1979,112,12,6.5
2593,2025-01-12 10:30:00,The Thin Man,Comedy,W.S. Van Dyke,1934,91,12,6.5
2594,2025-01-11 15:00:00,Platoon,Drama,Oliver Stone,1986,120,12,8.5
2595,2025-01-11 12:30:00,City Lights,Comedy,Charles Chaplin,1931,87,0,8.5
2596,2025-01-11 10:00:00,Les choristes,Drama,Christophe Barratier,2004,97,12,6.5
2597,2025-01-10 10:30:00,The Thin Man,Comedy,W.S. Van Dyke,1934,91,12,7.5
2598,2025-01-09 13:00:00,Mononoke-hime,Animation,Hayao Miyazaki,1997,134,0,7.5
2599,2025-01-09 10:30:00,The Thin Man,Comedy,W.S. Van Dyke,1934,91,12,7.0
2600,2025-01-08 16:00:00,All About Eve,Drama,Joseph L. Mankiewicz,1950,138,12,7.5
2601,2025-01-08 13:00:00,Mononoke-hime,Animation,Hayao Miyazaki,1997,134,0,8.5
2602,2025-01-08 10:00:00,All About Eve,Drama,Joseph L. Mankiewicz,1950,138,12,8.5
2603,2025-01-07 16:30:00,Repulsion,Drama,Roman Polanski,1965,105,12,6.5
2604,2025-01-07 13:30:00,Twelve Monkeys,Mystery,Terry Gilliam,1995,129,12,6.5
2605,2025-01-07 10:00:00,The Godfather: Part III,Crime,Francis Ford Coppola,1990,162,12,6.5
2606,2025-01-06 10:30:00,Home Alone,Comedy,Chris Columbus,1990,103,0,7.5
2607,2025-01-05 19:00:00,The Apartment,Comedy,Billy Wilder,1960,125,0,9.5
2608,2025-01-05 16:30:00,Dial M for Murder,Crime,Alfred Hitchcock,1954,105,12,7.0
2609,2025-01-05 13:30:00,In the Name of the Father,Biography,Jim Sheridan,1993,133,12,7.5
2610,2025-01-05 10:30:00,The Apartment,Comedy,Billy Wilder,1960,125,0,7.0
2611,2025-01-04 18:30:00,First Blood,Action,Ted Kotcheff,1982,93,12,8.5
2612,2025-01-04 16:00:00,Fa yeung nin wah,Drama,Kar-Wai Wong,2000,98,0,7.0
2613,2025-01-04 13:30:00,Repulsion,Drama,Roman Polanski,1965,105,12,8.5
2614,2025-01-04 10:30:00,In the Name of the Father,Biography,Jim Sheridan,1993,133,12,7.0
2615,2025-01-03 10:00:00,The Kid,Comedy,Charles Chaplin,1921,68,12,8.5
2616,2025-01-02 16:00:00,Stagecoach,Adventure,John Ford,1939,96,12,7.0
2617,2025-01-02 12:30:00,The Last Samurai,Action,Edward Zwick,2003,154,12,6.5
2618,2025-01-02 10:00:00,The Thin Man,Comedy,W.S. Van Dyke,1934,91,12,8.5
2619,2025-01-01 13:00:00,The Apartment,Comedy,Billy Wilder,1960,125,0,8.5
2620,2025-01-01 10:30:00,Stand by Me,Adventure,Rob Reiner,1986,89,0,7.0
2621,2024-12-31 13:00:00,Gongdong gyeongbi guyeok JSA,Action,Chan-wook Park,2000,110,12,6.5
2622,2024-12-31 10:30:00,First Blood,Action,Ted Kotcheff,1982,93,12,6.5
2623,2024-12-30 16:30:00,Lola rennt,Crime,Tom Tykwer,1998,81,12,7.5
2624,2024-12-30 13:30:00,Midnight Cowboy,Drama,John Schlesinger,1969,113,12,8.0
2625,2024-12-30 10:30:00,Mississippi Burning,Crime,Alan Parker,1988,128,12,7.0
2626,2024-12-29 16:30:00,Gongdong gyeongbi guyeok JSA,Action,Chan-wook Park,2000,110,12,6.5
2627,2024-12-29 14:00:00,Jeux d'enfants,Comedy,Yann Samuell,2003,93,16,7.0
2628,2024-12-29 10:30:00,The Godfather: Part III,Crime,Francis Ford Coppola,1990,162,12,8.0
2629,2024-12-28 19:00:00,Harry Potter and the Prisoner of Azkaban,Adventure,Alfonso Cuarón,2004,142,0,8.5
2630,2024-12-28 16:00:00,Harry Potter and the Prisoner of Azkaban,Adventure,Alfonso Cuarón,2004,142,0,6.5
2631,2024-12-28 12:30:00,Anatomy of a Murder,Crime,Otto Preminger,1959,161,12,7.0
2632,2024-12-28 10:30:00,"Shin seiki Evangelion Gekijô-ban: Air/Magokoro wo, kimi ni",Animation,Hideaki Anno,1997,87,12,8.0
2633,2024-12-27 13:00:00,Finding Nemo,Animation,Andrew Stanton,2003,100,0,6.5
2634,2024-12-27 10:30:00,Le samouraï,Crime,Jean-Pierre Melville,1967,105,12,6.5
2635,2024-12-26 16:00:00,Midnight Cowboy,Drama,John Schlesinger,1969,113,12,7.5
2636,2024-12-26 12:30:00,Das Boot,Adventure,Wolfgang Petersen,1981,149,16,7.0
2637,2024-12-26 10:00:00,The Thin Man,Comedy,W.S. Van Dyke,1934,91,12,6.5
2638,2024-12-25 15:30:00,Finding Nemo,Animation,Andrew Stanton,2003,100,0,6.5
2639,2024-12-25 13:00:00,Eternal Sunshine of the Spotless Mind,Drama,Michel Gondry,2004,108,12,8.5
2640,2024-12-25 10:30:00,Blade Runner,Action,Ridley Scott,1982,117,12,8.5
2641,2024-12-24 15:30:00,Jeux d'enfants,Comedy,Yann Samuell,2003,93,16,8.5
2642,2024-12-24 12:30:00,Die Hard,Action,John McTiernan,1988,132,12,8.5
2643,2024-12-24 10:00:00,City Lights,Comedy,Charles Chaplin,1931,87,0,7.0
2644,2024-12-23 10:00:00,American Psycho,Comedy,Mary Harron,2000,101,12,7.0
2645,2024-12-22 15:30:00,Anatomy of a Murder,Crime,Otto Preminger,1959,161,12,8.5
2646,2024-12-22 13:00:00,The Others,Horror,Alejandro Amenábar,2001,101,12,7.0
2647,2024-12-22 10:30:00,Il postino,Biography,Michael Radford,1994,108,0,7.5
2648,2024-12-21 18:30:00,In the Name of the Father,Biography,Jim Sheridan,1993,133,12,10.0
2649,2024-12-21 15:00:00,All About Eve,Drama,Joseph L. Mankiewicz,1950,138,12,6.5
2650,2024-12-21 12:30:00,City Lights,Comedy,Charles Chaplin,1931,87,0,8.5
2651,2024-12-21 10:00:00,Gongdong gyeongbi guyeok JSA,Action,Chan-wook Park,2000,110,12,7.0
2652,2024-12-20 15:30:00,The Night of the Hunter,Crime,Charles Laughton,1955,92,12,8.5
2653,2024-12-20 13:30:00,Freaks,Drama,Tod Browning,1932,64,12,8.0
2654,2024-12-20 10:30:00,Die Hard,Action,John McTiernan,1988,132,12,7.0
2655,2024-12-19 13:00:00,Finding Nemo,Animation,Andrew Stanton,2003,100,0,7.0
2656,2024-12-19 10:00:00,Dog Day Afternoon,Biography,Sidney Lumet,1975,125,0,7.0
2657,2024-12-18 10:00:00,The Others,Horror,Alejandro Amenábar,2001,101,12,8.0
2658,2024-12-17 10:00:00,City Lights,Comedy,Charles Chaplin,1931,87,0,6.5
2659,2024-12-16 13:00:00,Eternal Sunshine of the Spotless Mind,Drama,Michel Gondry,2004,108,12,6.5
2660,2024-12-16 10:00:00,The Wild Bunch,Action,Sam Peckinpah,1969,145,12,8.5
2661,2024-12-15 15:30:00,Snatch,Comedy,Guy Ritchie,2000,104,12,8.0
2662,2024-12-15 12:30:00,The Outlaw Josey Wales,Western,Clint Eastwood,1976,135,12,8.0
2663,2024-12-15 10:00:00,Lola rennt,Crime,Tom Tykwer,1998,81,12,7.0
2664,2024-12-14 16:00:00,The Others,Horror,Alejandro Amenábar,2001,101,12,6.5
2665,2024-12-14 13:00:00,Harry Potter and the Prisoner of Azkaban,Adventure,Alfonso Cuarón,2004,142,0,7.0
2666,2024-12-14 10:30:00,Jeux d'enfants,Comedy,Yann Samuell,2003,93,16,7.0
2667,2024-12-13 10:00:00,Snatch,Comedy,Guy Ritchie,2000,104,12,7.0
2668,2024-12-12 10:00:00,The Outlaw Josey Wales,Western,Clint Eastwood,1976,135,12,7.5
2669,2024-12-11 15:00:00,The Night of the Hunter,Crime,Charles Laughton,1955,92,12,8.5
2670,2024-12-11 12:30:00,Il postino,Biography,Michael Radford,1994,108,0,8.5
2671,2024-12-11 10:00:00,Midnight Cowboy,Drama,John Schlesinger,1969,113,12,7.5
2672,2024-12-10 13:00:00,Le samouraï,Crime,Jean-Pierre Melville,1967,105,12,7.5
2673,2024-12-10 10:30:00,Lola rennt,Crime,Tom Tykwer,1998,81,12,6.5
2674,2024-12-09 13:30:00,Die Hard,Action,John McTiernan,1988,132,12,7.0
2675,2024-12-09 10:30:00,Midnight Cowboy,Drama,John Schlesinger,1969,113,12,8.0
2676,2024-12-08 16:30:00,Ying xiong,Action,Yimou Zhang,2002,120,12,6.5
2677,2024-12-08 13:30:00,Blade Runner,Action,Ridley Scott,1982,117,12,8.0
2678,2024-12-08 10:30:00,Midnight Cowboy,Drama,John Schlesinger,1969,113,12,6.5
2679,2024-12-07 16:00:00,Das Boot,Adventure,Wolfgang Petersen,1981,149,16,8.0
2680,2024-12-07 13:00:00,Boyz n the Hood,Crime,John Singleton,1991,112,12,7.5
2681,2024-12-07 10:30:00,Il postino,Biography,Michael Radford,1994,108,0,7.0
2682,2024-12-06 13:00:00,Das Boot,Adventure,Wolfgang Petersen,1981,149,16,7.5
2683,2024-12-06 10:30:00,Il postino,Biography,Michael Radford,1994,108,0,6.5
2684,2024-12-05 10:30:00,Mulan,Animation,Tony Bancroft,1998,88,0,8.5
2685,2024-12-04 10:00:00,Harry Potter and the Prisoner of Azkaban,Adventure,Alfonso Cuarón,2004,142,0,7.0
2686,2024-12-03 13:00:00,Blade Runner,Action,Ridley Scott,1982,117,12,8.0
2687,2024-12-03 10:00:00,Ying xiong,Action,Yimou Zhang,2002,120,12,6.5
2688,2024-12-02 13:00:00,The Night of the Hunter,Crime,Charles Laughton,1955,92,12,6.5
2689,2024-12-02 10:30:00,Dial M for Murder,Crime,Alfred Hitchcock,1954,105,12,8.5
2690,2024-12-01 18:00:00,American Psycho,Comedy,Mary Harron,2000,101,12,9.5
2691,2024-12-01 15:30:00,The Night of the Hunter,Crime,Charles Laughton,1955,92,12,7.5
2692,2024-12-01 12:30:00,Ying xiong,Action,Yimou Zhang,2002,120,12,8.5
2693,2024-12-01 10:00:00,The Night of the Hunter,Crime,Charles Laughton,1955,92,12,7.0
2694,2024-11-30 17:30:00,Dial M for Murder,Crime,Alfred Hitchcock,1954,105,12,8.0
2695,2024-11-30 15:00:00,The 39 Steps,Crime,Alfred Hitchcock,1935,86,12,8.0
2696,2024-11-30 12:30:00,Il postino,Biography,Michael Radford,1994,108,0,8.0
2697,2024-11-30 10:00:00,The Night of the Hunter,Crime,Charles Laughton,1955,92,12,7.5
2698,2024-11-29 15:30:00,Alien,Horror,Ridley Scott,1979,117,16,8.0
2699,2024-11-29 13:00:00,Snatch,Comedy,Guy Ritchie,2000,104,12,8.5
2700,2024-11-29 10:30:00,Mulan,Animation,Tony Bancroft,1998,88,0,8.5
2701,2024-11-28 13:00:00,Ying xiong,Action,Yimou Zhang,2002,120,12,8.5
2702,2024-11-28 10:00:00,La vita è bella,Comedy,Roberto Benigni,1997,116,0,8.0
2703,2024-11-27 10:00:00,American Psycho,Comedy,Mary Harron,2000,101,12,7.5
2704,2024-11-26 10:00:00,The Kid,Comedy,Charles Chaplin,1921,68,12,7.5
2705,2024-11-25 10:00:00,The Last Samurai,Action,Edward Zwick,2003,154,12,8.5
2706,2024-11-24 18:00:00,Fight Club,Drama,David Fincher,1999,139,12,10.0
2707,2024-11-24 15:30:00,"Aguirre, der Zorn Gottes",Action,Werner Herzog,1972,95,12,7.5
2708,2024-11-24 13:00:00,Il postino,Biography,Michael Radford,1994,108,0,8.5
2709,2024-11-24 10:00:00,E.T. the Extra-Terrestrial,Family,Steven Spielberg,1982,115,0,8.0
2710,2024-11-23 16:00:00,The Others,Horror,Alejandro Amenábar,2001,101,12,8.5
2711,2024-11-23 13:30:00,Mulan,Animation,Tony Bancroft,1998,88,0,8.0
2712,2024-11-23 10:30:00,Fight Club,Drama,David Fincher,1999,139,12,8.5
2713,2024-11-22 13:00:00,Dial M for Murder,Crime,Alfred Hitchcock,1954,105,12,8.0
2714,2024-11-22 10:30:00,Eternal Sunshine of the Spotless Mind,Drama,Michel Gondry,2004,108,12,8.0
2715,2024-11-21 10:00:00,Alien,Horror,Ridley Scott,1979,117,16,6.5
2716,2024-11-20 14:00:00,Fight Club,Drama,David Fincher,1999,139,12,7.0
2717,2024-11-20 10:00:00,Underground,Comedy,Emir Kusturica,1995,170,12,7.5
2718,2024-11-19 10:30:00,Snatch,Comedy,Guy Ritchie,2000,104,12,8.0
2719,2024-11-18 13:00:00,The Outlaw Josey Wales,Western,Clint Eastwood,1976,135,12,8.5
2720,2024-11-18 10:00:00,Fight Club,Drama,David Fincher,1999,139,12,8.5
2721,2024-11-17 16:00:00,Evil Dead II,Action,Sam Raimi,1987,84,12,8.5
2722,2024-11-17 13:30:00,Crash,Crime,Paul Haggis,2004,112,12,6.5
2723,2024-11-17 10:30:00,La vita è bella,Comedy,Roberto Benigni,1997,116,0,8.0
2724,2024-11-16 16:30:00,Scent of a Woman,Drama,Martin Brest,1992,156,12,8.0
2725,2024-11-16 14:00:00,Snatch,Comedy,Guy Ritchie,2000,104,12,8.5
2726,2024-11-16 10:30:00,The Sound of Music,Biography,Robert Wise,1965,172,0,8.0
2727,2024-11-15 10:30:00,Mulan,Animation,Tony Bancroft,1998,88,0,7.5
2728,2024-11-14 13:00:00,Midnight Cowboy,Drama,John Schlesinger,1969,113,12,7.5
2729,2024-11-14 10:30:00,Evil Dead II,Action,Sam Raimi,1987,84,12,8.0
2730,2024-11-13 16:00:00,Jeux d'enfants,Comedy,Yann Samuell,2003,93,16,7.5
2731,2024-11-13 12:30:00,The Last Samurai,Action,Edward Zwick,2003,154,12,7.5
2732,2024-11-13 10:00:00,"Aguirre, der Zorn Gottes",Action,Werner Herzog,1972,95,12,6.5
2733,2024-11-12 13:00:00,E.T. the Extra-Terrestrial,Family,Steven Spielberg,1982,115,0,7.5
2734,2024-11-12 10:00:00,Sen to Chihiro no kamikakushi,Animation,Hayao Miyazaki,2001,125,0,7.0
2735,2024-11-11 10:30:00,The Thin Man,Comedy,W.S. Van Dyke,1934,91,12,7.0
2736,2024-11-10 17:30:00,Hable con ella,Drama,Pedro Almodóvar,2002,112,16,8.5
2737,2024-11-10 13:30:00,The Sound of Music,Biography,Robert Wise,1965,172,0,7.0
2738,2024-11-10 10:00:00,Scent of a Woman,Drama,Martin Brest,1992,156,12,8.0
2739,2024-11-09 19:00:00,Diarios de motocicleta,Adventure,Walter Salles,2004,126,0,9.5
2740,2024-11-09 16:00:00,Akira,Animation,Katsuhiro Ôtomo,1988,124,12,8.0
2741,2024-11-09 13:30:00,Alien,Horror,Ridley Scott,1979,117,16,8.5
2742,2024-11-09 10:30:00,Abre los ojos,Drama,Alejandro Amenábar,1997,119,0,6.5
2743,2024-11-08 13:00:00,Scent of a Woman,Drama,Martin Brest,1992,156,12,7.0
2744,2024-11-08 10:00:00,Alien,Horror,Ridley Scott,1979,117,16,8.5
2745,2024-11-07 16:30:00,Jeux d'enfants,Comedy,Yann Samuell,2003,93,16,8.5
2746,2024-11-07 13:30:00,Almost Famous,Adventure,Cameron Crowe,2000,122,12,7.0
2747,2024-11-07 10:30:00,Diarios de motocicleta,Adventure,Walter Salles,2004,126,0,7.5
2748,2024-11-06 13:30:00,Alien,Horror,Ridley Scott,1979,117,16,8.5
2749,2024-11-06 10:00:00,Underground,Comedy,Emir Kusturica,1995,170,12,8.0
2750,2024-11-05 10:30:00,Stand by Me,Adventure,Rob Reiner,1986,89,0,7.5
2751,2024-11-04 13:30:00,Out of the Past,Crime,Jacques Tourneur,1947,97,12,7.0
2752,2024-11-04 10:30:00,Amarcord,Comedy,Federico Fellini,1973,123,16,7.5
2753,2024-11-03 18:00:00,Diarios de motocicleta,Adventure,Walter Salles,2004,126,0,9.5
2754,2024-11-03 16:00:00,Stand by Me,Adventure,Rob Reiner,1986,89,0,8.5
2755,2024-11-03 13:30:00,Il conformista,Drama,Bernardo Bertolucci,1970,113,12,6.5
2756,2024-11-03 10:30:00,E.T. the Extra-Terrestrial,Family,Steven Spielberg,1982,115,0,7.5
2757,2024-11-02 15:30:00,The Sound of Music,Biography,Robert Wise,1965,172,0,6.5
2758,2024-11-02 13:00:00,Majo no takkyûbin,Animation,Hayao Miyazaki,1989,103,0,8.0
2759,2024-11-02 10:30:00,Dip huet seung hung,Action,John Woo,1989,111,16,7.5
2760,2024-11-01 10:00:00,Dip huet seung hung,Action,John Woo,1989,111,16,7.5
2761,2024-10-31 16:00:00,Il conformista,Drama,Bernardo Bertolucci,1970,113,12,7.0
2762,2024-10-31 13:00:00,E.T. the Extra-Terrestrial,Family,Steven Spielberg,1982,115,0,7.0
2763,2024-10-31 10:30:00,Star Trek II: The Wrath of Khan,Action,Nicholas Meyer,1982,113,0,7.5
2764,2024-10-30 10:00:00,Almost Famous,Adventure,Cameron Crowe,2000,122,12,8.5
2765,2024-10-29 15:00:00,E.T. the Extra-Terrestrial,Family,Steven Spielberg,1982,115,0,6.5
2766,2024-10-29 12:00:00,Seppuku,Action,Masaki Kobayashi,1962,133,12,7.5
2767,2024-10-29 10:00:00,Les triplettes de Belleville,Animation,Sylvain Chomet,2003,80,12,6.5
2768,2024-10-28 15:30:00,Fight Club,Drama,David Fincher,1999,139,12,7.5
2769,2024-10-28 13:00:00,Stand by Me,Adventure,Rob Reiner,1986,89,0,7.0
2770,2024-10-28 10:30:00,Stand by Me,Adventure,Rob Reiner,1986,89,0,7.0
2771,2024-10-27 17:00:00,E.T. the Extra-Terrestrial,Family,Steven Spielberg,1982,115,0,7.0
2772,2024-10-27 13:30:00,All Quiet on the Western Front,Drama,Lewis Milestone,1930,152,0,8.0
2773,2024-10-27 10:30:00,Almost Famous,Adventure,Cameron Crowe,2000,122,12,7.0
2774,2024-10-26 15:30:00,La vita è bella,Comedy,Roberto Benigni,1997,116,0,8.0
2775,2024-10-26 12:30:00,Alien,Horror,Ridley Scott,1979,117,16,7.0
2776,2024-10-26 10:00:00,"Aguirre, der Zorn Gottes",Action,Werner Herzog,1972,95,12,7.0
2777,2024-10-25 13:00:00,Almost Famous,Adventure,Cameron Crowe,2000,122,12,8.0
2778,2024-10-25 10:00:00,Abre los ojos,Drama,Alejandro Amenábar,1997,119,0,8.0
2779,2024-10-24 17:30:00,Akira,Animation,Katsuhiro Ôtomo,1988,124,12,7.0
2780,2024-10-24 15:00:00,Airplane!,Comedy,Jim Abrahams,1980,88,0,8.0
2781,2024-10-24 10:00:00,Hamlet,Drama,Kenneth Branagh,1996,242,12,7.5
2782,2024-10-23 13:00:00,Kaze no tani no Naushika,Animation,Hayao Miyazaki,1984,117,0,8.0
2783,2024-10-23 10:00:00,Sen to Chihiro no kamikakushi,Animation,Hayao Miyazaki,2001,125,0,8.5
2784,2024-10-22 13:00:00,Akira,Animation,Katsuhiro Ôtomo,1988,124,12,7.5
2785,2024-10-22 10:30:00,E.T. the Extra-Terrestrial,Family,Steven Spielberg,1982,115,0,7.5
2786,2024-10-21 12:30:00,Le samouraï,Crime,Jean-Pierre Melville,1967,105,12,7.5
2787,2024-10-21 10:00:00,Out of the Past,Crime,Jacques Tourneur,1947,97,12,8.0
2788,2024-10-20 16:30:00,The Butterfly Effect,Drama,Eric Bress,2004,113,0,6.5
2789,2024-10-20 13:30:00,Diarios de motocicleta,Adventure,Walter Salles,2004,126,0,7.5
2790,2024-10-20 10:00:00,All Quiet on the Western Front,Drama,Lewis Milestone,1930,152,0,8.5
2791,2024-10-19 17:30:00,Les triplettes de Belleville,Animation,Sylvain Chomet,2003,80,12,6.5
2792,2024-10-19 14:00:00,Pulp Fiction,Crime,Quentin Tarantino,1994,154,12,8.0
2793,2024-10-19 10:30:00,Scent of a Woman,Drama,Martin Brest,1992,156,12,7.5
2794,2024-10-18 16:00:00,Fight Club,Drama,David Fincher,1999,139,12,7.5
2795,2024-10-18 13:00:00,E.T. the Extra-Terrestrial,Family,Steven Spielberg,1982,115,0,7.5
2796,2024-10-18 10:00:00,Dog Day Afternoon,Biography,Sidney Lumet,1975,125,0,6.5
2797,2024-10-17 16:30:00,E.T. the Extra-Terrestrial,Family,Steven Spielberg,1982,115,0,7.5
2798,2024-10-17 13:30:00,E.T. the Extra-Terrestrial,Family,Steven Spielberg,1982,115,0,6.5
2799,2024-10-17 10:30:00,It's a Wonderful Life,Drama,Frank Capra,1946,130,6,7.5
2800,2024-10-16 10:30:00,Seppuku,Action,Masaki Kobayashi,1962,133,12,6.5
2801,2024-10-15 13:30:00,Raging Bull,Biography,Martin Scorsese,1980,129,12,8.0
2802,2024-10-15 10:30:00,Idi i smotri,Drama,Elem Klimov,1985,142,12,8.5
2803,2024-10-14 14:00:00,Il conformista,Drama,Bernardo Bertolucci,1970,113,12,8.0
2804,2024-10-14 10:30:00,Fitzcarraldo,Adventure,Werner Herzog,1982,158,16,8.0
2805,2024-10-13 18:30:00,Airplane!,Comedy,Jim Abrahams,1980,88,0,9.5
2806,2024-10-13 16:00:00,Gilda,Drama,Charles Vidor,1946,110,12,7.5
2807,2024-10-13 13:30:00,Lethal Weapon,Action,Richard Donner,1987,109,12,8.0
2808,2024-10-13 10:30:00,The Butterfly Effect,Drama,Eric Bress,2004,113,0,6.5
2809,2024-10-12 17:30:00,E.T. the Extra-Terrestrial,Family,Steven Spielberg,1982,115,0,7.0
2810,2024-10-12 15:30:00,City Lights,Comedy,Charles Chaplin,1931,87,0,8.0
2811,2024-10-12 13:00:00,Before Sunset,Drama,Richard Linklater,2004,80,16,6.5
2812,2024-10-12 10:30:00,The Thin Man,Comedy,W.S. Van Dyke,1934,91,12,7.5
2813,2024-10-11 10:30:00,Les triplettes de Belleville,Animation,Sylvain Chomet,2003,80,12,8.5
2814,2024-10-10 13:30:00,Scent of a Woman,Drama,Martin Brest,1992,156,12,7.5
2815,2024-10-10 10:00:00,Fight Club,Drama,David Fincher,1999,139,12,8.5
2816,2024-10-09 13:30:00,The Thin Man,Comedy,W.S. Van Dyke,1934,91,12,7.5
2817,2024-10-09 10:30:00,The Goonies,Adventure,Richard Donner,1985,114,0,6.5
2818,2024-10-08 12:30:00,The Bourne Supremacy,Action,Paul Greengrass,2004,108,12,7.0
2819,2024-10-08 10:00:00,Lethal Weapon,Action,Richard Donner,1987,109,12,7.5
2820,2024-10-07 10:30:00,Sen to Chihiro no kamikakushi,Animation,Hayao Miyazaki,2001,125,0,8.0
2821,2024-10-06 18:30:00,Viskningar och rop,Drama,Ingmar Bergman,1972,91,12,10.0
2822,2024-10-06 15:00:00,Idi i smotri,Drama,Elem Klimov,1985,142,12,7.0
2823,2024-10-06 12:30:00,Lethal Weapon,Action,Richard Donner,1987,109,12,7.0
2824,2024-10-06 10:00:00,Airplane!,Comedy,Jim Abrahams,1980,88,0,8.0
2825,2024-10-05 17:30:00,Gilda,Drama,Charles Vidor,1946,110,12,7.0
2826,2024-10-05 15:00:00,After Hours,Comedy,Martin Scorsese,1985,97,12,7.0
2827,2024-10-05 12:30:00,Out of the Past,Crime,Jacques Tourneur,1947,97,12,8.5
2828,2024-10-05 10:00:00,Out of the Past,Crime,Jacques Tourneur,1947,97,12,7.5
2829,2024-10-04 10:00:00,Stand by Me,Adventure,Rob Reiner,1986,89,0,6.5
2830,2024-10-03 16:30:00,Almost Famous,Adventure,Cameron Crowe,2000,122,12,7.5
2831,2024-10-03 14:30:00,Airplane!,Comedy,Jim Abrahams,1980,88,0,7.0
2832,2024-10-03 10:30:00,The Lord of the Rings: The Fellowship of the Ring,Action,Peter Jackson,2001,178,0,6.5
2833,2024-10-02 10:00:00,Amarcord,Comedy,Federico Fellini,1973,123,16,7.0
2834,2024-10-01 12:30:00,Pulp Fiction,Crime,Quentin Tarantino,1994,154,12,7.0
2835,2024-10-01 10:00:00,Majo no takkyûbin,Animation,Hayao Miyazaki,1989,103,0,7.5
2836,2024-09-30 15:30:00,Ace in the Hole,Drama,Billy Wilder,1951,111,12,8.0
2837,2024-09-30 13:00:00,The Shop Around the Corner,Comedy,Ernst Lubitsch,1940,99,12,8.5
2838,2024-09-30 10:00:00,The Butterfly Effect,Drama,Eric Bress,2004,113,0,8.0
2839,2024-09-29 18:30:00,Dog Day Afternoon,Biography,Sidney Lumet,1975,125,0,9.0
2840,2024-09-29 16:00:00,Le samouraï,Crime,Jean-Pierre Melville,1967,105,12,6.5
2841,2024-09-29 13:00:00,Almost Famous,Adventure,Cameron Crowe,2000,122,12,6.5
2842,2024-09-29 10:00:00,Kaze no tani no Naushika,Animation,Hayao Miyazaki,1984,117,0,8.5
2843,2024-09-28 18:30:00,Enter the Dragon,Action,Robert Clouse,1973,102,12,10.0
2844,2024-09-28 16:00:00,Le samouraï,Crime,Jean-Pierre Melville,1967,105,12,8.0
2845,2024-09-28 13:30:00,No Man's Land,Comedy,Danis Tanovic,2001,98,16,7.0
2846,2024-09-28 10:30:00,It's a Wonderful Life,Drama,Frank Capra,1946,130,6,8.0
2847,2024-09-27 16:00:00,City Lights,Comedy,Charles Chaplin,1931,87,0,7.5
2848,2024-09-27 13:00:00,Seppuku,Action,Masaki Kobayashi,1962,133,12,8.0
2849,2024-09-27 10:00:00,Dog Day Afternoon,Biography,Sidney Lumet,1975,125,0,6.5
2850,2024-09-26 10:30:00,Midnight Express,Biography,Alan Parker,1978,121,12,8.5
2851,2024-09-25 10:00:00,Crimes and Misdemeanors,Comedy,Woody Allen,1989,104,12,8.5
2852,2024-09-24 10:30:00,The Butterfly Effect,Drama,Eric Bress,2004,113,0,8.0
2853,2024-09-23 16:30:00,After Hours,Comedy,Martin Scorsese,1985,97,12,8.5
2854,2024-09-23 14:00:00,Lethal Weapon,Action,Richard Donner,1987,109,12,6.5
2855,2024-09-23 10:30:00,Pulp Fiction,Crime,Quentin Tarantino,1994,154,12,8.5
2856,2024-09-22 19:00:00,The Grapes of Wrath,Drama,John Ford,1940,129,12,10.0
2857,2024-09-22 16:00:00,The Goonies,Adventure,Richard Donner,1985,114,0,6.5
2858,2024-09-22 13:00:00,The Bourne Supremacy,Action,Paul Greengrass,2004,108,12,8.5
2859,2024-09-22 10:30:00,The Goonies,Adventure,Richard Donner,1985,114,0,8.0
2860,2024-09-21 16:00:00,Star Trek II: The Wrath of Khan,Action,Nicholas Meyer,1982,113,0,7.0
2861,2024-09-21 13:00:00,Seppuku,Action,Masaki Kobayashi,1962,133,12,8.5
2862,2024-09-21 10:30:00,Kaze no tani no Naushika,Animation,Hayao Miyazaki,1984,117,0,8.5
2863,2024-09-20 12:30:00,The Lord of the Rings: The Fellowship of the Ring,Action,Peter Jackson,2001,178,0,6.5
2864,2024-09-20 10:00:00,Enter the Dragon,Action,Robert Clouse,1973,102,12,7.0
2865,2024-09-19 12:30:00,Dog Day Afternoon,Biography,Sidney Lumet,1975,125,0,7.5
2866,2024-09-19 10:00:00,Saw,Horror,James Wan,2004,103,12,8.0
2867,2024-09-18 10:00:00,Gilda,Drama,Charles Vidor,1946,110,12,6.5
2868,2024-09-17 13:00:00,Star Trek II: The Wrath of Khan,Action,Nicholas Meyer,1982,113,0,8.5
2869,2024-09-17 10:00:00,The Goonies,Adventure,Richard Donner,1985,114,0,7.5
2870,2024-09-16 16:00:00,The Shop Around the Corner,Comedy,Ernst Lubitsch,1940,99,12,8.0
2871,2024-09-16 13:30:00,Kaze no tani no Naushika,Animation,Hayao Miyazaki,1984,117,0,8.5
2872,2024-09-16 10:30:00,Midnight Express,Biography,Alan Parker,1978,121,12,7.5
2873,2024-09-15 19:30:00,Heat,Crime,Michael Mann,1995,170,12,9.5
2874,2024-09-15 17:00:00,Viskningar och rop,Drama,Ingmar Bergman,1972,91,12,7.5
2875,2024-09-15 14:00:00,Vozvrashchenie,Drama,Andrey Zvyagintsev,2003,110,12,7.0
2876,2024-09-15 10:30:00,Pulp Fiction,Crime,Quentin Tarantino,1994,154,12,7.0
2877,2024-09-14 18:30:00,Vozvrashchenie,Drama,Andrey Zvyagintsev,2003,110,12,10.0
2878,2024-09-14 16:00:00,The Butterfly Effect,Drama,Eric Bress,2004,113,0,8.5
2879,2024-09-14 13:00:00,Akira,Animation,Katsuhiro Ôtomo,1988,124,12,8.5
2880,2024-09-14 10:30:00,The Shop Around the Corner,Comedy,Ernst Lubitsch,1940,99,12,8.5
2881,2024-09-13 15:30:00,Heat,Crime,Michael Mann,1995,170,12,7.0
2882,2024-09-13 12:30:00,The Grapes of Wrath,Drama,John Ford,1940,129,12,8.0
2883,2024-09-13 10:00:00,After Hours,Comedy,Martin Scorsese,1985,97,12,8.0
2884,2024-09-12 12:30:00,Back to the Future,Adventure,Robert Zemeckis,1985,116,0,6.5
2885,2024-09-12 10:00:00,Crimes and Misdemeanors,Comedy,Woody Allen,1989,104,12,8.0
2886,2024-09-11 16:00:00,City Lights,Comedy,Charles Chaplin,1931,87,0,7.0
2887,2024-09-11 13:00:00,Glory,Biography,Edward Zwick,1989,122,16,7.5
2888,2024-09-11 10:30:00,Dr. Strangelove or: How I Learned to Stop Worrying and Love the Bomb,Comedy,Stanley Kubrick,1964,95,12,7.5
2889,2024-09-10 13:00:00,Modern Times,Comedy,Charles Chaplin,1936,87,0,7.0
2890,2024-09-10 10:30:00,No Man's Land,Comedy,Danis Tanovic,2001,98,16,8.5
2891,2024-09-09 10:00:00,Ace in the Hole,Drama,Billy Wilder,1951,111,12,8.5
2892,2024-09-08 16:00:00,Pulp Fiction,Crime,Quentin Tarantino,1994,154,12,8.5
2893,2024-09-08 13:00:00,The Bourne Identity,Action,Doug Liman,2002,119,12,7.0
2894,2024-09-08 10:00:00,Ace in the Hole,Drama,Billy Wilder,1951,111,12,7.5
2895,2024-09-07 18:30:00,Crimes and Misdemeanors,Comedy,Woody Allen,1989,104,12,9.5
2896,2024-09-07 16:00:00,Saw,Horror,James Wan,2004,103,12,6.5
2897,2024-09-07 13:30:00,Monty Python and the Holy Grail,Adventure,Terry Gilliam,1975,91,6,7.5
2898,2024-09-07 10:00:00,Empire of the Sun,Action,Steven Spielberg,1987,153,0,8.0
2899,2024-09-06 15:30:00,Crimes and Misdemeanors,Comedy,Woody Allen,1989,104,12,8.5
2900,2024-09-06 13:00:00,Blood Simple,Crime,Joel Coen,1984,99,12,7.5
2901,2024-09-06 10:00:00,Glory,Biography,Edward Zwick,1989,122,16,8.0
2902,2024-09-05 10:30:00,Manhattan,Comedy,Woody Allen,1979,96,16,7.0
2903,2024-09-04 10:30:00,Midnight Express,Biography,Alan Parker,1978,121,12,6.5
2904,2024-09-03 15:00:00,A Beautiful Mind,Biography,Ron Howard,2001,135,12,6.5
2905,2024-09-03 12:30:00,Blood Simple,Crime,Joel Coen,1984,99,12,7.0
2906,2024-09-03 10:00:00,Saw,Horror,James Wan,2004,103,12,7.5
2907,2024-09-02 16:30:00,Monty Python and the Holy Grail,Adventure,Terry Gilliam,1975,91,6,8.0
2908,2024-09-02 13:30:00,The Grapes of Wrath,Drama,John Ford,1940,129,12,8.5
2909,2024-09-02 10:30:00,Midnight Express,Biography,Alan Parker,1978,121,12,7.5
2910,2024-09-01 19:00:00,Saw,Horror,James Wan,2004,103,12,8.5
2911,2024-09-01 15:30:00,Empire of the Sun,Action,Steven Spielberg,1987,153,0,8.5
2912,2024-09-01 13:00:00,Dr. Strangelove or: How I Learned to Stop Worrying and Love the Bomb,Comedy,Stanley Kubrick,1964,95,12,8.0
2913,2024-09-01 10:30:00,Manhattan,Comedy,Woody Allen,1979,96,16,8.5
2914,2024-08-31 16:30:00,Saw,Horror,James Wan,2004,103,12,8.0
2915,2024-08-31 13:30:00,Akira,Animation,Katsuhiro Ôtomo,1988,124,12,8.5
2916,2024-08-31 10:30:00,Glory,Biography,Edward Zwick,1989,122,16,7.5
2917,2024-08-30 16:30:00,Vozvrashchenie,Drama,Andrey Zvyagintsev,2003,110,12,7.5
2918,2024-08-30 13:00:00,Empire of the Sun,Action,Steven Spielberg,1987,153,0,8.5
2919,2024-08-30 10:00:00,Akira,Animation,Katsuhiro Ôtomo,1988,124,12,8.5
2920,2024-08-29 17:00:00,Akira,Animation,Katsuhiro Ôtomo,1988,124,12,6.5
2921,2024-08-29 13:30:00,Heat,Crime,Michael Mann,1995,170,12,7.0
2922,2024-08-29 10:00:00,Heat,Crime,Michael Mann,1995,170,12,6.5
2923,2024-08-28 13:30:00,The Red Shoes,Drama,Michael Powell,1948,135,12,7.5
2924,2024-08-28 10:30:00,The Butterfly Effect,Drama,Eric Bress,2004,113,0,6.5
2925,2024-08-27 13:30:00,Dr. Strangelove or: How I Learned to Stop Worrying and Love the Bomb,Comedy,Stanley Kubrick,1964,95,12,7.0
2926,2024-08-27 10:30:00,The Bourne Identity,Action,Doug Liman,2002,119,12,8.0
2927,2024-08-26 13:00:00,Paper Moon,Comedy,Peter Bogdanovich,1973,102,0,7.0
2928,2024-08-26 10:30:00,No Man's Land,Comedy,Danis Tanovic,2001,98,16,8.5
2929,2024-08-25 18:30:00,Akira,Animation,Katsuhiro Ôtomo,1988,124,12,9.5
2930,2024-08-25 16:00:00,Back to the Future,Adventure,Robert Zemeckis,1985,116,0,7.0
2931,2024-08-25 13:30:00,The Shop Around the Corner,Comedy,Ernst Lubitsch,1940,99,12,7.5
2932,2024-08-25 10:30:00,Back to the Future,Adventure,Robert Zemeckis,1985,116,0,7.5
2933,2024-08-24 18:30:00,Saw,Horror,James Wan,2004,103,12,10.0
2934,2024-08-24 15:30:00,Hotel Rwanda,Biography,Terry George,2004,121,12,8.0
2935,2024-08-24 13:00:00,Before Sunrise,Drama,Richard Linklater,1995,101,16,7.5
2936,2024-08-24 10:30:00,Saw,Horror,James Wan,2004,103,12,8.5
2937,2024-08-23 10:30:00,Festen,Drama,Thomas Vinterberg,1998,105,16,7.5
2938,2024-08-22 15:30:00,Monty Python and the Holy Grail,Adventure,Terry Gilliam,1975,91,6,7.0
2939,2024-08-22 13:00:00,No Man's Land,Comedy,Danis Tanovic,2001,98,16,8.5
2940,2024-08-22 10:00:00,Vozvrashchenie,Drama,Andrey Zvyagintsev,2003,110,12,8.5
2941,2024-08-21 10:30:00,Akira,Animation,Katsuhiro Ôtomo,1988,124,12,8.5
2942,2024-08-20 10:30:00,Saw,Horror,James Wan,2004,103,12,6.5
2943,2024-08-19 13:30:00,Manhattan,Comedy,Woody Allen,1979,96,16,6.5
2944,2024-08-19 10:30:00,Back to the Future,Adventure,Robert Zemeckis,1985,116,0,7.0
2945,2024-08-18 20:30:00,Anatomy of a Murder,Crime,Otto Preminger,1959,161,12,8.5
2946,2024-08-18 18:00:00,The Odd Couple,Comedy,Gene Saks,1968,105,0,9.5
2947,2024-08-18 14:00:00,Heat,Crime,Michael Mann,1995,170,12,8.5
2948,2024-08-18 10:00:00,Magnolia,Drama,Paul Thomas Anderson,1999,188,16,6.5
2949,2024-08-17 16:30:00,Saw,Horror,James Wan,2004,103,12,8.5
2950,2024-08-17 13:30:00,The Grapes of Wrath,Drama,John Ford,1940,129,12,8.5
2951,2024-08-17 10:30:00,Glory,Biography,Edward Zwick,1989,122,16,7.5
2952,2024-08-16 17:00:00,The Grapes of Wrath,Drama,John Ford,1940,129,12,8.5
2953,2024-08-16 14:30:00,Cape Fear,Drama,J. Lee Thompson,1962,106,12,7.5
2954,2024-08-16 10:30:00,Dilwale Dulhania Le Jayenge,Drama,Aditya Chopra,1995,189,0,8.0
2955,2024-08-15 13:00:00,Y tu mamá también,Drama,Alfonso Cuarón,2001,106,12,7.0
2956,2024-08-15 10:30:00,Saw,Horror,James Wan,2004,103,12,7.5
2957,2024-08-14 13:30:00,Manhattan,Comedy,Woody Allen,1979,96,16,8.5
2958,2024-08-14 10:00:00,Empire of the Sun,Action,Steven Spielberg,1987,153,0,6.5
2959,2024-08-13 10:00:00,Saw,Horror,James Wan,2004,103,12,8.5
2960,2024-08-12 10:00:00,Magnolia,Drama,Paul Thomas Anderson,1999,188,16,8.0
2961,2024-08-11 20:00:00,Paper Moon,Comedy,Peter Bogdanovich,1973,102,0,10.0
2962,2024-08-11 16:30:00,"Il buono, il brutto, il cattivo",Western,Sergio Leone,1966,161,12,7.5
2963,2024-08-11 12:30:00,Dilwale Dulhania Le Jayenge,Drama,Aditya Chopra,1995,189,0,7.5
2964,2024-08-11 10:00:00,Glengarry Glen Ross,Crime,James Foley,1992,100,16,8.5
2965,2024-08-10 18:30:00,Akira,Animation,Katsuhiro Ôtomo,1988,124,12,8.5
2966,2024-08-10 16:00:00,Y tu mamá también,Drama,Alfonso Cuarón,2001,106,12,8.5
2967,2024-08-10 13:00:00,Cape Fear,Drama,J. Lee Thompson,1962,106,12,7.0
2968,2024-08-10 10:30:00,Glengarry Glen Ross,Crime,James Foley,1992,100,16,6.5
2969,2024-08-09 10:30:00,Blood Simple,Crime,Joel Coen,1984,99,12,8.0
2970,2024-08-08 16:00:00,Badlands,Action,Terrence Malick,1973,94,6,7.0
2971,2024-08-08 13:00:00,The Man Who Would Be King,Adventure,John Huston,1975,129,6,8.5
2972,2024-08-08 10:30:00,Before Sunrise,Drama,Richard Linklater,1995,101,16,6.5
2973,2024-08-07 15:30:00,Magnolia,Drama,Paul Thomas Anderson,1999,188,16,7.5
2974,2024-08-07 13:00:00,Glengarry Glen Ross,Crime,James Foley,1992,100,16,6.5
2975,2024-08-07 10:30:00,Festen,Drama,Thomas Vinterberg,1998,105,16,6.5
2976,2024-08-06 10:00:00,Anatomy of a Murder,Crime,Otto Preminger,1959,161,12,6.5
2977,2024-08-05 10:00:00,Eskiya,Crime,Yavuz Turgul,1996,128,12,7.0
2978,2024-08-04 17:30:00,Det sjunde inseglet,Drama,Ingmar Bergman,1957,96,12,7.0
2979,2024-08-04 15:00:00,Cape Fear,Drama,J. Lee Thompson,1962,106,12,7.5
2980,2024-08-04 12:30:00,Glengarry Glen Ross,Crime,James Foley,1992,100,16,7.0
2981,2024-08-04 10:00:00,Paper Moon,Comedy,Peter Bogdanovich,1973,102,0,7.5
2982,2024-08-03 19:30:00,Cape Fear,Drama,J. Lee Thompson,1962,106,12,9.5
2983,2024-08-03 17:00:00,Manhattan,Comedy,Woody Allen,1979,96,16,8.5
2984,2024-08-03 14:30:00,Festen,Drama,Thomas Vinterberg,1998,105,16,6.5
2985,2024-08-03 10:30:00,Dilwale Dulhania Le Jayenge,Drama,Aditya Chopra,1995,189,0,8.0
2986,2024-08-02 13:00:00,"Il buono, il brutto, il cattivo",Western,Sergio Leone,1966,161,12,8.0
2987,2024-08-02 10:30:00,Willy Wonka & the Chocolate Factory,Family,Mel Stuart,1971,100,0,6.5
2988,2024-08-01 10:30:00,Monty Python and the Holy Grail,Adventure,Terry Gilliam,1975,91,6,7.0
2989,2024-07-31 13:00:00,Before Sunrise,Drama,Richard Linklater,1995,101,16,7.5
2990,2024-07-31 10:30:00,The Odd Couple,Comedy,Gene Saks,1968,105,0,8.0
2991,2024-07-30 15:30:00,Star Wars: Episode V - The Empire Strikes Back,Action,Irvin Kershner,1980,124,12,8.5
2992,2024-07-30 12:30:00,Serpico,Biography,Sidney Lumet,1973,130,12,8.5
2993,2024-07-30 10:30:00,Le dîner de cons,Comedy,Francis Veber,1998,80,12,8.0
2994,2024-07-29 10:00:00,Paper Moon,Comedy,Peter Bogdanovich,1973,102,0,7.0
2995,2024-07-28 18:30:00,Before Sunrise,Drama,Richard Linklater,1995,101,16,10.0
2996,2024-07-28 16:00:00,Léon,Action,Luc Besson,1994,110,12,7.5
2997,2024-07-28 13:00:00,The Bourne Identity,Action,Doug Liman,2002,119,12,6.5
2998,2024-07-28 10:00:00,Léon,Action,Luc Besson,1994,110,12,8.5
2999,2024-07-27 17:00:00,Raiders of the Lost Ark,Action,Steven Spielberg,1981,115,12,7.5
3000,2024-07-27 13:00:00,Dilwale Dulhania Le Jayenge,Drama,Aditya Chopra,1995,189,0,7.5
3001,2024-07-27 10:30:00,Willy Wonka & the Chocolate Factory,Family,Mel Stuart,1971,100,0,7.5
3002,2024-07-26 12:30:00,Invasion of the Body Snatchers,Drama,Don Siegel,1956,80,12,7.5
3003,2024-07-26 10:00:00,Willy Wonka & the Chocolate Factory,Family,Mel Stuart,1971,100,0,7.0
3004,2024-07-25 12:30:00,Dr. Strangelove or: How I Learned to Stop Worrying and Love the Bomb,Comedy,Stanley Kubrick,1964,95,12,8.0
3005,2024-07-25 10:00:00,Nosferatu,Fantasy,F.W. Murnau,1922,94,12,8.0
3006,2024-07-24 17:00:00,Badlands,Action,Terrence Malick,1973,94,6,6.5
3007,2024-07-24 13:00:00,Dilwale Dulhania Le Jayenge,Drama,Aditya Chopra,1995,189,0,8.0
3008,2024-07-24 10:00:00,Serpico,Biography,Sidney Lumet,1973,130,12,8.5
3009,2024-07-23 12:00:00,Kôkaku Kidôtai,Animation,Mamoru Oshii,1995,83,12,6.5
3010,2024-07-23 10:00:00,The Jungle Book,Animation,Wolfgang Reitherman,1967,78,0,6.5
3011,2024-07-22 13:00:00,Le dîner de cons,Comedy,Francis Veber,1998,80,12,8.5
3012,2024-07-22 10:30:00,The Thin Man,Comedy,W.S. Van Dyke,1934,91,12,6.5
3013,2024-07-21 19:30:00,"Il buono, il brutto, il cattivo",Western,Sergio Leone,1966,161,12,10.0
3014,2024-07-21 15:30:00,Magnolia,Drama,Paul Thomas Anderson,1999,188,16,7.5
3015,2024-07-21 13:00:00,Y tu mamá también,Drama,Alfonso Cuarón,2001,106,12,6.5
3016,2024-07-21 10:00:00,The Grapes of Wrath,Drama,John Ford,1940,129,12,7.5
3017,2024-07-20 16:30:00,The Man Who Would Be King,Adventure,John Huston,1975,129,6,8.5
3018,2024-07-20 14:30:00,Kôkaku Kidôtai,Animation,Mamoru Oshii,1995,83,12,6.5
3019,2024-07-20 12:00:00,Knockin' on Heaven's Door,Action,Thomas Jahn,1997,87,12,7.0
3020,2024-07-20 10:00:00,Kôkaku Kidôtai,Animation,Mamoru Oshii,1995,83,12,6.5
3021,2024-07-19 15:00:00,Harry Potter and the Prisoner of Azkaban,Adventure,Alfonso Cuarón,2004,142,0,7.0
3022,2024-07-19 12:30:00,Paper Moon,Comedy,Peter Bogdanovich,1973,102,0,8.5
3023,2024-07-19 10:30:00,Kôkaku Kidôtai,Animation,Mamoru Oshii,1995,83,12,6.5
3024,2024-07-18 14:00:00,Léon,Action,Luc Besson,1994,110,12,7.5
3025,2024-07-18 10:30:00,Rio Bravo,Action,Howard Hawks,1959,141,12,7.5
3026,2024-07-17 10:00:00,The Bourne Identity,Action,Doug Liman,2002,119,12,6.5
3027,2024-07-16 14:30:00,The Shining,Drama,Stanley Kubrick,1980,146,12,8.0
3028,2024-07-16 10:30:00,Magnolia,Drama,Paul Thomas Anderson,1999,188,16,6.5
3029,2024-07-15 10:30:00,Eskiya,Crime,Yavuz Turgul,1996,128,12,7.5
3030,2024-07-14 17:30:00,Willy Wonka & the Chocolate Factory,Family,Mel Stuart,1971,100,0,8.0
3031,2024-07-14 15:00:00,Key Largo,Action,John Huston,1948,100,12,8.5
3032,2024-07-14 12:30:00,Festen,Drama,Thomas Vinterberg,1998,105,16,8.0
3033,2024-07-14 10:00:00,Annie Hall,Comedy,Woody Allen,1977,93,12,8.5
3034,2024-07-13 18:00:00,Nosferatu,Fantasy,F.W. Murnau,1922,94,12,9.0
3035,2024-07-13 15:00:00,Star Wars: Episode V - The Empire Strikes Back,Action,Irvin Kershner,1980,124,12,7.5
3036,2024-07-13 13:00:00,Le dîner de cons,Comedy,Francis Veber,1998,80,12,7.0
3037,2024-07-13 10:00:00,Raiders of the Lost Ark,Action,Steven Spielberg,1981,115,12,7.0
3038,2024-07-12 15:30:00,Empire of the Sun,Action,Steven Spielberg,1987,153,0,8.5
3039,2024-07-12 12:30:00,Rio Bravo,Action,Howard Hawks,1959,141,12,8.5
3040,2024-07-12 10:00:00,Before Sunrise,Drama,Richard Linklater,1995,101,16,7.5
3041,2024-07-11 16:00:00,Hotel Rwanda,Biography,Terry George,2004,121,12,7.0
3042,2024-07-11 13:30:00,Key Largo,Action,John Huston,1948,100,12,7.5
3043,2024-07-11 10:00:00,"Il buono, il brutto, il cattivo",Western,Sergio Leone,1966,161,12,7.5
3044,2024-07-10 12:30:00,Fargo,Crime,Joel Coen,1996,98,12,6.5
3045,2024-07-10 10:00:00,Annie Hall,Comedy,Woody Allen,1977,93,12,6.5
3046,2024-07-09 10:00:00,Star Wars: Episode V - The Empire Strikes Back,Action,Irvin Kershner,1980,124,12,7.5
3047,2024-07-08 10:00:00,The Shining,Drama,Stanley Kubrick,1980,146,12,8.5
3048,2024-07-07 19:00:00,Le dîner de cons,Comedy,Francis Veber,1998,80,12,8.5
3049,2024-07-07 16:00:00,Eskiya,Crime,Yavuz Turgul,1996,128,12,8.0
3050,2024-07-07 13:30:00,Knockin' on Heaven's Door,Action,Thomas Jahn,1997,87,12,7.0
3051,2024-07-07 10:30:00,Harry Potter and the Prisoner of Azkaban,Adventure,Alfonso Cuarón,2004,142,0,7.0
3052,2024-07-06 18:00:00,Do lok tin si,Comedy,Kar-Wai Wong,1995,99,12,10.0
3053,2024-07-06 15:30:00,Before Sunrise,Drama,Richard Linklater,1995,101,16,7.5
3054,2024-07-06 13:00:00,Fargo,Crime,Joel Coen,1996,98,12,8.5
3055,2024-07-06 10:30:00,Festen,Drama,Thomas Vinterberg,1998,105,16,6.5
3056,2024-07-05 13:00:00,The Man Who Would Be King,Adventure,John Huston,1975,129,6,7.0
3057,2024-07-05 10:00:00,Rio Bravo,Action,Howard Hawks,1959,141,12,8.0
3058,2024-07-04 13:30:00,Star Wars: Episode V - The Empire Strikes Back,Action,Irvin Kershner,1980,124,12,8.5
3059,2024-07-04 10:00:00,Empire of the Sun,Action,Steven Spielberg,1987,153,0,7.5
3060,2024-07-03 13:00:00,Roman Holiday,Comedy,William Wyler,1953,118,12,8.0
3061,2024-07-03 10:30:00,Det sjunde inseglet,Drama,Ingmar Bergman,1957,96,12,7.0
3062,2024-07-02 13:30:00,Eskiya,Crime,Yavuz Turgul,1996,128,12,6.5
3063,2024-07-02 10:00:00,The Godfather,Crime,Francis Ford Coppola,1972,175,12,7.0
3064,2024-07-01 14:00:00,Hera Pheri,Action,Priyadarshan,2000,156,0,7.5
3065,2024-07-01 10:30:00,Empire of the Sun,Action,Steven Spielberg,1987,153,0,7.5
3066,2024-06-30 15:30:00,Belle de jour,Drama,Luis Buñuel,1967,100,12,8.0
3067,2024-06-30 13:00:00,Y tu mamá también,Drama,Alfonso Cuarón,2001,106,12,8.0
3068,2024-06-30 10:30:00,Y tu mamá también,Drama,Alfonso Cuarón,2001,106,12,8.5
3069,2024-06-29 15:00:00,Festen,Drama,Thomas Vinterberg,1998,105,16,7.0
3070,2024-06-29 12:30:00,Y tu mamá también,Drama,Alfonso Cuarón,2001,106,12,8.0
3071,2024-06-29 10:00:00,Le dîner de cons,Comedy,Francis Veber,1998,80,12,8.5
3072,2024-06-28 10:30:00,Knockin' on Heaven's Door,Action,Thomas Jahn,1997,87,12,6.5
3073,2024-06-27 13:30:00,Roman Holiday,Comedy,William Wyler,1953,118,12,8.5
3074,2024-06-27 10:30:00,Star Wars: Episode V - The Empire Strikes Back,Action,Irvin Kershner,1980,124,12,7.5
3075,2024-06-26 10:30:00,Hotel Rwanda,Biography,Terry George,2004,121,12,7.0
3076,2024-06-25 10:30:00,Harry Potter and the Prisoner of Azkaban,Adventure,Alfonso Cuarón,2004,142,0,8.5
3077,2024-06-24 15:30:00,Dead Man's Shoes,Crime,Shane Meadows,2004,90,12,7.0
3078,2024-06-24 13:00:00,Belle de jour,Drama,Luis Buñuel,1967,100,12,7.5
3079,2024-06-24 10:30:00,Belle de jour,Drama,Luis Buñuel,1967,100,12,7.5
3080,2024-06-23 17:00:00,Roman Holiday,Comedy,William Wyler,1953,118,12,7.5
3081,2024-06-23 14:30:00,Key Largo,Action,John Huston,1948,100,12,6.5
3082,2024-06-23 10:30:00,The Lord of the Rings: The Return of the King,Action,Peter Jackson,2003,201,0,7.0
3083,2024-06-22 16:00:00,A Clockwork Orange,Crime,Stanley Kubrick,1971,136,12,6.5
3084,2024-06-22 13:30:00,The Shop Around the Corner,Comedy,Ernst Lubitsch,1940,99,12,7.0
3085,2024-06-22 10:30:00,The Manchurian Candidate,Drama,John Frankenheimer,1962,126,12,8.5
3086,2024-06-21 13:00:00,Key Largo,Action,John Huston,1948,100,12,8.5
3087,2024-06-21 10:00:00,Eskiya,Crime,Yavuz Turgul,1996,128,12,6.5
3088,2024-06-20 10:30:00,The Shop Around the Corner,Comedy,Ernst Lubitsch,1940,99,12,7.5
3089,2024-06-19 10:30:00,The Muppet Movie,Adventure,James Frawley,1979,95,0,6.5
3090,2024-06-18 17:00:00,Belle de jour,Drama,Luis Buñuel,1967,100,12,7.0
3091,2024-06-18 14:00:00,Hotel Rwanda,Biography,Terry George,2004,121,12,7.0
3092,2024-06-18 10:30:00,Empire of the Sun,Action,Steven Spielberg,1987,153,0,7.5
3093,2024-06-17 12:30:00,The Bourne Supremacy,Action,Paul Greengrass,2004,108,12,8.0
3094,2024-06-17 10:00:00,Belle de jour,Drama,Luis Buñuel,1967,100,12,7.5
3095,2024-06-16 15:30:00,The Shop Around the Corner,Comedy,Ernst Lubitsch,1940,99,12,8.0
3096,2024-06-16 12:30:00,Forrest Gump,Drama,Robert Zemeckis,1994,142,12,8.0
3097,2024-06-16 10:00:00,Dead Man's Shoes,Crime,Shane Meadows,2004,90,12,6.5
3098,2024-06-15 19:30:00,Knockin' on Heaven's Door,Action,Thomas Jahn,1997,87,12,9.5
3099,2024-06-15 16:00:00,The Insider,Biography,Michael Mann,1999,157,12,7.0
3100,2024-06-15 12:30:00,Hera Pheri,Action,Priyadarshan,2000,156,0,7.0
3101,2024-06-15 10:00:00,Trois couleurs: Rouge,Drama,Krzysztof Kieslowski,1994,99,0,8.0
3102,2024-06-14 13:00:00,Finding Neverland,Biography,Marc Forster,2004,106,0,7.0
3103,2024-06-14 10:00:00,Rocky,Drama,John G. Avildsen,1976,120,0,8.5
3104,2024-06-13 13:00:00,Roman Holiday,Comedy,William Wyler,1953,118,12,8.5
3105,2024-06-13 10:30:00,Il postino,Biography,Michael Radford,1994,108,0,7.5
3106,2024-06-12 17:00:00,Raiders of the Lost Ark,Action,Steven Spielberg,1981,115,12,6.5
3107,2024-06-12 14:30:00,Au revoir les enfants,Drama,Louis Malle,1987,104,0,6.5
3108,2024-06-12 10:30:00,The Lord of the Rings: The Return of the King,Action,Peter Jackson,2003,201,0,7.5
3109,2024-06-11 10:00:00,Knockin' on Heaven's Door,Action,Thomas Jahn,1997,87,12,8.0
3110,2024-06-10 15:30:00,Knockin' on Heaven's Door,Action,Thomas Jahn,1997,87,12,8.5
3111,2024-06-10 12:30:00,Fight Club,Drama,David Fincher,1999,139,12,8.5
3112,2024-06-10 10:00:00,Majo no takkyûbin,Animation,Hayao Miyazaki,1989,103,0,8.0
3113,2024-06-09 15:30:00,The Bourne Supremacy,Action,Paul Greengrass,2004,108,12,7.0
3114,2024-06-09 13:00:00,The Shop Around the Corner,Comedy,Ernst Lubitsch,1940,99,12,8.0
3115,2024-06-09 10:30:00,Fargo,Crime,Joel Coen,1996,98,12,8.0
3116,2024-06-08 16:00:00,Roman Holiday,Comedy,William Wyler,1953,118,12,6.5
3117,2024-06-08 13:30:00,On the Waterfront,Crime,Elia Kazan,1954,108,12,8.0
3118,2024-06-08 10:30:00,Rocky,Drama,John G. Avildsen,1976,120,0,7.0
3119,2024-06-07 15:00:00,Rocky,Drama,John G. Avildsen,1976,120,0,6.5
3120,2024-06-07 12:30:00,The Bourne Supremacy,Action,Paul Greengrass,2004,108,12,7.5
3121,2024-06-07 10:00:00,The Shop Around the Corner,Comedy,Ernst Lubitsch,1940,99,12,7.5
3122,2024-06-06 15:00:00,Finding Nemo,Animation,Andrew Stanton,2003,100,0,7.0
3123,2024-06-06 12:30:00,Trois couleurs: Rouge,Drama,Krzysztof Kieslowski,1994,99,0,8.0
3124,2024-06-06 10:00:00,The Shop Around the Corner,Comedy,Ernst Lubitsch,1940,99,12,6.5
3125,2024-06-05 13:00:00,Trois couleurs: Rouge,Drama,Krzysztof Kieslowski,1994,99,0,8.0
3126,2024-06-05 10:30:00,Knockin' on Heaven's Door,Action,Thomas Jahn,1997,87,12,8.0
3127,2024-06-04 17:00:00,Hera Pheri,Action,Priyadarshan,2000,156,0,8.5
3128,2024-06-04 13:00:00,The Godfather,Crime,Francis Ford Coppola,1972,175,12,8.5
3129,2024-06-04 10:00:00,The Lion in Winter,Biography,Anthony Harvey,1968,134,6,8.0
3130,2024-06-03 13:00:00,Kramer vs. Kramer,Drama,Robert Benton,1979,105,12,7.0
3131,2024-06-03 10:30:00,Y tu mamá también,Drama,Alfonso Cuarón,2001,106,12,6.5
3132,2024-06-02 15:30:00,The Lion in Winter,Biography,Anthony Harvey,1968,134,6,8.5
3133,2024-06-02 13:00:00,The Shop Around the Corner,Comedy,Ernst Lubitsch,1940,99,12,7.5
3134,2024-06-02 10:30:00,The Bourne Supremacy,Action,Paul Greengrass,2004,108,12,8.5
3135,2024-06-01 18:30:00,The Shop Around the Corner,Comedy,Ernst Lubitsch,1940,99,12,10.0
3136,2024-06-01 16:00:00,Kôkaku Kidôtai,Animation,Mamoru Oshii,1995,83,12,8.5
3137,2024-06-01 13:30:00,The Night of the Hunter,Crime,Charles Laughton,1955,92,12,7.0
3138,2024-06-01 10:30:00,The Great Dictator,Comedy,Charles Chaplin,1940,125,12,7.0
3139,2024-05-31 13:30:00,The Night of the Hunter,Crime,Charles Laughton,1955,92,12,6.5
3140,2024-05-31 10:00:00,The Best Years of Our Lives,Drama,William Wyler,1946,170,12,8.0
3141,2024-05-30 13:30:00,The Muppet Movie,Adventure,James Frawley,1979,95,0,8.5
3142,2024-05-30 10:30:00,Goldfinger,Action,Guy Hamilton,1964,110,12,7.5
3143,2024-05-29 16:30:00,The Silence of the Lambs,Crime,Jonathan Demme,1991,118,12,6.5
3144,2024-05-29 14:00:00,Finding Nemo,Animation,Andrew Stanton,2003,100,0,8.5
3145,2024-05-29 10:30:00,Forrest Gump,Drama,Robert Zemeckis,1994,142,12,8.5
3146,2024-05-28 12:30:00,Young Frankenstein,Comedy,Mel Brooks,1974,106,12,7.5
3147,2024-05-28 10:00:00,Touch of Evil,Crime,Orson Welles,1958,95,12,8.0
3148,2024-05-27 10:30:00,Finding Neverland,Biography,Marc Forster,2004,106,0,6.5
3149,2024-05-26 16:30:00,Forrest Gump,Drama,Robert Zemeckis,1994,142,12,7.0
3150,2024-05-26 13:30:00,Fight Club,Drama,David Fincher,1999,139,12,8.5
3151,2024-05-26 10:30:00,The Lion in Winter,Biography,Anthony Harvey,1968,134,6,8.0
3152,2024-05-25 19:00:00,Short Cuts,Comedy,Robert Altman,1993,188,16,9.5
3153,2024-05-25 15:30:00,Hera Pheri,Action,Priyadarshan,2000,156,0,8.0
3154,2024-05-25 13:00:00,Finding Nemo,Animation,Andrew Stanton,2003,100,0,6.5
3155,2024-05-25 10:30:00,On the Waterfront,Crime,Elia Kazan,1954,108,12,6.5
3156,2024-05-24 14:30:00,Y tu mamá también,Drama,Alfonso Cuarón,2001,106,12,7.5
3157,2024-05-24 10:30:00,Fiddler on the Roof,Drama,Norman Jewison,1971,181,0,6.5
3158,2024-05-23 15:30:00,All the President's Men,Biography,Alan J. Pakula,1976,138,0,8.0
3159,2024-05-23 13:00:00,Trois couleurs: Rouge,Drama,Krzysztof Kieslowski,1994,99,0,8.5
3160,2024-05-23 10:30:00,Majo no takkyûbin,Animation,Hayao Miyazaki,1989,103,0,7.5
3161,2024-05-22 17:00:00,Le notti di Cabiria,Drama,Federico Fellini,1957,110,12,6.5
3162,2024-05-22 14:30:00,A Christmas Story,Comedy,Bob Clark,1983,93,0,7.5
3163,2024-05-22 10:30:00,Fiddler on the Roof,Drama,Norman Jewison,1971,181,0,7.0
3164,2024-05-21 14:00:00,All the President's Men,Biography,Alan J. Pakula,1976,138,0,8.5
3165,2024-05-21 10:00:00,Fiddler on the Roof,Drama,Norman Jewison,1971,181,0,7.5
3166,2024-05-20 13:00:00,Trois couleurs: Rouge,Drama,Krzysztof Kieslowski,1994,99,0,8.0
3167,2024-05-20 10:30:00,Touch of Evil,Crime,Orson Welles,1958,95,12,8.0
3168,2024-05-19 19:00:00,Finding Nemo,Animation,Andrew Stanton,2003,100,0,9.0
3169,2024-05-19 16:00:00,Naked,Comedy,Mike Leigh,1993,132,12,7.0
3170,2024-05-19 13:30:00,Touch of Evil,Crime,Orson Welles,1958,95,12,8.5
3171,2024-05-19 10:30:00,The Lion in Winter,Biography,Anthony Harvey,1968,134,6,8.0
3172,2024-05-18 18:00:00,The Lord of the Rings: The Return of the King,Action,Peter Jackson,2003,201,0,9.0
3173,2024-05-18 15:30:00,The Taking of Pelham One Two Three,Action,Joseph Sargent,1974,104,0,7.0
3174,2024-05-18 13:00:00,Kramer vs. Kramer,Drama,Robert Benton,1979,105,12,7.0
3175,2024-05-18 10:30:00,Belle de jour,Drama,Luis Buñuel,1967,100,12,7.0
3176,2024-05-17 10:30:00,The Lord of the Rings: The Return of the King,Action,Peter Jackson,2003,201,0,8.5
3177,2024-05-16 17:00:00,Forrest Gump,Drama,Robert Zemeckis,1994,142,12,8.0
3178,2024-05-16 12:30:00,The Lord of the Rings: The Return of the King,Action,Peter Jackson,2003,201,0,8.0
3179,2024-05-16 10:00:00,The Taking of Pelham One Two Three,Action,Joseph Sargent,1974,104,0,8.0
3180,2024-05-15 16:00:00,Forrest Gump,Drama,Robert Zemeckis,1994,142,12,8.5
3181,2024-05-15 13:30:00,A Christmas Story,Comedy,Bob Clark,1983,93,0,8.5
3182,2024-05-15 10:30:00,Naked,Comedy,Mike Leigh,1993,132,12,8.5
3183,2024-05-14 12:00:00,Naked,Comedy,Mike Leigh,1993,132,12,7.5
3184,2024-05-14 10:00:00,Bride of Frankenstein,Drama,James Whale,1935,75,12,8.5
3185,2024-05-13 15:30:00,All the President's Men,Biography,Alan J. Pakula,1976,138,0,8.0
3186,2024-05-13 13:00:00,A Christmas Story,Comedy,Bob Clark,1983,93,0,8.0
3187,2024-05-13 10:30:00,A Christmas Story,Comedy,Bob Clark,1983,93,0,8.5
3188,2024-05-12 18:30:00,A Christmas Story,Comedy,Bob Clark,1983,93,0,9.5
3189,2024-05-12 15:30:00,Jurassic Park,Action,Steven Spielberg,1993,127,12,7.0
3190,2024-05-12 12:30:00,Tenkû no shiro Rapyuta,Animation,Hayao Miyazaki,1986,125,0,8.5
3191,2024-05-12 10:00:00,Edward Scissorhands,Drama,Tim Burton,1990,105,0,7.5
3192,2024-05-11 15:00:00,Young Frankenstein,Comedy,Mel Brooks,1974,106,12,7.0
3193,2024-05-11 12:30:00,Delicatessen,Comedy,Marc Caro,1991,99,16,7.0
3194,2024-05-11 10:00:00,Kramer vs. Kramer,Drama,Robert Benton,1979,105,12,7.0
3195,2024-05-10 15:30:00,Young Frankenstein,Comedy,Mel Brooks,1974,106,12,8.0
3196,2024-05-10 13:00:00,The Lady Vanishes,Mystery,Alfred Hitchcock,1938,96,12,7.5
3197,2024-05-10 10:30:00,Majo no takkyûbin,Animation,Hayao Miyazaki,1989,103,0,7.5
3198,2024-05-09 15:30:00,Nueve reinas,Crime,Fabián Bielinsky,2000,114,16,8.0
3199,2024-05-09 13:00:00,On the Waterfront,Crime,Elia Kazan,1954,108,12,6.5
3200,2024-05-09 10:30:00,On the Waterfront,Crime,Elia Kazan,1954,108,12,7.5
3201,2024-05-08 16:30:00,Bride of Frankenstein,Drama,James Whale,1935,75,12,6.5
3202,2024-05-08 13:30:00,The Exorcist,Horror,William Friedkin,1973,122,12,7.0
3203,2024-05-08 10:30:00,Forrest Gump,Drama,Robert Zemeckis,1994,142,12,7.5
3204,2024-05-07 10:00:00,Fiddler on the Roof,Drama,Norman Jewison,1971,181,0,7.0
3205,2024-05-06 10:00:00,Kôkaku Kidôtai,Animation,Mamoru Oshii,1995,83,12,6.5
3206,2024-05-05 14:00:00,Majo no takkyûbin,Animation,Hayao Miyazaki,1989,103,0,8.5
3207,2024-05-05 12:00:00,Bride of Frankenstein,Drama,James Whale,1935,75,12,7.5
3208,2024-05-05 10:00:00,Bride of Frankenstein,Drama,James Whale,1935,75,12,7.0
3209,2024-05-04 17:30:00,Tenkû no shiro Rapyuta,Animation,Hayao Miyazaki,1986,125,0,8.5
3210,2024-05-04 15:00:00,Majo no takkyûbin,Animation,Hayao Miyazaki,1989,103,0,8.0
3211,2024-05-04 13:00:00,City Lights,Comedy,Charles Chaplin,1931,87,0,8.5
3212,2024-05-04 10:00:00,The Great Dictator,Comedy,Charles Chaplin,1940,125,12,8.5
3213,2024-05-03 12:30:00,Lifeboat,Drama,Alfred Hitchcock,1944,97,12,8.0
3214,2024-05-03 10:00:00,Y tu mamá también,Drama,Alfonso Cuarón,2001,106,12,8.0
3215,2024-05-02 10:00:00,Naked,Comedy,Mike Leigh,1993,132,12,8.0
3216,2024-05-01 12:30:00,Kôkaku Kidôtai,Animation,Mamoru Oshii,1995,83,12,7.5
3217,2024-05-01 10:00:00,Miracle on 34th Street,Comedy,George Seaton,1947,96,12,8.0
3218,2024-04-30 12:00:00,Lawrence of Arabia,Adventure,David Lean,1962,228,0,6.5
3219,2024-04-30 10:00:00,Bride of Frankenstein,Drama,James Whale,1935,75,12,6.5
3220,2024-04-29 10:00:00,The Muppet Movie,Adventure,James Frawley,1979,95,0,8.5
3221,2024-04-28 19:00:00,Fiddler on the Roof,Drama,Norman Jewison,1971,181,0,9.5
3222,2024-04-28 16:30:00,Young Frankenstein,Comedy,Mel Brooks,1974,106,12,8.5
3223,2024-04-28 13:30:00,Nueve reinas,Crime,Fabián Bielinsky,2000,114,16,8.5
3224,2024-04-28 10:30:00,The Man Who Shot Liberty Valance,Drama,John Ford,1962,123,12,7.5
3225,2024-04-27 15:00:00,Delicatessen,Comedy,Marc Caro,1991,99,16,7.5
3226,2024-04-27 13:00:00,Kôkaku Kidôtai,Animation,Mamoru Oshii,1995,83,12,7.0
3227,2024-04-27 10:30:00,Majo no takkyûbin,Animation,Hayao Miyazaki,1989,103,0,8.5
3228,2024-04-26 10:00:00,Kôkaku Kidôtai,Animation,Mamoru Oshii,1995,83,12,7.0
3229,2024-04-25 13:00:00,The Silence of the Lambs,Crime,Jonathan Demme,1991,118,12,6.5
3230,2024-04-25 10:30:00,Majo no takkyûbin,Animation,Hayao Miyazaki,1989,103,0,7.5
3231,2024-04-24 16:30:00,The Man Who Shot Liberty Valance,Drama,John Ford,1962,123,12,8.0
3232,2024-04-24 14:00:00,Miracle on 34th Street,Comedy,George Seaton,1947,96,12,7.5
3233,2024-04-24 10:30:00,Patton,Biography,Franklin J. Schaffner,1970,172,0,6.5
3234,2024-04-23 13:30:00,Lifeboat,Drama,Alfred Hitchcock,1944,97,12,8.0
3235,2024-04-23 10:30:00,The Lion in Winter,Biography,Anthony Harvey,1968,134,6,7.5
3236,2024-04-22 16:00:00,The Man Who Shot Liberty Valance,Drama,John Ford,1962,123,12,8.0
3237,2024-04-22 13:30:00,Edward Scissorhands,Drama,Tim Burton,1990,105,0,8.0
3238,2024-04-22 10:30:00,The Exorcist,Horror,William Friedkin,1973,122,12,8.5
3239,2024-04-21 19:00:00,Stagecoach,Adventure,John Ford,1939,96,12,9.0
3240,2024-04-21 16:00:00,The Conversation,Drama,Francis Ford Coppola,1974,113,0,6.5
3241,2024-04-21 13:30:00,Delicatessen,Comedy,Marc Caro,1991,99,16,7.5
3242,2024-04-21 10:30:00,The Silence of the Lambs,Crime,Jonathan Demme,1991,118,12,7.0
3243,2024-04-20 17:30:00,A Night at the Opera,Comedy,Sam Wood,1935,96,12,6.5
3244,2024-04-20 14:30:00,The Exorcist,Horror,William Friedkin,1973,122,12,8.5
3245,2024-04-20 12:30:00,City Lights,Comedy,Charles Chaplin,1931,87,0,8.5
3246,2024-04-20 10:00:00,Lifeboat,Drama,Alfred Hitchcock,1944,97,12,8.5
3247,2024-04-19 15:30:00,Kramer vs. Kramer,Drama,Robert Benton,1979,105,12,7.5
3248,2024-04-19 12:30:00,Jurassic Park,Action,Steven Spielberg,1993,127,12,8.5
3249,2024-04-19 10:00:00,Kramer vs. Kramer,Drama,Robert Benton,1979,105,12,6.5
3250,2024-04-18 10:30:00,The Lady Vanishes,Mystery,Alfred Hitchcock,1938,96,12,8.0
3251,2024-04-17 13:30:00,Tenkû no shiro Rapyuta,Animation,Hayao Miyazaki,1986,125,0,8.0
3252,2024-04-17 10:30:00,Miller's Crossing,Crime,Joel Coen,1990,115,16,7.0
3253,2024-04-16 16:00:00,Back to the Future Part II,Adventure,Robert Zemeckis,1989,108,0,7.0
3254,2024-04-16 13:30:00,Kramer vs. Kramer,Drama,Robert Benton,1979,105,12,6.5
3255,2024-04-16 10:30:00,The Remains of the Day,Drama,James Ivory,1993,134,0,6.5
3256,2024-04-15 15:00:00,Patton,Biography,Franklin J. Schaffner,1970,172,0,6.5
3257,2024-04-15 12:30:00,The Conversation,Drama,Francis Ford Coppola,1974,113,0,8.5
3258,2024-04-15 10:00:00,Kramer vs. Kramer,Drama,Robert Benton,1979,105,12,7.0
3259,2024-04-14 18:30:00,Rain Man,Drama,Barry Levinson,1988,133,0,9.0
3260,2024-04-14 16:00:00,Ivanovo detstvo,Drama,Andrei Tarkovsky,1962,95,12,8.0
3261,2024-04-14 13:30:00,Delicatessen,Comedy,Marc Caro,1991,99,16,6.5
3262,2024-04-14 10:30:00,The Remains of the Day,Drama,James Ivory,1993,134,0,7.0
3263,2024-04-13 19:00:00,Tenkû no shiro Rapyuta,Animation,Hayao Miyazaki,1986,125,0,9.0
3264,2024-04-13 16:00:00,Sense and Sensibility,Drama,Ang Lee,1995,136,0,6.5
3265,2024-04-13 13:00:00,The Silence of the Lambs,Crime,Jonathan Demme,1991,118,12,8.0
3266,2024-04-13 10:00:00,The Butterfly Effect,Drama,Eric Bress,2004,113,0,7.5
3267,2024-04-12 13:00:00,The Conversation,Drama,Francis Ford Coppola,1974,113,0,7.0
3268,2024-04-12 10:30:00,Kramer vs. Kramer,Drama,Robert Benton,1979,105,12,7.0
3269,2024-04-11 10:30:00,Sense and Sensibility,Drama,Ang Lee,1995,136,0,6.5
3270,2024-04-10 10:30:00,The Silence of the Lambs,Crime,Jonathan Demme,1991,118,12,6.5
3271,2024-04-09 16:30:00,Edward Scissorhands,Drama,Tim Burton,1990,105,0,8.5
3272,2024-04-09 13:30:00,The Exorcist,Horror,William Friedkin,1973,122,12,8.5
3273,2024-04-09 10:30:00,The Conversation,Drama,Francis Ford Coppola,1974,113,0,8.0
3274,2024-04-08 13:30:00,Rain Man,Drama,Barry Levinson,1988,133,0,6.5
3275,2024-04-08 10:30:00,Sense and Sensibility,Drama,Ang Lee,1995,136,0,7.0
3276,2024-04-07 16:00:00,A Night at the Opera,Comedy,Sam Wood,1935,96,12,8.5
3277,2024-04-07 12:30:00,The Godfather: Part III,Crime,Francis Ford Coppola,1990,162,12,8.0
3278,2024-04-07 10:00:00,The Lady Vanishes,Mystery,Alfred Hitchcock,1938,96,12,7.0
3279,2024-04-06 19:00:00,Miller's Crossing,Crime,Joel Coen,1990,115,16,8.5
3280,2024-04-06 16:00:00,The Silence of the Lambs,Crime,Jonathan Demme,1991,118,12,7.5
3281,2024-04-06 13:00:00,The Butterfly Effect,Drama,Eric Bress,2004,113,0,7.0
3282,2024-04-06 10:00:00,Rain Man,Drama,Barry Levinson,1988,133,0,7.5
3283,2024-04-05 15:00:00,Rain Man,Drama,Barry Levinson,1988,133,0,7.5
3284,2024-04-05 12:00:00,Sense and Sensibility,Drama,Ang Lee,1995,136,0,6.5
3285,2024-04-05 10:00:00,Bride of Frankenstein,Drama,James Whale,1935,75,12,6.5
3286,2024-04-04 10:30:00,Vertigo,Mystery,Alfred Hitchcock,1958,128,12,7.0
3287,2024-04-03 10:00:00,Jurassic Park,Action,Steven Spielberg,1993,127,12,8.5
3288,2024-04-02 13:30:00,Miller's Crossing,Crime,Joel Coen,1990,115,16,7.5
3289,2024-04-02 10:30:00,Sense and Sensibility,Drama,Ang Lee,1995,136,0,7.5
3290,2024-04-01 15:30:00,Le charme discret de la bourgeoisie,Comedy,Luis Buñuel,1972,102,6,6.5
3291,2024-04-01 13:30:00,The General,Action,Clyde Bruckman,1926,67,12,7.0
3292,2024-04-01 10:30:00,Rain Man,Drama,Barry Levinson,1988,133,0,7.5
3293,2024-03-31 18:30:00,Vertigo,Mystery,Alfred Hitchcock,1958,128,12,10.0
3294,2024-03-31 15:30:00,My Cousin Vinny,Comedy,Jonathan Lynn,1992,120,12,8.0
3295,2024-03-31 13:00:00,Edward Scissorhands,Drama,Tim Burton,1990,105,0,8.0
3296,2024-03-31 10:30:00,Edward Scissorhands,Drama,Tim Burton,1990,105,0,7.5
3297,2024-03-30 19:00:00,The Thin Man,Comedy,W.S. Van Dyke,1934,91,12,10.0
3298,2024-03-30 16:00:00,Les diaboliques,Crime,Henri-Georges Clouzot,1955,117,12,8.5
3299,2024-03-30 12:30:00,Mulholland Dr.,Drama,David Lynch,2001,147,16,8.0
3300,2024-03-30 10:00:00,The Butterfly Effect,Drama,Eric Bress,2004,113,0,8.5
3301,2024-03-29 10:00:00,The Silence of the Lambs,Crime,Jonathan Demme,1991,118,12,8.5
3302,2024-03-28 14:30:00,The Terminator,Action,James Cameron,1984,107,12,8.0
3303,2024-03-28 12:30:00,Pâfekuto burû,Animation,Satoshi Kon,1997,81,12,8.0
3304,2024-03-28 10:00:00,Pâfekuto burû,Animation,Satoshi Kon,1997,81,12,7.0
3305,2024-03-27 12:30:00,The Remains of the Day,Drama,James Ivory,1993,134,0,7.0
3306,2024-03-27 10:00:00,Back to the Future Part II,Adventure,Robert Zemeckis,1989,108,0,7.0
3307,2024-03-26 10:00:00,Delicatessen,Comedy,Marc Caro,1991,99,16,8.5
3308,2024-03-25 16:00:00,Bride of Frankenstein,Drama,James Whale,1935,75,12,8.5
3309,2024-03-25 13:00:00,Sense and Sensibility,Drama,Ang Lee,1995,136,0,7.5
3310,2024-03-25 10:00:00,Les diaboliques,Crime,Henri-Georges Clouzot,1955,117,12,8.0
3311,2024-03-24 15:30:00,Waking Life,Animation,Richard Linklater,2001,99,16,7.0
3312,2024-03-24 12:30:00,Philadelphia,Drama,Jonathan Demme,1993,125,12,7.0
3313,2024-03-24 10:00:00,Adaptation.,Comedy,Spike Jonze,2002,115,16,7.0
3314,2024-03-23 16:30:00,The Silence of the Lambs,Crime,Jonathan Demme,1991,118,12,8.5
3315,2024-03-23 13:30:00,Philadelphia,Drama,Jonathan Demme,1993,125,12,6.5
3316,2024-03-23 10:30:00,Training Day,Crime,Antoine Fuqua,2001,122,12,7.0
3317,2024-03-22 14:00:00,Le charme discret de la bourgeoisie,Comedy,Luis Buñuel,1972,102,6,6.5
3318,2024-03-22 10:00:00,Judgment at Nuremberg,Drama,Stanley Kramer,1961,179,12,6.5
3319,2024-03-21 15:30:00,The Silence of the Lambs,Crime,Jonathan Demme,1991,118,12,8.0
3320,2024-03-21 12:30:00,The Bridges of Madison County,Drama,Clint Eastwood,1995,135,12,8.0
3321,2024-03-21 10:00:00,Ivanovo detstvo,Drama,Andrei Tarkovsky,1962,95,12,8.0
3322,2024-03-20 15:00:00,Charade,Comedy,Stanley Donen,1963,113,0,7.0
3323,2024-03-20 12:30:00,The Thin Man,Comedy,W.S. Van Dyke,1934,91,12,8.0
3324,2024-03-20 10:00:00,Ivanovo detstvo,Drama,Andrei Tarkovsky,1962,95,12,7.0
3325,2024-03-19 14:30:00,Le charme discret de la bourgeoisie,Comedy,Luis Buñuel,1972,102,6,7.5
3326,2024-03-19 12:30:00,The General,Action,Clyde Bruckman,1926,67,12,7.5
3327,2024-03-19 10:00:00,The Lost Weekend,Drama,Billy Wilder,1945,101,12,7.0
3328,2024-03-18 13:00:00,The Thin Man,Comedy,W.S. Van Dyke,1934,91,12,8.5
3329,2024-03-18 10:00:00,Kill Bill: Vol. 1,Action,Quentin Tarantino,2003,111,16,8.5
3330,2024-03-17 19:00:00,My Cousin Vinny,Comedy,Jonathan Lynn,1992,120,12,8.5
3331,2024-03-17 16:30:00,The Terminator,Action,James Cameron,1984,107,12,8.0
3332,2024-03-17 13:00:00,Patton,Biography,Franklin J. Schaffner,1970,172,0,6.5
3333,2024-03-17 10:00:00,Philadelphia,Drama,Jonathan Demme,1993,125,12,7.5
3334,2024-03-16 18:30:00,The Bridges of Madison County,Drama,Clint Eastwood,1995,135,12,9.5
3335,2024-03-16 16:00:00,Kill Bill: Vol. 1,Action,Quentin Tarantino,2003,111,16,8.5
3336,2024-03-16 13:30:00,Dazed and Confused,Comedy,Richard Linklater,1993,102,0,8.0
3337,2024-03-16 10:00:00,The Godfather: Part III,Crime,Francis Ford Coppola,1990,162,12,7.5
3338,2024-03-15 15:30:00,Ocean's Eleven,Crime,Steven Soderbergh,2001,116,12,7.0
3339,2024-03-15 13:00:00,The Odd Couple,Comedy,Gene Saks,1968,105,0,6.5
3340,2024-03-15 10:00:00,The Bridges of Madison County,Drama,Clint Eastwood,1995,135,12,7.0
3341,2024-03-14 16:00:00,Patton,Biography,Franklin J. Schaffner,1970,172,0,7.0
3342,2024-03-14 13:00:00,White Heat,Action,Raoul Walsh,1949,114,12,7.0
3343,2024-03-14 10:00:00,Serpico,Biography,Sidney Lumet,1973,130,12,6.5
3344,2024-03-13 16:00:00,The Godfather: Part III,Crime,Francis Ford Coppola,1990,162,12,6.5
3345,2024-03-13 13:30:00,The Bourne Supremacy,Action,Paul Greengrass,2004,108,12,8.0
3346,2024-03-13 10:30:00,Training Day,Crime,Antoine Fuqua,2001,122,12,6.5
3347,2024-03-12 16:00:00,The Odd Couple,Comedy,Gene Saks,1968,105,0,7.0
3348,2024-03-12 13:00:00,Vertigo,Mystery,Alfred Hitchcock,1958,128,12,6.5
3349,2024-03-12 10:30:00,October Sky,Biography,Joe Johnston,1999,108,6,7.0
3350,2024-03-11 13:00:00,Dead Man's Shoes,Crime,Shane Meadows,2004,90,12,8.0
3351,2024-03-11 10:30:00,Kill Bill: Vol. 1,Action,Quentin Tarantino,2003,111,16,6.5
3352,2024-03-10 17:00:00,The Terminator,Action,James Cameron,1984,107,12,8.0
3353,2024-03-10 14:30:00,Dead Man's Shoes,Crime,Shane Meadows,2004,90,12,7.0
3354,2024-03-10 12:30:00,Pâfekuto burû,Animation,Satoshi Kon,1997,81,12,7.5
3355,2024-03-10 10:00:00,The Odd Couple,Comedy,Gene Saks,1968,105,0,6.5
3356,2024-03-09 15:30:00,Lifeboat,Drama,Alfred Hitchcock,1944,97,12,8.0
3357,2024-03-09 13:00:00,The Lost Weekend,Drama,Billy Wilder,1945,101,12,8.0
3358,2024-03-09 10:00:00,October Sky,Biography,Joe Johnston,1999,108,6,8.5
3359,2024-03-08 10:00:00,The General,Action,Clyde Bruckman,1926,67,12,6.5
3360,2024-03-07 16:00:00,The Exorcist,Horror,William Friedkin,1973,122,12,7.0
3361,2024-03-07 13:00:00,The Remains of the Day,Drama,James Ivory,1993,134,0,7.5
3362,2024-03-07 10:30:00,The Bourne Supremacy,Action,Paul Greengrass,2004,108,12,7.5
3363,2024-03-06 15:00:00,Le charme discret de la bourgeoisie,Comedy,Luis Buñuel,1972,102,6,7.0
3364,2024-03-06 12:30:00,Lifeboat,Drama,Alfred Hitchcock,1944,97,12,6.5
3365,2024-03-06 10:00:00,Evil Dead II,Action,Sam Raimi,1987,84,12,8.5
3366,2024-03-05 15:00:00,Dazed and Confused,Comedy,Richard Linklater,1993,102,0,6.5
3367,2024-03-05 12:30:00,The Others,Horror,Alejandro Amenábar,2001,101,12,7.0
3368,2024-03-05 10:00:00,The Others,Horror,Alejandro Amenábar,2001,101,12,8.0
3369,2024-03-04 10:00:00,Les diaboliques,Crime,Henri-Georges Clouzot,1955,117,12,8.0
3370,2024-03-03 16:30:00,Gone with the Wind,Drama,Victor Fleming,1939,238,0,8.5
3371,2024-03-03 13:00:00,Patton,Biography,Franklin J. Schaffner,1970,172,0,6.5
3372,2024-03-03 10:00:00,White Heat,Action,Raoul Walsh,1949,114,12,7.5
3373,2024-03-02 19:30:00,Evil Dead II,Action,Sam Raimi,1987,84,12,9.0
3374,2024-03-02 16:30:00,Serpico,Biography,Sidney Lumet,1973,130,12,7.0
3375,2024-03-02 14:00:00,White Heat,Action,Raoul Walsh,1949,114,12,7.5
3376,2024-03-02 10:00:00,Judgment at Nuremberg,Drama,Stanley Kramer,1961,179,12,8.0
3377,2024-03-01 15:30:00,Les diaboliques,Crime,Henri-Georges Clouzot,1955,117,12,8.5
3378,2024-03-01 13:00:00,Rushmore,Comedy,Wes Anderson,1998,93,12,8.0
3379,2024-03-01 10:00:00,Nueve reinas,Crime,Fabián Bielinsky,2000,114,16,7.5
3380,2024-02-29 10:00:00,White Heat,Action,Raoul Walsh,1949,114,12,8.5
3381,2024-02-28 16:00:00,The Others,Horror,Alejandro Amenábar,2001,101,12,7.0
3382,2024-02-28 12:30:00,The Godfather: Part III,Crime,Francis Ford Coppola,1990,162,12,8.0
3383,2024-02-28 10:00:00,The Others,Horror,Alejandro Amenábar,2001,101,12,6.5
3384,2024-02-27 10:30:00,Serpico,Biography,Sidney Lumet,1973,130,12,8.0
3385,2024-02-26 16:30:00,Rear Window,Mystery,Alfred Hitchcock,1954,112,0,6.5
3386,2024-02-26 13:00:00,Where Eagles Dare,Action,Brian G. Hutton,1968,158,0,7.5
3387,2024-02-26 10:00:00,Rear Window,Mystery,Alfred Hitchcock,1954,112,0,8.5
3388,2024-02-25 19:00:00,The Others,Horror,Alejandro Amenábar,2001,101,12,9.0
3389,2024-02-25 16:00:00,The Terminator,Action,James Cameron,1984,107,12,7.0
3390,2024-02-25 12:30:00,Mulholland Dr.,Drama,David Lynch,2001,147,16,7.0
3391,2024-02-25 10:00:00,The Terminator,Action,James Cameron,1984,107,12,8.5
3392,2024-02-24 18:30:00,Do lok tin si,Comedy,Kar-Wai Wong,1995,99,12,9.5
3393,2024-02-24 15:30:00,White Heat,Action,Raoul Walsh,1949,114,12,6.5
3394,2024-02-24 12:30:00,Per qualche dollaro in più,Western,Sergio Leone,1965,132,0,8.0
3395,2024-02-24 10:00:00,October Sky,Biography,Joe Johnston,1999,108,6,8.5
3396,2024-02-23 10:30:00,Charade,Comedy,Stanley Donen,1963,113,0,8.0
3397,2024-02-22 16:00:00,Nueve reinas,Crime,Fabián Bielinsky,2000,114,16,6.5
3398,2024-02-22 13:00:00,The Fifth Element,Action,Luc Besson,1997,126,12,8.5
3399,2024-02-22 10:00:00,Serpico,Biography,Sidney Lumet,1973,130,12,7.5
3400,2024-02-21 14:00:00,The Last Picture Show,Drama,Peter Bogdanovich,1971,118,16,7.5
3401,2024-02-21 10:30:00,Patton,Biography,Franklin J. Schaffner,1970,172,0,6.5
3402,2024-02-20 12:00:00,Le dîner de cons,Comedy,Francis Veber,1998,80,12,8.5
3403,2024-02-20 10:00:00,Zelig,Comedy,Woody Allen,1983,79,6,7.5
3404,2024-02-19 16:30:00,The Terminator,Action,James Cameron,1984,107,12,8.0
3405,2024-02-19 13:30:00,Per qualche dollaro in più,Western,Sergio Leone,1965,132,0,6.5
3406,2024-02-19 10:00:00,Patton,Biography,Franklin J. Schaffner,1970,172,0,8.5
3407,2024-02-18 16:00:00,The Fifth Element,Action,Luc Besson,1997,126,12,8.0
3408,2024-02-18 13:30:00,Dazed and Confused,Comedy,Richard Linklater,1993,102,0,8.5
3409,2024-02-18 10:00:00,Patton,Biography,Franklin J. Schaffner,1970,172,0,6.5
3410,2024-02-17 15:30:00,Evil Dead II,Action,Sam Raimi,1987,84,12,8.5
3411,2024-02-17 12:30:00,Les diaboliques,Crime,Henri-Georges Clouzot,1955,117,12,8.5
3412,2024-02-17 10:00:00,October Sky,Biography,Joe Johnston,1999,108,6,8.5
3413,2024-02-16 12:30:00,Charade,Comedy,Stanley Donen,1963,113,0,6.5
3414,2024-02-16 10:00:00,The Bourne Supremacy,Action,Paul Greengrass,2004,108,12,7.5
3415,2024-02-15 10:00:00,"South Park: Bigger, Longer & Uncut",Animation,Trey Parker,1999,81,12,6.5
3416,2024-02-14 13:00:00,October Sky,Biography,Joe Johnston,1999,108,6,8.5
3417,2024-02-14 10:00:00,Apocalypse Now,Drama,Francis Ford Coppola,1979,147,16,7.5
3418,2024-02-13 10:30:00,Gone with the Wind,Drama,Victor Fleming,1939,238,0,8.5
3419,2024-02-12 18:00:00,Nueve reinas,Crime,Fabián Bielinsky,2000,114,16,9.0
3420,2024-02-12 13:00:00,Gone with the Wind,Drama,Victor Fleming,1939,238,0,8.0
3421,2024-02-12 10:00:00,Cool Hand Luke,Crime,Stuart Rosenberg,1967,127,12,8.5
3422,2024-02-11 16:30:00,Per qualche dollaro in più,Western,Sergio Leone,1965,132,0,8.0
3423,2024-02-11 13:30:00,The Man Who Would Be King,Adventure,John Huston,1975,129,6,7.5
3424,2024-02-11 10:30:00,Per qualche dollaro in più,Western,Sergio Leone,1965,132,0,8.0
3425,2024-02-10 16:00:00,Batoru rowaiaru,Action,Kinji Fukasaku,2000,114,12,8.5
3426,2024-02-10 13:30:00,Le dîner de cons,Comedy,Francis Veber,1998,80,12,7.5
3427,2024-02-10 10:30:00,The Man Who Would Be King,Adventure,John Huston,1975,129,6,8.0
3428,2024-02-09 12:30:00,The Innocents,Horror,Jack Clayton,1961,100,12,8.5
3429,2024-02-09 10:00:00,The Terminator,Action,James Cameron,1984,107,12,6.5
3430,2024-02-08 13:30:00,Being There,Comedy,Hal Ashby,1979,130,6,7.0
3431,2024-02-08 10:30:00,The Big Sleep,Crime,Howard Hawks,1946,114,12,7.5
3432,2024-02-07 15:30:00,Zelig,Comedy,Woody Allen,1983,79,6,7.0
3433,2024-02-07 12:30:00,Being There,Comedy,Hal Ashby,1979,130,6,6.5
3434,2024-02-07 10:00:00,Groundhog Day,Comedy,Harold Ramis,1993,101,0,7.0
3435,2024-02-06 16:30:00,The Innocents,Horror,Jack Clayton,1961,100,12,8.5
3436,2024-02-06 13:30:00,The Hustler,Drama,Robert Rossen,1961,134,12,8.5
3437,2024-02-06 10:30:00,Awakenings,Biography,Penny Marshall,1990,121,0,7.5
3438,2024-02-05 15:30:00,Batman: Mask of the Phantasm,Animation,Kevin Altieri,1993,76,6,6.5
3439,2024-02-05 13:00:00,Do lok tin si,Comedy,Kar-Wai Wong,1995,99,12,8.5
3440,2024-02-05 10:30:00,Jûbê ninpûchô,Animation,Yoshiaki Kawajiri,1993,94,12,7.0
3441,2024-02-04 19:00:00,The Fifth Element,Action,Luc Besson,1997,126,12,9.5
3442,2024-02-04 15:30:00,Apocalypse Now,Drama,Francis Ford Coppola,1979,147,16,8.5
3443,2024-02-04 13:00:00,October Sky,Biography,Joe Johnston,1999,108,6,6.5
3444,2024-02-04 10:30:00,Groundhog Day,Comedy,Harold Ramis,1993,101,0,7.5
3445,2024-02-03 18:30:00,Double Indemnity,Crime,Billy Wilder,1944,107,12,9.0
3446,2024-02-03 16:00:00,Rushmore,Comedy,Wes Anderson,1998,93,12,7.5
3447,2024-02-03 13:00:00,The Man Who Would Be King,Adventure,John Huston,1975,129,6,7.5
3448,2024-02-03 10:00:00,Inherit the Wind,Biography,Stanley Kramer,1960,128,12,8.0
3449,2024-02-02 16:30:00,The Innocents,Horror,Jack Clayton,1961,100,12,7.5
3450,2024-02-02 13:30:00,The Man Who Would Be King,Adventure,John Huston,1975,129,6,8.5
3451,2024-02-02 10:30:00,Rear Window,Mystery,Alfred Hitchcock,1954,112,0,8.5
3452,2024-02-01 16:00:00,October Sky,Biography,Joe Johnston,1999,108,6,7.0
3453,2024-02-01 13:00:00,Inherit the Wind,Biography,Stanley Kramer,1960,128,12,6.5
3454,2024-02-01 10:30:00,A Man for All Seasons,Biography,Fred Zinnemann,1966,120,0,7.5
3455,2024-01-31 13:00:00,Where Eagles Dare,Action,Brian G. Hutton,1968,158,0,7.5
3456,2024-01-31 10:00:00,Cool Hand Luke,Crime,Stuart Rosenberg,1967,127,12,7.0
3457,2024-01-30 10:30:00,The Innocents,Horror,Jack Clayton,1961,100,12,7.0
3458,2024-01-29 15:00:00,The Deer Hunter,Drama,Michael Cimino,1978,183,12,8.5
3459,2024-01-29 12:00:00,The Last Picture Show,Drama,Peter Bogdanovich,1971,118,16,8.0
3460,2024-01-29 10:00:00,Zelig,Comedy,Woody Allen,1983,79,6,7.0
3461,2024-01-28 18:30:00,October Sky,Biography,Joe Johnston,1999,108,6,9.0
3462,2024-01-28 16:00:00,Do lok tin si,Comedy,Kar-Wai Wong,1995,99,12,7.5
3463,2024-01-28 13:30:00,The Big Sleep,Crime,Howard Hawks,1946,114,12,6.5
3464,2024-01-28 10:30:00,The Last Picture Show,Drama,Peter Bogdanovich,1971,118,16,7.0
3465,2024-01-27 16:30:00,Jûbê ninpûchô,Animation,Yoshiaki Kawajiri,1993,94,12,8.0
3466,2024-01-27 13:30:00,Awakenings,Biography,Penny Marshall,1990,121,0,8.5
3467,2024-01-27 10:30:00,A Man for All Seasons,Biography,Fred Zinnemann,1966,120,0,6.5
3468,2024-01-26 16:00:00,Ocean's Eleven,Crime,Steven Soderbergh,2001,116,12,8.5
3469,2024-01-26 13:00:00,Full Metal Jacket,Drama,Stanley Kubrick,1987,116,12,6.5
3470,2024-01-26 10:30:00,Double Indemnity,Crime,Billy Wilder,1944,107,12,8.0
3471,2024-01-25 15:30:00,My Fair Lady,Drama,George Cukor,1964,170,0,8.5
3472,2024-01-25 12:30:00,The Last Picture Show,Drama,Peter Bogdanovich,1971,118,16,7.0
3473,2024-01-25 10:00:00,Finding Neverland,Biography,Marc Forster,2004,106,0,6.5
3474,2024-01-24 10:00:00,Where Eagles Dare,Action,Brian G. Hutton,1968,158,0,7.5
3475,2024-01-23 12:00:00,The Deer Hunter,Drama,Michael Cimino,1978,183,12,7.5
3476,2024-01-23 10:00:00,Batman: Mask of the Phantasm,Animation,Kevin Altieri,1993,76,6,8.0
3477,2024-01-22 10:30:00,Groundhog Day,Comedy,Harold Ramis,1993,101,0,7.0
3478,2024-01-21 17:30:00,Harry Potter and the Prisoner of Azkaban,Adventure,Alfonso Cuarón,2004,142,0,7.5
3479,2024-01-21 15:00:00,Groundhog Day,Comedy,Harold Ramis,1993,101,0,6.5
3480,2024-01-21 12:00:00,The Last Picture Show,Drama,Peter Bogdanovich,1971,118,16,7.0
3481,2024-01-21 10:00:00,Zelig,Comedy,Woody Allen,1983,79,6,8.5
3482,2024-01-20 16:00:00,Being There,Comedy,Hal Ashby,1979,130,6,8.0
3483,2024-01-20 13:30:00,Finding Neverland,Biography,Marc Forster,2004,106,0,8.5
3484,2024-01-20 10:30:00,Star Wars: Episode VI - Return of the Jedi,Action,Richard Marquand,1983,131,0,8.5
3485,2024-01-19 14:00:00,Cat on a Hot Tin Roof,Drama,Richard Brooks,1958,108,12,7.5
3486,2024-01-19 10:00:00,La dolce vita,Comedy,Federico Fellini,1960,174,12,6.5
3487,2024-01-18 16:30:00,A Man for All Seasons,Biography,Fred Zinnemann,1966,120,0,7.0
3488,2024-01-18 12:30:00,The Deer Hunter,Drama,Michael Cimino,1978,183,12,8.5
3489,2024-01-18 10:00:00,Full Metal Jacket,Drama,Stanley Kubrick,1987,116,12,8.0
3490,2024-01-17 16:00:00,The Straight Story,Biography,David Lynch,1999,112,0,6.5
3491,2024-01-17 13:00:00,Inherit the Wind,Biography,Stanley Kramer,1960,128,12,7.0
3492,2024-01-17 10:30:00,Strangers on a Train,Crime,Alfred Hitchcock,1951,101,12,8.5
3493,2024-01-16 13:00:00,Batman: Mask of the Phantasm,Animation,Kevin Altieri,1993,76,6,7.5
3494,2024-01-16 10:00:00,Training Day,Crime,Antoine Fuqua,2001,122,12,8.5
3495,2024-01-15 10:30:00,Guess Who's Coming to Dinner,Comedy,Stanley Kramer,1967,108,12,6.5
3496,2024-01-14 19:00:00,Singin' in the Rain,Comedy,Stanley Donen,1952,103,0,9.5
3497,2024-01-14 17:00:00,Batman: Mask of the Phantasm,Animation,Kevin Altieri,1993,76,6,8.0
3498,2024-01-14 14:30:00,Groundhog Day,Comedy,Harold Ramis,1993,101,0,7.5
3499,2024-01-14 10:30:00,Dogville,Crime,Lars von Trier,2003,178,16,8.5
3500,2024-01-13 17:30:00,Reservoir Dogs,Crime,Quentin Tarantino,1992,99,16,8.5
3501,2024-01-13 15:00:00,Reservoir Dogs,Crime,Quentin Tarantino,1992,99,16,7.0
3502,2024-01-13 12:30:00,Reservoir Dogs,Crime,Quentin Tarantino,1992,99,16,7.0
3503,2024-01-13 10:00:00,Ace in the Hole,Drama,Billy Wilder,1951,111,12,6.5
3504,2024-01-12 16:30:00,Rashômon,Crime,Akira Kurosawa,1950,88,12,8.0
3505,2024-01-12 13:30:00,A Man for All Seasons,Biography,Fred Zinnemann,1966,120,0,8.5
3506,2024-01-12 10:30:00,Inherit the Wind,Biography,Stanley Kramer,1960,128,12,7.5
3507,2024-01-11 10:30:00,Star Wars: Episode VI - Return of the Jedi,Action,Richard Marquand,1983,131,0,8.5
3508,2024-01-10 13:00:00,The Deer Hunter,Drama,Michael Cimino,1978,183,12,7.5
3509,2024-01-10 10:30:00,Cat on a Hot Tin Roof,Drama,Richard Brooks,1958,108,12,6.5
3510,2024-01-09 10:30:00,Singin' in the Rain,Comedy,Stanley Donen,1952,103,0,7.0
3511,2024-01-08 16:30:00,La règle du jeu,Comedy,Jean Renoir,1939,110,12,8.5
3512,2024-01-08 13:30:00,Forrest Gump,Drama,Robert Zemeckis,1994,142,12,7.5
3513,2024-01-08 10:30:00,Lost Highway,Mystery,David Lynch,1997,134,12,7.0
3514,2024-01-07 15:00:00,Dogville,Crime,Lars von Trier,2003,178,16,7.0
3515,2024-01-07 12:30:00,Reservoir Dogs,Crime,Quentin Tarantino,1992,99,16,8.5
3516,2024-01-07 10:00:00,La Strada,Drama,Federico Fellini,1954,108,12,6.5
3517,2024-01-06 20:00:00,The Deer Hunter,Drama,Michael Cimino,1978,183,12,10.0
3518,2024-01-06 17:30:00,Reservoir Dogs,Crime,Quentin Tarantino,1992,99,16,7.0
3519,2024-01-06 14:00:00,My Fair Lady,Drama,George Cukor,1964,170,0,6.5
3520,2024-01-06 10:00:00,The Deer Hunter,Drama,Michael Cimino,1978,183,12,8.5
3521,2024-01-05 10:00:00,The Straight Story,Biography,David Lynch,1999,112,0,7.5
3522,2024-01-04 14:30:00,Aliens,Action,James Cameron,1986,137,0,6.5
3523,2024-01-04 10:00:00,Andrei Rublev,Biography,Andrei Tarkovsky,1966,205,16,7.0
3524,2024-01-03 17:00:00,The Dirty Dozen,Action,Robert Aldrich,1967,150,12,8.0
3525,2024-01-03 14:30:00,Hotaru no haka,Animation,Isao Takahata,1988,89,0,8.0
3526,2024-01-03 10:30:00,La dolce vita,Comedy,Federico Fellini,1960,174,12,8.5
3527,2024-01-02 10:00:00,Guess Who's Coming to Dinner,Comedy,Stanley Kramer,1967,108,12,8.5
3528,2024-01-01 10:30:00,Amadeus,Biography,Milos Forman,1984,160,16,7.0
3529,2023-12-31 16:30:00,Munna Bhai M.B.B.S.,Comedy,Rajkumar Hirani,2003,156,0,8.5
3530,2023-12-31 12:30:00,The Deer Hunter,Drama,Michael Cimino,1978,183,12,6.5
3531,2023-12-31 10:00:00,Singin' in the Rain,Comedy,Stanley Donen,1952,103,0,7.5
3532,2023-12-30 15:30:00,La dolce vita,Comedy,Federico Fellini,1960,174,12,6.5
3533,2023-12-30 13:00:00,Rashômon,Crime,Akira Kurosawa,1950,88,12,8.0
3534,2023-12-30 10:00:00,Per qualche dollaro in più,Western,Sergio Leone,1965,132,0,6.5
3535,2023-12-29 15:00:00,The Treasure of the Sierra Madre,Adventure,John Huston,1948,126,12,7.0
3536,2023-12-29 12:30:00,The Gold Rush,Adventure,Charles Chaplin,1925,95,12,7.5
3537,2023-12-29 10:00:00,La Strada,Drama,Federico Fellini,1954,108,12,6.5
3538,2023-12-28 10:00:00,Reservoir Dogs,Crime,Quentin Tarantino,1992,99,16,6.5
3539,2023-12-27 10:00:00,The Gold Rush,Adventure,Charles Chaplin,1925,95,12,7.0
3540,2023-12-26 10:30:00,The Treasure of the Sierra Madre,Adventure,John Huston,1948,126,12,7.5
3541,2023-12-25 16:30:00,Munna Bhai M.B.B.S.,Comedy,Rajkumar Hirani,2003,156,0,8.5
3542,2023-12-25 14:00:00,The Gold Rush,Adventure,Charles Chaplin,1925,95,12,8.0
3543,2023-12-25 10:00:00,La dolce vita,Comedy,Federico Fellini,1960,174,12,8.0
3544,2023-12-24 19:00:00,Rebecca,Drama,Alfred Hitchcock,1940,130,12,9.0
3545,2023-12-24 16:00:00,Per qualche dollaro in più,Western,Sergio Leone,1965,132,0,8.0
3546,2023-12-24 13:30:00,La Strada,Drama,Federico Fellini,1954,108,12,8.5
3547,2023-12-24 10:30:00,Per qualche dollaro in più,Western,Sergio Leone,1965,132,0,8.0
3548,2023-12-23 19:00:00,Dogville,Crime,Lars von Trier,2003,178,16,9.0
3549,2023-12-23 16:00:00,Almost Famous,Adventure,Cameron Crowe,2000,122,12,8.5
3550,2023-12-23 13:00:00,Per qualche dollaro in più,Western,Sergio Leone,1965,132,0,7.0
3551,2023-12-23 10:00:00,Forrest Gump,Drama,Robert Zemeckis,1994,142,12,8.0
3552,2023-12-22 17:00:00,The Gold Rush,Adventure,Charles Chaplin,1925,95,12,8.5
3553,2023-12-22 12:30:00,Andrei Rublev,Biography,Andrei Tarkovsky,1966,205,16,6.5
3554,2023-12-22 10:00:00,La Strada,Drama,Federico Fellini,1954,108,12,8.5
3555,2023-12-21 16:00:00,The Last of the Mohicans,Action,Michael Mann,1992,112,12,7.0
3556,2023-12-21 13:00:00,The Dirty Dozen,Action,Robert Aldrich,1967,150,12,7.5
3557,2023-12-21 10:30:00,Full Metal Jacket,Drama,Stanley Kubrick,1987,116,12,8.5
3558,2023-12-20 14:30:00,Andrei Rublev,Biography,Andrei Tarkovsky,1966,205,16,6.5
3559,2023-12-20 10:30:00,Dogville,Crime,Lars von Trier,2003,178,16,8.5
3560,2023-12-19 16:00:00,The Thing,Horror,John Carpenter,1982,109,12,7.5
3561,2023-12-19 13:30:00,Aladdin,Animation,Ron Clements,1992,90,0,8.5
3562,2023-12-19 10:30:00,Forrest Gump,Drama,Robert Zemeckis,1994,142,12,6.5
3563,2023-12-18 12:30:00,Andrei Rublev,Biography,Andrei Tarkovsky,1966,205,16,7.5
3564,2023-12-18 10:00:00,The Usual Suspects,Crime,Bryan Singer,1995,106,12,6.5
3565,2023-12-17 15:00:00,Almost Famous,Adventure,Cameron Crowe,2000,122,12,8.5
3566,2023-12-17 12:30:00,Rope,Crime,Alfred Hitchcock,1948,80,12,7.0
3567,2023-12-17 10:30:00,Persona,Drama,Ingmar Bergman,1966,85,12,7.0
3568,2023-12-16 19:00:00,La règle du jeu,Comedy,Jean Renoir,1939,110,12,8.5
3569,2023-12-16 15:00:00,Dances with Wolves,Adventure,Kevin Costner,1990,181,0,8.0
3570,2023-12-16 12:30:00,La Strada,Drama,Federico Fellini,1954,108,12,7.5
3571,2023-12-16 10:00:00,Hotaru no haka,Animation,Isao Takahata,1988,89,0,8.5
3572,2023-12-15 10:00:00,La dolce vita,Comedy,Federico Fellini,1960,174,12,7.5
3573,2023-12-14 15:00:00,28 Days Later...,Drama,Danny Boyle,2002,113,12,8.0
3574,2023-12-14 13:00:00,Rope,Crime,Alfred Hitchcock,1948,80,12,8.5
3575,2023-12-14 10:30:00,Aladdin,Animation,Ron Clements,1992,90,0,8.5
3576,2023-12-13 16:00:00,Rebecca,Drama,Alfred Hitchcock,1940,130,12,8.0
3577,2023-12-13 13:30:00,Ondskan,Drama,Mikael Håfström,2003,113,12,8.5
3578,2023-12-13 10:30:00,Donnie Brasco,Biography,Mike Newell,1997,127,12,8.0
3579,2023-12-12 10:30:00,Ondskan,Drama,Mikael Håfström,2003,113,12,8.5
3580,2023-12-11 15:30:00,Lost Highway,Mystery,David Lynch,1997,134,12,7.0
3581,2023-12-11 12:30:00,The Treasure of the Sierra Madre,Adventure,John Huston,1948,126,12,6.5
3582,2023-12-11 10:00:00,La règle du jeu,Comedy,Jean Renoir,1939,110,12,8.0
3583,2023-12-10 18:00:00,Der Himmel über Berlin,Drama,Wim Wenders,1987,128,0,9.5
3584,2023-12-10 15:30:00,Kumonosu-jô,Drama,Akira Kurosawa,1957,110,12,7.0
3585,2023-12-10 12:30:00,Kumonosu-jô,Drama,Akira Kurosawa,1957,110,12,8.5
3586,2023-12-10 10:00:00,Requiem for a Dream,Drama,Darren Aronofsky,2000,102,12,8.0
3587,2023-12-09 19:30:00,The Treasure of the Sierra Madre,Adventure,John Huston,1948,126,12,8.5
3588,2023-12-09 17:30:00,Rope,Crime,Alfred Hitchcock,1948,80,12,8.0
3589,2023-12-09 13:30:00,Fiddler on the Roof,Drama,Norman Jewison,1971,181,0,6.5
3590,2023-12-09 10:30:00,Lost Highway,Mystery,David Lynch,1997,134,12,7.0
3591,2023-12-08 14:00:00,Aladdin,Animation,Ron Clements,1992,90,0,8.0
3592,2023-12-08 10:30:00,The Hurricane,Biography,Norman Jewison,1999,146,16,8.5
3593,2023-12-07 10:00:00,Donnie Brasco,Biography,Mike Newell,1997,127,12,6.5
3594,2023-12-06 16:00:00,Lost Highway,Mystery,David Lynch,1997,134,12,8.5
3595,2023-12-06 13:30:00,A Night at the Opera,Comedy,Sam Wood,1935,96,12,6.5
3596,2023-12-06 10:00:00,The Dirty Dozen,Action,Robert Aldrich,1967,150,12,7.5
3597,2023-12-05 10:00:00,A Night at the Opera,Comedy,Sam Wood,1935,96,12,8.5
3598,2023-12-04 10:00:00,Fear and Loathing in Las Vegas,Adventure,Terry Gilliam,1998,118,16,8.0
3599,2023-12-03 18:30:00,A Night at the Opera,Comedy,Sam Wood,1935,96,12,9.0
3600,2023-12-03 15:00:00,Amadeus,Biography,Milos Forman,1984,160,16,8.0
3601,2023-12-03 13:00:00,Rope,Crime,Alfred Hitchcock,1948,80,12,7.5
3602,2023-12-03 10:30:00,My Left Foot: The Story of Christy Brown,Biography,Jim Sheridan,1989,103,0,8.5
3603,2023-12-02 18:00:00,"O Brother, Where Art Thou?",Adventure,Joel Coen,2000,107,0,9.0
3604,2023-12-02 15:30:00,Ondskan,Drama,Mikael Håfström,2003,113,12,8.0
3605,2023-12-02 13:00:00,Per un pugno di dollari,Action,Sergio Leone,1964,99,12,8.5
3606,2023-12-02 10:00:00,Lost Highway,Mystery,David Lynch,1997,134,12,7.5
3607,2023-12-01 13:00:00,Hedwig and the Angry Inch,Comedy,John Cameron Mitchell,2001,95,16,7.0
3608,2023-12-01 10:30:00,Lost in Translation,Comedy,Sofia Coppola,2003,102,12,7.0
3609,2023-11-30 12:30:00,Dances with Wolves,Adventure,Kevin Costner,1990,181,0,8.0
3610,2023-11-30 10:00:00,The African Queen,Adventure,John Huston,1951,105,6,8.0
3611,2023-11-29 15:00:00,Rebecca,Drama,Alfred Hitchcock,1940,130,12,7.5
3612,2023-11-29 12:30:00,"O Brother, Where Art Thou?",Adventure,Joel Coen,2000,107,0,8.0
3613,2023-11-29 10:30:00,Rope,Crime,Alfred Hitchcock,1948,80,12,7.5
3614,2023-11-28 13:00:00,Kumonosu-jô,Drama,Akira Kurosawa,1957,110,12,8.5
3615,2023-11-28 10:30:00,A Night at the Opera,Comedy,Sam Wood,1935,96,12,8.5
3616,2023-11-27 13:30:00,A Night at the Opera,Comedy,Sam Wood,1935,96,12,6.5
3617,2023-11-27 10:30:00,Lost Highway,Mystery,David Lynch,1997,134,12,6.5
3618,2023-11-26 15:00:00,Dances with Wolves,Adventure,Kevin Costner,1990,181,0,7.0
3619,2023-11-26 12:30:00,Hedwig and the Angry Inch,Comedy,John Cameron Mitchell,2001,95,16,8.5
3620,2023-11-26 10:00:00,Aladdin,Animation,Ron Clements,1992,90,0,8.0
3621,2023-11-25 17:30:00,Rope,Crime,Alfred Hitchcock,1948,80,12,6.5
3622,2023-11-25 15:00:00,Monty Python and the Holy Grail,Adventure,Terry Gilliam,1975,91,6,6.5
3623,2023-11-25 12:30:00,Aladdin,Animation,Ron Clements,1992,90,0,6.5
3624,2023-11-25 10:00:00,Requiem for a Dream,Drama,Darren Aronofsky,2000,102,12,6.5
3625,2023-11-24 12:30:00,Amadeus,Biography,Milos Forman,1984,160,16,8.5
3626,2023-11-24 10:00:00,The African Queen,Adventure,John Huston,1951,105,6,8.0
3627,2023-11-23 17:00:00,Naked,Comedy,Mike Leigh,1993,132,12,8.5
3628,2023-11-23 14:30:00,The African Queen,Adventure,John Huston,1951,105,6,8.0
3629,2023-11-23 10:00:00,Shichinin no samurai,Action,Akira Kurosawa,1954,207,0,7.0
3630,2023-11-22 12:00:00,Aladdin,Animation,Ron Clements,1992,90,0,7.0
3631,2023-11-22 10:00:00,Brief Encounter,Drama,David Lean,1945,86,0,6.5
3632,2023-11-21 13:00:00,The Hurricane,Biography,Norman Jewison,1999,146,16,8.5
3633,2023-11-21 10:00:00,Rebecca,Drama,Alfred Hitchcock,1940,130,12,7.0
3634,2023-11-20 10:30:00,Do lok tin si,Comedy,Kar-Wai Wong,1995,99,12,6.5
3635,2023-11-19 16:30:00,The Dirty Dozen,Action,Robert Aldrich,1967,150,12,6.5
3636,2023-11-19 14:00:00,Hedwig and the Angry Inch,Comedy,John Cameron Mitchell,2001,95,16,8.5
3637,2023-11-19 10:30:00,The Dirty Dozen,Action,Robert Aldrich,1967,150,12,7.0
3638,2023-11-18 17:00:00,Withnail & I,Comedy,Bruce Robinson,1987,107,16,8.5
3639,2023-11-18 12:30:00,Shichinin no samurai,Action,Akira Kurosawa,1954,207,0,6.5
3640,2023-11-18 10:00:00,Kumonosu-jô,Drama,Akira Kurosawa,1957,110,12,8.0
3641,2023-11-17 13:00:00,Fear and Loathing in Las Vegas,Adventure,Terry Gilliam,1998,118,16,7.5
3642,2023-11-17 10:30:00,Requiem for a Dream,Drama,Darren Aronofsky,2000,102,12,8.5
3643,2023-11-16 10:30:00,In the Name of the Father,Biography,Jim Sheridan,1993,133,12,7.5
3644,2023-11-15 12:30:00,Frankenstein,Drama,James Whale,1931,70,12,8.0
3645,2023-11-15 10:00:00,Aladdin,Animation,Ron Clements,1992,90,0,7.0
3646,2023-11-14 13:00:00,Withnail & I,Comedy,Bruce Robinson,1987,107,16,6.5
3647,2023-11-14 10:30:00,Persona,Drama,Ingmar Bergman,1966,85,12,6.5
3648,2023-11-13 16:00:00,The African Queen,Adventure,John Huston,1951,105,6,7.5
3649,2023-11-13 13:30:00,Withnail & I,Comedy,Bruce Robinson,1987,107,16,6.5
3650,2023-11-13 10:30:00,Planet of the Apes,Adventure,Franklin J. Schaffner,1968,112,0,8.0
3651,2023-11-12 15:30:00,Shichinin no samurai,Action,Akira Kurosawa,1954,207,0,7.5
3652,2023-11-12 13:00:00,Do lok tin si,Comedy,Kar-Wai Wong,1995,99,12,7.0
3653,2023-11-12 10:00:00,Die Hard: With a Vengeance,Action,John McTiernan,1995,128,12,8.0
3654,2023-11-11 19:00:00,Gattaca,Drama,Andrew Niccol,1997,106,12,10.0
3655,2023-11-11 16:00:00,Naked,Comedy,Mike Leigh,1993,132,12,7.5
3656,2023-11-11 13:30:00,Per un pugno di dollari,Action,Sergio Leone,1964,99,12,7.0
3657,2023-11-11 10:30:00,Good Bye Lenin!,Comedy,Wolfgang Becker,2003,121,16,8.0
3658,2023-11-10 15:30:00,In the Name of the Father,Biography,Jim Sheridan,1993,133,12,8.0
3659,2023-11-10 13:00:00,Kumonosu-jô,Drama,Akira Kurosawa,1957,110,12,7.5
3660,2023-11-10 10:00:00,Good Bye Lenin!,Comedy,Wolfgang Becker,2003,121,16,7.0
3661,2023-11-09 10:00:00,My Left Foot: The Story of Christy Brown,Biography,Jim Sheridan,1989,103,0,7.5
3662,2023-11-08 10:30:00,Duck Soup,Comedy,Leo McCarey,1933,69,12,6.5
3663,2023-11-07 15:00:00,Lost in Translation,Comedy,Sofia Coppola,2003,102,12,8.5
3664,2023-11-07 12:30:00,My Left Foot: The Story of Christy Brown,Biography,Jim Sheridan,1989,103,0,7.5
3665,2023-11-07 10:00:00,Days of Heaven,Drama,Terrence Malick,1978,94,6,8.0
3666,2023-11-06 15:00:00,Good Bye Lenin!,Comedy,Wolfgang Becker,2003,121,16,7.0
3667,2023-11-06 10:30:00,Shichinin no samurai,Action,Akira Kurosawa,1954,207,0,8.5
3668,2023-11-05 19:00:00,Dead Man,Adventure,Jim Jarmusch,1995,121,16,9.5
3669,2023-11-05 16:00:00,E.T. the Extra-Terrestrial,Family,Steven Spielberg,1982,115,0,7.0
3670,2023-11-05 13:30:00,Modern Times,Comedy,Charles Chaplin,1936,87,0,7.0
3671,2023-11-05 10:30:00,Naked,Comedy,Mike Leigh,1993,132,12,8.5
3672,2023-11-04 17:00:00,Kumonosu-jô,Drama,Akira Kurosawa,1957,110,12,6.5
3673,2023-11-04 14:30:00,Mad Max 2,Action,George Miller,1981,96,12,8.0
3674,2023-11-04 12:30:00,Evil Dead II,Action,Sam Raimi,1987,84,12,7.0
3675,2023-11-04 10:00:00,Boyz n the Hood,Crime,John Singleton,1991,112,12,6.5
3676,2023-11-03 15:00:00,The Best Years of Our Lives,Drama,William Wyler,1946,170,12,8.0
3677,2023-11-03 12:30:00,Fear and Loathing in Las Vegas,Adventure,Terry Gilliam,1998,118,16,8.5
3678,2023-11-03 10:00:00,The Sandlot,Comedy,David Mickey Evans,1993,101,0,6.5
3679,2023-11-02 15:00:00,Die Hard: With a Vengeance,Action,John McTiernan,1995,128,12,8.0
3680,2023-11-02 12:30:00,Mad Max 2,Action,George Miller,1981,96,12,7.5
3681,2023-11-02 10:00:00,Days of Heaven,Drama,Terrence Malick,1978,94,6,7.0
3682,2023-11-01 10:00:00,Shichinin no samurai,Action,Akira Kurosawa,1954,207,0,8.5
3683,2023-10-31 10:30:00,Days of Heaven,Drama,Terrence Malick,1978,94,6,7.0
3684,2023-10-30 15:30:00,Shichinin no samurai,Action,Akira Kurosawa,1954,207,0,7.0
3685,2023-10-30 13:00:00,Per un pugno di dollari,Action,Sergio Leone,1964,99,12,8.0
3686,2023-10-30 10:00:00,Der Himmel über Berlin,Drama,Wim Wenders,1987,128,0,8.0
3687,2023-10-29 18:00:00,Duck Soup,Comedy,Leo McCarey,1933,69,12,9.5
3688,2023-10-29 15:30:00,Hana-bi,Crime,Takeshi Kitano,1997,103,12,7.0
3689,2023-10-29 13:00:00,Gattaca,Drama,Andrew Niccol,1997,106,12,7.0
3690,2023-10-29 10:30:00,Evil Dead II,Action,Sam Raimi,1987,84,12,8.0
3691,2023-10-28 15:30:00,The Best Years of Our Lives,Drama,William Wyler,1946,170,12,8.5
3692,2023-10-28 12:30:00,Boyz n the Hood,Crime,John Singleton,1991,112,12,6.5
3693,2023-10-28 10:00:00,Monty Python and the Holy Grail,Adventure,Terry Gilliam,1975,91,6,8.5
3694,2023-10-27 12:30:00,Monty Python and the Holy Grail,Adventure,Terry Gilliam,1975,91,6,7.5
3695,2023-10-27 10:00:00,Gattaca,Drama,Andrew Niccol,1997,106,12,8.0
3696,2023-10-26 14:30:00,Boyz n the Hood,Crime,John Singleton,1991,112,12,8.0
3697,2023-10-26 10:00:00,Shichinin no samurai,Action,Akira Kurosawa,1954,207,0,8.5
3698,2023-10-25 13:00:00,Kagemusha,Drama,Akira Kurosawa,1980,180,0,8.0
3699,2023-10-25 10:30:00,Gattaca,Drama,Andrew Niccol,1997,106,12,8.5
3700,2023-10-24 13:00:00,Bringing Up Baby,Comedy,Howard Hawks,1938,102,12,8.0
3701,2023-10-24 10:30:00,Mad Max 2,Action,George Miller,1981,96,12,7.5
3702,2023-10-23 10:00:00,Duck Soup,Comedy,Leo McCarey,1933,69,12,8.0
3703,2023-10-22 15:30:00,Boyz n the Hood,Crime,John Singleton,1991,112,12,8.5
3704,2023-10-22 13:00:00,Gattaca,Drama,Andrew Niccol,1997,106,12,7.0
3705,2023-10-22 10:00:00,Full Metal Jacket,Drama,Stanley Kubrick,1987,116,12,7.5
3706,2023-10-21 14:00:00,Bringing Up Baby,Comedy,Howard Hawks,1938,102,12,6.5
3707,2023-10-21 12:00:00,Frankenstein,Drama,James Whale,1931,70,12,6.5
3708,2023-10-21 10:00:00,Frankenstein,Drama,James Whale,1931,70,12,8.5
3709,2023-10-20 12:30:00,Lost Highway,Mystery,David Lynch,1997,134,12,8.5
3710,2023-10-20 10:30:00,Duck Soup,Comedy,Leo McCarey,1933,69,12,7.5
3711,2023-10-19 13:00:00,Das Cabinet des Dr. Caligari,Fantasy,Robert Wiene,1920,76,12,8.5
3712,2023-10-19 10:00:00,Planet of the Apes,Adventure,Franklin J. Schaffner,1968,112,0,7.5
3713,2023-10-18 15:30:00,The Best Years of Our Lives,Drama,William Wyler,1946,170,12,7.0
3714,2023-10-18 13:00:00,Mad Max 2,Action,George Miller,1981,96,12,8.5
3715,2023-10-18 10:30:00,The Ladykillers,Comedy,Alexander Mackendrick,1955,91,12,8.5
3716,2023-10-17 10:00:00,Le samouraï,Crime,Jean-Pierre Melville,1967,105,12,8.5
3717,2023-10-16 12:30:00,Hable con ella,Drama,Pedro Almodóvar,2002,112,16,6.5
3718,2023-10-16 10:00:00,The Sandlot,Comedy,David Mickey Evans,1993,101,0,7.5
3719,2023-10-15 15:30:00,Willy Wonka & the Chocolate Factory,Family,Mel Stuart,1971,100,0,7.0
3720,2023-10-15 12:30:00,Das Boot,Adventure,Wolfgang Petersen,1981,149,16,8.5
3721,2023-10-15 10:00:00,Enter the Dragon,Action,Robert Clouse,1973,102,12,8.0
3722,2023-10-14 15:00:00,Duck Soup,Comedy,Leo McCarey,1933,69,12,7.0
3723,2023-10-14 12:30:00,Planet of the Apes,Adventure,Franklin J. Schaffner,1968,112,0,8.5
3724,2023-10-14 10:30:00,Duck Soup,Comedy,Leo McCarey,1933,69,12,8.5
3725,2023-10-13 15:00:00,"South Park: Bigger, Longer & Uncut",Animation,Trey Parker,1999,81,12,8.0
3726,2023-10-13 12:30:00,Donnie Darko,Drama,Richard Kelly,2001,113,16,6.5
3727,2023-10-13 10:00:00,Boyz n the Hood,Crime,John Singleton,1991,112,12,7.5
3728,2023-10-12 12:30:00,Les quatre cents coups,Crime,François Truffaut,1959,99,12,6.5
3729,2023-10-12 10:00:00,Hana-bi,Crime,Takeshi Kitano,1997,103,12,7.5
3730,2023-10-11 16:30:00,Monty Python and the Holy Grail,Adventure,Terry Gilliam,1975,91,6,6.5
3731,2023-10-11 13:00:00,Forrest Gump,Drama,Robert Zemeckis,1994,142,12,6.5
3732,2023-10-11 10:00:00,Eskiya,Crime,Yavuz Turgul,1996,128,12,8.0
3733,2023-10-10 16:00:00,Todo sobre mi madre,Drama,Pedro Almodóvar,1999,101,16,6.5
3734,2023-10-10 13:30:00,Requiem for a Dream,Drama,Darren Aronofsky,2000,102,12,6.5
3735,2023-10-10 10:30:00,E.T. the Extra-Terrestrial,Family,Steven Spielberg,1982,115,0,6.5
3736,2023-10-09 13:00:00,Monty Python and the Holy Grail,Adventure,Terry Gilliam,1975,91,6,7.0
3737,2023-10-09 10:00:00,Dead Man,Adventure,Jim Jarmusch,1995,121,16,7.5
3738,2023-10-08 16:00:00,Monty Python and the Holy Grail,Adventure,Terry Gilliam,1975,91,6,6.5
3739,2023-10-08 13:00:00,Dawn of the Dead,Action,George A. Romero,1978,127,12,7.0
3740,2023-10-08 10:30:00,Do lok tin si,Comedy,Kar-Wai Wong,1995,99,12,8.5
3741,2023-10-07 18:30:00,Kagemusha,Drama,Akira Kurosawa,1980,180,0,10.0
3742,2023-10-07 16:00:00,Days of Heaven,Drama,Terrence Malick,1978,94,6,7.5
3743,2023-10-07 13:00:00,Good Bye Lenin!,Comedy,Wolfgang Becker,2003,121,16,6.5
3744,2023-10-07 10:30:00,Les quatre cents coups,Crime,François Truffaut,1959,99,12,8.5
3745,2023-10-06 13:30:00,Das Cabinet des Dr. Caligari,Fantasy,Robert Wiene,1920,76,12,7.5
3746,2023-10-06 10:30:00,Midnight Express,Biography,Alan Parker,1978,121,12,8.0
3747,2023-10-05 13:30:00,Out of the Past,Crime,Jacques Tourneur,1947,97,12,6.5
3748,2023-10-05 10:30:00,The Count of Monte Cristo,Action,Kevin Reynolds,2002,131,12,7.5
3749,2023-10-04 10:30:00,Duck Soup,Comedy,Leo McCarey,1933,69,12,7.5
3750,2023-10-03 13:00:00,"South Park: Bigger, Longer & Uncut",Animation,Trey Parker,1999,81,12,8.5
3751,2023-10-03 10:30:00,Todo sobre mi madre,Drama,Pedro Almodóvar,1999,101,16,7.0
3752,2023-10-02 10:30:00,Duck Soup,Comedy,Leo McCarey,1933,69,12,6.5
3753,2023-10-01 14:30:00,"Crna macka, beli macor",Comedy,Emir Kusturica,1998,127,16,8.5
3754,2023-10-01 12:30:00,Das Cabinet des Dr. Caligari,Fantasy,Robert Wiene,1920,76,12,7.5
3755,2023-10-01 10:00:00,Do lok tin si,Comedy,Kar-Wai Wong,1995,99,12,8.0
3756,2023-09-30 17:30:00,Das Cabinet des Dr. Caligari,Fantasy,Robert Wiene,1920,76,12,8.5
3757,2023-09-30 15:00:00,Out of the Past,Crime,Jacques Tourneur,1947,97,12,6.5
3758,2023-09-30 12:30:00,Out of the Past,Crime,Jacques Tourneur,1947,97,12,7.0
3759,2023-09-30 10:00:00,Yôjinbô,Action,Akira Kurosawa,1961,110,12,8.5
3760,2023-09-29 15:30:00,Das Boot,Adventure,Wolfgang Petersen,1981,149,16,8.5
3761,2023-09-29 13:00:00,Mad Max 2,Action,George Miller,1981,96,12,8.5
3762,2023-09-29 10:30:00,Modern Times,Comedy,Charles Chaplin,1936,87,0,7.0
3763,2023-09-28 16:30:00,Les quatre cents coups,Crime,François Truffaut,1959,99,12,6.5
3764,2023-09-28 12:30:00,Kagemusha,Drama,Akira Kurosawa,1980,180,0,7.5
3765,2023-09-28 10:30:00,Das Cabinet des Dr. Caligari,Fantasy,Robert Wiene,1920,76,12,8.0
3766,2023-09-27 10:30:00,Bonnie and Clyde,Action,Arthur Penn,1967,111,12,8.0
3767,2023-09-26 12:30:00,Modern Times,Comedy,Charles Chaplin,1936,87,0,7.5
3768,2023-09-26 10:00:00,Le samouraï,Crime,Jean-Pierre Melville,1967,105,12,7.0
3769,2023-09-25 13:30:00,Out of the Past,Crime,Jacques Tourneur,1947,97,12,6.5
3770,2023-09-25 10:30:00,La vita è bella,Comedy,Roberto Benigni,1997,116,0,8.5
3771,2023-09-24 18:00:00,Eskiya,Crime,Yavuz Turgul,1996,128,12,8.5
3772,2023-09-24 15:00:00,Dead Man,Adventure,Jim Jarmusch,1995,121,16,6.5
3773,2023-09-24 12:30:00,Yôjinbô,Action,Akira Kurosawa,1961,110,12,7.0
3774,2023-09-24 10:00:00,Bringing Up Baby,Comedy,Howard Hawks,1938,102,12,6.5
3775,2023-09-23 14:30:00,Giù la testa,Drama,Sergio Leone,1971,157,6,8.5
3776,2023-09-23 12:30:00,"South Park: Bigger, Longer & Uncut",Animation,Trey Parker,1999,81,12,8.0
3777,2023-09-23 10:00:00,Yôjinbô,Action,Akira Kurosawa,1961,110,12,8.5
3778,2023-09-22 16:00:00,Miracle on 34th Street,Comedy,George Seaton,1947,96,12,6.5
3779,2023-09-22 13:00:00,Dead Man,Adventure,Jim Jarmusch,1995,121,16,8.0
3780,2023-09-22 10:30:00,Being John Malkovich,Comedy,Spike Jonze,1999,113,16,7.5
3781,2023-09-21 10:00:00,Love and Death,Comedy,Woody Allen,1975,85,6,6.5
3782,2023-09-20 16:00:00,Miracle on 34th Street,Comedy,George Seaton,1947,96,12,8.0
3783,2023-09-20 13:00:00,To Kill a Mockingbird,Crime,Robert Mulligan,1962,129,0,7.5
3784,2023-09-20 10:30:00,The Sandlot,Comedy,David Mickey Evans,1993,101,0,8.5
3785,2023-09-19 15:30:00,Donnie Darko,Drama,Richard Kelly,2001,113,16,8.0
3786,2023-09-19 12:30:00,To Kill a Mockingbird,Crime,Robert Mulligan,1962,129,0,7.0
3787,2023-09-19 10:00:00,Enter the Dragon,Action,Robert Clouse,1973,102,12,7.5
3788,2023-09-18 10:30:00,Todo sobre mi madre,Drama,Pedro Almodóvar,1999,101,16,6.5
3789,2023-09-17 15:30:00,"Crna macka, beli macor",Comedy,Emir Kusturica,1998,127,16,8.5
3790,2023-09-17 12:30:00,Donnie Darko,Drama,Richard Kelly,2001,113,16,7.5
3791,2023-09-17 10:00:00,Mad Max 2,Action,George Miller,1981,96,12,7.0
3792,2023-09-16 20:00:00,Yôjinbô,Action,Akira Kurosawa,1961,110,12,9.0
3793,2023-09-16 17:30:00,Miracle on 34th Street,Comedy,George Seaton,1947,96,12,7.5
3794,2023-09-16 14:00:00,Das Boot,Adventure,Wolfgang Petersen,1981,149,16,8.5
3795,2023-09-16 10:30:00,Das Boot,Adventure,Wolfgang Petersen,1981,149,16,6.5
3796,2023-09-15 10:30:00,The Ladykillers,Comedy,Alexander Mackendrick,1955,91,12,8.0
3797,2023-09-14 10:30:00,Das Boot,Adventure,Wolfgang Petersen,1981,149,16,7.5
3798,2023-09-13 15:30:00,Love and Death,Comedy,Woody Allen,1975,85,6,7.5
3799,2023-09-13 13:00:00,Le samouraï,Crime,Jean-Pierre Melville,1967,105,12,7.0
3800,2023-09-13 10:30:00,The Sandlot,Comedy,David Mickey Evans,1993,101,0,6.5
3801,2023-09-12 13:00:00,Yôjinbô,Action,Akira Kurosawa,1961,110,12,6.5
3802,2023-09-12 10:00:00,The Elephant Man,Biography,David Lynch,1980,124,12,6.5
3803,2023-09-11 17:30:00,Midnight Express,Biography,Alan Parker,1978,121,12,6.5
3804,2023-09-11 13:00:00,Ben-Hur,Adventure,William Wyler,1959,212,0,8.5
3805,2023-09-11 10:30:00,Ladri di biciclette,Drama,Vittorio De Sica,1948,89,12,6.5
3806,2023-09-10 15:30:00,Yôjinbô,Action,Akira Kurosawa,1961,110,12,7.0
3807,2023-09-10 13:00:00,Miracle on 34th Street,Comedy,George Seaton,1947,96,12,7.0
3808,2023-09-10 10:30:00,Ladri di biciclette,Drama,Vittorio De Sica,1948,89,12,8.0
3809,2023-09-09 19:30:00,Dr. Strangelove or: How I Learned to Stop Worrying and Love the Bomb,Comedy,Stanley Kubrick,1964,95,12,10.0
3810,2023-09-09 15:00:00,Ben-Hur,Adventure,William Wyler,1959,212,0,8.0
3811,2023-09-09 12:30:00,Ladri di biciclette,Drama,Vittorio De Sica,1948,89,12,7.5
3812,2023-09-09 10:00:00,Bringing Up Baby,Comedy,Howard Hawks,1938,102,12,6.5
3813,2023-09-08 10:00:00,The Elephant Man,Biography,David Lynch,1980,124,12,8.0
3814,2023-09-07 16:00:00,The Ladykillers,Comedy,Alexander Mackendrick,1955,91,12,6.5
3815,2023-09-07 13:00:00,The Count of Monte Cristo,Action,Kevin Reynolds,2002,131,12,8.0
3816,2023-09-07 10:30:00,Dr. Strangelove or: How I Learned to Stop Worrying and Love the Bomb,Comedy,Stanley Kubrick,1964,95,12,6.5
3817,2023-09-06 13:00:00,La vita è bella,Comedy,Roberto Benigni,1997,116,0,8.5
3818,2023-09-06 10:30:00,Dr. Strangelove or: How I Learned to Stop Worrying and Love the Bomb,Comedy,Stanley Kubrick,1964,95,12,7.5
3819,2023-09-05 10:30:00,Kagemusha,Drama,Akira Kurosawa,1980,180,0,7.0
3820,2023-09-04 10:00:00,Kagemusha,Drama,Akira Kurosawa,1980,180,0,8.0
3821,2023-09-03 20:30:00,The Goonies,Adventure,Richard Donner,1985,114,0,9.5
3822,2023-09-03 16:30:00,Kagemusha,Drama,Akira Kurosawa,1980,180,0,6.5
3823,2023-09-03 13:30:00,The Elephant Man,Biography,David Lynch,1980,124,12,7.5
3824,2023-09-03 10:00:00,Das Boot,Adventure,Wolfgang Petersen,1981,149,16,7.5
3825,2023-09-02 18:30:00,Miracle on 34th Street,Comedy,George Seaton,1947,96,12,8.5
3826,2023-09-02 15:30:00,The Count of Monte Cristo,Action,Kevin Reynolds,2002,131,12,7.0
3827,2023-09-02 12:30:00,The Elephant Man,Biography,David Lynch,1980,124,12,8.5
3828,2023-09-02 10:00:00,Miracle on 34th Street,Comedy,George Seaton,1947,96,12,8.0
3829,2023-09-01 10:30:00,Donnie Darko,Drama,Richard Kelly,2001,113,16,8.0
3830,2023-08-31 15:00:00,Solaris,Drama,Andrei Tarkovsky,1972,167,6,7.0
3831,2023-08-31 12:30:00,Willy Wonka & the Chocolate Factory,Family,Mel Stuart,1971,100,0,6.5
3832,2023-08-31 10:00:00,Dial M for Murder,Crime,Alfred Hitchcock,1954,105,12,6.5
3833,2023-08-30 10:30:00,Dial M for Murder,Crime,Alfred Hitchcock,1954,105,12,8.0
3834,2023-08-29 10:30:00,Dial M for Murder,Crime,Alfred Hitchcock,1954,105,12,6.5
3835,2023-08-28 13:00:00,Sling Blade,Drama,Billy Bob Thornton,1996,135,16,8.0
3836,2023-08-28 10:30:00,Down by Law,Comedy,Jim Jarmusch,1986,107,16,8.5
3837,2023-08-27 20:00:00,Memento,Mystery,Christopher Nolan,2000,113,12,9.5
3838,2023-08-27 16:00:00,Solaris,Drama,Andrei Tarkovsky,1972,167,6,8.5
3839,2023-08-27 13:00:00,Miller's Crossing,Crime,Joel Coen,1990,115,16,7.0
3840,2023-08-27 10:30:00,Dial M for Murder,Crime,Alfred Hitchcock,1954,105,12,6.5
3841,2023-08-26 16:30:00,Finding Nemo,Animation,Andrew Stanton,2003,100,0,6.5
3842,2023-08-26 13:00:00,Das Boot,Adventure,Wolfgang Petersen,1981,149,16,6.5
3843,2023-08-26 10:00:00,"Paris, Texas",Drama,Wim Wenders,1984,145,0,7.0
3844,2023-08-25 12:30:00,"Paris, Texas",Drama,Wim Wenders,1984,145,0,8.5
3845,2023-08-25 10:00:00,Miracle on 34th Street,Comedy,George Seaton,1947,96,12,7.0
3846,2023-08-24 10:00:00,Down by Law,Comedy,Jim Jarmusch,1986,107,16,8.5
3847,2023-08-23 13:00:00,Papillon,Biography,Franklin J. Schaffner,1973,151,16,7.5
3848,2023-08-23 10:00:00,Donnie Darko,Drama,Richard Kelly,2001,113,16,6.5
3849,2023-08-22 10:30:00,Stand by Me,Adventure,Rob Reiner,1986,89,0,8.5
3850,2023-08-21 10:30:00,Papillon,Biography,Franklin J. Schaffner,1973,151,16,6.5
3851,2023-08-20 20:00:00,The Elephant Man,Biography,David Lynch,1980,124,12,10.0
3852,2023-08-20 17:00:00,The Goonies,Adventure,Richard Donner,1985,114,0,8.0
3853,2023-08-20 14:00:00,Memento,Mystery,Christopher Nolan,2000,113,12,8.0
3854,2023-08-20 10:30:00,Das Boot,Adventure,Wolfgang Petersen,1981,149,16,8.5
3855,2023-08-19 19:00:00,Ikiru,Drama,Akira Kurosawa,1952,143,12,9.5
3856,2023-08-19 16:00:00,The Count of Monte Cristo,Action,Kevin Reynolds,2002,131,12,7.0
3857,2023-08-19 13:00:00,"Paris, Texas",Drama,Wim Wenders,1984,145,0,6.5
3858,2023-08-19 10:30:00,Ladri di biciclette,Drama,Vittorio De Sica,1948,89,12,6.5
3859,2023-08-18 14:00:00,Barry Lyndon,Adventure,Stanley Kubrick,1975,185,6,7.0
3860,2023-08-18 10:00:00,Short Cuts,Comedy,Robert Altman,1993,188,16,7.0
3861,2023-08-17 15:30:00,The Goonies,Adventure,Richard Donner,1985,114,0,8.0
3862,2023-08-17 12:30:00,Inherit the Wind,Biography,Stanley Kramer,1960,128,12,8.5
3863,2023-08-17 10:00:00,Out of the Past,Crime,Jacques Tourneur,1947,97,12,6.5
3864,2023-08-16 10:30:00,Finding Nemo,Animation,Andrew Stanton,2003,100,0,8.5
3865,2023-08-15 10:30:00,The Count of Monte Cristo,Action,Kevin Reynolds,2002,131,12,8.0
3866,2023-08-14 12:30:00,The Goonies,Adventure,Richard Donner,1985,114,0,8.0
3867,2023-08-14 10:00:00,Stand by Me,Adventure,Rob Reiner,1986,89,0,6.5
3868,2023-08-13 17:30:00,La règle du jeu,Comedy,Jean Renoir,1939,110,12,7.5
3869,2023-08-13 13:30:00,Barry Lyndon,Adventure,Stanley Kubrick,1975,185,6,6.5
3870,2023-08-13 10:00:00,Solaris,Drama,Andrei Tarkovsky,1972,167,6,7.5
3871,2023-08-12 18:30:00,Barry Lyndon,Adventure,Stanley Kubrick,1975,185,6,9.5
3872,2023-08-12 15:30:00,Memento,Mystery,Christopher Nolan,2000,113,12,8.5
3873,2023-08-12 13:00:00,Smultronstället,Drama,Ingmar Bergman,1957,91,0,8.0
3874,2023-08-12 10:30:00,Dial M for Murder,Crime,Alfred Hitchcock,1954,105,12,7.5
3875,2023-08-11 13:00:00,Stand by Me,Adventure,Rob Reiner,1986,89,0,8.5
3876,2023-08-11 10:30:00,Mulan,Animation,Tony Bancroft,1998,88,0,6.5
3877,2023-08-10 13:00:00,Down by Law,Comedy,Jim Jarmusch,1986,107,16,7.0
3878,2023-08-10 10:00:00,Memento,Mystery,Christopher Nolan,2000,113,12,7.0
3879,2023-08-09 13:00:00,Finding Nemo,Animation,Andrew Stanton,2003,100,0,7.5
3880,2023-08-09 10:30:00,Sanjuro,Action,Akira Kurosawa,1962,96,0,8.0
3881,2023-08-08 10:00:00,Dial M for Murder,Crime,Alfred Hitchcock,1954,105,12,8.0
3882,2023-08-07 10:30:00,Salinui chueok,Crime,Bong Joon Ho,2003,131,12,7.0
3883,2023-08-06 16:30:00,Stand by Me,Adventure,Rob Reiner,1986,89,0,8.5
3884,2023-08-06 14:00:00,Léon,Action,Luc Besson,1994,110,12,8.5
3885,2023-08-06 10:00:00,Barry Lyndon,Adventure,Stanley Kubrick,1975,185,6,8.5
3886,2023-08-05 16:00:00,Barry Lyndon,Adventure,Stanley Kubrick,1975,185,6,6.5
3887,2023-08-05 13:00:00,Ikiru,Drama,Akira Kurosawa,1952,143,12,6.5
3888,2023-08-05 10:00:00,The Elephant Man,Biography,David Lynch,1980,124,12,8.5
3889,2023-08-04 16:00:00,Ikiru,Drama,Akira Kurosawa,1952,143,12,6.5
3890,2023-08-04 13:00:00,The Treasure of the Sierra Madre,Adventure,John Huston,1948,126,12,6.5
3891,2023-08-04 10:30:00,12 Angry Men,Crime,Sidney Lumet,1957,96,0,6.5
3892,2023-08-03 12:30:00,The Treasure of the Sierra Madre,Adventure,John Huston,1948,126,12,8.0
3893,2023-08-03 10:00:00,Ladri di biciclette,Drama,Vittorio De Sica,1948,89,12,8.5
3894,2023-08-02 10:30:00,The Taking of Pelham One Two Three,Action,Joseph Sargent,1974,104,0,7.0
3895,2023-08-01 10:30:00,La règle du jeu,Comedy,Jean Renoir,1939,110,12,7.0
3896,2023-07-31 15:30:00,Ikiru,Drama,Akira Kurosawa,1952,143,12,7.5
3897,2023-07-31 13:00:00,12 Angry Men,Crime,Sidney Lumet,1957,96,0,8.0
3898,2023-07-31 10:00:00,The Day of the Jackal,Crime,Fred Zinnemann,1973,143,12,7.5
3899,2023-07-30 16:00:00,Ikiru,Drama,Akira Kurosawa,1952,143,12,6.5
3900,2023-07-30 13:30:00,The Goonies,Adventure,Richard Donner,1985,114,0,7.5
3901,2023-07-30 10:30:00,The Treasure of the Sierra Madre,Adventure,John Huston,1948,126,12,6.5
3902,2023-07-29 16:00:00,Sanjuro,Action,Akira Kurosawa,1962,96,0,7.0
3903,2023-07-29 13:00:00,The Man Who Would Be King,Adventure,John Huston,1975,129,6,8.5
3904,2023-07-29 10:30:00,Out of the Past,Crime,Jacques Tourneur,1947,97,12,6.5
3905,2023-07-28 10:00:00,Stagecoach,Adventure,John Ford,1939,96,12,7.5
3906,2023-07-27 13:00:00,Finding Nemo,Animation,Andrew Stanton,2003,100,0,6.5
3907,2023-07-27 10:30:00,First Blood,Action,Ted Kotcheff,1982,93,12,7.5
3908,2023-07-26 15:00:00,Barry Lyndon,Adventure,Stanley Kubrick,1975,185,6,8.0
3909,2023-07-26 12:30:00,The Muppet Movie,Adventure,James Frawley,1979,95,0,6.5
3910,2023-07-26 10:00:00,First Blood,Action,Ted Kotcheff,1982,93,12,7.5
3911,2023-07-25 13:00:00,12 Angry Men,Crime,Sidney Lumet,1957,96,0,8.0
3912,2023-07-25 10:30:00,Stagecoach,Adventure,John Ford,1939,96,12,8.5
3913,2023-07-24 14:30:00,Ikiru,Drama,Akira Kurosawa,1952,143,12,7.5
3914,2023-07-24 10:30:00,Barry Lyndon,Adventure,Stanley Kubrick,1975,185,6,7.0
3915,2023-07-23 17:00:00,Le charme discret de la bourgeoisie,Comedy,Luis Buñuel,1972,102,6,8.5
3916,2023-07-23 14:00:00,The Treasure of the Sierra Madre,Adventure,John Huston,1948,126,12,6.5
3917,2023-07-23 10:00:00,Barry Lyndon,Adventure,Stanley Kubrick,1975,185,6,7.5
3918,2023-07-22 21:30:00,Ikiru,Drama,Akira Kurosawa,1952,143,12,8.5
3919,2023-07-22 19:00:00,Le charme discret de la bourgeoisie,Comedy,Luis Buñuel,1972,102,6,9.5
3920,2023-07-22 14:30:00,Sholay,Action,Ramesh Sippy,1975,204,0,7.0
3921,2023-07-22 10:30:00,Sholay,Action,Ramesh Sippy,1975,204,0,7.0
3922,2023-07-21 10:00:00,Fargo,Crime,Joel Coen,1996,98,12,7.5
3923,2023-07-20 13:00:00,Ran,Action,Akira Kurosawa,1985,162,0,8.5
3924,2023-07-20 10:00:00,Full Metal Jacket,Drama,Stanley Kubrick,1987,116,12,7.0
3925,2023-07-19 16:30:00,Ikiru,Drama,Akira Kurosawa,1952,143,12,8.5
3926,2023-07-19 14:00:00,The Graduate,Comedy,Mike Nichols,1967,106,12,7.0
3927,2023-07-19 10:00:00,Fanny och Alexander,Drama,Ingmar Bergman,1982,188,12,7.5
3928,2023-07-18 13:00:00,Mulan,Animation,Tony Bancroft,1998,88,0,7.0
3929,2023-07-18 10:00:00,Ikiru,Drama,Akira Kurosawa,1952,143,12,8.5
3930,2023-07-17 16:00:00,Stand by Me,Adventure,Rob Reiner,1986,89,0,8.0
3931,2023-07-17 13:00:00,The Man Who Would Be King,Adventure,John Huston,1975,129,6,7.0
3932,2023-07-17 10:30:00,Finding Nemo,Animation,Andrew Stanton,2003,100,0,8.5
3933,2023-07-16 19:00:00,Barry Lyndon,Adventure,Stanley Kubrick,1975,185,6,8.5
3934,2023-07-16 16:30:00,The Taking of Pelham One Two Three,Action,Joseph Sargent,1974,104,0,7.0
3935,2023-07-16 13:30:00,The Day of the Jackal,Crime,Fred Zinnemann,1973,143,12,7.0
3936,2023-07-16 10:30:00,Full Metal Jacket,Drama,Stanley Kubrick,1987,116,12,7.5
3937,2023-07-15 19:00:00,The Day of the Jackal,Crime,Fred Zinnemann,1973,143,12,9.5
3938,2023-07-15 16:30:00,The Thing,Horror,John Carpenter,1982,109,12,8.0
3939,2023-07-15 14:00:00,La règle du jeu,Comedy,Jean Renoir,1939,110,12,7.5
3940,2023-07-15 10:00:00,The Thin Red Line,Drama,Terrence Malick,1998,170,12,8.5
3941,2023-07-14 10:30:00,Sanjuro,Action,Akira Kurosawa,1962,96,0,8.5
3942,2023-07-13 13:30:00,Mulan,Animation,Tony Bancroft,1998,88,0,7.0
3943,2023-07-13 10:30:00,The Untouchables,Crime,Brian De Palma,1987,119,12,7.5
3944,2023-07-12 16:00:00,Fanny och Alexander,Drama,Ingmar Bergman,1982,188,12,7.5
3945,2023-07-12 13:30:00,Full Metal Jacket,Drama,Stanley Kubrick,1987,116,12,7.0
3946,2023-07-12 10:30:00,The Man Who Would Be King,Adventure,John Huston,1975,129,6,8.0
3947,2023-07-11 10:30:00,First Blood,Action,Ted Kotcheff,1982,93,12,8.5
3948,2023-07-10 10:30:00,The Color Purple,Drama,Steven Spielberg,1985,154,0,6.5
3949,2023-07-09 18:30:00,Sanjuro,Action,Akira Kurosawa,1962,96,0,8.5
3950,2023-07-09 15:30:00,Salinui chueok,Crime,Bong Joon Ho,2003,131,12,8.5
3951,2023-07-09 12:30:00,The Untouchables,Crime,Brian De Palma,1987,119,12,8.5
3952,2023-07-09 10:00:00,The Taking of Pelham One Two Three,Action,Joseph Sargent,1974,104,0,6.5
3953,2023-07-08 19:30:00,Rain Man,Drama,Barry Levinson,1988,133,0,9.5
3954,2023-07-08 16:30:00,Full Metal Jacket,Drama,Stanley Kubrick,1987,116,12,8.5
3955,2023-07-08 13:30:00,The Last of the Mohicans,Action,Michael Mann,1992,112,12,7.5
3956,2023-07-08 10:30:00,Rain Man,Drama,Barry Levinson,1988,133,0,8.0
3957,2023-07-07 12:30:00,October Sky,Biography,Joe Johnston,1999,108,6,8.5
3958,2023-07-07 10:00:00,Stagecoach,Adventure,John Ford,1939,96,12,6.5
3959,2023-07-06 10:30:00,The Taking of Pelham One Two Three,Action,Joseph Sargent,1974,104,0,6.5
3960,2023-07-05 10:30:00,Ran,Action,Akira Kurosawa,1985,162,0,7.5
3961,2023-07-04 13:00:00,Manhattan,Comedy,Woody Allen,1979,96,16,7.5
3962,2023-07-04 10:30:00,Sanjuro,Action,Akira Kurosawa,1962,96,0,8.0
3963,2023-07-03 10:00:00,The Warriors,Action,Walter Hill,1979,92,12,6.5
3964,2023-07-02 15:30:00,The Untouchables,Crime,Brian De Palma,1987,119,12,7.0
3965,2023-07-02 13:00:00,The Warriors,Action,Walter Hill,1979,92,12,7.5
3966,2023-07-02 10:30:00,Stagecoach,Adventure,John Ford,1939,96,12,7.0
3967,2023-07-01 17:30:00,Rebel Without a Cause,Drama,Nicholas Ray,1955,111,12,7.5
3968,2023-07-01 15:00:00,Out of the Past,Crime,Jacques Tourneur,1947,97,12,8.5
3969,2023-07-01 12:00:00,The Man Who Would Be King,Adventure,John Huston,1975,129,6,8.5
3970,2023-07-01 10:00:00,Lola rennt,Crime,Tom Tykwer,1998,81,12,8.5
3971,2023-06-30 15:30:00,The Thin Red Line,Drama,Terrence Malick,1998,170,12,7.0
3972,2023-06-30 13:00:00,Delicatessen,Comedy,Marc Caro,1991,99,16,8.0
3973,2023-06-30 10:30:00,Mulan,Animation,Tony Bancroft,1998,88,0,6.5
3974,2023-06-29 10:30:00,Rain Man,Drama,Barry Levinson,1988,133,0,7.0
3975,2023-06-28 16:00:00,The Magdalene Sisters,Drama,Peter Mullan,2002,114,16,6.5
3976,2023-06-28 12:30:00,Ran,Action,Akira Kurosawa,1985,162,0,7.5
3977,2023-06-28 10:00:00,Full Metal Jacket,Drama,Stanley Kubrick,1987,116,12,8.0
3978,2023-06-27 10:00:00,The Thing,Horror,John Carpenter,1982,109,12,8.0
3979,2023-06-26 17:00:00,Ran,Action,Akira Kurosawa,1985,162,0,8.5
3980,2023-06-26 13:30:00,Pulp Fiction,Crime,Quentin Tarantino,1994,154,12,8.5
3981,2023-06-26 10:30:00,Omohide poro poro,Animation,Isao Takahata,1991,118,0,8.5
3982,2023-06-25 17:30:00,Mary Poppins,Comedy,Robert Stevenson,1964,139,0,6.5
3983,2023-06-25 15:30:00,Beauty and the Beast,Animation,Gary Trousdale,1991,84,0,7.5
3984,2023-06-25 13:00:00,Le charme discret de la bourgeoisie,Comedy,Luis Buñuel,1972,102,6,6.5
3985,2023-06-25 10:30:00,Sanjuro,Action,Akira Kurosawa,1962,96,0,7.0
3986,2023-06-24 15:30:00,Serpico,Biography,Sidney Lumet,1973,130,12,8.0
3987,2023-06-24 13:00:00,Night of the Living Dead,Horror,George A. Romero,1968,96,12,6.5
3988,2023-06-24 10:00:00,The Magdalene Sisters,Drama,Peter Mullan,2002,114,16,6.5
3989,2023-06-23 16:30:00,Rain Man,Drama,Barry Levinson,1988,133,0,7.5
3990,2023-06-23 13:30:00,The Treasure of the Sierra Madre,Adventure,John Huston,1948,126,12,7.0
3991,2023-06-23 10:30:00,Fantasia,Animation,James Algar,1940,125,0,7.0
3992,2023-06-22 16:00:00,Mary Poppins,Comedy,Robert Stevenson,1964,139,0,8.5
3993,2023-06-22 13:00:00,Serpico,Biography,Sidney Lumet,1973,130,12,7.5
3994,2023-06-22 10:00:00,Le salaire de la peur,Adventure,Henri-Georges Clouzot,1953,131,0,8.0
3995,2023-06-21 10:30:00,The Green Mile,Crime,Frank Darabont,1999,189,12,7.5
3996,2023-06-20 10:00:00,Manhattan,Comedy,Woody Allen,1979,96,16,8.5
3997,2023-06-19 14:30:00,Fantasia,Animation,James Algar,1940,125,0,8.0
3998,2023-06-19 10:30:00,The Green Mile,Crime,Frank Darabont,1999,189,12,6.5
3999,2023-06-18 15:00:00,Ace in the Hole,Drama,Billy Wilder,1951,111,12,7.0
4000,2023-06-18 12:30:00,Sanjuro,Action,Akira Kurosawa,1962,96,0,8.5
4001,2023-06-18 10:00:00,The Terminator,Action,James Cameron,1984,107,12,7.5
4002,2023-06-17 18:30:00,Rebel Without a Cause,Drama,Nicholas Ray,1955,111,12,10.0
4003,2023-06-17 15:30:00,Le salaire de la peur,Adventure,Henri-Georges Clouzot,1953,131,0,6.5
4004,2023-06-17 13:00:00,Manhattan,Comedy,Woody Allen,1979,96,16,8.0
4005,2023-06-17 10:00:00,Lost Highway,Mystery,David Lynch,1997,134,12,8.5
4006,2023-06-16 10:30:00,As Good as It Gets,Comedy,James L. Brooks,1997,139,12,7.5
4007,2023-06-15 13:00:00,The Warriors,Action,Walter Hill,1979,92,12,7.5
4008,2023-06-15 10:30:00,Rebel Without a Cause,Drama,Nicholas Ray,1955,111,12,7.0
4009,2023-06-14 10:30:00,Le salaire de la peur,Adventure,Henri-Georges Clouzot,1953,131,0,8.0
4010,2023-06-13 10:30:00,Delicatessen,Comedy,Marc Caro,1991,99,16,7.5
4011,2023-06-12 10:00:00,Beauty and the Beast,Animation,Gary Trousdale,1991,84,0,8.5
4012,2023-06-11 15:30:00,Manhattan,Comedy,Woody Allen,1979,96,16,7.5
4013,2023-06-11 13:00:00,Manhattan,Comedy,Woody Allen,1979,96,16,6.5
4014,2023-06-11 10:00:00,The Magdalene Sisters,Drama,Peter Mullan,2002,114,16,7.0
4015,2023-06-10 18:00:00,Night of the Living Dead,Horror,George A. Romero,1968,96,12,9.0
4016,2023-06-10 15:30:00,Beauty and the Beast,Animation,Gary Trousdale,1991,84,0,8.5
4017,2023-06-10 13:00:00,Ace in the Hole,Drama,Billy Wilder,1951,111,12,8.5
4018,2023-06-10 10:00:00,The Untouchables,Crime,Brian De Palma,1987,119,12,6.5
4019,2023-06-09 16:00:00,Night of the Living Dead,Horror,George A. Romero,1968,96,12,6.5
4020,2023-06-09 13:00:00,The Terminator,Action,James Cameron,1984,107,12,8.0
4021,2023-06-09 10:30:00,Delicatessen,Comedy,Marc Caro,1991,99,16,8.5
4022,2023-06-08 13:00:00,Lola rennt,Crime,Tom Tykwer,1998,81,12,7.5
4023,2023-06-08 10:00:00,Citizen Kane,Drama,Orson Welles,1941,119,12,7.0
4024,2023-06-07 15:00:00,October Sky,Biography,Joe Johnston,1999,108,6,8.5
4025,2023-06-07 12:30:00,The Warriors,Action,Walter Hill,1979,92,12,8.0
4026,2023-06-07 10:00:00,Ace in the Hole,Drama,Billy Wilder,1951,111,12,6.5
4027,2023-06-06 12:30:00,Notorious,Drama,Alfred Hitchcock,1946,102,0,7.0
4028,2023-06-06 10:00:00,The Last of the Mohicans,Action,Michael Mann,1992,112,12,7.5
4029,2023-06-05 16:30:00,Notorious,Drama,Alfred Hitchcock,1946,102,0,8.5
4030,2023-06-05 13:30:00,The Last of the Mohicans,Action,Michael Mann,1992,112,12,7.0
4031,2023-06-05 10:30:00,The Untouchables,Crime,Brian De Palma,1987,119,12,8.5
4032,2023-06-04 18:30:00,Beauty and the Beast,Animation,Gary Trousdale,1991,84,0,9.5
4033,2023-06-04 16:00:00,Lola rennt,Crime,Tom Tykwer,1998,81,12,7.0
4034,2023-06-04 13:30:00,Night of the Living Dead,Horror,George A. Romero,1968,96,12,7.5
4035,2023-06-04 10:30:00,Lost Highway,Mystery,David Lynch,1997,134,12,8.5
4036,2023-06-03 16:00:00,Happiness,Comedy,Todd Solondz,1998,134,12,8.0
4037,2023-06-03 13:00:00,Per qualche dollaro in più,Western,Sergio Leone,1965,132,0,7.0
4038,2023-06-03 10:30:00,Fargo,Crime,Joel Coen,1996,98,12,7.0
4039,2023-06-02 13:00:00,October Sky,Biography,Joe Johnston,1999,108,6,7.0
4040,2023-06-02 10:30:00,The Terminator,Action,James Cameron,1984,107,12,7.0
4041,2023-06-01 16:00:00,Pulp Fiction,Crime,Quentin Tarantino,1994,154,12,8.5
4042,2023-06-01 13:00:00,Full Metal Jacket,Drama,Stanley Kubrick,1987,116,12,6.5
4043,2023-06-01 10:00:00,The Untouchables,Crime,Brian De Palma,1987,119,12,8.5
4044,2023-05-31 13:00:00,Citizen Kane,Drama,Orson Welles,1941,119,12,8.5
4045,2023-05-31 10:30:00,The Sandlot,Comedy,David Mickey Evans,1993,101,0,8.0
4046,2023-05-30 10:30:00,The Game,Action,David Fincher,1997,129,12,7.5
4047,2023-05-29 13:00:00,Pulp Fiction,Crime,Quentin Tarantino,1994,154,12,8.0
4048,2023-05-29 10:00:00,Fantasia,Animation,James Algar,1940,125,0,8.0
4049,2023-05-28 16:00:00,Lola rennt,Crime,Tom Tykwer,1998,81,12,8.0
4050,2023-05-28 13:30:00,Full Metal Jacket,Drama,Stanley Kubrick,1987,116,12,7.0
4051,2023-05-28 10:30:00,Ace in the Hole,Drama,Billy Wilder,1951,111,12,8.5
4052,2023-05-27 15:00:00,Dazed and Confused,Comedy,Richard Linklater,1993,102,0,8.0
4053,2023-05-27 12:30:00,The Magdalene Sisters,Drama,Peter Mullan,2002,114,16,6.5
4054,2023-05-27 10:00:00,Beauty and the Beast,Animation,Gary Trousdale,1991,84,0,6.5
4055,2023-05-26 10:30:00,The Treasure of the Sierra Madre,Adventure,John Huston,1948,126,12,8.5
4056,2023-05-25 12:30:00,The Terminator,Action,James Cameron,1984,107,12,8.0
4057,2023-05-25 10:00:00,Ace in the Hole,Drama,Billy Wilder,1951,111,12,8.5
4058,2023-05-24 13:00:00,Pulp Fiction,Crime,Quentin Tarantino,1994,154,12,7.0
4059,2023-05-24 10:00:00,As Good as It Gets,Comedy,James L. Brooks,1997,139,12,7.0
4060,2023-05-23 10:30:00,The Magdalene Sisters,Drama,Peter Mullan,2002,114,16,8.5
4061,2023-05-22 15:30:00,Kal Ho Naa Ho,Comedy,Nikkhil Advani,2003,186,0,6.5
4062,2023-05-22 12:30:00,The Treasure of the Sierra Madre,Adventure,John Huston,1948,126,12,7.5
4063,2023-05-22 10:00:00,Dr. Strangelove or: How I Learned to Stop Worrying and Love the Bomb,Comedy,Stanley Kubrick,1964,95,12,6.5
4064,2023-05-21 17:00:00,La battaglia di Algeri,Drama,Gillo Pontecorvo,1966,121,12,7.0
4065,2023-05-21 14:30:00,Dazed and Confused,Comedy,Richard Linklater,1993,102,0,6.5
4066,2023-05-21 10:30:00,Kal Ho Naa Ho,Comedy,Nikkhil Advani,2003,186,0,7.5
4067,2023-05-20 15:30:00,Notorious,Drama,Alfred Hitchcock,1946,102,0,7.0
4068,2023-05-20 12:30:00,True Romance,Crime,Tony Scott,1993,119,16,8.0
4069,2023-05-20 10:00:00,Dazed and Confused,Comedy,Richard Linklater,1993,102,0,8.5
4070,2023-05-19 16:00:00,Lola rennt,Crime,Tom Tykwer,1998,81,12,7.5
4071,2023-05-19 13:00:00,The Untouchables,Crime,Brian De Palma,1987,119,12,7.5
4072,2023-05-19 10:00:00,Seppuku,Action,Masaki Kobayashi,1962,133,12,8.5
4073,2023-05-18 13:00:00,The African Queen,Adventure,John Huston,1951,105,6,8.5
4074,2023-05-18 10:30:00,Notorious,Drama,Alfred Hitchcock,1946,102,0,8.5
4075,2023-05-17 10:00:00,The Magdalene Sisters,Drama,Peter Mullan,2002,114,16,8.0
4076,2023-05-16 17:00:00,Ace in the Hole,Drama,Billy Wilder,1951,111,12,8.0
4077,2023-05-16 13:30:00,"Il buono, il brutto, il cattivo",Western,Sergio Leone,1966,161,12,6.5
4078,2023-05-16 10:30:00,Blue Velvet,Drama,David Lynch,1986,120,12,6.5
4079,2023-05-15 10:00:00,Seppuku,Action,Masaki Kobayashi,1962,133,12,7.0
4080,2023-05-14 16:30:00,Citizen Kane,Drama,Orson Welles,1941,119,12,8.5
4081,2023-05-14 13:30:00,The Treasure of the Sierra Madre,Adventure,John Huston,1948,126,12,6.5
4082,2023-05-14 10:30:00,Rosemary's Baby,Drama,Roman Polanski,1968,137,12,7.0
4083,2023-05-13 18:00:00,Out of the Past,Crime,Jacques Tourneur,1947,97,12,10.0
4084,2023-05-13 15:00:00,Per qualche dollaro in più,Western,Sergio Leone,1965,132,0,6.5
4085,2023-05-13 12:30:00,Dr. Strangelove or: How I Learned to Stop Worrying and Love the Bomb,Comedy,Stanley Kubrick,1964,95,12,8.0
4086,2023-05-13 10:30:00,Modern Times,Comedy,Charles Chaplin,1936,87,0,7.5
4087,2023-05-12 16:00:00,The Magdalene Sisters,Drama,Peter Mullan,2002,114,16,7.5
4088,2023-05-12 13:00:00,La battaglia di Algeri,Drama,Gillo Pontecorvo,1966,121,12,7.5
4089,2023-05-12 10:00:00,The Quiet Man,Comedy,John Ford,1952,129,12,7.5
4090,2023-05-11 13:30:00,Giù la testa,Drama,Sergio Leone,1971,157,6,8.5
4091,2023-05-11 10:00:00,"Il buono, il brutto, il cattivo",Western,Sergio Leone,1966,161,12,8.0
4092,2023-05-10 15:30:00,The Thin Man,Comedy,W.S. Van Dyke,1934,91,12,7.0
4093,2023-05-10 13:00:00,Out of the Past,Crime,Jacques Tourneur,1947,97,12,8.0
4094,2023-05-10 10:00:00,La battaglia di Algeri,Drama,Gillo Pontecorvo,1966,121,12,8.5
4095,2023-05-09 10:00:00,Dazed and Confused,Comedy,Richard Linklater,1993,102,0,6.5
4096,2023-05-08 16:00:00,Dr. Strangelove or: How I Learned to Stop Worrying and Love the Bomb,Comedy,Stanley Kubrick,1964,95,12,8.0
4097,2023-05-08 13:30:00,Dr. Strangelove or: How I Learned to Stop Worrying and Love the Bomb,Comedy,Stanley Kubrick,1964,95,12,6.5
4098,2023-05-08 10:00:00,Giù la testa,Drama,Sergio Leone,1971,157,6,7.0
4099,2023-05-07 18:30:00,The Lord of the Rings: The Two Towers,Action,Peter Jackson,2002,179,12,10.0
4100,2023-05-07 16:00:00,Dazed and Confused,Comedy,Richard Linklater,1993,102,0,7.5
4101,2023-05-07 13:30:00,The African Queen,Adventure,John Huston,1951,105,6,7.0
4102,2023-05-07 10:30:00,The Game,Action,David Fincher,1997,129,12,6.5
4103,2023-05-06 20:30:00,Modern Times,Comedy,Charles Chaplin,1936,87,0,8.5
4104,2023-05-06 17:30:00,The Game,Action,David Fincher,1997,129,12,7.5
4105,2023-05-06 13:30:00,Kal Ho Naa Ho,Comedy,Nikkhil Advani,2003,186,0,6.5
4106,2023-05-06 10:30:00,Zulu,Drama,Cy Endfield,1964,138,0,6.5
4107,2023-05-05 13:00:00,Lola rennt,Crime,Tom Tykwer,1998,81,12,6.5
4108,2023-05-05 10:00:00,The Quiet Man,Comedy,John Ford,1952,129,12,6.5
4109,2023-05-04 15:00:00,Per qualche dollaro in più,Western,Sergio Leone,1965,132,0,8.0
4110,2023-05-04 13:00:00,Modern Times,Comedy,Charles Chaplin,1936,87,0,8.0
4111,2023-05-04 10:00:00,The Game,Action,David Fincher,1997,129,12,8.5
4112,2023-05-03 10:00:00,Kal Ho Naa Ho,Comedy,Nikkhil Advani,2003,186,0,8.5
4113,2023-05-02 13:30:00,Rosemary's Baby,Drama,Roman Polanski,1968,137,12,7.5
4114,2023-05-02 10:30:00,Boksuneun naui geot,Crime,Chan-wook Park,2002,129,16,8.5
4115,2023-05-01 13:30:00,Boksuneun naui geot,Crime,Chan-wook Park,2002,129,16,7.5
4116,2023-05-01 10:00:00,The Killing Fields,Biography,Roland Joffé,1984,141,12,8.0
4117,2023-04-30 19:00:00,The Game,Action,David Fincher,1997,129,12,9.0
4118,2023-04-30 16:30:00,The African Queen,Adventure,John Huston,1951,105,6,7.5
4119,2023-04-30 12:30:00,Kal Ho Naa Ho,Comedy,Nikkhil Advani,2003,186,0,8.0
4120,2023-04-30 10:00:00,Out of the Past,Crime,Jacques Tourneur,1947,97,12,7.0
4121,2023-04-29 16:00:00,"Il buono, il brutto, il cattivo",Western,Sergio Leone,1966,161,12,8.5
4122,2023-04-29 13:30:00,Shadow of a Doubt,Film-Noir,Alfred Hitchcock,1943,108,6,7.5
4123,2023-04-29 10:30:00,True Romance,Crime,Tony Scott,1993,119,16,7.0
4124,2023-04-28 13:30:00,Kal Ho Naa Ho,Comedy,Nikkhil Advani,2003,186,0,8.5
4125,2023-04-28 10:30:00,Boksuneun naui geot,Crime,Chan-wook Park,2002,129,16,8.0
4126,2023-04-27 17:00:00,Lola rennt,Crime,Tom Tykwer,1998,81,12,7.0
4127,2023-04-27 13:30:00,"Il buono, il brutto, il cattivo",Western,Sergio Leone,1966,161,12,7.0
4128,2023-04-27 10:00:00,"Il buono, il brutto, il cattivo",Western,Sergio Leone,1966,161,12,6.5
4129,2023-04-26 13:30:00,Giù la testa,Drama,Sergio Leone,1971,157,6,7.0
4130,2023-04-26 10:00:00,Casino,Crime,Martin Scorsese,1995,178,12,7.5
4131,2023-04-25 10:00:00,Out of the Past,Crime,Jacques Tourneur,1947,97,12,8.0
4132,2023-04-24 16:30:00,True Romance,Crime,Tony Scott,1993,119,16,8.5
4133,2023-04-24 13:30:00,Cowboy Bebop: Tengoku no tobira,Animation,Shin'ichirô Watanabe,2001,115,0,8.0
4134,2023-04-24 10:30:00,The Game,Action,David Fincher,1997,129,12,6.5
4135,2023-04-23 17:00:00,Shadow of a Doubt,Film-Noir,Alfred Hitchcock,1943,108,6,8.5
4136,2023-04-23 14:00:00,The Hustler,Drama,Robert Rossen,1961,134,12,6.5
4137,2023-04-23 10:30:00,The Last Samurai,Action,Edward Zwick,2003,154,12,7.5
4138,2023-04-22 20:00:00,Shine,Biography,Scott Hicks,1996,105,0,9.0
4139,2023-04-22 17:00:00,Rosemary's Baby,Drama,Roman Polanski,1968,137,12,8.0
4140,2023-04-22 14:00:00,The Game,Action,David Fincher,1997,129,12,7.0
4141,2023-04-22 10:30:00,Amores perros,Drama,Alejandro G. Iñárritu,2000,154,12,8.5
4142,2023-04-21 14:30:00,The African Queen,Adventure,John Huston,1951,105,6,7.0
4143,2023-04-21 10:30:00,Casino,Crime,Martin Scorsese,1995,178,12,8.0
4144,2023-04-20 13:00:00,Kal Ho Naa Ho,Comedy,Nikkhil Advani,2003,186,0,7.5
4145,2023-04-20 10:00:00,True Romance,Crime,Tony Scott,1993,119,16,6.5
4146,2023-04-19 10:30:00,The Quiet Man,Comedy,John Ford,1952,129,12,8.5
4147,2023-04-18 10:00:00,The Circus,Comedy,Charles Chaplin,1928,72,12,8.0
4148,2023-04-17 17:00:00,True Romance,Crime,Tony Scott,1993,119,16,8.0
4149,2023-04-17 13:00:00,Kal Ho Naa Ho,Comedy,Nikkhil Advani,2003,186,0,7.0
4150,2023-04-17 10:00:00,The Quiet Man,Comedy,John Ford,1952,129,12,8.0
4151,2023-04-16 18:00:00,The Quiet Man,Comedy,John Ford,1952,129,12,9.0
4152,2023-04-16 15:00:00,Cowboy Bebop: Tengoku no tobira,Animation,Shin'ichirô Watanabe,2001,115,0,8.0
4153,2023-04-16 13:00:00,The Circus,Comedy,Charles Chaplin,1928,72,12,8.5
4154,2023-04-16 10:00:00,Rosemary's Baby,Drama,Roman Polanski,1968,137,12,6.5
4155,2023-04-15 20:00:00,The Quiet Man,Comedy,John Ford,1952,129,12,8.5
4156,2023-04-15 16:30:00,Amores perros,Drama,Alejandro G. Iñárritu,2000,154,12,7.0
4157,2023-04-15 14:00:00,Star Trek II: The Wrath of Khan,Action,Nicholas Meyer,1982,113,0,7.5
4158,2023-04-15 10:00:00,Casino,Crime,Martin Scorsese,1995,178,12,7.0
4159,2023-04-14 16:00:00,Shine,Biography,Scott Hicks,1996,105,0,7.0
4160,2023-04-14 13:00:00,The Elephant Man,Biography,David Lynch,1980,124,12,8.5
4161,2023-04-14 10:30:00,The Thin Man,Comedy,W.S. Van Dyke,1934,91,12,6.5
4162,2023-04-13 10:00:00,The African Queen,Adventure,John Huston,1951,105,6,8.0
4163,2023-04-12 14:00:00,Tenkû no shiro Rapyuta,Animation,Hayao Miyazaki,1986,125,0,8.5
4164,2023-04-12 10:00:00,Kal Ho Naa Ho,Comedy,Nikkhil Advani,2003,186,0,8.5
4165,2023-04-11 17:00:00,Ran,Action,Akira Kurosawa,1985,162,0,6.5
4166,2023-04-11 13:30:00,The Last Samurai,Action,Edward Zwick,2003,154,12,8.5
4167,2023-04-11 10:00:00,Saving Private Ryan,Drama,Steven Spielberg,1998,169,16,7.5
4168,2023-04-10 18:00:00,Shadow of a Doubt,Film-Noir,Alfred Hitchcock,1943,108,6,9.0
4169,2023-04-10 14:30:00,Boogie Nights,Drama,Paul Thomas Anderson,1997,155,16,7.5
4170,2023-04-10 10:30:00,Kal Ho Naa Ho,Comedy,Nikkhil Advani,2003,186,0,7.0
4171,2023-04-09 21:00:00,Ran,Action,Akira Kurosawa,1985,162,0,9.5
4172,2023-04-09 17:00:00,Kal Ho Naa Ho,Comedy,Nikkhil Advani,2003,186,0,8.5
4173,2023-04-09 14:00:00,Interstate 60: Episodes of the Road,Adventure,Bob Gale,2002,116,16,7.5
4174,2023-04-09 10:30:00,Hera Pheri,Action,Priyadarshan,2000,156,0,8.0
4175,2023-04-08 19:00:00,Interstate 60: Episodes of the Road,Adventure,Bob Gale,2002,116,16,10.0
4176,2023-04-08 16:30:00,"Shin seiki Evangelion Gekijô-ban: Air/Magokoro wo, kimi ni",Animation,Hideaki Anno,1997,87,12,6.5
4177,2023-04-08 13:00:00,Empire of the Sun,Action,Steven Spielberg,1987,153,0,7.0
4178,2023-04-08 10:00:00,La battaglia di Algeri,Drama,Gillo Pontecorvo,1966,121,12,6.5
4179,2023-04-07 13:30:00,La Strada,Drama,Federico Fellini,1954,108,12,7.0
4180,2023-04-07 10:30:00,The Elephant Man,Biography,David Lynch,1980,124,12,8.5
4181,2023-04-06 13:30:00,Shine,Biography,Scott Hicks,1996,105,0,7.0
4182,2023-04-06 10:30:00,Interstate 60: Episodes of the Road,Adventure,Bob Gale,2002,116,16,8.5
4183,2023-04-05 14:30:00,Kal Ho Naa Ho,Comedy,Nikkhil Advani,2003,186,0,6.5
4184,2023-04-05 12:30:00,"Shin seiki Evangelion Gekijô-ban: Air/Magokoro wo, kimi ni",Animation,Hideaki Anno,1997,87,12,7.0
4185,2023-04-05 10:00:00,King Kong,Adventure,Merian C. Cooper,1933,100,12,7.0
4186,2023-04-04 10:00:00,A Hard Day's Night,Comedy,Richard Lester,1964,87,0,8.0
4187,2023-04-03 16:00:00,The Last Samurai,Action,Edward Zwick,2003,154,12,7.5
4188,2023-04-03 13:30:00,King Kong,Adventure,Merian C. Cooper,1933,100,12,8.5
4189,2023-04-03 10:30:00,L.A. Confidential,Crime,Curtis Hanson,1997,138,12,8.0
4190,2023-04-02 16:00:00,Shadow of a Doubt,Film-Noir,Alfred Hitchcock,1943,108,6,8.0
4191,2023-04-02 13:00:00,La battaglia di Algeri,Drama,Gillo Pontecorvo,1966,121,12,8.0
4192,2023-04-02 10:30:00,Deliverance,Adventure,John Boorman,1972,109,0,7.0
4193,2023-04-01 19:30:00,King Kong,Adventure,Merian C. Cooper,1933,100,12,10.0
4194,2023-04-01 16:00:00,Empire of the Sun,Action,Steven Spielberg,1987,153,0,7.5
4195,2023-04-01 13:30:00,King Kong,Adventure,Merian C. Cooper,1933,100,12,8.5
4196,2023-04-01 10:30:00,Planet of the Apes,Adventure,Franklin J. Schaffner,1968,112,0,6.5
4197,2023-03-31 17:00:00,Star Trek II: The Wrath of Khan,Action,Nicholas Meyer,1982,113,0,6.5
4198,2023-03-31 14:30:00,Shadow of a Doubt,Film-Noir,Alfred Hitchcock,1943,108,6,7.5
4199,2023-03-31 10:30:00,Saving Private Ryan,Drama,Steven Spielberg,1998,169,16,6.5
4200,2023-03-30 13:30:00,Mystic River,Crime,Clint Eastwood,2003,138,12,7.0
4201,2023-03-30 10:30:00,The Elephant Man,Biography,David Lynch,1980,124,12,7.0
4202,2023-03-29 12:30:00,Kagemusha,Drama,Akira Kurosawa,1980,180,0,8.0
4203,2023-03-29 10:00:00,Down by Law,Comedy,Jim Jarmusch,1986,107,16,7.5
4204,2023-03-28 13:30:00,Shadow of a Doubt,Film-Noir,Alfred Hitchcock,1943,108,6,7.0
4205,2023-03-28 10:30:00,The Elephant Man,Biography,David Lynch,1980,124,12,8.0
4206,2023-03-27 15:30:00,The Philadelphia Story,Comedy,George Cukor,1940,112,12,6.5
4207,2023-03-27 13:00:00,La montaña sagrada,Adventure,Alejandro Jodorowsky,1973,114,16,6.5
4208,2023-03-27 10:30:00,12 Angry Men,Crime,Sidney Lumet,1957,96,0,8.5
4209,2023-03-26 20:30:00,La Strada,Drama,Federico Fellini,1954,108,12,9.5
4210,2023-03-26 17:00:00,Ran,Action,Akira Kurosawa,1985,162,0,7.5
4211,2023-03-26 13:30:00,Saving Private Ryan,Drama,Steven Spielberg,1998,169,16,8.0
4212,2023-03-26 10:00:00,Amadeus,Biography,Milos Forman,1984,160,16,6.5
4213,2023-03-25 18:30:00,Empire of the Sun,Action,Steven Spielberg,1987,153,0,10.0
4214,2023-03-25 15:30:00,La montaña sagrada,Adventure,Alejandro Jodorowsky,1973,114,16,7.5
4215,2023-03-25 13:00:00,The Thing,Horror,John Carpenter,1982,109,12,7.5
4216,2023-03-25 10:30:00,Halloween,Horror,John Carpenter,1978,91,12,6.5
4217,2023-03-24 14:30:00,Jules et Jim,Drama,François Truffaut,1962,105,12,6.5
4218,2023-03-24 10:30:00,The Green Mile,Crime,Frank Darabont,1999,189,12,7.5
4219,2023-03-23 10:30:00,Airplane!,Comedy,Jim Abrahams,1980,88,0,8.0
4220,2023-03-22 16:00:00,Cowboy Bebop: Tengoku no tobira,Animation,Shin'ichirô Watanabe,2001,115,0,7.0
4221,2023-03-22 13:00:00,Tenkû no shiro Rapyuta,Animation,Hayao Miyazaki,1986,125,0,8.5
4222,2023-03-22 10:00:00,The Elephant Man,Biography,David Lynch,1980,124,12,8.0
4223,2023-03-21 15:30:00,La montaña sagrada,Adventure,Alejandro Jodorowsky,1973,114,16,6.5
4224,2023-03-21 13:00:00,Deliverance,Adventure,John Boorman,1972,109,0,7.5
4225,2023-03-21 10:30:00,12 Angry Men,Crime,Sidney Lumet,1957,96,0,8.5
4226,2023-03-20 13:00:00,My Fair Lady,Drama,George Cukor,1964,170,0,6.5
4227,2023-03-20 10:00:00,Cowboy Bebop: Tengoku no tobira,Animation,Shin'ichirô Watanabe,2001,115,0,8.5
4228,2023-03-19 17:30:00,Hera Pheri,Action,Priyadarshan,2000,156,0,7.5
4229,2023-03-19 14:30:00,The Philadelphia Story,Comedy,George Cukor,1940,112,12,6.5
4230,2023-03-19 10:30:00,Kagemusha,Drama,Akira Kurosawa,1980,180,0,6.5
4231,2023-03-18 17:30:00,Jules et Jim,Drama,François Truffaut,1962,105,12,7.5
4232,2023-03-18 14:00:00,Amadeus,Biography,Milos Forman,1984,160,16,6.5
4233,2023-03-18 10:30:00,Saving Private Ryan,Drama,Steven Spielberg,1998,169,16,7.0
4234,2023-03-17 16:00:00,La montaña sagrada,Adventure,Alejandro Jodorowsky,1973,114,16,6.5
4235,2023-03-17 12:00:00,Casino,Crime,Martin Scorsese,1995,178,12,7.5
4236,2023-03-17 10:00:00,The Circus,Comedy,Charles Chaplin,1928,72,12,6.5
4237,2023-03-16 15:30:00,L.A. Confidential,Crime,Curtis Hanson,1997,138,12,8.0
4238,2023-03-16 13:00:00,A Hard Day's Night,Comedy,Richard Lester,1964,87,0,7.5
4239,2023-03-16 10:30:00,La Strada,Drama,Federico Fellini,1954,108,12,6.5
4240,2023-03-15 13:00:00,Kal Ho Naa Ho,Comedy,Nikkhil Advani,2003,186,0,7.5
4241,2023-03-15 10:30:00,American Psycho,Comedy,Mary Harron,2000,101,12,8.0
4242,2023-03-14 10:30:00,The Green Mile,Crime,Frank Darabont,1999,189,12,8.0
4243,2023-03-13 14:00:00,Mystic River,Crime,Clint Eastwood,2003,138,12,8.5
4244,2023-03-13 10:30:00,Hera Pheri,Action,Priyadarshan,2000,156,0,7.0
4245,2023-03-12 16:00:00,It's a Wonderful Life,Drama,Frank Capra,1946,130,6,7.0
4246,2023-03-12 13:30:00,La montaña sagrada,Adventure,Alejandro Jodorowsky,1973,114,16,8.0
4247,2023-03-12 10:30:00,Mystic River,Crime,Clint Eastwood,2003,138,12,6.5
4248,2023-03-11 20:30:00,"Shin seiki Evangelion Gekijô-ban: Air/Magokoro wo, kimi ni",Animation,Hideaki Anno,1997,87,12,9.5
4249,2023-03-11 17:00:00,Hera Pheri,Action,Priyadarshan,2000,156,0,7.5
4250,2023-03-11 14:00:00,Tenkû no shiro Rapyuta,Animation,Hayao Miyazaki,1986,125,0,8.5
4251,2023-03-11 10:30:00,Ran,Action,Akira Kurosawa,1985,162,0,7.5
4252,2023-03-10 10:00:00,Laura,Drama,Otto Preminger,1944,88,12,7.0
4253,2023-03-09 16:00:00,Ran,Action,Akira Kurosawa,1985,162,0,8.5
4254,2023-03-09 12:30:00,The Color Purple,Drama,Steven Spielberg,1985,154,0,6.5
4255,2023-03-09 10:00:00,Shrek,Animation,Andrew Adamson,2001,90,0,8.0
4256,2023-03-08 10:00:00,The Green Mile,Crime,Frank Darabont,1999,189,12,7.5
4257,2023-03-07 16:30:00,Amores perros,Drama,Alejandro G. Iñárritu,2000,154,12,8.0
4258,2023-03-07 13:00:00,Ran,Action,Akira Kurosawa,1985,162,0,7.0
4259,2023-03-07 10:00:00,Mystic River,Crime,Clint Eastwood,2003,138,12,7.0
4260,2023-03-06 16:00:00,The Thing,Horror,John Carpenter,1982,109,12,7.5
4261,2023-03-06 12:30:00,My Fair Lady,Drama,George Cukor,1964,170,0,8.0
4262,2023-03-06 10:00:00,American Psycho,Comedy,Mary Harron,2000,101,12,6.5
4263,2023-03-05 15:00:00,The Color Purple,Drama,Steven Spielberg,1985,154,0,7.5
4264,2023-03-05 12:00:00,The Elephant Man,Biography,David Lynch,1980,124,12,7.5
4265,2023-03-05 10:00:00,Persona,Drama,Ingmar Bergman,1966,85,12,8.5
4266,2023-03-04 16:00:00,Planet of the Apes,Adventure,Franklin J. Schaffner,1968,112,0,7.5
4267,2023-03-04 12:30:00,The Wild Bunch,Action,Sam Peckinpah,1969,145,12,6.5
4268,2023-03-04 10:00:00,Planet of the Apes,Adventure,Franklin J. Schaffner,1968,112,0,8.0
4269,2023-03-03 10:30:00,My Fair Lady,Drama,George Cukor,1964,170,0,7.5
4270,2023-03-02 16:30:00,Planet of the Apes,Adventure,Franklin J. Schaffner,1968,112,0,7.0
4271,2023-03-02 13:30:00,Blue Velvet,Drama,David Lynch,1986,120,12,8.0
4272,2023-03-02 10:30:00,Interstate 60: Episodes of the Road,Adventure,Bob Gale,2002,116,16,8.5
4273,2023-03-01 16:30:00,The Elephant Man,Biography,David Lynch,1980,124,12,6.5
4274,2023-03-01 13:30:00,Mimi wo sumaseba,Animation,Yoshifumi Kondô,1995,111,0,8.0
4275,2023-03-01 10:30:00,Enemy at the Gates,Drama,Jean-Jacques Annaud,2001,131,12,6.5
4276,2023-02-28 10:00:00,Deliverance,Adventure,John Boorman,1972,109,0,7.0
4277,2023-02-27 10:00:00,The Color Purple,Drama,Steven Spielberg,1985,154,0,6.5
4278,2023-02-26 18:00:00,The Thing,Horror,John Carpenter,1982,109,12,8.5
4279,2023-02-26 15:00:00,The Thing,Horror,John Carpenter,1982,109,12,8.5
4280,2023-02-26 12:30:00,American Psycho,Comedy,Mary Harron,2000,101,12,7.0
4281,2023-02-26 10:30:00,The Circus,Comedy,Charles Chaplin,1928,72,12,8.0
4282,2023-02-25 16:00:00,Shrek,Animation,Andrew Adamson,2001,90,0,6.5
4283,2023-02-25 13:30:00,The Naked Gun: From the Files of Police Squad!,Comedy,David Zucker,1988,85,0,7.0
4284,2023-02-25 10:00:00,My Fair Lady,Drama,George Cukor,1964,170,0,8.5
4285,2023-02-24 10:00:00,Kagemusha,Drama,Akira Kurosawa,1980,180,0,7.0
4286,2023-02-23 13:00:00,American Psycho,Comedy,Mary Harron,2000,101,12,7.0
4287,2023-02-23 10:30:00,Shrek,Animation,Andrew Adamson,2001,90,0,6.5
4288,2023-02-22 13:00:00,American Psycho,Comedy,Mary Harron,2000,101,12,6.5
4289,2023-02-22 10:00:00,Catch Me If You Can,Biography,Steven Spielberg,2002,141,12,7.0
4290,2023-02-21 10:30:00,Doctor Zhivago,Drama,David Lean,1965,197,12,8.0
4291,2023-02-20 10:00:00,Witness for the Prosecution,Crime,Billy Wilder,1957,116,0,7.5
4292,2023-02-19 19:30:00,The Wild Bunch,Action,Sam Peckinpah,1969,145,12,8.5
4293,2023-02-19 15:30:00,The Green Mile,Crime,Frank Darabont,1999,189,12,6.5
4294,2023-02-19 12:30:00,Enemy at the Gates,Drama,Jean-Jacques Annaud,2001,131,12,8.5
4295,2023-02-19 10:00:00,American Psycho,Comedy,Mary Harron,2000,101,12,7.5
4296,2023-02-18 18:30:00,Kagemusha,Drama,Akira Kurosawa,1980,180,0,9.5
4297,2023-02-18 15:30:00,Enemy at the Gates,Drama,Jean-Jacques Annaud,2001,131,12,7.5
4298,2023-02-18 13:00:00,Jules et Jim,Drama,François Truffaut,1962,105,12,7.5
4299,2023-02-18 10:30:00,American Psycho,Comedy,Mary Harron,2000,101,12,7.0
4300,2023-02-17 12:30:00,The Color Purple,Drama,Steven Spielberg,1985,154,0,7.0
4301,2023-02-17 10:00:00,American Psycho,Comedy,Mary Harron,2000,101,12,7.0
4302,2023-02-16 13:00:00,Kagemusha,Drama,Akira Kurosawa,1980,180,0,8.0
4303,2023-02-16 10:30:00,American Psycho,Comedy,Mary Harron,2000,101,12,8.0
4304,2023-02-15 13:30:00,Amadeus,Biography,Milos Forman,1984,160,16,7.0
4305,2023-02-15 10:30:00,Happiness,Comedy,Todd Solondz,1998,134,12,7.0
4306,2023-02-14 16:30:00,"Aguirre, der Zorn Gottes",Action,Werner Herzog,1972,95,12,7.5
4307,2023-02-14 13:00:00,The Color Purple,Drama,Steven Spielberg,1985,154,0,7.5
4308,2023-02-14 10:30:00,Mimi wo sumaseba,Animation,Yoshifumi Kondô,1995,111,0,7.5
4309,2023-02-13 16:00:00,On Golden Pond,Drama,Mark Rydell,1981,109,12,7.0
4310,2023-02-13 13:30:00,Airplane!,Comedy,Jim Abrahams,1980,88,0,7.5
4311,2023-02-13 10:00:00,The Color Purple,Drama,Steven Spielberg,1985,154,0,7.0
4312,2023-02-12 20:30:00,Kagemusha,Drama,Akira Kurosawa,1980,180,0,8.5
4313,2023-02-12 18:00:00,"Aguirre, der Zorn Gottes",Action,Werner Herzog,1972,95,12,8.5
4314,2023-02-12 14:00:00,Kagemusha,Drama,Akira Kurosawa,1980,180,0,7.5
4315,2023-02-12 10:30:00,Catch Me If You Can,Biography,Steven Spielberg,2002,141,12,8.5
4316,2023-02-11 16:00:00,Tenkû no shiro Rapyuta,Animation,Hayao Miyazaki,1986,125,0,6.5
4317,2023-02-11 13:00:00,Twelve Monkeys,Mystery,Terry Gilliam,1995,129,12,8.0
4318,2023-02-11 10:30:00,Mimi wo sumaseba,Animation,Yoshifumi Kondô,1995,111,0,8.0
4319,2023-02-10 10:00:00,The Naked Gun: From the Files of Police Squad!,Comedy,David Zucker,1988,85,0,7.5
4320,2023-02-09 14:30:00,Kôkaku Kidôtai,Animation,Mamoru Oshii,1995,83,12,7.0
4321,2023-02-09 12:30:00,Kôkaku Kidôtai,Animation,Mamoru Oshii,1995,83,12,8.5
4322,2023-02-09 10:00:00,Airplane!,Comedy,Jim Abrahams,1980,88,0,6.5
4323,2023-02-08 15:30:00,Airplane!,Comedy,Jim Abrahams,1980,88,0,6.5
4324,2023-02-08 13:00:00,Dirty Harry,Action,Don Siegel,1971,102,12,7.0
4325,2023-02-08 10:30:00,Willy Wonka & the Chocolate Factory,Family,Mel Stuart,1971,100,0,8.0
4326,2023-02-07 16:00:00,Happiness,Comedy,Todd Solondz,1998,134,12,7.0
4327,2023-02-07 13:00:00,Blue Velvet,Drama,David Lynch,1986,120,12,7.5
4328,2023-02-07 10:30:00,Willy Wonka & the Chocolate Factory,Family,Mel Stuart,1971,100,0,7.0
4329,2023-02-06 10:00:00,Twelve Monkeys,Mystery,Terry Gilliam,1995,129,12,7.0
4330,2023-02-05 20:00:00,Cowboy Bebop: Tengoku no tobira,Animation,Shin'ichirô Watanabe,2001,115,0,9.5
4331,2023-02-05 17:30:00,Dirty Harry,Action,Don Siegel,1971,102,12,8.5
4332,2023-02-05 13:30:00,My Fair Lady,Drama,George Cukor,1964,170,0,6.5
4333,2023-02-05 10:30:00,Jurassic Park,Action,Steven Spielberg,1993,127,12,7.5
4334,2023-02-04 16:00:00,Shichinin no samurai,Action,Akira Kurosawa,1954,207,0,7.0
4335,2023-02-04 13:00:00,Tenkû no shiro Rapyuta,Animation,Hayao Miyazaki,1986,125,0,8.5
4336,2023-02-04 10:00:00,Blue Velvet,Drama,David Lynch,1986,120,12,6.5
4337,2023-02-03 14:00:00,Happiness,Comedy,Todd Solondz,1998,134,12,7.5
4338,2023-02-03 10:30:00,My Fair Lady,Drama,George Cukor,1964,170,0,7.0
4339,2023-02-02 10:00:00,The Naked Gun: From the Files of Police Squad!,Comedy,David Zucker,1988,85,0,8.0
4340,2023-02-01 13:30:00,Misery,Drama,Rob Reiner,1990,107,16,7.0
4341,2023-02-01 10:30:00,Jurassic Park,Action,Steven Spielberg,1993,127,12,8.0
4342,2023-01-31 10:30:00,Escape from Alcatraz,Action,Don Siegel,1979,112,12,8.0
4343,2023-01-30 15:30:00,Monty Python and the Holy Grail,Adventure,Terry Gilliam,1975,91,6,6.5
4344,2023-01-30 13:00:00,Monty Python and the Holy Grail,Adventure,Terry Gilliam,1975,91,6,6.5
4345,2023-01-30 10:30:00,His Girl Friday,Comedy,Howard Hawks,1940,92,12,6.5
4346,2023-01-29 17:30:00,Mimi wo sumaseba,Animation,Yoshifumi Kondô,1995,111,0,6.5
4347,2023-01-29 15:00:00,On Golden Pond,Drama,Mark Rydell,1981,109,12,7.0
4348,2023-01-29 12:30:00,Willy Wonka & the Chocolate Factory,Family,Mel Stuart,1971,100,0,8.0
4349,2023-01-29 10:00:00,Mimi wo sumaseba,Animation,Yoshifumi Kondô,1995,111,0,8.0
4350,2023-01-28 15:00:00,Catch Me If You Can,Biography,Steven Spielberg,2002,141,12,7.5
4351,2023-01-28 12:30:00,Misery,Drama,Rob Reiner,1990,107,16,6.5
4352,2023-01-28 10:00:00,On Golden Pond,Drama,Mark Rydell,1981,109,12,8.5
4353,2023-01-27 15:30:00,Twelve Monkeys,Mystery,Terry Gilliam,1995,129,12,7.5
4354,2023-01-27 12:30:00,What's Eating Gilbert Grape,Drama,Lasse Hallström,1993,118,0,8.0
4355,2023-01-27 10:00:00,Willy Wonka & the Chocolate Factory,Family,Mel Stuart,1971,100,0,7.5
4356,2023-01-26 15:00:00,Cowboy Bebop: Tengoku no tobira,Animation,Shin'ichirô Watanabe,2001,115,0,7.5
4357,2023-01-26 13:00:00,Airplane!,Comedy,Jim Abrahams,1980,88,0,7.0
4358,2023-01-26 10:30:00,Paper Moon,Comedy,Peter Bogdanovich,1973,102,0,8.5
4359,2023-01-25 12:30:00,The Elephant Man,Biography,David Lynch,1980,124,12,7.5
4360,2023-01-25 10:00:00,Kôkaku Kidôtai,Animation,Mamoru Oshii,1995,83,12,8.0
4361,2023-01-24 13:30:00,2001: A Space Odyssey,Adventure,Stanley Kubrick,1968,149,0,7.5
4362,2023-01-24 10:30:00,What's Eating Gilbert Grape,Drama,Lasse Hallström,1993,118,0,7.5
4363,2023-01-23 15:30:00,Cowboy Bebop: Tengoku no tobira,Animation,Shin'ichirô Watanabe,2001,115,0,8.5
4364,2023-01-23 13:00:00,On Golden Pond,Drama,Mark Rydell,1981,109,12,8.5
4365,2023-01-23 10:30:00,Dirty Harry,Action,Don Siegel,1971,102,12,8.0
4366,2023-01-22 19:00:00,Misery,Drama,Rob Reiner,1990,107,16,10.0
4367,2023-01-22 16:30:00,Kôkaku Kidôtai,Animation,Mamoru Oshii,1995,83,12,7.5
4368,2023-01-22 13:30:00,Jurassic Park,Action,Steven Spielberg,1993,127,12,7.0
4369,2023-01-22 10:30:00,Naked,Comedy,Mike Leigh,1993,132,12,7.0
4370,2023-01-21 18:00:00,2001: A Space Odyssey,Adventure,Stanley Kubrick,1968,149,0,9.5
4371,2023-01-21 15:30:00,Mimi wo sumaseba,Animation,Yoshifumi Kondô,1995,111,0,8.5
4372,2023-01-21 12:30:00,Escape from Alcatraz,Action,Don Siegel,1979,112,12,8.5
4373,2023-01-21 10:00:00,Cowboy Bebop: Tengoku no tobira,Animation,Shin'ichirô Watanabe,2001,115,0,6.5
4374,2023-01-20 13:00:00,Dirty Harry,Action,Don Siegel,1971,102,12,7.0
4375,2023-01-20 10:30:00,Escape from Alcatraz,Action,Don Siegel,1979,112,12,8.5
4376,2023-01-19 14:30:00,The Naked Gun: From the Files of Police Squad!,Comedy,David Zucker,1988,85,0,8.0
4377,2023-01-19 10:30:00,Shichinin no samurai,Action,Akira Kurosawa,1954,207,0,6.5
4378,2023-01-18 16:30:00,The Naked Gun: From the Files of Police Squad!,Comedy,David Zucker,1988,85,0,8.0
4379,2023-01-18 13:30:00,Happiness,Comedy,Todd Solondz,1998,134,12,8.0
4380,2023-01-18 10:00:00,2001: A Space Odyssey,Adventure,Stanley Kubrick,1968,149,0,7.5
4381,2023-01-17 13:00:00,Fa yeung nin wah,Drama,Kar-Wai Wong,2000,98,0,8.0
4382,2023-01-17 10:30:00,His Girl Friday,Comedy,Howard Hawks,1940,92,12,7.5
4383,2023-01-16 10:30:00,Monty Python and the Holy Grail,Adventure,Terry Gilliam,1975,91,6,6.5
4384,2023-01-15 16:00:00,The Remains of the Day,Drama,James Ivory,1993,134,0,8.5
4385,2023-01-15 13:30:00,Paper Moon,Comedy,Peter Bogdanovich,1973,102,0,6.5
4386,2023-01-15 10:30:00,Twelve Monkeys,Mystery,Terry Gilliam,1995,129,12,8.5
4387,2023-01-14 16:00:00,Happiness,Comedy,Todd Solondz,1998,134,12,8.0
4388,2023-01-14 13:00:00,Happiness,Comedy,Todd Solondz,1998,134,12,7.0
4389,2023-01-14 10:30:00,Casablanca,Drama,Michael Curtiz,1942,102,0,8.5
4390,2023-01-13 10:00:00,Monty Python and the Holy Grail,Adventure,Terry Gilliam,1975,91,6,8.5
4391,2023-01-12 10:30:00,The Remains of the Day,Drama,James Ivory,1993,134,0,8.5
4392,2023-01-11 13:30:00,The Truman Show,Comedy,Peter Weir,1998,103,0,8.0
4393,2023-01-11 10:30:00,Happiness,Comedy,Todd Solondz,1998,134,12,8.0
4394,2023-01-10 15:30:00,Shichinin no samurai,Action,Akira Kurosawa,1954,207,0,7.5
4395,2023-01-10 12:30:00,Jurassic Park,Action,Steven Spielberg,1993,127,12,7.5
4396,2023-01-10 10:00:00,Fa yeung nin wah,Drama,Kar-Wai Wong,2000,98,0,8.5
4397,2023-01-09 10:30:00,Jurassic Park,Action,Steven Spielberg,1993,127,12,7.0
4398,2023-01-08 18:30:00,The Elephant Man,Biography,David Lynch,1980,124,12,10.0
4399,2023-01-08 16:00:00,Fa yeung nin wah,Drama,Kar-Wai Wong,2000,98,0,8.0
4400,2023-01-08 13:30:00,Rupan sansei: Kariosutoro no shiro,Animation,Hayao Miyazaki,1979,100,0,8.0
4401,2023-01-08 10:30:00,Jurassic Park,Action,Steven Spielberg,1993,127,12,8.5
4402,2023-01-07 18:30:00,Naked,Comedy,Mike Leigh,1993,132,12,9.0
4403,2023-01-07 16:00:00,Paper Moon,Comedy,Peter Bogdanovich,1973,102,0,7.5
4404,2023-01-07 13:00:00,Twelve Monkeys,Mystery,Terry Gilliam,1995,129,12,8.0
4405,2023-01-07 10:00:00,25th Hour,Drama,Spike Lee,2002,135,16,7.5
4406,2023-01-06 13:00:00,Paper Moon,Comedy,Peter Bogdanovich,1973,102,0,7.5
4407,2023-01-06 10:00:00,Twelve Monkeys,Mystery,Terry Gilliam,1995,129,12,8.0
4408,2023-01-05 10:30:00,Majo no takkyûbin,Animation,Hayao Miyazaki,1989,103,0,6.5
4409,2023-01-04 15:30:00,Rupan sansei: Kariosutoro no shiro,Animation,Hayao Miyazaki,1979,100,0,6.5
4410,2023-01-04 13:00:00,Fa yeung nin wah,Drama,Kar-Wai Wong,2000,98,0,6.5
4411,2023-01-04 10:30:00,Fa yeung nin wah,Drama,Kar-Wai Wong,2000,98,0,7.0
4412,2023-01-03 16:30:00,Monty Python and the Holy Grail,Adventure,Terry Gilliam,1975,91,6,8.5
4413,2023-01-03 13:30:00,Boyz n the Hood,Crime,John Singleton,1991,112,12,8.0
4414,2023-01-03 10:30:00,The Elephant Man,Biography,David Lynch,1980,124,12,8.0
4415,2023-01-02 12:30:00,Smultronstället,Drama,Ingmar Bergman,1957,91,0,7.0
4416,2023-01-02 10:00:00,Fa yeung nin wah,Drama,Kar-Wai Wong,2000,98,0,7.5
4417,2023-01-01 18:30:00,Tenkû no shiro Rapyuta,Animation,Hayao Miyazaki,1986,125,0,9.5
4418,2023-01-01 15:30:00,Escape from Alcatraz,Action,Don Siegel,1979,112,12,8.5
4419,2023-01-01 13:00:00,Paper Moon,Comedy,Peter Bogdanovich,1973,102,0,7.0
4420,2023-01-01 10:00:00,The Elephant Man,Biography,David Lynch,1980,124,12,6.5
4421,2022-12-31 18:30:00,The Remains of the Day,Drama,James Ivory,1993,134,0,8.5
4422,2022-12-31 15:30:00,Tenkû no shiro Rapyuta,Animation,Hayao Miyazaki,1986,125,0,7.5
4423,2022-12-31 13:00:00,Enter the Dragon,Action,Robert Clouse,1973,102,12,6.5
4424,2022-12-31 10:30:00,The Breakfast Club,Comedy,John Hughes,1985,97,12,8.5
4425,2022-12-30 16:00:00,Yeopgijeogin geunyeo,Comedy,Jae-young Kwak,2001,137,12,7.5
4426,2022-12-30 13:00:00,Tenkû no shiro Rapyuta,Animation,Hayao Miyazaki,1986,125,0,8.0
4427,2022-12-30 10:00:00,Yeopgijeogin geunyeo,Comedy,Jae-young Kwak,2001,137,12,7.5
4428,2022-12-29 17:30:00,The Elephant Man,Biography,David Lynch,1980,124,12,8.0
4429,2022-12-29 15:00:00,The Breakfast Club,Comedy,John Hughes,1985,97,12,7.0
4430,2022-12-29 10:30:00,Ben-Hur,Adventure,William Wyler,1959,212,0,8.0
4431,2022-12-28 15:30:00,Paper Moon,Comedy,Peter Bogdanovich,1973,102,0,6.5
4432,2022-12-28 13:00:00,Paper Moon,Comedy,Peter Bogdanovich,1973,102,0,8.5
4433,2022-12-28 10:30:00,Boyz n the Hood,Crime,John Singleton,1991,112,12,7.0
4434,2022-12-27 12:30:00,Yeopgijeogin geunyeo,Comedy,Jae-young Kwak,2001,137,12,7.0
4435,2022-12-27 10:00:00,Smultronstället,Drama,Ingmar Bergman,1957,91,0,8.5
4436,2022-12-26 10:30:00,Naked,Comedy,Mike Leigh,1993,132,12,6.5
4437,2022-12-25 15:00:00,The Truman Show,Comedy,Peter Weir,1998,103,0,7.0
4438,2022-12-25 12:30:00,Smultronstället,Drama,Ingmar Bergman,1957,91,0,6.5
4439,2022-12-25 10:30:00,The Invisible Man,Horror,James Whale,1933,71,12,7.0
4440,2022-12-24 18:30:00,Naked,Comedy,Mike Leigh,1993,132,12,8.5
4441,2022-12-24 16:00:00,The Truman Show,Comedy,Peter Weir,1998,103,0,8.0
4442,2022-12-24 13:30:00,A Little Princess,Drama,Alfonso Cuarón,1995,97,0,7.0
4443,2022-12-24 10:30:00,What's Eating Gilbert Grape,Drama,Lasse Hallström,1993,118,0,8.5
4444,2022-12-23 12:30:00,The Invisible Man,Horror,James Whale,1933,71,12,8.0
4445,2022-12-23 10:00:00,Casablanca,Drama,Michael Curtiz,1942,102,0,8.5
4446,2022-12-22 10:00:00,The Elephant Man,Biography,David Lynch,1980,124,12,8.0
4447,2022-12-21 12:00:00,The Elephant Man,Biography,David Lynch,1980,124,12,7.0
4448,2022-12-21 10:00:00,The Invisible Man,Horror,James Whale,1933,71,12,7.0
4449,2022-12-20 10:00:00,Delicatessen,Comedy,Marc Caro,1991,99,16,7.5
4450,2022-12-19 12:30:00,Yeopgijeogin geunyeo,Comedy,Jae-young Kwak,2001,137,12,8.0
4451,2022-12-19 10:00:00,Predator,Action,John McTiernan,1987,107,12,7.5
4452,2022-12-18 18:30:00,From Here to Eternity,Drama,Fred Zinnemann,1953,118,12,10.0
4453,2022-12-18 15:30:00,The Elephant Man,Biography,David Lynch,1980,124,12,7.5
4454,2022-12-18 13:00:00,Enter the Dragon,Action,Robert Clouse,1973,102,12,7.5
4455,2022-12-18 10:00:00,25th Hour,Drama,Spike Lee,2002,135,16,8.5
4456,2022-12-17 16:00:00,Yeopgijeogin geunyeo,Comedy,Jae-young Kwak,2001,137,12,7.0
4457,2022-12-17 13:00:00,Yeopgijeogin geunyeo,Comedy,Jae-young Kwak,2001,137,12,8.0
4458,2022-12-17 10:30:00,Casablanca,Drama,Michael Curtiz,1942,102,0,7.0
4459,2022-12-16 15:30:00,Dances with Wolves,Adventure,Kevin Costner,1990,181,0,7.0
4460,2022-12-16 13:00:00,Rupan sansei: Kariosutoro no shiro,Animation,Hayao Miyazaki,1979,100,0,7.5
4461,2022-12-16 10:30:00,Hannah and Her Sisters,Comedy,Woody Allen,1986,107,12,6.5
4462,2022-12-15 16:00:00,Majo no takkyûbin,Animation,Hayao Miyazaki,1989,103,0,7.5
4463,2022-12-15 13:00:00,North by Northwest,Adventure,Alfred Hitchcock,1959,136,0,8.5
4464,2022-12-15 10:30:00,Enter the Dragon,Action,Robert Clouse,1973,102,12,6.5
4465,2022-12-14 10:30:00,Touch of Evil,Crime,Orson Welles,1958,95,12,8.5
4466,2022-12-13 10:00:00,Touch of Evil,Crime,Orson Welles,1958,95,12,6.5
4467,2022-12-12 10:00:00,Falling Down,Action,Joel Schumacher,1993,113,16,6.5
4468,2022-12-11 15:30:00,The Kid,Comedy,Charles Chaplin,1921,68,12,8.5
4469,2022-12-11 13:00:00,Smultronstället,Drama,Ingmar Bergman,1957,91,0,7.5
4470,2022-12-11 10:30:00,Hannah and Her Sisters,Comedy,Woody Allen,1986,107,12,8.5
4471,2022-12-10 18:30:00,Enter the Dragon,Action,Robert Clouse,1973,102,12,8.5
4472,2022-12-10 16:00:00,Rashômon,Crime,Akira Kurosawa,1950,88,12,7.5
4473,2022-12-10 13:00:00,Yeopgijeogin geunyeo,Comedy,Jae-young Kwak,2001,137,12,6.5
4474,2022-12-10 10:30:00,Rashômon,Crime,Akira Kurosawa,1950,88,12,8.0
4475,2022-12-09 10:00:00,Yeopgijeogin geunyeo,Comedy,Jae-young Kwak,2001,137,12,7.5
4476,2022-12-08 10:30:00,Casablanca,Drama,Michael Curtiz,1942,102,0,8.0
4477,2022-12-07 15:00:00,Adaptation.,Comedy,Spike Jonze,2002,115,16,6.5
4478,2022-12-07 12:30:00,Rupan sansei: Kariosutoro no shiro,Animation,Hayao Miyazaki,1979,100,0,8.5
4479,2022-12-07 10:00:00,Boyz n the Hood,Crime,John Singleton,1991,112,12,7.0
4480,2022-12-06 13:30:00,Delicatessen,Comedy,Marc Caro,1991,99,16,8.0
4481,2022-12-06 10:00:00,Saving Private Ryan,Drama,Steven Spielberg,1998,169,16,6.5
4482,2022-12-05 13:00:00,Touch of Evil,Crime,Orson Welles,1958,95,12,6.5
4483,2022-12-05 10:00:00,From Here to Eternity,Drama,Fred Zinnemann,1953,118,12,7.0
4484,2022-12-04 16:00:00,Enter the Dragon,Action,Robert Clouse,1973,102,12,7.5
4485,2022-12-04 13:00:00,The Magnificent Seven,Action,John Sturges,1960,128,12,8.5
4486,2022-12-04 10:30:00,A Little Princess,Drama,Alfonso Cuarón,1995,97,0,7.5
4487,2022-12-03 15:00:00,Touch of Evil,Crime,Orson Welles,1958,95,12,8.5
4488,2022-12-03 12:30:00,Enter the Dragon,Action,Robert Clouse,1973,102,12,7.5
4489,2022-12-03 10:00:00,La passion de Jeanne d'Arc,Biography,Carl Theodor Dreyer,1928,110,12,6.5
4490,2022-12-02 17:00:00,Saving Private Ryan,Drama,Steven Spielberg,1998,169,16,6.5
4491,2022-12-02 14:00:00,From Here to Eternity,Drama,Fred Zinnemann,1953,118,12,7.5
4492,2022-12-02 10:00:00,Dances with Wolves,Adventure,Kevin Costner,1990,181,0,7.5
4493,2022-12-01 15:00:00,Dances with Wolves,Adventure,Kevin Costner,1990,181,0,8.0
4494,2022-12-01 12:30:00,Rashômon,Crime,Akira Kurosawa,1950,88,12,7.5
4495,2022-12-01 10:30:00,The Kid,Comedy,Charles Chaplin,1921,68,12,6.5
4496,2022-11-30 12:30:00,Rashômon,Crime,Akira Kurosawa,1950,88,12,8.5
4497,2022-11-30 10:00:00,A Little Princess,Drama,Alfonso Cuarón,1995,97,0,7.0
4498,2022-11-29 10:30:00,The Kid,Comedy,Charles Chaplin,1921,68,12,6.5
4499,2022-11-28 17:00:00,Enter the Dragon,Action,Robert Clouse,1973,102,12,7.0
4500,2022-11-28 14:30:00,Rashômon,Crime,Akira Kurosawa,1950,88,12,7.0
4501,2022-11-28 10:00:00,Ben-Hur,Adventure,William Wyler,1959,212,0,8.0
4502,2022-11-27 15:30:00,Dances with Wolves,Adventure,Kevin Costner,1990,181,0,8.5
4503,2022-11-27 13:00:00,From Here to Eternity,Drama,Fred Zinnemann,1953,118,12,8.0
4504,2022-11-27 10:30:00,Days of Heaven,Drama,Terrence Malick,1978,94,6,7.0
4505,2022-11-26 19:00:00,Days of Heaven,Drama,Terrence Malick,1978,94,6,10.0
4506,2022-11-26 16:00:00,Blowup,Drama,Michelangelo Antonioni,1966,111,12,7.0
4507,2022-11-26 12:30:00,Gladiator,Action,Ridley Scott,2000,155,12,8.5
4508,2022-11-26 10:00:00,Majo no takkyûbin,Animation,Hayao Miyazaki,1989,103,0,7.5
4509,2022-11-25 15:30:00,North by Northwest,Adventure,Alfred Hitchcock,1959,136,0,7.5
4510,2022-11-25 12:30:00,From Here to Eternity,Drama,Fred Zinnemann,1953,118,12,6.5
4511,2022-11-25 10:00:00,Midnight Cowboy,Drama,John Schlesinger,1969,113,12,8.5
4512,2022-11-24 13:30:00,Ben-Hur,Adventure,William Wyler,1959,212,0,7.5
4513,2022-11-24 10:30:00,A Streetcar Named Desire,Drama,Elia Kazan,1951,122,12,8.0
4514,2022-11-23 10:00:00,Saving Private Ryan,Drama,Steven Spielberg,1998,169,16,8.5
4515,2022-11-22 13:00:00,Hannah and Her Sisters,Comedy,Woody Allen,1986,107,12,8.5
4516,2022-11-22 10:30:00,Falling Down,Action,Joel Schumacher,1993,113,16,8.0
4517,2022-11-21 13:00:00,Midnight Cowboy,Drama,John Schlesinger,1969,113,12,7.5
4518,2022-11-21 10:30:00,Days of Heaven,Drama,Terrence Malick,1978,94,6,8.0
4519,2022-11-20 19:30:00,Dances with Wolves,Adventure,Kevin Costner,1990,181,0,10.0
4520,2022-11-20 16:30:00,From Here to Eternity,Drama,Fred Zinnemann,1953,118,12,8.0
4521,2022-11-20 13:30:00,The Magnificent Seven,Action,John Sturges,1960,128,12,8.0
4522,2022-11-20 10:30:00,From Here to Eternity,Drama,Fred Zinnemann,1953,118,12,8.0
4523,2022-11-19 16:00:00,Midnight Express,Biography,Alan Parker,1978,121,12,7.5
4524,2022-11-19 13:00:00,The Magnificent Seven,Action,John Sturges,1960,128,12,7.5
4525,2022-11-19 10:00:00,Cast Away,Adventure,Robert Zemeckis,2000,143,12,8.5
4526,2022-11-18 10:30:00,Sense and Sensibility,Drama,Ang Lee,1995,136,0,8.0
4527,2022-11-17 14:30:00,The Usual Suspects,Crime,Bryan Singer,1995,106,12,7.5
4528,2022-11-17 12:30:00,Kôkaku Kidôtai,Animation,Mamoru Oshii,1995,83,12,8.5
4529,2022-11-17 10:00:00,The Usual Suspects,Crime,Bryan Singer,1995,106,12,8.0
4530,2022-11-16 16:00:00,City Lights,Comedy,Charles Chaplin,1931,87,0,8.0
4531,2022-11-16 13:00:00,A Clockwork Orange,Crime,Stanley Kubrick,1971,136,12,7.5
4532,2022-11-16 10:30:00,Touch of Evil,Crime,Orson Welles,1958,95,12,8.0
4533,2022-11-15 15:30:00,The Kid,Comedy,Charles Chaplin,1921,68,12,7.5
4534,2022-11-15 13:00:00,Hannah and Her Sisters,Comedy,Woody Allen,1986,107,12,7.0
4535,2022-11-15 10:00:00,Le salaire de la peur,Adventure,Henri-Georges Clouzot,1953,131,0,7.5
4536,2022-11-14 16:30:00,Gladiator,Action,Ridley Scott,2000,155,12,7.0
4537,2022-11-14 13:30:00,The Magnificent Seven,Action,John Sturges,1960,128,12,7.5
4538,2022-11-14 10:30:00,The Magnificent Seven,Action,John Sturges,1960,128,12,8.0
4539,2022-11-13 18:00:00,Sense and Sensibility,Drama,Ang Lee,1995,136,0,10.0
4540,2022-11-13 15:30:00,Rupan sansei: Kariosutoro no shiro,Animation,Hayao Miyazaki,1979,100,0,7.0
4541,2022-11-13 12:00:00,Gladiator,Action,Ridley Scott,2000,155,12,7.5
4542,2022-11-13 10:00:00,The Invisible Man,Horror,James Whale,1933,71,12,8.5
4543,2022-11-12 18:00:00,Dances with Wolves,Adventure,Kevin Costner,1990,181,0,9.0
4544,2022-11-12 15:30:00,Midnight Cowboy,Drama,John Schlesinger,1969,113,12,6.5
4545,2022-11-12 13:30:00,The Invisible Man,Horror,James Whale,1933,71,12,8.5
4546,2022-11-12 10:00:00,The Great Escape,Adventure,John Sturges,1963,172,0,8.5
4547,2022-11-11 16:00:00,Der Himmel über Berlin,Drama,Wim Wenders,1987,128,0,7.5
4548,2022-11-11 13:00:00,A Clockwork Orange,Crime,Stanley Kubrick,1971,136,12,7.0
4549,2022-11-11 10:00:00,The Magnificent Seven,Action,John Sturges,1960,128,12,8.0
4550,2022-11-10 10:00:00,A Streetcar Named Desire,Drama,Elia Kazan,1951,122,12,8.5
4551,2022-11-09 16:30:00,Midnight Cowboy,Drama,John Schlesinger,1969,113,12,7.0
4552,2022-11-09 13:30:00,The Hustler,Drama,Robert Rossen,1961,134,12,8.5
4553,2022-11-09 10:30:00,Adaptation.,Comedy,Spike Jonze,2002,115,16,6.5
4554,2022-11-08 12:30:00,Midnight Cowboy,Drama,John Schlesinger,1969,113,12,6.5
4555,2022-11-08 10:00:00,Enter the Dragon,Action,Robert Clouse,1973,102,12,8.0
4556,2022-11-07 13:00:00,Kôkaku Kidôtai,Animation,Mamoru Oshii,1995,83,12,8.5
4557,2022-11-07 10:00:00,Cast Away,Adventure,Robert Zemeckis,2000,143,12,8.5
4558,2022-11-06 18:00:00,Kôkaku Kidôtai,Animation,Mamoru Oshii,1995,83,12,9.0
4559,2022-11-06 15:30:00,City Lights,Comedy,Charles Chaplin,1931,87,0,8.5
4560,2022-11-06 13:00:00,Do lok tin si,Comedy,Kar-Wai Wong,1995,99,12,8.5
4561,2022-11-06 10:30:00,Rupan sansei: Kariosutoro no shiro,Animation,Hayao Miyazaki,1979,100,0,7.0
4562,2022-11-05 19:00:00,The Magnificent Seven,Action,John Sturges,1960,128,12,8.5
4563,2022-11-05 16:30:00,Kôkaku Kidôtai,Animation,Mamoru Oshii,1995,83,12,7.5
4564,2022-11-05 13:30:00,Le salaire de la peur,Adventure,Henri-Georges Clouzot,1953,131,0,7.5
4565,2022-11-05 10:00:00,Gladiator,Action,Ridley Scott,2000,155,12,8.5
4566,2022-11-04 14:00:00,Midnight Cowboy,Drama,John Schlesinger,1969,113,12,8.5
4567,2022-11-04 10:30:00,Gladiator,Action,Ridley Scott,2000,155,12,7.0
4568,2022-11-03 13:00:00,City Lights,Comedy,Charles Chaplin,1931,87,0,8.0
4569,2022-11-03 10:30:00,Fargo,Crime,Joel Coen,1996,98,12,8.5
4570,2022-11-02 10:30:00,"O Brother, Where Art Thou?",Adventure,Joel Coen,2000,107,0,6.5
4571,2022-11-01 10:00:00,Falling Down,Action,Joel Schumacher,1993,113,16,8.5
4572,2022-10-31 16:30:00,Do lok tin si,Comedy,Kar-Wai Wong,1995,99,12,7.5
4573,2022-10-31 14:00:00,Jungfrukällan,Drama,Ingmar Bergman,1960,89,12,7.5
4574,2022-10-31 10:30:00,Judgment at Nuremberg,Drama,Stanley Kramer,1961,179,12,7.0
4575,2022-10-30 17:00:00,Midnight Express,Biography,Alan Parker,1978,121,12,7.5
4576,2022-10-30 14:30:00,Midnight Cowboy,Drama,John Schlesinger,1969,113,12,7.0
4577,2022-10-30 10:30:00,The Deer Hunter,Drama,Michael Cimino,1978,183,12,8.5
4578,2022-10-29 17:30:00,Predator,Action,John McTiernan,1987,107,12,8.5
4579,2022-10-29 15:00:00,Do lok tin si,Comedy,Kar-Wai Wong,1995,99,12,7.0
4580,2022-10-29 12:30:00,Do lok tin si,Comedy,Kar-Wai Wong,1995,99,12,7.0
4581,2022-10-29 10:00:00,City Lights,Comedy,Charles Chaplin,1931,87,0,8.5
4582,2022-10-28 10:00:00,His Girl Friday,Comedy,Howard Hawks,1940,92,12,6.5
4583,2022-10-27 10:00:00,Cast Away,Adventure,Robert Zemeckis,2000,143,12,7.0
4584,2022-10-26 13:00:00,The Hustler,Drama,Robert Rossen,1961,134,12,8.0
4585,2022-10-26 10:30:00,"O Brother, Where Art Thou?",Adventure,Joel Coen,2000,107,0,7.0
4586,2022-10-25 13:00:00,A Streetcar Named Desire,Drama,Elia Kazan,1951,122,12,6.5
4587,2022-10-25 10:00:00,Miller's Crossing,Crime,Joel Coen,1990,115,16,7.5
4588,2022-10-24 12:00:00,"O Brother, Where Art Thou?",Adventure,Joel Coen,2000,107,0,7.5
4589,2022-10-24 10:00:00,Kôkaku Kidôtai,Animation,Mamoru Oshii,1995,83,12,7.0
4590,2022-10-23 18:00:00,Kind Hearts and Coronets,Comedy,Robert Hamer,1949,106,0,9.5
4591,2022-10-23 15:30:00,City Lights,Comedy,Charles Chaplin,1931,87,0,8.0
4592,2022-10-23 13:00:00,"O Brother, Where Art Thou?",Adventure,Joel Coen,2000,107,0,8.5
4593,2022-10-23 10:30:00,Dark City,Mystery,Alex Proyas,1998,100,12,7.5
4594,2022-10-22 17:00:00,Gladiator,Action,Ridley Scott,2000,155,12,8.0
4595,2022-10-22 13:00:00,Judgment at Nuremberg,Drama,Stanley Kramer,1961,179,12,7.5
4596,2022-10-22 10:30:00,Midnight Cowboy,Drama,John Schlesinger,1969,113,12,7.5
4597,2022-10-21 10:30:00,Le salaire de la peur,Adventure,Henri-Georges Clouzot,1953,131,0,7.5
4598,2022-10-20 16:00:00,Do lok tin si,Comedy,Kar-Wai Wong,1995,99,12,8.5
4599,2022-10-20 13:30:00,Jungfrukällan,Drama,Ingmar Bergman,1960,89,12,8.0
4600,2022-10-20 10:30:00,Le salaire de la peur,Adventure,Henri-Georges Clouzot,1953,131,0,8.5
4601,2022-10-19 10:30:00,Dark City,Mystery,Alex Proyas,1998,100,12,6.5
4602,2022-10-18 16:30:00,The Fugitive,Action,Andrew Davis,1993,130,0,8.5
4603,2022-10-18 13:30:00,La Grande Illusion,Drama,Jean Renoir,1937,113,12,8.0
4604,2022-10-18 10:00:00,Gladiator,Action,Ridley Scott,2000,155,12,8.0
4605,2022-10-17 10:30:00,Sense and Sensibility,Drama,Ang Lee,1995,136,0,7.5
4606,2022-10-16 15:00:00,Kind Hearts and Coronets,Comedy,Robert Hamer,1949,106,0,8.0
4607,2022-10-16 12:30:00,"O Brother, Where Art Thou?",Adventure,Joel Coen,2000,107,0,8.0
4608,2022-10-16 10:00:00,Fargo,Crime,Joel Coen,1996,98,12,7.0
4609,2022-10-15 18:30:00,The Hustler,Drama,Robert Rossen,1961,134,12,9.0
4610,2022-10-15 16:00:00,"O Brother, Where Art Thou?",Adventure,Joel Coen,2000,107,0,8.5
4611,2022-10-15 13:00:00,The Hustler,Drama,Robert Rossen,1961,134,12,8.0
4612,2022-10-15 10:00:00,Miller's Crossing,Crime,Joel Coen,1990,115,16,6.5
4613,2022-10-14 13:00:00,Fargo,Crime,Joel Coen,1996,98,12,8.5
4614,2022-10-14 10:00:00,The Hustler,Drama,Robert Rossen,1961,134,12,7.5
4615,2022-10-13 13:00:00,Dark City,Mystery,Alex Proyas,1998,100,12,7.5
4616,2022-10-13 10:00:00,The Hustler,Drama,Robert Rossen,1961,134,12,8.0
4617,2022-10-12 10:30:00,Der Himmel über Berlin,Drama,Wim Wenders,1987,128,0,8.5
4618,2022-10-11 13:00:00,Gladiator,Action,Ridley Scott,2000,155,12,8.0
4619,2022-10-11 10:30:00,His Girl Friday,Comedy,Howard Hawks,1940,92,12,7.0
4620,2022-10-10 10:30:00,Doctor Zhivago,Drama,David Lean,1965,197,12,7.5
4621,2022-10-09 17:00:00,The Straight Story,Biography,David Lynch,1999,112,0,8.5
4622,2022-10-09 14:30:00,Do lok tin si,Comedy,Kar-Wai Wong,1995,99,12,7.0
4623,2022-10-09 10:30:00,Judgment at Nuremberg,Drama,Stanley Kramer,1961,179,12,8.0
4624,2022-10-08 18:00:00,Zerkalo,Biography,Andrei Tarkovsky,1975,107,0,9.0
4625,2022-10-08 15:30:00,12 Angry Men,Crime,Sidney Lumet,1957,96,0,6.5
4626,2022-10-08 12:30:00,I Am Sam,Drama,Jessie Nelson,2001,132,12,8.5
4627,2022-10-08 10:00:00,Kind Hearts and Coronets,Comedy,Robert Hamer,1949,106,0,8.5
4628,2022-10-07 13:00:00,Miller's Crossing,Crime,Joel Coen,1990,115,16,7.5
4629,2022-10-07 10:00:00,The Fugitive,Action,Andrew Davis,1993,130,0,7.0
4630,2022-10-06 16:00:00,Kind Hearts and Coronets,Comedy,Robert Hamer,1949,106,0,8.5
4631,2022-10-06 13:30:00,Raiders of the Lost Ark,Action,Steven Spielberg,1981,115,12,7.0
4632,2022-10-06 10:30:00,The Hustler,Drama,Robert Rossen,1961,134,12,7.0
4633,2022-10-05 13:30:00,Hable con ella,Drama,Pedro Almodóvar,2002,112,16,7.5
4634,2022-10-05 10:00:00,The Great Escape,Adventure,John Sturges,1963,172,0,8.5
4635,2022-10-04 15:30:00,What's Eating Gilbert Grape,Drama,Lasse Hallström,1993,118,0,6.5
4636,2022-10-04 13:00:00,Tonari no Totoro,Animation,Hayao Miyazaki,1988,86,0,6.5
4637,2022-10-04 10:00:00,La Grande Illusion,Drama,Jean Renoir,1937,113,12,7.0
4638,2022-10-03 12:00:00,I Am Sam,Drama,Jessie Nelson,2001,132,12,7.0
4639,2022-10-03 10:00:00,Love and Death,Comedy,Woody Allen,1975,85,6,8.5
4640,2022-10-02 18:30:00,12 Angry Men,Crime,Sidney Lumet,1957,96,0,10.0
4641,2022-10-02 15:30:00,Some Like It Hot,Comedy,Billy Wilder,1959,121,0,8.0
4642,2022-10-02 13:00:00,His Girl Friday,Comedy,Howard Hawks,1940,92,12,8.0
4643,2022-10-02 10:00:00,Per qualche dollaro in più,Western,Sergio Leone,1965,132,0,7.0
4644,2022-10-01 16:00:00,Some Like It Hot,Comedy,Billy Wilder,1959,121,0,7.0
4645,2022-10-01 13:00:00,The Fugitive,Action,Andrew Davis,1993,130,0,7.5
4646,2022-10-01 10:30:00,Lifeboat,Drama,Alfred Hitchcock,1944,97,12,6.5
4647,2022-09-30 10:00:00,Do lok tin si,Comedy,Kar-Wai Wong,1995,99,12,6.5
4648,2022-09-29 15:30:00,The Hustler,Drama,Robert Rossen,1961,134,12,8.5
4649,2022-09-29 13:00:00,La Grande Illusion,Drama,Jean Renoir,1937,113,12,7.0
4650,2022-09-29 10:30:00,12 Angry Men,Crime,Sidney Lumet,1957,96,0,8.0
4651,2022-09-28 12:30:00,The Great Escape,Adventure,John Sturges,1963,172,0,7.0
4652,2022-09-28 10:00:00,Fargo,Crime,Joel Coen,1996,98,12,7.5
4653,2022-09-27 12:30:00,The Deer Hunter,Drama,Michael Cimino,1978,183,12,8.0
4654,2022-09-27 10:00:00,Do lok tin si,Comedy,Kar-Wai Wong,1995,99,12,8.5
4655,2022-09-26 10:30:00,The Deer Hunter,Drama,Michael Cimino,1978,183,12,7.5
4656,2022-09-25 16:00:00,Doctor Zhivago,Drama,David Lean,1965,197,12,6.5
4657,2022-09-25 13:30:00,His Girl Friday,Comedy,Howard Hawks,1940,92,12,7.0
4658,2022-09-25 10:30:00,Hable con ella,Drama,Pedro Almodóvar,2002,112,16,7.0
4659,2022-09-24 20:00:00,A Streetcar Named Desire,Drama,Elia Kazan,1951,122,12,9.5
4660,2022-09-24 17:00:00,Per qualche dollaro in più,Western,Sergio Leone,1965,132,0,7.5
4661,2022-09-24 13:00:00,The Great Escape,Adventure,John Sturges,1963,172,0,8.0
4662,2022-09-24 10:30:00,Tonari no Totoro,Animation,Hayao Miyazaki,1988,86,0,6.5
4663,2022-09-23 12:30:00,Vivre sa vie: Film en douze tableaux,Drama,Jean-Luc Godard,1962,80,12,6.5
4664,2022-09-23 10:00:00,Vivre sa vie: Film en douze tableaux,Drama,Jean-Luc Godard,1962,80,12,6.5
4665,2022-09-22 10:30:00,Lifeboat,Drama,Alfred Hitchcock,1944,97,12,6.5
4666,2022-09-21 10:30:00,Doctor Zhivago,Drama,David Lean,1965,197,12,8.0
4667,2022-09-20 10:00:00,Doctor Zhivago,Drama,David Lean,1965,197,12,7.0
4668,2022-09-19 13:30:00,Doctor Zhivago,Drama,David Lean,1965,197,12,8.5
4669,2022-09-19 10:30:00,Some Like It Hot,Comedy,Billy Wilder,1959,121,0,8.0
4670,2022-09-18 19:00:00,Judgment at Nuremberg,Drama,Stanley Kramer,1961,179,12,9.5
4671,2022-09-18 15:30:00,The Great Escape,Adventure,John Sturges,1963,172,0,7.0
4672,2022-09-18 13:00:00,The Innocents,Horror,Jack Clayton,1961,100,12,8.0
4673,2022-09-18 10:30:00,The Innocents,Horror,Jack Clayton,1961,100,12,6.5
4674,2022-09-17 16:30:00,Doctor Zhivago,Drama,David Lean,1965,197,12,8.0
4675,2022-09-17 12:30:00,The Great Escape,Adventure,John Sturges,1963,172,0,7.5
4676,2022-09-17 10:00:00,Zerkalo,Biography,Andrei Tarkovsky,1975,107,0,8.0
4677,2022-09-16 10:00:00,Lifeboat,Drama,Alfred Hitchcock,1944,97,12,8.0
4678,2022-09-15 12:30:00,A Streetcar Named Desire,Drama,Elia Kazan,1951,122,12,8.5
4679,2022-09-15 10:00:00,Tonari no Totoro,Animation,Hayao Miyazaki,1988,86,0,8.0
4680,2022-09-14 10:30:00,All About Eve,Drama,Joseph L. Mankiewicz,1950,138,12,7.0
4681,2022-09-13 13:30:00,His Girl Friday,Comedy,Howard Hawks,1940,92,12,8.0
4682,2022-09-13 10:00:00,Ran,Action,Akira Kurosawa,1985,162,0,7.5
4683,2022-09-12 10:30:00,Raiders of the Lost Ark,Action,Steven Spielberg,1981,115,12,8.5
4684,2022-09-11 19:30:00,Scarface: The Shame of the Nation,Action,Howard Hawks,1932,93,6,10.0
4685,2022-09-11 16:30:00,All About Eve,Drama,Joseph L. Mankiewicz,1950,138,12,8.5
4686,2022-09-11 12:30:00,Judgment at Nuremberg,Drama,Stanley Kramer,1961,179,12,6.5
4687,2022-09-11 10:00:00,To Have and Have Not,Adventure,Howard Hawks,1944,100,6,8.5
4688,2022-09-10 15:30:00,My Cousin Vinny,Comedy,Jonathan Lynn,1992,120,12,8.5
4689,2022-09-10 13:00:00,Tonari no Totoro,Animation,Hayao Miyazaki,1988,86,0,6.5
4690,2022-09-10 10:00:00,Raiders of the Lost Ark,Action,Steven Spielberg,1981,115,12,7.0
4691,2022-09-09 13:30:00,Raging Bull,Biography,Martin Scorsese,1980,129,12,7.0
4692,2022-09-09 10:30:00,I Am Sam,Drama,Jessie Nelson,2001,132,12,7.5
4693,2022-09-08 10:00:00,Tonari no Totoro,Animation,Hayao Miyazaki,1988,86,0,8.5
4694,2022-09-07 16:00:00,I Am Sam,Drama,Jessie Nelson,2001,132,12,8.0
4695,2022-09-07 13:00:00,Gilda,Drama,Charles Vidor,1946,110,12,7.0
4696,2022-09-07 10:00:00,I Am Sam,Drama,Jessie Nelson,2001,132,12,7.5
4697,2022-09-06 13:00:00,Hable con ella,Drama,Pedro Almodóvar,2002,112,16,7.5
4698,2022-09-06 10:30:00,Kramer vs. Kramer,Drama,Robert Benton,1979,105,12,7.5
4699,2022-09-05 12:30:00,The Innocents,Horror,Jack Clayton,1961,100,12,7.5
4700,2022-09-05 10:00:00,Kramer vs. Kramer,Drama,Robert Benton,1979,105,12,7.5
4701,2022-09-04 18:30:00,Hable con ella,Drama,Pedro Almodóvar,2002,112,16,10.0
4702,2022-09-04 15:30:00,Raiders of the Lost Ark,Action,Steven Spielberg,1981,115,12,8.5
4703,2022-09-04 13:00:00,Ferris Bueller's Day Off,Comedy,John Hughes,1986,103,0,7.0
4704,2022-09-04 10:00:00,A Streetcar Named Desire,Drama,Elia Kazan,1951,122,12,7.5
4705,2022-09-03 19:30:00,My Cousin Vinny,Comedy,Jonathan Lynn,1992,120,12,10.0
4706,2022-09-03 16:00:00,Ran,Action,Akira Kurosawa,1985,162,0,7.0
4707,2022-09-03 13:30:00,Love and Death,Comedy,Woody Allen,1975,85,6,8.5
4708,2022-09-03 10:30:00,Raiders of the Lost Ark,Action,Steven Spielberg,1981,115,12,7.0
4709,2022-09-02 15:30:00,Zerkalo,Biography,Andrei Tarkovsky,1975,107,0,6.5
4710,2022-09-02 13:30:00,Evil Dead II,Action,Sam Raimi,1987,84,12,7.0
4711,2022-09-02 10:30:00,Road to Perdition,Crime,Sam Mendes,2002,117,12,8.0
4712,2022-09-01 14:30:00,Gilda,Drama,Charles Vidor,1946,110,12,6.5
4713,2022-09-01 10:30:00,Dilwale Dulhania Le Jayenge,Drama,Aditya Chopra,1995,189,0,6.5
4714,2022-08-31 10:30:00,Kramer vs. Kramer,Drama,Robert Benton,1979,105,12,8.5
4715,2022-08-30 15:00:00,Kramer vs. Kramer,Drama,Robert Benton,1979,105,12,7.0
4716,2022-08-30 12:30:00,Road to Perdition,Crime,Sam Mendes,2002,117,12,7.5
4717,2022-08-30 10:00:00,Lifeboat,Drama,Alfred Hitchcock,1944,97,12,8.5
4718,2022-08-29 14:30:00,Love and Death,Comedy,Woody Allen,1975,85,6,7.0
4719,2022-08-29 10:30:00,Dilwale Dulhania Le Jayenge,Drama,Aditya Chopra,1995,189,0,7.0
4720,2022-08-28 16:30:00,Lifeboat,Drama,Alfred Hitchcock,1944,97,12,7.0
4721,2022-08-28 13:30:00,Raging Bull,Biography,Martin Scorsese,1980,129,12,8.5
4722,2022-08-28 10:30:00,Memento,Mystery,Christopher Nolan,2000,113,12,8.0
4723,2022-08-27 18:30:00,Ran,Action,Akira Kurosawa,1985,162,0,9.5
4724,2022-08-27 16:00:00,Lifeboat,Drama,Alfred Hitchcock,1944,97,12,7.0
4725,2022-08-27 13:00:00,Raging Bull,Biography,Martin Scorsese,1980,129,12,8.0
4726,2022-08-27 10:30:00,Raiders of the Lost Ark,Action,Steven Spielberg,1981,115,12,7.0
4727,2022-08-26 10:30:00,A Streetcar Named Desire,Drama,Elia Kazan,1951,122,12,8.0
4728,2022-08-25 15:30:00,A Hard Day's Night,Comedy,Richard Lester,1964,87,0,6.5
4729,2022-08-25 12:30:00,Night on Earth,Comedy,Jim Jarmusch,1991,129,16,7.5
4730,2022-08-25 10:00:00,Lifeboat,Drama,Alfred Hitchcock,1944,97,12,8.5
4731,2022-08-24 10:30:00,12 Angry Men,Crime,Sidney Lumet,1957,96,0,7.0
4732,2022-08-23 12:30:00,Notorious,Drama,Alfred Hitchcock,1946,102,0,7.0
4733,2022-08-23 10:00:00,Gilda,Drama,Charles Vidor,1946,110,12,7.0
4734,2022-08-22 12:30:00,Love and Death,Comedy,Woody Allen,1975,85,6,7.0
4735,2022-08-22 10:00:00,Mimi wo sumaseba,Animation,Yoshifumi Kondô,1995,111,0,8.5
4736,2022-08-21 16:00:00,The Innocents,Horror,Jack Clayton,1961,100,12,8.5
4737,2022-08-21 13:00:00,Donnie Brasco,Biography,Mike Newell,1997,127,12,7.0
4738,2022-08-21 10:30:00,Road to Perdition,Crime,Sam Mendes,2002,117,12,6.5
4739,2022-08-20 16:00:00,Dilwale Dulhania Le Jayenge,Drama,Aditya Chopra,1995,189,0,7.5
4740,2022-08-20 13:30:00,The Innocents,Horror,Jack Clayton,1961,100,12,7.5
4741,2022-08-20 10:30:00,Tôkyô monogatari,Drama,Yasujirô Ozu,1953,136,0,8.5
4742,2022-08-19 13:30:00,My Cousin Vinny,Comedy,Jonathan Lynn,1992,120,12,7.0
4743,2022-08-19 10:30:00,My Cousin Vinny,Comedy,Jonathan Lynn,1992,120,12,7.0
4744,2022-08-18 15:30:00,Sense and Sensibility,Drama,Ang Lee,1995,136,0,6.5
4745,2022-08-18 12:30:00,Road to Perdition,Crime,Sam Mendes,2002,117,12,6.5
4746,2022-08-18 10:00:00,To Have and Have Not,Adventure,Howard Hawks,1944,100,6,7.5
4747,2022-08-17 10:30:00,Night on Earth,Comedy,Jim Jarmusch,1991,129,16,8.0
4748,2022-08-16 16:30:00,Raiders of the Lost Ark,Action,Steven Spielberg,1981,115,12,8.0
4749,2022-08-16 13:30:00,Sense and Sensibility,Drama,Ang Lee,1995,136,0,7.5
4750,2022-08-16 10:30:00,My Cousin Vinny,Comedy,Jonathan Lynn,1992,120,12,7.0
4751,2022-08-15 13:00:00,Batman: Mask of the Phantasm,Animation,Kevin Altieri,1993,76,6,8.5
4752,2022-08-15 10:30:00,Kramer vs. Kramer,Drama,Robert Benton,1979,105,12,6.5
4753,2022-08-14 16:00:00,Raging Bull,Biography,Martin Scorsese,1980,129,12,6.5
4754,2022-08-14 13:30:00,The Graduate,Comedy,Mike Nichols,1967,106,12,7.5
4755,2022-08-14 10:30:00,North by Northwest,Adventure,Alfred Hitchcock,1959,136,0,7.5
4756,2022-08-13 18:30:00,Raging Bull,Biography,Martin Scorsese,1980,129,12,8.5
4757,2022-08-13 15:30:00,Tôkyô monogatari,Drama,Yasujirô Ozu,1953,136,0,8.5
4758,2022-08-13 13:00:00,"South Park: Bigger, Longer & Uncut",Animation,Trey Parker,1999,81,12,6.5
4759,2022-08-13 10:30:00,Scarface: The Shame of the Nation,Action,Howard Hawks,1932,93,6,7.0
4760,2022-08-12 16:00:00,Kramer vs. Kramer,Drama,Robert Benton,1979,105,12,7.5
4761,2022-08-12 13:30:00,To Be or Not to Be,Comedy,Ernst Lubitsch,1942,99,12,8.0
4762,2022-08-12 10:00:00,Carlito's Way,Crime,Brian De Palma,1993,144,12,6.5
4763,2022-08-11 12:00:00,Memento,Mystery,Christopher Nolan,2000,113,12,8.5
4764,2022-08-11 10:00:00,The Invisible Man,Horror,James Whale,1933,71,12,6.5
4765,2022-08-10 10:00:00,The Bridge on the River Kwai,Adventure,David Lean,1957,161,6,7.0
4766,2022-08-09 10:30:00,Vivre sa vie: Film en douze tableaux,Drama,Jean-Luc Godard,1962,80,12,6.5
4767,2022-08-08 16:30:00,Tôkyô monogatari,Drama,Yasujirô Ozu,1953,136,0,7.5
4768,2022-08-08 13:30:00,Raging Bull,Biography,Martin Scorsese,1980,129,12,8.5
4769,2022-08-08 10:30:00,Per qualche dollaro in più,Western,Sergio Leone,1965,132,0,8.5
4770,2022-08-07 15:30:00,La dolce vita,Comedy,Federico Fellini,1960,174,12,8.0
4771,2022-08-07 13:00:00,The Graduate,Comedy,Mike Nichols,1967,106,12,8.0
4772,2022-08-07 10:30:00,Misery,Drama,Rob Reiner,1990,107,16,8.5
4773,2022-08-06 15:00:00,Vivre sa vie: Film en douze tableaux,Drama,Jean-Luc Godard,1962,80,12,6.5
4774,2022-08-06 12:30:00,Scarface: The Shame of the Nation,Action,Howard Hawks,1932,93,6,7.0
4775,2022-08-06 10:00:00,Kind Hearts and Coronets,Comedy,Robert Hamer,1949,106,0,7.5
4776,2022-08-05 13:00:00,Casablanca,Drama,Michael Curtiz,1942,102,0,7.5
4777,2022-08-05 10:30:00,Who Framed Roger Rabbit,Animation,Robert Zemeckis,1988,104,0,7.5
4778,2022-08-04 10:30:00,Fanny och Alexander,Drama,Ingmar Bergman,1982,188,12,7.5
4779,2022-08-03 10:00:00,High Noon,Drama,Fred Zinnemann,1952,85,6,7.5
4780,2022-08-02 15:30:00,Kind Hearts and Coronets,Comedy,Robert Hamer,1949,106,0,6.5
4781,2022-08-02 12:30:00,My Cousin Vinny,Comedy,Jonathan Lynn,1992,120,12,7.5
4782,2022-08-02 10:00:00,Scarface: The Shame of the Nation,Action,Howard Hawks,1932,93,6,8.0
4783,2022-08-01 14:00:00,Donnie Brasco,Biography,Mike Newell,1997,127,12,8.5
4784,2022-08-01 10:00:00,Dilwale Dulhania Le Jayenge,Drama,Aditya Chopra,1995,189,0,6.5
4785,2022-07-31 16:00:00,The Graduate,Comedy,Mike Nichols,1967,106,12,7.0
4786,2022-07-31 13:00:00,Donnie Brasco,Biography,Mike Newell,1997,127,12,7.5
4787,2022-07-31 10:30:00,Remember the Titans,Biography,Boaz Yakin,2000,113,0,8.5
4788,2022-07-30 15:30:00,Snatch,Comedy,Guy Ritchie,2000,104,12,7.0
4789,2022-07-30 13:00:00,Waking Life,Animation,Richard Linklater,2001,99,16,7.5
4790,2022-07-30 10:30:00,Casablanca,Drama,Michael Curtiz,1942,102,0,6.5
4791,2022-07-29 10:00:00,Snatch,Comedy,Guy Ritchie,2000,104,12,6.5
4792,2022-07-28 10:30:00,La dolce vita,Comedy,Federico Fellini,1960,174,12,7.0
4793,2022-07-27 12:30:00,North by Northwest,Adventure,Alfred Hitchcock,1959,136,0,8.5
4794,2022-07-27 10:30:00,Vivre sa vie: Film en douze tableaux,Drama,Jean-Luc Godard,1962,80,12,8.0
4795,2022-07-26 17:00:00,Dom za vesanje,Comedy,Emir Kusturica,1988,142,16,8.5
4796,2022-07-26 13:30:00,The Bridge on the River Kwai,Adventure,David Lean,1957,161,6,7.5
4797,2022-07-26 10:30:00,The Elephant Man,Biography,David Lynch,1980,124,12,7.0
4798,2022-07-25 13:30:00,The Elephant Man,Biography,David Lynch,1980,124,12,7.5
4799,2022-07-25 10:30:00,Memento,Mystery,Christopher Nolan,2000,113,12,7.5
4800,2022-07-24 14:30:00,Vivre sa vie: Film en douze tableaux,Drama,Jean-Luc Godard,1962,80,12,8.5
4801,2022-07-24 12:30:00,The Invisible Man,Horror,James Whale,1933,71,12,7.0
4802,2022-07-24 10:00:00,Det sjunde inseglet,Drama,Ingmar Bergman,1957,96,12,8.0
4803,2022-07-23 19:30:00,North by Northwest,Adventure,Alfred Hitchcock,1959,136,0,10.0
4804,2022-07-23 15:30:00,Fiddler on the Roof,Drama,Norman Jewison,1971,181,0,7.5
4805,2022-07-23 13:00:00,Gilda,Drama,Charles Vidor,1946,110,12,8.5
4806,2022-07-23 10:30:00,The Lady Vanishes,Mystery,Alfred Hitchcock,1938,96,12,7.0
4807,2022-07-22 15:30:00,La dolce vita,Comedy,Federico Fellini,1960,174,12,7.5
4808,2022-07-22 12:30:00,Raging Bull,Biography,Martin Scorsese,1980,129,12,8.5
4809,2022-07-22 10:00:00,Who Framed Roger Rabbit,Animation,Robert Zemeckis,1988,104,0,7.5
4810,2022-07-21 12:30:00,La dolce vita,Comedy,Federico Fellini,1960,174,12,7.5
4811,2022-07-21 10:00:00,The Lady Vanishes,Mystery,Alfred Hitchcock,1938,96,12,7.5
4812,2022-07-20 17:00:00,Evil Dead II,Action,Sam Raimi,1987,84,12,6.5
4813,2022-07-20 13:00:00,Fiddler on the Roof,Drama,Norman Jewison,1971,181,0,8.5
4814,2022-07-20 10:30:00,Barton Fink,Comedy,Joel Coen,1991,116,0,7.5
4815,2022-07-19 16:30:00,"South Park: Bigger, Longer & Uncut",Animation,Trey Parker,1999,81,12,7.0
4816,2022-07-19 13:00:00,The Pianist,Biography,Roman Polanski,2002,150,16,8.0
4817,2022-07-19 10:00:00,Barton Fink,Comedy,Joel Coen,1991,116,0,8.5
4818,2022-07-18 12:00:00,The Lady Vanishes,Mystery,Alfred Hitchcock,1938,96,12,8.0
4819,2022-07-18 10:00:00,The Invisible Man,Horror,James Whale,1933,71,12,7.0
4820,2022-07-17 16:30:00,Memento,Mystery,Christopher Nolan,2000,113,12,7.5
4821,2022-07-17 13:00:00,All Quiet on the Western Front,Drama,Lewis Milestone,1930,152,0,6.5
4822,2022-07-17 10:30:00,Bacheha-Ye aseman,Drama,Majid Majidi,1997,89,6,6.5
4823,2022-07-16 18:00:00,The Elephant Man,Biography,David Lynch,1980,124,12,9.5
4824,2022-07-16 15:30:00,Mimi wo sumaseba,Animation,Yoshifumi Kondô,1995,111,0,7.0
4825,2022-07-16 13:00:00,Misery,Drama,Rob Reiner,1990,107,16,7.0
4826,2022-07-16 10:30:00,Who Framed Roger Rabbit,Animation,Robert Zemeckis,1988,104,0,8.5
4827,2022-07-15 16:00:00,Casablanca,Drama,Michael Curtiz,1942,102,0,8.0
4828,2022-07-15 13:00:00,Dom za vesanje,Comedy,Emir Kusturica,1988,142,16,6.5
4829,2022-07-15 10:30:00,To Be or Not to Be,Comedy,Ernst Lubitsch,1942,99,12,6.5
4830,2022-07-14 10:00:00,Gone with the Wind,Drama,Victor Fleming,1939,238,0,8.0
4831,2022-07-13 13:30:00,Tôkyô monogatari,Drama,Yasujirô Ozu,1953,136,0,6.5
4832,2022-07-13 10:00:00,The Bridge on the River Kwai,Adventure,David Lean,1957,161,6,8.0
4833,2022-07-12 10:00:00,Fiddler on the Roof,Drama,Norman Jewison,1971,181,0,6.5
4834,2022-07-11 16:00:00,Per qualche dollaro in più,Western,Sergio Leone,1965,132,0,7.0
4835,2022-07-11 13:30:00,High Noon,Drama,Fred Zinnemann,1952,85,6,7.0
4836,2022-07-11 10:00:00,Carlito's Way,Crime,Brian De Palma,1993,144,12,6.5
4837,2022-07-10 15:30:00,Snatch,Comedy,Guy Ritchie,2000,104,12,8.5
4838,2022-07-10 13:00:00,The Lady Vanishes,Mystery,Alfred Hitchcock,1938,96,12,8.0
4839,2022-07-10 10:30:00,Waking Life,Animation,Richard Linklater,2001,99,16,6.5
4840,2022-07-09 16:30:00,Fiddler on the Roof,Drama,Norman Jewison,1971,181,0,7.0
4841,2022-07-09 14:00:00,High Noon,Drama,Fred Zinnemann,1952,85,6,8.0
4842,2022-07-09 10:00:00,Fiddler on the Roof,Drama,Norman Jewison,1971,181,0,7.0
4843,2022-07-08 16:00:00,Bacheha-Ye aseman,Drama,Majid Majidi,1997,89,6,8.5
4844,2022-07-08 13:30:00,The Sixth Sense,Drama,M. Night Shyamalan,1999,107,12,8.0
4845,2022-07-08 10:00:00,Gladiator,Action,Ridley Scott,2000,155,12,7.0
4846,2022-07-07 13:00:00,Arsenic and Old Lace,Comedy,Frank Capra,1942,118,12,8.0
4847,2022-07-07 10:30:00,Planet of the Apes,Adventure,Franklin J. Schaffner,1968,112,0,8.5
4848,2022-07-06 13:00:00,Snatch,Comedy,Guy Ritchie,2000,104,12,8.5
4849,2022-07-06 10:00:00,Planet of the Apes,Adventure,Franklin J. Schaffner,1968,112,0,7.0
4850,2022-07-05 10:00:00,Casablanca,Drama,Michael Curtiz,1942,102,0,7.5
4851,2022-07-04 10:00:00,Reservoir Dogs,Crime,Quentin Tarantino,1992,99,16,8.5
4852,2022-07-03 19:30:00,Planet of the Apes,Adventure,Franklin J. Schaffner,1968,112,0,10.0
4853,2022-07-03 17:00:00,Planet of the Apes,Adventure,Franklin J. Schaffner,1968,112,0,8.0
4854,2022-07-03 13:30:00,The Pianist,Biography,Roman Polanski,2002,150,16,7.5
4855,2022-07-03 10:00:00,The Bridge on the River Kwai,Adventure,David Lean,1957,161,6,8.5
4856,2022-07-02 15:30:00,Misery,Drama,Rob Reiner,1990,107,16,6.5
4857,2022-07-02 13:00:00,A Hard Day's Night,Comedy,Richard Lester,1964,87,0,6.5
4858,2022-07-02 10:30:00,Misery,Drama,Rob Reiner,1990,107,16,7.5
4859,2022-07-01 13:00:00,Fiddler on the Roof,Drama,Norman Jewison,1971,181,0,8.5
4860,2022-07-01 10:00:00,Predator,Action,John McTiernan,1987,107,12,7.0
4861,2022-06-30 14:00:00,Star Wars: Episode VI - Return of the Jedi,Action,Richard Marquand,1983,131,0,6.5
4862,2022-06-30 10:30:00,All Quiet on the Western Front,Drama,Lewis Milestone,1930,152,0,6.5
4863,2022-06-29 10:00:00,The Sixth Sense,Drama,M. Night Shyamalan,1999,107,12,8.5
4864,2022-06-28 10:30:00,The Night of the Hunter,Crime,Charles Laughton,1955,92,12,6.5
4865,2022-06-27 16:30:00,Abre los ojos,Drama,Alejandro Amenábar,1997,119,0,7.0
4866,2022-06-27 13:00:00,Dom za vesanje,Comedy,Emir Kusturica,1988,142,16,7.5
4867,2022-06-27 10:30:00,Vampire Hunter D: Bloodlust,Animation,Yoshiaki Kawajiri,2000,103,0,7.0
4868,2022-06-26 17:30:00,All Quiet on the Western Front,Drama,Lewis Milestone,1930,152,0,8.0
4869,2022-06-26 15:00:00,Snatch,Comedy,Guy Ritchie,2000,104,12,7.5
4870,2022-06-26 10:00:00,Gone with the Wind,Drama,Victor Fleming,1939,238,0,7.0
4871,2022-06-25 20:00:00,Bacheha-Ye aseman,Drama,Majid Majidi,1997,89,6,10.0
4872,2022-06-25 16:00:00,The Green Mile,Crime,Frank Darabont,1999,189,12,6.5
4873,2022-06-25 12:30:00,The Pianist,Biography,Roman Polanski,2002,150,16,8.0
4874,2022-06-25 10:00:00,The Night of the Hunter,Crime,Charles Laughton,1955,92,12,7.5
4875,2022-06-24 16:30:00,The Night of the Hunter,Crime,Charles Laughton,1955,92,12,7.0
4876,2022-06-24 13:00:00,The Pianist,Biography,Roman Polanski,2002,150,16,7.0
4877,2022-06-24 10:30:00,The Night of the Hunter,Crime,Charles Laughton,1955,92,12,8.0
4878,2022-06-23 10:30:00,Arsenic and Old Lace,Comedy,Frank Capra,1942,118,12,6.5
4879,2022-06-22 13:00:00,Lawrence of Arabia,Adventure,David Lean,1962,228,0,7.0
4880,2022-06-22 10:30:00,Planet of the Apes,Adventure,Franklin J. Schaffner,1968,112,0,8.0
4881,2022-06-21 13:00:00,Peeping Tom,Drama,Michael Powell,1960,101,12,6.5
4882,2022-06-21 10:30:00,Snatch,Comedy,Guy Ritchie,2000,104,12,7.5
4883,2022-06-20 17:00:00,Snatch,Comedy,Guy Ritchie,2000,104,12,7.5
4884,2022-06-20 13:30:00,All Quiet on the Western Front,Drama,Lewis Milestone,1930,152,0,7.5
4885,2022-06-20 10:30:00,8½,Drama,Federico Fellini,1963,138,12,7.5
4886,2022-06-19 19:00:00,Who's Afraid of Virginia Woolf?,Drama,Mike Nichols,1966,131,12,8.5
4887,2022-06-19 16:00:00,Star Wars: Episode VI - Return of the Jedi,Action,Richard Marquand,1983,131,0,7.0
4888,2022-06-19 13:00:00,Abre los ojos,Drama,Alejandro Amenábar,1997,119,0,6.5
4889,2022-06-19 10:30:00,The Night of the Hunter,Crime,Charles Laughton,1955,92,12,7.0
4890,2022-06-18 20:30:00,La règle du jeu,Comedy,Jean Renoir,1939,110,12,9.5
4891,2022-06-18 16:30:00,Fiddler on the Roof,Drama,Norman Jewison,1971,181,0,7.5
4892,2022-06-18 12:30:00,The Green Mile,Crime,Frank Darabont,1999,189,12,6.5
4893,2022-06-18 10:00:00,Days of Heaven,Drama,Terrence Malick,1978,94,6,8.0
4894,2022-06-17 13:30:00,High Noon,Drama,Fred Zinnemann,1952,85,6,6.5
4895,2022-06-17 10:00:00,The Pianist,Biography,Roman Polanski,2002,150,16,7.0
4896,2022-06-16 16:00:00,Planet of the Apes,Adventure,Franklin J. Schaffner,1968,112,0,6.5
4897,2022-06-16 13:00:00,Who's Afraid of Virginia Woolf?,Drama,Mike Nichols,1966,131,12,6.5
4898,2022-06-16 10:30:00,The Sixth Sense,Drama,M. Night Shyamalan,1999,107,12,8.0
4899,2022-06-15 15:30:00,All Quiet on the Western Front,Drama,Lewis Milestone,1930,152,0,8.5
4900,2022-06-15 13:00:00,Reservoir Dogs,Crime,Quentin Tarantino,1992,99,16,8.0
4901,2022-06-15 10:00:00,The Fifth Element,Action,Luc Besson,1997,126,12,8.0
4902,2022-06-14 10:30:00,The Pianist,Biography,Roman Polanski,2002,150,16,7.0
4903,2022-06-13 17:00:00,The Elephant Man,Biography,David Lynch,1980,124,12,6.5
4904,2022-06-13 13:00:00,Titanic,Drama,James Cameron,1997,194,12,8.5
4905,2022-06-13 10:00:00,Star Wars: Episode VI - Return of the Jedi,Action,Richard Marquand,1983,131,0,8.0
4906,2022-06-12 15:00:00,Abre los ojos,Drama,Alejandro Amenábar,1997,119,0,8.5
4907,2022-06-12 12:30:00,Det sjunde inseglet,Drama,Ingmar Bergman,1957,96,12,6.5
4908,2022-06-12 10:00:00,Predator,Action,John McTiernan,1987,107,12,8.0
4909,2022-06-11 18:30:00,Vampire Hunter D: Bloodlust,Animation,Yoshiaki Kawajiri,2000,103,0,9.0
4910,2022-06-11 16:00:00,The Third Man,Film-Noir,Carol Reed,1949,104,12,8.5
4911,2022-06-11 13:00:00,Star Wars: Episode VI - Return of the Jedi,Action,Richard Marquand,1983,131,0,7.0
4912,2022-06-11 10:00:00,La règle du jeu,Comedy,Jean Renoir,1939,110,12,6.5
4913,2022-06-10 16:30:00,Who's Afraid of Virginia Woolf?,Drama,Mike Nichols,1966,131,12,8.5
4914,2022-06-10 14:00:00,Deliverance,Adventure,John Boorman,1972,109,0,7.0
4915,2022-06-10 10:00:00,Titanic,Drama,James Cameron,1997,194,12,7.0
4916,2022-06-09 12:30:00,Star Wars: Episode VI - Return of the Jedi,Action,Richard Marquand,1983,131,0,8.5
4917,2022-06-09 10:00:00,Vampire Hunter D: Bloodlust,Animation,Yoshiaki Kawajiri,2000,103,0,6.5
4918,2022-06-08 13:30:00,Lawrence of Arabia,Adventure,David Lean,1962,228,0,6.5
4919,2022-06-08 10:30:00,Arsenic and Old Lace,Comedy,Frank Capra,1942,118,12,7.5
4920,2022-06-07 10:30:00,The French Connection,Action,William Friedkin,1971,104,12,7.0
4921,2022-06-06 10:30:00,White Heat,Action,Raoul Walsh,1949,114,12,7.0
4922,2022-06-05 18:30:00,Peeping Tom,Drama,Michael Powell,1960,101,12,9.0
4923,2022-06-05 16:00:00,La règle du jeu,Comedy,Jean Renoir,1939,110,12,8.0
4924,2022-06-05 13:30:00,Deliverance,Adventure,John Boorman,1972,109,0,8.0
4925,2022-06-05 10:30:00,Some Like It Hot,Comedy,Billy Wilder,1959,121,0,7.0
4926,2022-06-04 19:00:00,The Sixth Sense,Drama,M. Night Shyamalan,1999,107,12,8.5
4927,2022-06-04 16:00:00,White Heat,Action,Raoul Walsh,1949,114,12,7.0
4928,2022-06-04 13:00:00,Brazil,Drama,Terry Gilliam,1985,132,0,8.0
4929,2022-06-04 10:00:00,La règle du jeu,Comedy,Jean Renoir,1939,110,12,6.5
4930,2022-06-03 10:30:00,The Lost Weekend,Drama,Billy Wilder,1945,101,12,7.5
4931,2022-06-02 16:30:00,The Fifth Element,Action,Luc Besson,1997,126,12,8.5
4932,2022-06-02 13:30:00,Some Like It Hot,Comedy,Billy Wilder,1959,121,0,8.5
4933,2022-06-02 10:30:00,Das Experiment,Drama,Oliver Hirschbiegel,2001,120,16,6.5
4934,2022-06-01 10:00:00,Peeping Tom,Drama,Michael Powell,1960,101,12,7.5
4935,2022-05-31 16:00:00,Days of Heaven,Drama,Terrence Malick,1978,94,6,8.0
4936,2022-05-31 13:30:00,Vampire Hunter D: Bloodlust,Animation,Yoshiaki Kawajiri,2000,103,0,8.0
4937,2022-05-31 10:30:00,The Fifth Element,Action,Luc Besson,1997,126,12,7.0
4938,2022-05-30 10:30:00,Brazil,Drama,Terry Gilliam,1985,132,0,7.5
4939,2022-05-29 18:00:00,Vampire Hunter D: Bloodlust,Animation,Yoshiaki Kawajiri,2000,103,0,10.0
4940,2022-05-29 15:30:00,The Night of the Hunter,Crime,Charles Laughton,1955,92,12,6.5
4941,2022-05-29 13:00:00,Vampire Hunter D: Bloodlust,Animation,Yoshiaki Kawajiri,2000,103,0,8.5
4942,2022-05-29 10:00:00,Donnie Brasco,Biography,Mike Newell,1997,127,12,8.0
4943,2022-05-28 18:00:00,Deliverance,Adventure,John Boorman,1972,109,0,9.0
4944,2022-05-28 15:30:00,The Night of the Hunter,Crime,Charles Laughton,1955,92,12,7.5
4945,2022-05-28 13:00:00,White Heat,Action,Raoul Walsh,1949,114,12,7.5
4946,2022-05-28 10:30:00,Le samouraï,Crime,Jean-Pierre Melville,1967,105,12,6.5
4947,2022-05-27 13:30:00,Peeping Tom,Drama,Michael Powell,1960,101,12,7.0
4948,2022-05-27 10:30:00,Das Experiment,Drama,Oliver Hirschbiegel,2001,120,16,7.0
4949,2022-05-26 18:00:00,Twelve Monkeys,Mystery,Terry Gilliam,1995,129,12,9.0
4950,2022-05-26 15:00:00,The Fifth Element,Action,Luc Besson,1997,126,12,7.5
4951,2022-05-26 10:30:00,The Godfather: Part II,Crime,Francis Ford Coppola,1974,202,12,7.0
4952,2022-05-25 16:00:00,Das Experiment,Drama,Oliver Hirschbiegel,2001,120,16,7.5
4953,2022-05-25 13:00:00,Omohide poro poro,Animation,Isao Takahata,1991,118,0,7.5
4954,2022-05-25 10:00:00,Ordinary People,Drama,Robert Redford,1980,124,0,7.5
4955,2022-05-24 13:30:00,Dil Chahta Hai,Comedy,Farhan Akhtar,2001,183,12,7.5
4956,2022-05-24 10:00:00,The Godfather,Crime,Francis Ford Coppola,1972,175,12,8.0
4957,2022-05-23 15:30:00,Sunrise: A Song of Two Humans,Drama,F.W. Murnau,1927,94,12,8.5
4958,2022-05-23 12:30:00,The Fifth Element,Action,Luc Besson,1997,126,12,8.0
4959,2022-05-23 10:00:00,Vampire Hunter D: Bloodlust,Animation,Yoshiaki Kawajiri,2000,103,0,7.5
4960,2022-05-22 17:30:00,Dawn of the Dead,Action,George A. Romero,1978,127,12,8.0
4961,2022-05-22 14:30:00,Some Like It Hot,Comedy,Billy Wilder,1959,121,0,8.0
4962,2022-05-22 10:30:00,Titanic,Drama,James Cameron,1997,194,12,8.5
4963,2022-05-21 15:00:00,Titanic,Drama,James Cameron,1997,194,12,7.0
4964,2022-05-21 12:30:00,The Night of the Hunter,Crime,Charles Laughton,1955,92,12,7.5
4965,2022-05-21 10:00:00,The French Connection,Action,William Friedkin,1971,104,12,7.5
4966,2022-05-20 13:30:00,Dawn of the Dead,Action,George A. Romero,1978,127,12,7.0
4967,2022-05-20 10:30:00,The Fifth Element,Action,Luc Besson,1997,126,12,8.5
4968,2022-05-19 16:00:00,The Night of the Hunter,Crime,Charles Laughton,1955,92,12,7.5
4969,2022-05-19 13:00:00,Brazil,Drama,Terry Gilliam,1985,132,0,8.0
4970,2022-05-19 10:30:00,Peeping Tom,Drama,Michael Powell,1960,101,12,8.0
4971,2022-05-18 15:00:00,Das Experiment,Drama,Oliver Hirschbiegel,2001,120,16,8.5
4972,2022-05-18 12:30:00,Peeping Tom,Drama,Michael Powell,1960,101,12,7.5
4973,2022-05-18 10:00:00,Le charme discret de la bourgeoisie,Comedy,Luis Buñuel,1972,102,6,8.5
4974,2022-05-17 17:00:00,Peeping Tom,Drama,Michael Powell,1960,101,12,8.5
4975,2022-05-17 12:30:00,The Godfather: Part II,Crime,Francis Ford Coppola,1974,202,12,7.5
4976,2022-05-17 10:00:00,Le samouraï,Crime,Jean-Pierre Melville,1967,105,12,8.0
4977,2022-05-16 10:30:00,Dawn of the Dead,Action,George A. Romero,1978,127,12,7.0
4978,2022-05-15 18:30:00,Omohide poro poro,Animation,Isao Takahata,1991,118,0,9.0
4979,2022-05-15 16:00:00,Repulsion,Drama,Roman Polanski,1965,105,12,7.0
4980,2022-05-15 13:00:00,The Hustler,Drama,Robert Rossen,1961,134,12,6.5
4981,2022-05-15 10:00:00,Fear and Loathing in Las Vegas,Adventure,Terry Gilliam,1998,118,16,8.0
4982,2022-05-14 19:30:00,Days of Heaven,Drama,Terrence Malick,1978,94,6,8.5
4983,2022-05-14 16:30:00,Dom za vesanje,Comedy,Emir Kusturica,1988,142,16,6.5
4984,2022-05-14 13:30:00,Twelve Monkeys,Mystery,Terry Gilliam,1995,129,12,7.5
4985,2022-05-14 10:30:00,White Heat,Action,Raoul Walsh,1949,114,12,8.0
4986,2022-05-13 10:00:00,Brazil,Drama,Terry Gilliam,1985,132,0,8.5
4987,2022-05-12 15:30:00,Butch Cassidy and the Sundance Kid,Biography,George Roy Hill,1969,110,6,7.0
4988,2022-05-12 13:00:00,Le charme discret de la bourgeoisie,Comedy,Luis Buñuel,1972,102,6,8.5
4989,2022-05-12 10:30:00,White Heat,Action,Raoul Walsh,1949,114,12,8.5
4990,2022-05-11 16:00:00,Peeping Tom,Drama,Michael Powell,1960,101,12,7.0
4991,2022-05-11 13:30:00,Days of Heaven,Drama,Terrence Malick,1978,94,6,8.5
4992,2022-05-11 10:30:00,Brazil,Drama,Terry Gilliam,1985,132,0,6.5
4993,2022-05-10 16:30:00,Les quatre cents coups,Crime,François Truffaut,1959,99,12,7.0
4994,2022-05-10 12:30:00,The Godfather: Part II,Crime,Francis Ford Coppola,1974,202,12,6.5
4995,2022-05-10 10:00:00,Repulsion,Drama,Roman Polanski,1965,105,12,7.5
4996,2022-05-09 10:00:00,When Harry Met Sally...,Comedy,Rob Reiner,1989,95,12,8.5
4997,2022-05-08 16:30:00,The Royal Tenenbaums,Comedy,Wes Anderson,2001,110,12,6.5
4998,2022-05-08 12:30:00,Gandhi,Biography,Richard Attenborough,1982,191,0,8.5
4999,2022-05-08 10:00:00,Days of Heaven,Drama,Terrence Malick,1978,94,6,7.0
5000,2022-05-07 15:00:00,The Last Emperor,Biography,Bernardo Bertolucci,1987,163,0,7.0
5001,2022-05-07 12:30:00,12 Angry Men,Crime,Sidney Lumet,1957,96,0,6.5
5002,2022-05-07 10:00:00,Le samouraï,Crime,Jean-Pierre Melville,1967,105,12,6.5
5003,2022-05-06 16:00:00,Hiroshima mon amour,Drama,Alain Resnais,1959,90,12,8.0
5004,2022-05-06 13:00:00,Dom za vesanje,Comedy,Emir Kusturica,1988,142,16,8.5
5005,2022-05-06 10:00:00,Omohide poro poro,Animation,Isao Takahata,1991,118,0,8.0
5006,2022-05-05 18:00:00,Donnie Brasco,Biography,Mike Newell,1997,127,12,9.5
5007,2022-05-05 15:30:00,Deliverance,Adventure,John Boorman,1972,109,0,8.5
5008,2022-05-05 10:30:00,Lawrence of Arabia,Adventure,David Lean,1962,228,0,8.0
5009,2022-05-04 16:30:00,Peeping Tom,Drama,Michael Powell,1960,101,12,8.0
5010,2022-05-04 13:30:00,Brazil,Drama,Terry Gilliam,1985,132,0,8.5
5011,2022-05-04 10:30:00,White Heat,Action,Raoul Walsh,1949,114,12,7.5
5012,2022-05-03 10:30:00,Dom za vesanje,Comedy,Emir Kusturica,1988,142,16,7.0
5013,2022-05-02 16:00:00,Pâfekuto burû,Animation,Satoshi Kon,1997,81,12,8.5
5014,2022-05-02 13:00:00,Being There,Comedy,Hal Ashby,1979,130,6,8.5
5015,2022-05-02 10:30:00,Le samouraï,Crime,Jean-Pierre Melville,1967,105,12,6.5
5016,2022-05-01 18:30:00,The Godfather: Part II,Crime,Francis Ford Coppola,1974,202,12,10.0
5017,2022-05-01 15:30:00,Twelve Monkeys,Mystery,Terry Gilliam,1995,129,12,8.0
5018,2022-05-01 13:00:00,Peeping Tom,Drama,Michael Powell,1960,101,12,8.0
5019,2022-05-01 10:30:00,M - Eine Stadt sucht einen Mörder,Crime,Fritz Lang,1931,117,12,7.5
5020,2022-04-30 15:30:00,Days of Heaven,Drama,Terrence Malick,1978,94,6,8.5
5021,2022-04-30 12:30:00,Tombstone,Action,George P. Cosmatos,1993,130,16,7.5
5022,2022-04-30 10:00:00,Le samouraï,Crime,Jean-Pierre Melville,1967,105,12,7.5
5023,2022-04-29 13:00:00,Being There,Comedy,Hal Ashby,1979,130,6,7.5
5024,2022-04-29 10:30:00,Once Were Warriors,Crime,Lee Tamahori,1994,102,12,7.0
5025,2022-04-28 17:00:00,Twelve Monkeys,Mystery,Terry Gilliam,1995,129,12,8.5
5026,2022-04-28 13:30:00,The Last Emperor,Biography,Bernardo Bertolucci,1987,163,0,6.5
5027,2022-04-28 10:30:00,Dom za vesanje,Comedy,Emir Kusturica,1988,142,16,7.0
5028,2022-04-27 16:30:00,The Last Emperor,Biography,Bernardo Bertolucci,1987,163,0,8.5
5029,2022-04-27 13:30:00,Ordinary People,Drama,Robert Redford,1980,124,0,7.5
5030,2022-04-27 10:30:00,The Hustler,Drama,Robert Rossen,1961,134,12,7.0
5031,2022-04-26 15:30:00,Twelve Monkeys,Mystery,Terry Gilliam,1995,129,12,8.0
5032,2022-04-26 12:30:00,Ordinary People,Drama,Robert Redford,1980,124,0,8.0
5033,2022-04-26 10:00:00,Days of Heaven,Drama,Terrence Malick,1978,94,6,6.5
5034,2022-04-25 12:30:00,Days of Heaven,Drama,Terrence Malick,1978,94,6,8.5
5035,2022-04-25 10:00:00,Le samouraï,Crime,Jean-Pierre Melville,1967,105,12,6.5
5036,2022-04-24 16:30:00,Fear and Loathing in Las Vegas,Adventure,Terry Gilliam,1998,118,16,8.5
5037,2022-04-24 13:30:00,Fried Green Tomatoes,Drama,Jon Avnet,1991,130,12,6.5
5038,2022-04-24 10:00:00,Catch Me If You Can,Biography,Steven Spielberg,2002,141,12,8.5
5039,2022-04-23 16:30:00,Carlito's Way,Crime,Brian De Palma,1993,144,12,7.0
5040,2022-04-23 14:00:00,Repulsion,Drama,Roman Polanski,1965,105,12,8.0
5041,2022-04-23 10:00:00,Dil Chahta Hai,Comedy,Farhan Akhtar,2001,183,12,6.5
5042,2022-04-22 12:30:00,"Shin seiki Evangelion Gekijô-ban: Air/Magokoro wo, kimi ni",Animation,Hideaki Anno,1997,87,12,8.0
5043,2022-04-22 10:00:00,Le samouraï,Crime,Jean-Pierre Melville,1967,105,12,7.5
5044,2022-04-21 10:00:00,The Lost Weekend,Drama,Billy Wilder,1945,101,12,8.5
5045,2022-04-20 12:30:00,Le samouraï,Crime,Jean-Pierre Melville,1967,105,12,8.0
5046,2022-04-20 10:00:00,Days of Heaven,Drama,Terrence Malick,1978,94,6,7.5
5047,2022-04-19 10:00:00,The Wizard of Oz,Adventure,Victor Fleming,1939,102,0,8.5
5048,2022-04-18 13:30:00,Omohide poro poro,Animation,Isao Takahata,1991,118,0,8.0
5049,2022-04-18 10:30:00,Omohide poro poro,Animation,Isao Takahata,1991,118,0,7.0
5050,2022-04-17 16:00:00,Le samouraï,Crime,Jean-Pierre Melville,1967,105,12,8.5
5051,2022-04-17 13:00:00,Carlito's Way,Crime,Brian De Palma,1993,144,12,8.0
5052,2022-04-17 10:30:00,12 Angry Men,Crime,Sidney Lumet,1957,96,0,8.0
5053,2022-04-16 19:30:00,12 Angry Men,Crime,Sidney Lumet,1957,96,0,9.5
5054,2022-04-16 16:30:00,The Big Lebowski,Comedy,Joel Coen,1998,117,16,7.5
5055,2022-04-16 13:30:00,Das Experiment,Drama,Oliver Hirschbiegel,2001,120,16,6.5
5056,2022-04-16 10:30:00,Das Experiment,Drama,Oliver Hirschbiegel,2001,120,16,8.5
5057,2022-04-15 16:30:00,Alien,Horror,Ridley Scott,1979,117,16,8.5
5058,2022-04-15 13:30:00,Fried Green Tomatoes,Drama,Jon Avnet,1991,130,12,8.5
5059,2022-04-15 10:30:00,Tombstone,Action,George P. Cosmatos,1993,130,16,7.5
5060,2022-04-14 13:00:00,Harry Potter and the Sorcerer's Stone,Adventure,Chris Columbus,2001,152,0,8.0
5061,2022-04-14 10:30:00,The Royal Tenenbaums,Comedy,Wes Anderson,2001,110,12,7.5
5062,2022-04-13 10:30:00,Harry Potter and the Sorcerer's Stone,Adventure,Chris Columbus,2001,152,0,8.5
5063,2022-04-12 10:00:00,Dom za vesanje,Comedy,Emir Kusturica,1988,142,16,7.5
5064,2022-04-11 10:30:00,Harry Potter and the Sorcerer's Stone,Adventure,Chris Columbus,2001,152,0,6.5
5065,2022-04-10 20:00:00,"Shin seiki Evangelion Gekijô-ban: Air/Magokoro wo, kimi ni",Animation,Hideaki Anno,1997,87,12,10.0
5066,2022-04-10 16:00:00,The Godfather,Crime,Francis Ford Coppola,1972,175,12,7.5
5067,2022-04-10 13:30:00,Kumonosu-jô,Drama,Akira Kurosawa,1957,110,12,8.5
5068,2022-04-10 10:30:00,Tombstone,Action,George P. Cosmatos,1993,130,16,7.0
5069,2022-04-09 16:30:00,Tombstone,Action,George P. Cosmatos,1993,130,16,6.5
5070,2022-04-09 13:30:00,The Birds,Drama,Alfred Hitchcock,1963,119,12,7.5
5071,2022-04-09 10:00:00,Harry Potter and the Sorcerer's Stone,Adventure,Chris Columbus,2001,152,0,7.5
5072,2022-04-08 12:30:00,When Harry Met Sally...,Comedy,Rob Reiner,1989,95,12,7.5
5073,2022-04-08 10:00:00,The Wizard of Oz,Adventure,Victor Fleming,1939,102,0,8.0
5074,2022-04-07 12:30:00,Kind Hearts and Coronets,Comedy,Robert Hamer,1949,106,0,6.5
5075,2022-04-07 10:00:00,Tonari no Totoro,Animation,Hayao Miyazaki,1988,86,0,7.5
5076,2022-04-06 13:00:00,Kumonosu-jô,Drama,Akira Kurosawa,1957,110,12,8.0
5077,2022-04-06 10:30:00,12 Angry Men,Crime,Sidney Lumet,1957,96,0,6.5
5078,2022-04-05 13:30:00,Annie Hall,Comedy,Woody Allen,1977,93,12,8.5
5079,2022-04-05 10:00:00,Carlito's Way,Crime,Brian De Palma,1993,144,12,8.0
5080,2022-04-04 12:00:00,Once Were Warriors,Crime,Lee Tamahori,1994,102,12,7.5
5081,2022-04-04 10:00:00,Pâfekuto burû,Animation,Satoshi Kon,1997,81,12,8.0
5082,2022-04-03 17:30:00,Sabrina,Comedy,Billy Wilder,1954,113,12,8.0
5083,2022-04-03 15:00:00,A Little Princess,Drama,Alfonso Cuarón,1995,97,0,6.5
5084,2022-04-03 13:00:00,Tonari no Totoro,Animation,Hayao Miyazaki,1988,86,0,6.5
5085,2022-04-03 10:30:00,The Lady Vanishes,Mystery,Alfred Hitchcock,1938,96,12,6.5
5086,2022-04-02 15:30:00,M - Eine Stadt sucht einen Mörder,Crime,Fritz Lang,1931,117,12,8.0
5087,2022-04-02 13:00:00,The Lady Vanishes,Mystery,Alfred Hitchcock,1938,96,12,8.0
5088,2022-04-02 10:00:00,Blue Velvet,Drama,David Lynch,1986,120,12,7.0
5089,2022-04-01 13:00:00,Annie Hall,Comedy,Woody Allen,1977,93,12,6.5
5090,2022-04-01 10:00:00,The Big Lebowski,Comedy,Joel Coen,1998,117,16,7.0
5091,2022-03-31 10:30:00,Tombstone,Action,George P. Cosmatos,1993,130,16,8.5
5092,2022-03-30 13:00:00,Alien,Horror,Ridley Scott,1979,117,16,7.5
5093,2022-03-30 10:30:00,Smultronstället,Drama,Ingmar Bergman,1957,91,0,7.0
5094,2022-03-29 10:00:00,"Shin seiki Evangelion Gekijô-ban: Air/Magokoro wo, kimi ni",Animation,Hideaki Anno,1997,87,12,8.0
5095,2022-03-28 17:00:00,"Shin seiki Evangelion Gekijô-ban: Air/Magokoro wo, kimi ni",Animation,Hideaki Anno,1997,87,12,8.0
5096,2022-03-28 14:00:00,Tombstone,Action,George P. Cosmatos,1993,130,16,7.0
5097,2022-03-28 10:30:00,The Shining,Drama,Stanley Kubrick,1980,146,12,8.5
5098,2022-03-27 19:00:00,M - Eine Stadt sucht einen Mörder,Crime,Fritz Lang,1931,117,12,9.0
5099,2022-03-27 16:30:00,Ocean's Eleven,Crime,Steven Soderbergh,2001,116,12,8.5
5100,2022-03-27 13:30:00,Idi i smotri,Drama,Elem Klimov,1985,142,12,7.5
5101,2022-03-27 10:30:00,A Few Good Men,Drama,Rob Reiner,1992,138,0,7.0
5102,2022-03-26 15:30:00,A Few Good Men,Drama,Rob Reiner,1992,138,0,7.0
5103,2022-03-26 13:00:00,La règle du jeu,Comedy,Jean Renoir,1939,110,12,8.0
5104,2022-03-26 10:00:00,Star Trek II: The Wrath of Khan,Action,Nicholas Meyer,1982,113,0,8.5
5105,2022-03-25 10:30:00,Das Experiment,Drama,Oliver Hirschbiegel,2001,120,16,8.0
5106,2022-03-24 10:30:00,The Godfather,Crime,Francis Ford Coppola,1972,175,12,8.5
5107,2022-03-23 10:30:00,Star Trek II: The Wrath of Khan,Action,Nicholas Meyer,1982,113,0,7.5
5108,2022-03-22 16:00:00,Ocean's Eleven,Crime,Steven Soderbergh,2001,116,12,8.0
5109,2022-03-22 13:00:00,All About Eve,Drama,Joseph L. Mankiewicz,1950,138,12,8.0
5110,2022-03-22 10:00:00,Tombstone,Action,George P. Cosmatos,1993,130,16,6.5
5111,2022-03-21 10:30:00,The Breakfast Club,Comedy,John Hughes,1985,97,12,7.0
5112,2022-03-20 15:00:00,Star Trek II: The Wrath of Khan,Action,Nicholas Meyer,1982,113,0,8.5
5113,2022-03-20 12:30:00,The Wizard of Oz,Adventure,Victor Fleming,1939,102,0,8.5
5114,2022-03-20 10:00:00,The Ladykillers,Comedy,Alexander Mackendrick,1955,91,12,7.0
5115,2022-03-19 18:00:00,A Little Princess,Drama,Alfonso Cuarón,1995,97,0,9.0
5116,2022-03-19 15:30:00,The Breakfast Club,Comedy,John Hughes,1985,97,12,8.5
5117,2022-03-19 13:00:00,The Ladykillers,Comedy,Alexander Mackendrick,1955,91,12,7.0
5118,2022-03-19 10:30:00,The Ladykillers,Comedy,Alexander Mackendrick,1955,91,12,7.5
5119,2022-03-18 15:00:00,The Wizard of Oz,Adventure,Victor Fleming,1939,102,0,8.5
5120,2022-03-18 12:30:00,A Little Princess,Drama,Alfonso Cuarón,1995,97,0,6.5
5121,2022-03-18 10:00:00,Dial M for Murder,Crime,Alfred Hitchcock,1954,105,12,6.5
5122,2022-03-17 10:30:00,The Wizard of Oz,Adventure,Victor Fleming,1939,102,0,8.5
5123,2022-03-16 16:00:00,The Godfather,Crime,Francis Ford Coppola,1972,175,12,8.5
5124,2022-03-16 13:00:00,Sabrina,Comedy,Billy Wilder,1954,113,12,8.5
5125,2022-03-16 10:00:00,Amélie,Comedy,Jean-Pierre Jeunet,2001,122,0,8.0
5126,2022-03-15 10:30:00,Star Trek II: The Wrath of Khan,Action,Nicholas Meyer,1982,113,0,7.0
5127,2022-03-14 16:30:00,Smultronstället,Drama,Ingmar Bergman,1957,91,0,6.5
5128,2022-03-14 14:00:00,The Ladykillers,Comedy,Alexander Mackendrick,1955,91,12,8.0
5129,2022-03-14 10:30:00,The Godfather,Crime,Francis Ford Coppola,1972,175,12,7.5
5130,2022-03-13 15:00:00,The Shining,Drama,Stanley Kubrick,1980,146,12,7.5
5131,2022-03-13 12:30:00,A Little Princess,Drama,Alfonso Cuarón,1995,97,0,7.5
5132,2022-03-13 10:00:00,The Killing,Crime,Stanley Kubrick,1956,84,12,8.0
5133,2022-03-12 17:30:00,The Big Lebowski,Comedy,Joel Coen,1998,117,16,8.5
5134,2022-03-12 13:30:00,The Godfather,Crime,Francis Ford Coppola,1972,175,12,7.0
5135,2022-03-12 10:30:00,A Few Good Men,Drama,Rob Reiner,1992,138,0,7.5
5136,2022-03-11 16:00:00,12 Angry Men,Crime,Sidney Lumet,1957,96,0,7.0
5137,2022-03-11 13:00:00,Amélie,Comedy,Jean-Pierre Jeunet,2001,122,0,8.5
5138,2022-03-11 10:30:00,Casablanca,Drama,Michael Curtiz,1942,102,0,8.0
5139,2022-03-10 10:30:00,Star Trek II: The Wrath of Khan,Action,Nicholas Meyer,1982,113,0,6.5
5140,2022-03-09 13:00:00,The Shining,Drama,Stanley Kubrick,1980,146,12,8.0
5141,2022-03-09 10:30:00,Casablanca,Drama,Michael Curtiz,1942,102,0,8.5
5142,2022-03-08 16:00:00,Rain Man,Drama,Barry Levinson,1988,133,0,8.0
5143,2022-03-08 13:00:00,Rain Man,Drama,Barry Levinson,1988,133,0,8.0
5144,2022-03-08 10:00:00,Amélie,Comedy,Jean-Pierre Jeunet,2001,122,0,6.5
5145,2022-03-07 10:30:00,The Breakfast Club,Comedy,John Hughes,1985,97,12,8.5
5146,2022-03-06 19:00:00,Casablanca,Drama,Michael Curtiz,1942,102,0,9.5
5147,2022-03-06 16:00:00,Blue Velvet,Drama,David Lynch,1986,120,12,8.5
5148,2022-03-06 13:30:00,Smultronstället,Drama,Ingmar Bergman,1957,91,0,7.0
5149,2022-03-06 10:00:00,The Shining,Drama,Stanley Kubrick,1980,146,12,8.5
5150,2022-03-05 17:00:00,Casablanca,Drama,Michael Curtiz,1942,102,0,8.0
5151,2022-03-05 13:30:00,All About Eve,Drama,Joseph L. Mankiewicz,1950,138,12,6.5
5152,2022-03-05 10:30:00,Amélie,Comedy,Jean-Pierre Jeunet,2001,122,0,7.5
5153,2022-03-04 15:30:00,Giant,Drama,George Stevens,1956,201,0,8.5
5154,2022-03-04 13:00:00,Smultronstället,Drama,Ingmar Bergman,1957,91,0,8.5
5155,2022-03-04 10:00:00,Boksuneun naui geot,Crime,Chan-wook Park,2002,129,16,7.5
5156,2022-03-03 15:30:00,The Others,Horror,Alejandro Amenábar,2001,101,12,8.0
5157,2022-03-03 13:00:00,Sabrina,Comedy,Billy Wilder,1954,113,12,6.5
5158,2022-03-03 10:00:00,A Few Good Men,Drama,Rob Reiner,1992,138,0,7.5
5159,2022-03-02 12:30:00,Smultronstället,Drama,Ingmar Bergman,1957,91,0,7.5
5160,2022-03-02 10:00:00,Wait Until Dark,Thriller,Terence Young,1967,108,12,7.5
5161,2022-03-01 16:30:00,Smultronstället,Drama,Ingmar Bergman,1957,91,0,6.5
5162,2022-03-01 13:30:00,The Birds,Drama,Alfred Hitchcock,1963,119,12,7.0
5163,2022-03-01 10:30:00,Blue Velvet,Drama,David Lynch,1986,120,12,8.0
5164,2022-02-28 16:00:00,Taxi Driver,Crime,Martin Scorsese,1976,114,12,8.5
5165,2022-02-28 13:00:00,Amélie,Comedy,Jean-Pierre Jeunet,2001,122,0,8.5
5166,2022-02-28 10:00:00,All About Eve,Drama,Joseph L. Mankiewicz,1950,138,12,8.5
5167,2022-02-27 16:00:00,The Ladykillers,Comedy,Alexander Mackendrick,1955,91,12,7.0
5168,2022-02-27 13:00:00,Blue Velvet,Drama,David Lynch,1986,120,12,6.5
5169,2022-02-27 10:00:00,A Few Good Men,Drama,Rob Reiner,1992,138,0,6.5
5170,2022-02-26 18:30:00,Amélie,Comedy,Jean-Pierre Jeunet,2001,122,0,8.5
5171,2022-02-26 16:00:00,The Adventures of Robin Hood,Action,Michael Curtiz,1938,102,6,6.5
5172,2022-02-26 13:30:00,Dial M for Murder,Crime,Alfred Hitchcock,1954,105,12,6.5
5173,2022-02-26 10:30:00,Sabrina,Comedy,Billy Wilder,1954,113,12,6.5
5174,2022-02-25 13:00:00,Rain Man,Drama,Barry Levinson,1988,133,0,8.5
5175,2022-02-25 10:30:00,The Birds,Drama,Alfred Hitchcock,1963,119,12,8.0
5176,2022-02-24 10:00:00,Smultronstället,Drama,Ingmar Bergman,1957,91,0,8.5
5177,2022-02-23 10:00:00,The Killing,Crime,Stanley Kubrick,1956,84,12,7.0
5178,2022-02-22 10:30:00,Rocky,Drama,John G. Avildsen,1976,120,0,6.5
5179,2022-02-21 16:00:00,A Few Good Men,Drama,Rob Reiner,1992,138,0,8.5
5180,2022-02-21 13:00:00,In the Name of the Father,Biography,Jim Sheridan,1993,133,12,7.0
5181,2022-02-21 10:30:00,The Adventures of Robin Hood,Action,Michael Curtiz,1938,102,6,8.5
5182,2022-02-20 18:30:00,The Adventures of Robin Hood,Action,Michael Curtiz,1938,102,6,9.0
5183,2022-02-20 16:00:00,The Breakfast Club,Comedy,John Hughes,1985,97,12,7.0
5184,2022-02-20 13:00:00,Rocky,Drama,John G. Avildsen,1976,120,0,7.5
5185,2022-02-20 10:30:00,The Breakfast Club,Comedy,John Hughes,1985,97,12,7.0
5186,2022-02-19 20:00:00,Sleuth,Mystery,Joseph L. Mankiewicz,1972,138,6,9.0
5187,2022-02-19 17:30:00,The Breakfast Club,Comedy,John Hughes,1985,97,12,8.0
5188,2022-02-19 15:00:00,Shadow of a Doubt,Film-Noir,Alfred Hitchcock,1943,108,6,7.5
5189,2022-02-19 10:30:00,Giant,Drama,George Stevens,1956,201,0,7.5
5190,2022-02-18 15:30:00,The Breakfast Club,Comedy,John Hughes,1985,97,12,7.5
5191,2022-02-18 13:00:00,The Breakfast Club,Comedy,John Hughes,1985,97,12,6.5
5192,2022-02-18 10:30:00,Blood Simple,Crime,Joel Coen,1984,99,12,8.5
5193,2022-02-17 10:00:00,The Breakfast Club,Comedy,John Hughes,1985,97,12,8.5
5194,2022-02-16 10:00:00,A Few Good Men,Drama,Rob Reiner,1992,138,0,7.0
5195,2022-02-15 12:30:00,The Kid,Comedy,Charles Chaplin,1921,68,12,8.0
5196,2022-02-15 10:00:00,Rocky,Drama,John G. Avildsen,1976,120,0,8.0
5197,2022-02-14 13:30:00,Rain Man,Drama,Barry Levinson,1988,133,0,8.0
5198,2022-02-14 10:30:00,Sleuth,Mystery,Joseph L. Mankiewicz,1972,138,6,8.5
5199,2022-02-13 16:30:00,Rain Man,Drama,Barry Levinson,1988,133,0,6.5
5200,2022-02-13 13:30:00,Boksuneun naui geot,Crime,Chan-wook Park,2002,129,16,7.0
5201,2022-02-13 10:30:00,28 Days Later...,Drama,Danny Boyle,2002,113,12,6.5
5202,2022-02-12 18:30:00,The Kid,Comedy,Charles Chaplin,1921,68,12,9.5
5203,2022-02-12 16:00:00,The Others,Horror,Alejandro Amenábar,2001,101,12,8.5
5204,2022-02-12 13:00:00,In the Name of the Father,Biography,Jim Sheridan,1993,133,12,8.0
5205,2022-02-12 10:00:00,A Few Good Men,Drama,Rob Reiner,1992,138,0,6.5
5206,2022-02-11 10:00:00,True Romance,Crime,Tony Scott,1993,119,16,6.5
5207,2022-02-10 16:00:00,Shadow of a Doubt,Film-Noir,Alfred Hitchcock,1943,108,6,6.5
5208,2022-02-10 13:00:00,Sleuth,Mystery,Joseph L. Mankiewicz,1972,138,6,7.0
5209,2022-02-10 10:00:00,In the Name of the Father,Biography,Jim Sheridan,1993,133,12,6.5
5210,2022-02-09 17:00:00,Spartacus,Adventure,Stanley Kubrick,1960,197,12,6.5
5211,2022-02-09 14:00:00,Boksuneun naui geot,Crime,Chan-wook Park,2002,129,16,6.5
5212,2022-02-09 10:00:00,Spartacus,Adventure,Stanley Kubrick,1960,197,12,8.5
5213,2022-02-08 14:00:00,The Boondock Saints,Action,Troy Duffy,1999,108,16,7.0
5214,2022-02-08 10:00:00,Spartacus,Adventure,Stanley Kubrick,1960,197,12,7.0
5215,2022-02-07 16:00:00,Doctor Zhivago,Drama,David Lean,1965,197,12,8.0
5216,2022-02-07 13:30:00,The Others,Horror,Alejandro Amenábar,2001,101,12,8.0
5217,2022-02-07 10:30:00,A Few Good Men,Drama,Rob Reiner,1992,138,0,7.0
5218,2022-02-06 15:30:00,The Others,Horror,Alejandro Amenábar,2001,101,12,6.5
5219,2022-02-06 12:30:00,A Few Good Men,Drama,Rob Reiner,1992,138,0,6.5
5220,2022-02-06 10:00:00,Blood Simple,Crime,Joel Coen,1984,99,12,8.5
5221,2022-02-05 19:00:00,Boksuneun naui geot,Crime,Chan-wook Park,2002,129,16,9.0
5222,2022-02-05 16:00:00,Boksuneun naui geot,Crime,Chan-wook Park,2002,129,16,7.5
5223,2022-02-05 13:30:00,The Others,Horror,Alejandro Amenábar,2001,101,12,7.5
5224,2022-02-05 10:30:00,Rain Man,Drama,Barry Levinson,1988,133,0,8.0
5225,2022-02-04 10:00:00,The Kid,Comedy,Charles Chaplin,1921,68,12,7.0
5226,2022-02-03 13:00:00,Rocky,Drama,John G. Avildsen,1976,120,0,6.5
5227,2022-02-03 10:00:00,True Romance,Crime,Tony Scott,1993,119,16,8.0
5228,2022-02-02 13:00:00,Rocky,Drama,John G. Avildsen,1976,120,0,8.0
5229,2022-02-02 10:00:00,Boksuneun naui geot,Crime,Chan-wook Park,2002,129,16,7.5
5230,2022-02-01 10:00:00,Freaks,Drama,Tod Browning,1932,64,12,7.5
5231,2022-01-31 17:00:00,The Boondock Saints,Action,Troy Duffy,1999,108,16,8.0
5232,2022-01-31 12:30:00,Spartacus,Adventure,Stanley Kubrick,1960,197,12,8.0
5233,2022-01-31 10:00:00,Blood Simple,Crime,Joel Coen,1984,99,12,7.5
5234,2022-01-30 16:00:00,Aladdin,Animation,Ron Clements,1992,90,0,6.5
5235,2022-01-30 13:30:00,The Usual Suspects,Crime,Bryan Singer,1995,106,12,6.5
5236,2022-01-30 10:30:00,Boksuneun naui geot,Crime,Chan-wook Park,2002,129,16,7.0
5237,2022-01-29 15:30:00,Doctor Zhivago,Drama,David Lean,1965,197,12,6.5
5238,2022-01-29 13:00:00,Aladdin,Animation,Ron Clements,1992,90,0,7.0
5239,2022-01-29 10:30:00,Blood Simple,Crime,Joel Coen,1984,99,12,8.5
5240,2022-01-28 17:00:00,Rain Man,Drama,Barry Levinson,1988,133,0,6.5
5241,2022-01-28 13:00:00,Spartacus,Adventure,Stanley Kubrick,1960,197,12,8.5
5242,2022-01-28 10:30:00,The Adventures of Robin Hood,Action,Michael Curtiz,1938,102,6,6.5
5243,2022-01-27 10:30:00,The Usual Suspects,Crime,Bryan Singer,1995,106,12,7.5
5244,2022-01-26 10:30:00,Freaks,Drama,Tod Browning,1932,64,12,7.5
5245,2022-01-25 17:00:00,The Adventures of Robin Hood,Action,Michael Curtiz,1938,102,6,7.0
5246,2022-01-25 12:30:00,Spartacus,Adventure,Stanley Kubrick,1960,197,12,8.0
5247,2022-01-25 10:00:00,28 Days Later...,Drama,Danny Boyle,2002,113,12,8.5
5248,2022-01-24 17:30:00,The Kid,Comedy,Charles Chaplin,1921,68,12,7.5
5249,2022-01-24 14:30:00,28 Days Later...,Drama,Danny Boyle,2002,113,12,7.0
5250,2022-01-24 10:30:00,Schindler's List,Biography,Steven Spielberg,1993,195,12,7.0
5251,2022-01-23 17:00:00,The Nightmare Before Christmas,Animation,Henry Selick,1993,76,0,7.0
5252,2022-01-23 15:00:00,Freaks,Drama,Tod Browning,1932,64,12,8.0
5253,2022-01-23 13:00:00,Freaks,Drama,Tod Browning,1932,64,12,6.5
5254,2022-01-23 10:00:00,Sleuth,Mystery,Joseph L. Mankiewicz,1972,138,6,8.5
5255,2022-01-22 18:30:00,Boksuneun naui geot,Crime,Chan-wook Park,2002,129,16,8.5
5256,2022-01-22 16:00:00,Clerks,Comedy,Kevin Smith,1994,92,16,7.0
5257,2022-01-22 13:30:00,Shadow of a Doubt,Film-Noir,Alfred Hitchcock,1943,108,6,7.5
5258,2022-01-22 10:30:00,Rain Man,Drama,Barry Levinson,1988,133,0,8.0
5259,2022-01-21 10:30:00,Shadow of a Doubt,Film-Noir,Alfred Hitchcock,1943,108,6,8.5
5260,2022-01-20 15:00:00,Aladdin,Animation,Ron Clements,1992,90,0,6.5
5261,2022-01-20 12:30:00,Aladdin,Animation,Ron Clements,1992,90,0,6.5
5262,2022-01-20 10:00:00,The Adventures of Robin Hood,Action,Michael Curtiz,1938,102,6,7.5
5263,2022-01-19 18:00:00,The Nightmare Before Christmas,Animation,Henry Selick,1993,76,0,8.5
5264,2022-01-19 13:30:00,Lagaan: Once Upon a Time in India,Adventure,Ashutosh Gowariker,2001,224,0,6.5
5265,2022-01-19 10:30:00,Druk,Comedy,Thomas Vinterberg,2020,117,12,7.5
5266,2022-01-18 15:30:00,The Kid,Comedy,Charles Chaplin,1921,68,12,7.0
5267,2022-01-18 13:00:00,Mulan,Animation,Tony Bancroft,1998,88,0,7.5
5268,2022-01-18 10:00:00,E.T. the Extra-Terrestrial,Family,Steven Spielberg,1982,115,0,7.5
5269,2022-01-17 14:30:00,The Great Dictator,Comedy,Charles Chaplin,1940,125,12,8.0
5270,2022-01-17 12:30:00,The Nightmare Before Christmas,Animation,Henry Selick,1993,76,0,8.0
5271,2022-01-17 10:00:00,"Aguirre, der Zorn Gottes",Action,Werner Herzog,1972,95,12,8.0
5272,2022-01-16 18:00:00,Freaks,Drama,Tod Browning,1932,64,12,9.5
5273,2022-01-16 15:30:00,The Usual Suspects,Crime,Bryan Singer,1995,106,12,6.5
5274,2022-01-16 12:30:00,The Great Dictator,Comedy,Charles Chaplin,1940,125,12,6.5
5275,2022-01-16 10:00:00,Mulan,Animation,Tony Bancroft,1998,88,0,7.0
5276,2022-01-15 20:00:00,The Muppet Christmas Carol,Comedy,Brian Henson,1992,85,0,10.0
5277,2022-01-15 17:00:00,The Great Dictator,Comedy,Charles Chaplin,1940,125,12,8.5
5278,2022-01-15 13:00:00,Schindler's List,Biography,Steven Spielberg,1993,195,12,7.0
5279,2022-01-15 10:00:00,"Crna macka, beli macor",Comedy,Emir Kusturica,1998,127,16,8.5
5280,2022-01-14 13:00:00,Sleuth,Mystery,Joseph L. Mankiewicz,1972,138,6,8.0
5281,2022-01-14 10:30:00,Clerks,Comedy,Kevin Smith,1994,92,16,6.5
5282,2022-01-13 15:30:00,Druk,Comedy,Thomas Vinterberg,2020,117,12,8.5
5283,2022-01-13 13:30:00,Mulan,Animation,Tony Bancroft,1998,88,0,7.5
5284,2022-01-13 10:30:00,The Usual Suspects,Crime,Bryan Singer,1995,106,12,8.0
5285,2022-01-12 15:30:00,Rosemary's Baby,Drama,Roman Polanski,1968,137,12,6.5
5286,2022-01-12 12:30:00,The Great Dictator,Comedy,Charles Chaplin,1940,125,12,7.5
5287,2022-01-12 10:00:00,The Boondock Saints,Action,Troy Duffy,1999,108,16,6.5
5288,2022-01-11 16:00:00,The Great Dictator,Comedy,Charles Chaplin,1940,125,12,6.5
5289,2022-01-11 13:30:00,The Nightmare Before Christmas,Animation,Henry Selick,1993,76,0,8.5
5290,2022-01-11 10:30:00,Boksuneun naui geot,Crime,Chan-wook Park,2002,129,16,8.5
5291,2022-01-10 12:30:00,Aladdin,Animation,Ron Clements,1992,90,0,8.0
5292,2022-01-10 10:30:00,Freaks,Drama,Tod Browning,1932,64,12,7.0
5293,2022-01-09 18:30:00,Rosemary's Baby,Drama,Roman Polanski,1968,137,12,10.0
5294,2022-01-09 15:30:00,The Great Dictator,Comedy,Charles Chaplin,1940,125,12,8.0
5295,2022-01-09 13:00:00,The Royal Tenenbaums,Comedy,Wes Anderson,2001,110,12,6.5
5296,2022-01-09 10:00:00,"Crna macka, beli macor",Comedy,Emir Kusturica,1998,127,16,7.5
5297,2022-01-08 17:30:00,Hamlet,Drama,Kenneth Branagh,1996,242,12,7.0
5298,2022-01-08 15:30:00,Freaks,Drama,Tod Browning,1932,64,12,8.5
5299,2022-01-08 13:00:00,E.T. the Extra-Terrestrial,Family,Steven Spielberg,1982,115,0,7.0
5300,2022-01-08 10:00:00,The Great Dictator,Comedy,Charles Chaplin,1940,125,12,8.5
5301,2022-01-07 15:30:00,The Straight Story,Biography,David Lynch,1999,112,0,7.5
5302,2022-01-07 13:30:00,The Muppet Christmas Carol,Comedy,Brian Henson,1992,85,0,7.5
5303,2022-01-07 10:30:00,Boksuneun naui geot,Crime,Chan-wook Park,2002,129,16,7.0
5304,2022-01-06 10:30:00,True Romance,Crime,Tony Scott,1993,119,16,7.0
5305,2022-01-05 15:30:00,Star Trek II: The Wrath of Khan,Action,Nicholas Meyer,1982,113,0,7.5
5306,2022-01-05 13:00:00,Planet of the Apes,Adventure,Franklin J. Schaffner,1968,112,0,8.5
5307,2022-01-05 10:30:00,Clerks,Comedy,Kevin Smith,1994,92,16,8.5
5308,2022-01-04 13:00:00,Lagaan: Once Upon a Time in India,Adventure,Ashutosh Gowariker,2001,224,0,7.0
5309,2022-01-04 10:00:00,True Romance,Crime,Tony Scott,1993,119,16,7.0
5310,2022-01-03 12:30:00,Mimi wo sumaseba,Animation,Yoshifumi Kondô,1995,111,0,7.0
5311,2022-01-03 10:30:00,The Nightmare Before Christmas,Animation,Henry Selick,1993,76,0,8.0
5312,2022-01-02 19:30:00,Boksuneun naui geot,Crime,Chan-wook Park,2002,129,16,9.5
5313,2022-01-02 16:30:00,Boksuneun naui geot,Crime,Chan-wook Park,2002,129,16,8.5
5314,2022-01-02 13:30:00,Cowboy Bebop: Tengoku no tobira,Animation,Shin'ichirô Watanabe,2001,115,0,8.0
5315,2022-01-02 10:30:00,"Crna macka, beli macor",Comedy,Emir Kusturica,1998,127,16,8.5
5316,2022-01-01 18:00:00,"Aguirre, der Zorn Gottes",Action,Werner Herzog,1972,95,12,8.5
5317,2022-01-01 15:00:00,Boksuneun naui geot,Crime,Chan-wook Park,2002,129,16,8.5
5318,2022-01-01 12:30:00,Aladdin,Animation,Ron Clements,1992,90,0,7.5
5319,2022-01-01 10:30:00,The Nightmare Before Christmas,Animation,Henry Selick,1993,76,0,8.0
5320,2021-12-31 16:00:00,True Romance,Crime,Tony Scott,1993,119,16,7.5
5321,2021-12-31 13:00:00,E.T. the Extra-Terrestrial,Family,Steven Spielberg,1982,115,0,8.0
5322,2021-12-31 10:00:00,The Royal Tenenbaums,Comedy,Wes Anderson,2001,110,12,6.5
5323,2021-12-30 16:00:00,Aladdin,Animation,Ron Clements,1992,90,0,6.5
5324,2021-12-30 13:00:00,The Royal Tenenbaums,Comedy,Wes Anderson,2001,110,12,8.5
5325,2021-12-30 10:00:00,Druk,Comedy,Thomas Vinterberg,2020,117,12,7.0
5326,2021-12-29 12:30:00,Clerks,Comedy,Kevin Smith,1994,92,16,7.5
5327,2021-12-29 10:30:00,Aladdin,Animation,Ron Clements,1992,90,0,8.5
5328,2021-12-28 17:30:00,The Muppet Christmas Carol,Comedy,Brian Henson,1992,85,0,8.5
5329,2021-12-28 15:00:00,Mimi wo sumaseba,Animation,Yoshifumi Kondô,1995,111,0,7.0
5330,2021-12-28 10:00:00,Hamlet,Drama,Kenneth Branagh,1996,242,12,8.0
5331,2021-12-27 12:30:00,Mississippi Burning,Crime,Alan Parker,1988,128,12,7.5
5332,2021-12-27 10:00:00,Snatch,Comedy,Guy Ritchie,2000,104,12,7.0
5333,2021-12-26 19:30:00,Lagaan: Once Upon a Time in India,Adventure,Ashutosh Gowariker,2001,224,0,9.5
5334,2021-12-26 16:30:00,E.T. the Extra-Terrestrial,Family,Steven Spielberg,1982,115,0,8.0
5335,2021-12-26 13:00:00,Das Boot,Adventure,Wolfgang Petersen,1981,149,16,8.5
5336,2021-12-26 10:00:00,Star Trek II: The Wrath of Khan,Action,Nicholas Meyer,1982,113,0,7.5
5337,2021-12-25 18:00:00,Star Trek II: The Wrath of Khan,Action,Nicholas Meyer,1982,113,0,8.5
5338,2021-12-25 15:00:00,True Romance,Crime,Tony Scott,1993,119,16,8.0
5339,2021-12-25 12:30:00,Ghostbusters,Action,Ivan Reitman,1984,105,12,7.0
5340,2021-12-25 10:00:00,Planet of the Apes,Adventure,Franklin J. Schaffner,1968,112,0,6.5
5341,2021-12-24 10:30:00,Das Boot,Adventure,Wolfgang Petersen,1981,149,16,8.5
5342,2021-12-23 17:30:00,Das Boot,Adventure,Wolfgang Petersen,1981,149,16,8.0
5343,2021-12-23 14:30:00,Platoon,Drama,Oliver Stone,1986,120,12,6.5
5344,2021-12-23 10:30:00,Schindler's List,Biography,Steven Spielberg,1993,195,12,8.0
5345,2021-12-22 12:30:00,Il postino,Biography,Michael Radford,1994,108,0,8.0
5346,2021-12-22 10:00:00,"Aguirre, der Zorn Gottes",Action,Werner Herzog,1972,95,12,8.5
5347,2021-12-21 15:30:00,Aladdin,Animation,Ron Clements,1992,90,0,7.0
5348,2021-12-21 12:30:00,True Romance,Crime,Tony Scott,1993,119,16,6.5
5349,2021-12-21 10:00:00,The Muppet Christmas Carol,Comedy,Brian Henson,1992,85,0,7.0
5350,2021-12-20 12:30:00,Druk,Comedy,Thomas Vinterberg,2020,117,12,8.0
5351,2021-12-20 10:00:00,Il postino,Biography,Michael Radford,1994,108,0,7.5
5352,2021-12-19 18:00:00,Rosemary's Baby,Drama,Roman Polanski,1968,137,12,8.5
5353,2021-12-19 15:30:00,Il postino,Biography,Michael Radford,1994,108,0,7.5
5354,2021-12-19 12:30:00,Planet of the Apes,Adventure,Franklin J. Schaffner,1968,112,0,8.0
5355,2021-12-19 10:00:00,Star Trek II: The Wrath of Khan,Action,Nicholas Meyer,1982,113,0,8.5
5356,2021-12-18 16:00:00,Clerks,Comedy,Kevin Smith,1994,92,16,7.0
5357,2021-12-18 13:30:00,The Straight Story,Biography,David Lynch,1999,112,0,8.5
5358,2021-12-18 10:30:00,Full Metal Jacket,Drama,Stanley Kubrick,1987,116,12,8.0
5359,2021-12-17 16:00:00,Mississippi Burning,Crime,Alan Parker,1988,128,12,7.5
5360,2021-12-17 12:30:00,"Il buono, il brutto, il cattivo",Western,Sergio Leone,1966,161,12,7.5
5361,2021-12-17 10:00:00,Klaus,Animation,Sergio Pablos,2019,96,6,8.0
5362,2021-12-16 16:00:00,Star Trek II: The Wrath of Khan,Action,Nicholas Meyer,1982,113,0,8.0
5363,2021-12-16 13:00:00,Kakushi-toride no san-akunin,Adventure,Akira Kurosawa,1958,139,12,7.0
5364,2021-12-16 10:30:00,Aladdin,Animation,Ron Clements,1992,90,0,8.0
5365,2021-12-15 15:30:00,Star Trek II: The Wrath of Khan,Action,Nicholas Meyer,1982,113,0,8.0
5366,2021-12-15 13:00:00,Mimi wo sumaseba,Animation,Yoshifumi Kondô,1995,111,0,7.0
5367,2021-12-15 10:30:00,Aladdin,Animation,Ron Clements,1992,90,0,7.5
5368,2021-12-14 10:00:00,Predator,Action,John McTiernan,1987,107,12,8.5
5369,2021-12-13 16:30:00,Cowboy Bebop: Tengoku no tobira,Animation,Shin'ichirô Watanabe,2001,115,0,8.0
5370,2021-12-13 14:00:00,Paths of Glory,Drama,Stanley Kubrick,1957,88,12,7.0
5371,2021-12-13 10:00:00,The Message,Biography,Moustapha Akkad,1976,177,6,8.0
5372,2021-12-12 20:00:00,The Muppet Christmas Carol,Comedy,Brian Henson,1992,85,0,8.5
5373,2021-12-12 15:00:00,Hamlet,Drama,Kenneth Branagh,1996,242,12,6.5
5374,2021-12-12 10:30:00,Lagaan: Once Upon a Time in India,Adventure,Ashutosh Gowariker,2001,224,0,7.0
5375,2021-12-11 18:30:00,Il postino,Biography,Michael Radford,1994,108,0,8.5
5376,2021-12-11 15:30:00,True Romance,Crime,Tony Scott,1993,119,16,8.5
5377,2021-12-11 12:30:00,Mississippi Burning,Crime,Alan Parker,1988,128,12,7.5
5378,2021-12-11 10:00:00,Paths of Glory,Drama,Stanley Kubrick,1957,88,12,6.5
5379,2021-12-10 12:30:00,The Straight Story,Biography,David Lynch,1999,112,0,7.0
5380,2021-12-10 10:00:00,Cat on a Hot Tin Roof,Drama,Richard Brooks,1958,108,12,7.5
5381,2021-12-09 17:00:00,Planet of the Apes,Adventure,Franklin J. Schaffner,1968,112,0,7.0
5382,2021-12-09 13:30:00,The Message,Biography,Moustapha Akkad,1976,177,6,7.5
5383,2021-12-09 10:30:00,Mimi wo sumaseba,Animation,Yoshifumi Kondô,1995,111,0,8.0
5384,2021-12-08 12:30:00,Star Trek II: The Wrath of Khan,Action,Nicholas Meyer,1982,113,0,8.5
5385,2021-12-08 10:00:00,Reservoir Dogs,Crime,Quentin Tarantino,1992,99,16,8.0
5386,2021-12-07 10:00:00,Hamlet,Drama,Kenneth Branagh,1996,242,12,8.0
5387,2021-12-06 15:00:00,Paths of Glory,Drama,Stanley Kubrick,1957,88,12,8.0
5388,2021-12-06 10:30:00,Malcolm X,Biography,Spike Lee,1992,202,0,7.5
5389,2021-12-05 17:30:00,Rosemary's Baby,Drama,Roman Polanski,1968,137,12,6.5
5390,2021-12-05 15:30:00,The Muppet Christmas Carol,Comedy,Brian Henson,1992,85,0,7.5
5391,2021-12-05 13:00:00,Klaus,Animation,Sergio Pablos,2019,96,6,7.0
5392,2021-12-05 10:30:00,Ghostbusters,Action,Ivan Reitman,1984,105,12,7.5
5393,2021-12-04 20:30:00,Malcolm X,Biography,Spike Lee,1992,202,0,9.0
5394,2021-12-04 17:30:00,Mississippi Burning,Crime,Alan Parker,1988,128,12,6.5
5395,2021-12-04 15:00:00,The Muppet Christmas Carol,Comedy,Brian Henson,1992,85,0,7.5
5396,2021-12-04 10:00:00,Hamlet,Drama,Kenneth Branagh,1996,242,12,7.5
5397,2021-12-03 16:00:00,JFK,Drama,Oliver Stone,1991,189,12,7.5
5398,2021-12-03 13:00:00,Rosemary's Baby,Drama,Roman Polanski,1968,137,12,7.0
5399,2021-12-03 10:00:00,Full Metal Jacket,Drama,Stanley Kubrick,1987,116,12,8.5
5400,2021-12-02 15:30:00,Network,Drama,Sidney Lumet,1976,121,12,6.5
5401,2021-12-02 13:30:00,The Muppet Christmas Carol,Comedy,Brian Henson,1992,85,0,6.5
5402,2021-12-02 10:30:00,American Beauty,Drama,Sam Mendes,1999,122,12,8.5
5403,2021-12-01 16:00:00,Kakushi-toride no san-akunin,Adventure,Akira Kurosawa,1958,139,12,8.0
5404,2021-12-01 13:30:00,The Muppet Christmas Carol,Comedy,Brian Henson,1992,85,0,8.5
5405,2021-12-01 10:30:00,Little Women,Drama,Greta Gerwig,2019,135,0,7.0
5406,2021-11-30 10:30:00,Rosemary's Baby,Drama,Roman Polanski,1968,137,12,7.5
5407,2021-11-29 15:30:00,The Message,Biography,Moustapha Akkad,1976,177,6,6.5
5408,2021-11-29 13:00:00,12 Angry Men,Crime,Sidney Lumet,1957,96,0,7.5
5409,2021-11-29 10:30:00,Il postino,Biography,Michael Radford,1994,108,0,7.5
5410,2021-11-28 18:00:00,Lagaan: Once Upon a Time in India,Adventure,Ashutosh Gowariker,2001,224,0,10.0
5411,2021-11-28 16:00:00,The Muppet Christmas Carol,Comedy,Brian Henson,1992,85,0,8.0
5412,2021-11-28 13:30:00,Predator,Action,John McTiernan,1987,107,12,8.0
5413,2021-11-28 10:30:00,Planet of the Apes,Adventure,Franklin J. Schaffner,1968,112,0,6.5
5414,2021-11-27 15:30:00,Mississippi Burning,Crime,Alan Parker,1988,128,12,7.0
5415,2021-11-27 12:30:00,Planet of the Apes,Adventure,Franklin J. Schaffner,1968,112,0,7.5
5416,2021-11-27 10:00:00,Klaus,Animation,Sergio Pablos,2019,96,6,8.0
5417,2021-11-26 16:30:00,Ghostbusters,Action,Ivan Reitman,1984,105,12,8.0
5418,2021-11-26 14:00:00,Predator,Action,John McTiernan,1987,107,12,7.0
5419,2021-11-26 10:30:00,"Il buono, il brutto, il cattivo",Western,Sergio Leone,1966,161,12,8.5
5420,2021-11-25 18:30:00,Planet of the Apes,Adventure,Franklin J. Schaffner,1968,112,0,8.5
5421,2021-11-25 14:00:00,Lagaan: Once Upon a Time in India,Adventure,Ashutosh Gowariker,2001,224,0,7.0
5422,2021-11-25 10:30:00,"Il buono, il brutto, il cattivo",Western,Sergio Leone,1966,161,12,6.5
5423,2021-11-24 15:00:00,The Shawshank Redemption,Drama,Frank Darabont,1994,142,12,7.0
5424,2021-11-24 12:30:00,12 Angry Men,Crime,Sidney Lumet,1957,96,0,7.0
5425,2021-11-24 10:00:00,Blowup,Drama,Michelangelo Antonioni,1966,111,12,7.5
5426,2021-11-23 10:00:00,"Il buono, il brutto, il cattivo",Western,Sergio Leone,1966,161,12,8.0
5427,2021-11-22 16:30:00,Ferris Bueller's Day Off,Comedy,John Hughes,1986,103,0,8.5
5428,2021-11-22 14:00:00,Predator,Action,John McTiernan,1987,107,12,8.0
5429,2021-11-22 10:30:00,"Il buono, il brutto, il cattivo",Western,Sergio Leone,1966,161,12,8.0
5430,2021-11-21 21:00:00,Patton,Biography,Franklin J. Schaffner,1970,172,0,10.0
5431,2021-11-21 18:00:00,The Lion in Winter,Biography,Anthony Harvey,1968,134,6,8.5
5432,2021-11-21 15:30:00,Crimes and Misdemeanors,Comedy,Woody Allen,1989,104,12,6.5
5433,2021-11-21 10:30:00,Hamlet,Drama,Kenneth Branagh,1996,242,12,7.0
5434,2021-11-20 16:00:00,Höstsonaten,Drama,Ingmar Bergman,1978,99,0,7.0
5435,2021-11-20 13:00:00,The Lion in Winter,Biography,Anthony Harvey,1968,134,6,7.5
5436,2021-11-20 10:30:00,Reservoir Dogs,Crime,Quentin Tarantino,1992,99,16,8.0
5437,2021-11-19 10:00:00,Das Boot,Adventure,Wolfgang Petersen,1981,149,16,7.5
5438,2021-11-18 12:30:00,"Il buono, il brutto, il cattivo",Western,Sergio Leone,1966,161,12,8.5
5439,2021-11-18 10:00:00,"Monsters, Inc.",Animation,Pete Docter,2001,92,0,7.0
5440,2021-11-17 10:00:00,Höstsonaten,Drama,Ingmar Bergman,1978,99,0,8.0
5441,2021-11-16 15:30:00,"Il buono, il brutto, il cattivo",Western,Sergio Leone,1966,161,12,8.0
5442,2021-11-16 12:30:00,Blowup,Drama,Michelangelo Antonioni,1966,111,12,8.0
5443,2021-11-16 10:00:00,Klaus,Animation,Sergio Pablos,2019,96,6,7.0
5444,2021-11-15 10:30:00,The Lion in Winter,Biography,Anthony Harvey,1968,134,6,8.0
5445,2021-11-14 18:00:00,Platoon,Drama,Oliver Stone,1986,120,12,8.5
5446,2021-11-14 15:30:00,Hana-bi,Crime,Takeshi Kitano,1997,103,12,8.5
5447,2021-11-14 12:30:00,Full Metal Jacket,Drama,Stanley Kubrick,1987,116,12,8.5
5448,2021-11-14 10:00:00,Full Metal Jacket,Drama,Stanley Kubrick,1987,116,12,7.0
5449,2021-11-13 16:00:00,Network,Drama,Sidney Lumet,1976,121,12,7.0
5450,2021-11-13 12:30:00,The Shawshank Redemption,Drama,Frank Darabont,1994,142,12,8.0
5451,2021-11-13 10:00:00,Life of Brian,Comedy,Terry Jones,1979,94,16,7.0
5452,2021-11-12 13:30:00,Malcolm X,Biography,Spike Lee,1992,202,0,7.5
5453,2021-11-12 10:30:00,Full Metal Jacket,Drama,Stanley Kubrick,1987,116,12,7.5
5454,2021-11-11 10:30:00,Andrei Rublev,Biography,Andrei Tarkovsky,1966,205,16,8.0
5455,2021-11-10 12:30:00,Mississippi Burning,Crime,Alan Parker,1988,128,12,8.5
5456,2021-11-10 10:00:00,Höstsonaten,Drama,Ingmar Bergman,1978,99,0,7.0
5457,2021-11-09 13:30:00,"Monsters, Inc.",Animation,Pete Docter,2001,92,0,8.0
5458,2021-11-09 10:00:00,Mulholland Dr.,Drama,David Lynch,2001,147,16,7.0
5459,2021-11-08 16:00:00,The Insider,Biography,Michael Mann,1999,157,12,6.5
5460,2021-11-08 13:30:00,Höstsonaten,Drama,Ingmar Bergman,1978,99,0,7.0
5461,2021-11-08 10:30:00,Little Women,Drama,Greta Gerwig,2019,135,0,6.5
5462,2021-11-07 16:30:00,Das Boot,Adventure,Wolfgang Petersen,1981,149,16,6.5
5463,2021-11-07 13:30:00,Mississippi Burning,Crime,Alan Parker,1988,128,12,8.5
5464,2021-11-07 10:30:00,Mississippi Burning,Crime,Alan Parker,1988,128,12,6.5
5465,2021-11-06 18:00:00,Höstsonaten,Drama,Ingmar Bergman,1978,99,0,8.5
5466,2021-11-06 15:00:00,Platoon,Drama,Oliver Stone,1986,120,12,7.5
5467,2021-11-06 10:30:00,Andrei Rublev,Biography,Andrei Tarkovsky,1966,205,16,7.5
5468,2021-11-05 10:30:00,Patton,Biography,Franklin J. Schaffner,1970,172,0,8.5
5469,2021-11-04 10:30:00,Mississippi Burning,Crime,Alan Parker,1988,128,12,8.5
5470,2021-11-03 10:00:00,Hana-bi,Crime,Takeshi Kitano,1997,103,12,7.5
5471,2021-11-02 17:30:00,Platoon,Drama,Oliver Stone,1986,120,12,8.5
5472,2021-11-02 12:30:00,Gone with the Wind,Drama,Victor Fleming,1939,238,0,7.5
5473,2021-11-02 10:00:00,Hana-bi,Crime,Takeshi Kitano,1997,103,12,6.5
5474,2021-11-01 17:30:00,Höstsonaten,Drama,Ingmar Bergman,1978,99,0,8.5
5475,2021-11-01 13:30:00,The Great Escape,Adventure,John Sturges,1963,172,0,7.0
5476,2021-11-01 10:00:00,The Insider,Biography,Michael Mann,1999,157,12,8.5
5477,2021-10-31 20:00:00,Patton,Biography,Franklin J. Schaffner,1970,172,0,9.0
5478,2021-10-31 15:30:00,Andrei Rublev,Biography,Andrei Tarkovsky,1966,205,16,7.0
5479,2021-10-31 13:00:00,Höstsonaten,Drama,Ingmar Bergman,1978,99,0,7.5
5480,2021-10-31 10:30:00,Sabrina,Comedy,Billy Wilder,1954,113,12,7.5
5481,2021-10-30 16:00:00,Höstsonaten,Drama,Ingmar Bergman,1978,99,0,7.0
5482,2021-10-30 13:00:00,Network,Drama,Sidney Lumet,1976,121,12,6.5
5483,2021-10-30 10:30:00,Reservoir Dogs,Crime,Quentin Tarantino,1992,99,16,8.5
5484,2021-10-29 10:30:00,The Insider,Biography,Michael Mann,1999,157,12,7.0
5485,2021-10-28 13:00:00,Reservoir Dogs,Crime,Quentin Tarantino,1992,99,16,6.5
5486,2021-10-28 10:30:00,Crimes and Misdemeanors,Comedy,Woody Allen,1989,104,12,8.0
5487,2021-10-27 10:00:00,Billy Elliot,Drama,Stephen Daldry,2000,110,16,8.0
5488,2021-10-26 10:30:00,Little Women,Drama,Greta Gerwig,2019,135,0,8.5
5489,2021-10-25 17:00:00,La haine,Crime,Mathieu Kassovitz,1995,98,12,8.0
5490,2021-10-25 12:00:00,Gone with the Wind,Drama,Victor Fleming,1939,238,0,7.0
5491,2021-10-25 10:30:00,Sherlock Jr.,Action,Buster Keaton,1924,45,12,7.0
5492,2021-10-24 18:30:00,American Beauty,Drama,Sam Mendes,1999,122,12,10.0
5493,2021-10-24 15:30:00,Platoon,Drama,Oliver Stone,1986,120,12,7.0
5494,2021-10-24 10:30:00,Gone with the Wind,Drama,Victor Fleming,1939,238,0,8.5
5495,2021-10-23 17:30:00,The Insider,Biography,Michael Mann,1999,157,12,6.5
5496,2021-10-23 15:00:00,Goldfinger,Action,Guy Hamilton,1964,110,12,8.0
5497,2021-10-23 10:00:00,Hamlet,Drama,Kenneth Branagh,1996,242,12,8.0
5498,2021-10-22 10:00:00,Hamlet,Drama,Kenneth Branagh,1996,242,12,8.5
5499,2021-10-21 10:00:00,Ferris Bueller's Day Off,Comedy,John Hughes,1986,103,0,7.0
5500,2021-10-20 10:00:00,Mulholland Dr.,Drama,David Lynch,2001,147,16,8.0
5501,2021-10-19 13:30:00,Miller's Crossing,Crime,Joel Coen,1990,115,16,7.0
5502,2021-10-19 10:00:00,The Insider,Biography,Michael Mann,1999,157,12,8.5
5503,2021-10-18 13:30:00,Goldfinger,Action,Guy Hamilton,1964,110,12,7.0
5504,2021-10-18 10:30:00,The Verdict,Drama,Sidney Lumet,1982,129,0,7.5
5505,2021-10-17 20:00:00,Mulholland Dr.,Drama,David Lynch,2001,147,16,10.0
5506,2021-10-17 16:30:00,Soorarai Pottru,Drama,Sudha Kongara,2020,153,0,6.5
5507,2021-10-17 13:00:00,Pulp Fiction,Crime,Quentin Tarantino,1994,154,12,8.5
5508,2021-10-17 10:00:00,Das Experiment,Drama,Oliver Hirschbiegel,2001,120,16,7.0
5509,2021-10-16 19:30:00,Just Mercy,Biography,Destin Daniel Cretton,2019,137,12,10.0
5510,2021-10-16 16:30:00,Sense and Sensibility,Drama,Ang Lee,1995,136,0,7.0
5511,2021-10-16 14:00:00,Notorious,Drama,Alfred Hitchcock,1946,102,0,6.5
5512,2021-10-16 10:30:00,Patton,Biography,Franklin J. Schaffner,1970,172,0,8.0
5513,2021-10-15 13:00:00,The Breakfast Club,Comedy,John Hughes,1985,97,12,7.0
5514,2021-10-15 10:30:00,The Purple Rose of Cairo,Comedy,Woody Allen,1985,82,0,8.0
5515,2021-10-14 10:00:00,Just Mercy,Biography,Destin Daniel Cretton,2019,137,12,7.0
5516,2021-10-13 15:30:00,The Purple Rose of Cairo,Comedy,Woody Allen,1985,82,0,7.5
5517,2021-10-13 12:30:00,Just Mercy,Biography,Destin Daniel Cretton,2019,137,12,8.0
5518,2021-10-13 10:00:00,"Monsters, Inc.",Animation,Pete Docter,2001,92,0,7.5
5519,2021-10-12 10:30:00,Barton Fink,Comedy,Joel Coen,1991,116,0,7.0
5520,2021-10-11 16:00:00,The Thing,Horror,John Carpenter,1982,109,12,7.5
5521,2021-10-11 13:30:00,À bout de souffle,Crime,Jean-Luc Godard,1960,90,0,7.5
5522,2021-10-11 10:00:00,Soorarai Pottru,Drama,Sudha Kongara,2020,153,0,7.0
5523,2021-10-10 19:00:00,Höstsonaten,Drama,Ingmar Bergman,1978,99,0,8.5
5524,2021-10-10 16:30:00,Shine,Biography,Scott Hicks,1996,105,0,7.5
5525,2021-10-10 13:00:00,Gladiator,Action,Ridley Scott,2000,155,12,7.0
5526,2021-10-10 10:00:00,Planet of the Apes,Adventure,Franklin J. Schaffner,1968,112,0,8.0
5527,2021-10-09 21:00:00,Kaze no tani no Naushika,Animation,Hayao Miyazaki,1984,117,0,10.0
5528,2021-10-09 18:00:00,Barton Fink,Comedy,Joel Coen,1991,116,0,9.5
5529,2021-10-09 13:00:00,Hamlet,Drama,Kenneth Branagh,1996,242,12,7.0
5530,2021-10-09 10:30:00,"Monsters, Inc.",Animation,Pete Docter,2001,92,0,6.5
5531,2021-10-08 13:30:00,Shine,Biography,Scott Hicks,1996,105,0,7.5
5532,2021-10-08 10:30:00,Jojo Rabbit,Comedy,Taika Waititi,2019,108,12,7.0
5533,2021-10-07 10:00:00,Bride of Frankenstein,Drama,James Whale,1935,75,12,8.5
5534,2021-10-06 18:00:00,Pulp Fiction,Crime,Quentin Tarantino,1994,154,12,9.0
5535,2021-10-06 14:00:00,Andrei Rublev,Biography,Andrei Tarkovsky,1966,205,16,7.0
5536,2021-10-06 10:30:00,Ran,Action,Akira Kurosawa,1985,162,0,8.0
5537,2021-10-05 12:00:00,The Little Mermaid,Animation,Ron Clements,1989,83,0,6.5
5538,2021-10-05 10:00:00,Bronenosets Potemkin,Drama,Sergei M. Eisenstein,1925,75,12,8.5
5539,2021-10-04 18:30:00,Bronenosets Potemkin,Drama,Sergei M. Eisenstein,1925,75,12,8.5
5540,2021-10-04 13:30:00,Hamlet,Drama,Kenneth Branagh,1996,242,12,7.0
5541,2021-10-04 10:30:00,The Verdict,Drama,Sidney Lumet,1982,129,0,8.0
5542,2021-10-03 18:30:00,The Boondock Saints,Action,Troy Duffy,1999,108,16,9.5
5543,2021-10-03 15:30:00,The Verdict,Drama,Sidney Lumet,1982,129,0,6.5
5544,2021-10-03 12:30:00,Das Experiment,Drama,Oliver Hirschbiegel,2001,120,16,7.5
5545,2021-10-03 10:00:00,"Monsters, Inc.",Animation,Pete Docter,2001,92,0,6.5
5546,2021-10-02 17:30:00,Platoon,Drama,Oliver Stone,1986,120,12,8.0
5547,2021-10-02 15:00:00,Billy Elliot,Drama,Stephen Daldry,2000,110,16,6.5
5548,2021-10-02 10:30:00,Andrei Rublev,Biography,Andrei Tarkovsky,1966,205,16,6.5
5549,2021-10-01 16:00:00,The Shop Around the Corner,Comedy,Ernst Lubitsch,1940,99,12,7.0
5550,2021-10-01 13:00:00,The Verdict,Drama,Sidney Lumet,1982,129,0,7.0
5551,2021-10-01 10:30:00,The Muppet Movie,Adventure,James Frawley,1979,95,0,8.5
5552,2021-09-30 16:00:00,Just Mercy,Biography,Destin Daniel Cretton,2019,137,12,6.5
5553,2021-09-30 13:30:00,Kaze no tani no Naushika,Animation,Hayao Miyazaki,1984,117,0,8.0
5554,2021-09-30 10:30:00,Platoon,Drama,Oliver Stone,1986,120,12,8.0
5555,2021-09-29 10:00:00,The Little Mermaid,Animation,Ron Clements,1989,83,0,8.0
5556,2021-09-28 15:30:00,Platoon,Drama,Oliver Stone,1986,120,12,7.0
5557,2021-09-28 13:00:00,Sunset Blvd.,Drama,Billy Wilder,1950,110,12,8.0
5558,2021-09-28 10:00:00,The Boondock Saints,Action,Troy Duffy,1999,108,16,7.0
5559,2021-09-27 14:30:00,Pulp Fiction,Crime,Quentin Tarantino,1994,154,12,6.5
5560,2021-09-27 10:00:00,Andrei Rublev,Biography,Andrei Tarkovsky,1966,205,16,8.0
5561,2021-09-26 16:00:00,The Shop Around the Corner,Comedy,Ernst Lubitsch,1940,99,12,8.0
5562,2021-09-26 13:00:00,Bonnie and Clyde,Action,Arthur Penn,1967,111,12,6.5
5563,2021-09-26 10:30:00,Mad Max 2,Action,George Miller,1981,96,12,8.0
5564,2021-09-25 15:30:00,Just Mercy,Biography,Destin Daniel Cretton,2019,137,12,8.5
5565,2021-09-25 12:30:00,Brazil,Drama,Terry Gilliam,1985,132,0,8.0
5566,2021-09-25 10:00:00,Sunset Blvd.,Drama,Billy Wilder,1950,110,12,6.5
5567,2021-09-24 16:00:00,Miller's Crossing,Crime,Joel Coen,1990,115,16,7.5
5568,2021-09-24 12:30:00,Pulp Fiction,Crime,Quentin Tarantino,1994,154,12,8.5
5569,2021-09-24 10:00:00,The Muppet Movie,Adventure,James Frawley,1979,95,0,8.5
5570,2021-09-23 15:00:00,À bout de souffle,Crime,Jean-Luc Godard,1960,90,0,6.5
5571,2021-09-23 12:30:00,Taxi Driver,Crime,Martin Scorsese,1976,114,12,7.0
5572,2021-09-23 10:00:00,The Thing,Horror,John Carpenter,1982,109,12,6.5
5573,2021-09-22 15:30:00,Rear Window,Mystery,Alfred Hitchcock,1954,112,0,6.5
5574,2021-09-22 13:00:00,Sunset Blvd.,Drama,Billy Wilder,1950,110,12,8.5
5575,2021-09-22 10:30:00,Jojo Rabbit,Comedy,Taika Waititi,2019,108,12,7.0
5576,2021-09-21 10:00:00,The Shop Around the Corner,Comedy,Ernst Lubitsch,1940,99,12,7.5
5577,2021-09-20 13:00:00,Gongdong gyeongbi guyeok JSA,Action,Chan-wook Park,2000,110,12,7.5
5578,2021-09-20 10:00:00,Brazil,Drama,Terry Gilliam,1985,132,0,7.0
5579,2021-09-19 15:30:00,Invasion of the Body Snatchers,Drama,Don Siegel,1956,80,12,7.5
5580,2021-09-19 13:00:00,The Muppet Movie,Adventure,James Frawley,1979,95,0,8.0
5581,2021-09-19 10:30:00,Mad Max 2,Action,George Miller,1981,96,12,6.5
5582,2021-09-18 16:00:00,Goldfinger,Action,Guy Hamilton,1964,110,12,7.5
5583,2021-09-18 13:30:00,Goldfinger,Action,Guy Hamilton,1964,110,12,8.5
5584,2021-09-18 10:30:00,The Apartment,Comedy,Billy Wilder,1960,125,0,8.5
5585,2021-09-17 10:30:00,Brazil,Drama,Terry Gilliam,1985,132,0,6.5
5586,2021-09-16 16:00:00,The Little Mermaid,Animation,Ron Clements,1989,83,0,7.0
5587,2021-09-16 13:00:00,Rear Window,Mystery,Alfred Hitchcock,1954,112,0,7.0
5588,2021-09-16 10:00:00,Sense and Sensibility,Drama,Ang Lee,1995,136,0,7.5
5589,2021-09-15 12:30:00,Invasion of the Body Snatchers,Drama,Don Siegel,1956,80,12,7.5
5590,2021-09-15 10:00:00,The Little Mermaid,Animation,Ron Clements,1989,83,0,7.0
5591,2021-09-14 13:00:00,Goldfinger,Action,Guy Hamilton,1964,110,12,7.0
5592,2021-09-14 10:00:00,The Apartment,Comedy,Billy Wilder,1960,125,0,7.0
5593,2021-09-13 16:30:00,Invasion of the Body Snatchers,Drama,Don Siegel,1956,80,12,7.0
5594,2021-09-13 13:00:00,Ran,Action,Akira Kurosawa,1985,162,0,6.5
5595,2021-09-13 10:30:00,The Shop Around the Corner,Comedy,Ernst Lubitsch,1940,99,12,7.5
5596,2021-09-12 18:30:00,Bride of Frankenstein,Drama,James Whale,1935,75,12,9.5
5597,2021-09-12 15:30:00,Indiana Jones and the Last Crusade,Action,Steven Spielberg,1989,127,0,7.0
5598,2021-09-12 13:00:00,The 39 Steps,Crime,Alfred Hitchcock,1935,86,12,8.0
5599,2021-09-12 10:00:00,American Beauty,Drama,Sam Mendes,1999,122,12,8.0
5600,2021-09-11 16:00:00,Sunset Blvd.,Drama,Billy Wilder,1950,110,12,6.5
5601,2021-09-11 13:30:00,Kind Hearts and Coronets,Comedy,Robert Hamer,1949,106,0,8.5
5602,2021-09-11 10:30:00,American Beauty,Drama,Sam Mendes,1999,122,12,8.5
5603,2021-09-10 16:30:00,The Muppet Movie,Adventure,James Frawley,1979,95,0,7.0
5604,2021-09-10 13:30:00,Miller's Crossing,Crime,Joel Coen,1990,115,16,6.5
5605,2021-09-10 10:00:00,Ran,Action,Akira Kurosawa,1985,162,0,6.5
5606,2021-09-09 10:30:00,Brazil,Drama,Terry Gilliam,1985,132,0,7.0
5607,2021-09-08 16:00:00,The Godfather,Crime,Francis Ford Coppola,1972,175,12,6.5
5608,2021-09-08 13:30:00,The Purple Rose of Cairo,Comedy,Woody Allen,1985,82,0,7.0
5609,2021-09-08 10:30:00,Raging Bull,Biography,Martin Scorsese,1980,129,12,7.5
5610,2021-09-07 12:00:00,The Boondock Saints,Action,Troy Duffy,1999,108,16,8.0
5611,2021-09-07 10:00:00,The Killing,Crime,Stanley Kubrick,1956,84,12,8.0
5612,2021-09-06 13:00:00,Rear Window,Mystery,Alfred Hitchcock,1954,112,0,7.0
5613,2021-09-06 10:00:00,The Magnificent Seven,Action,John Sturges,1960,128,12,6.5
5614,2021-09-05 18:30:00,The Boondock Saints,Action,Troy Duffy,1999,108,16,8.5
5615,2021-09-05 16:00:00,Bonnie and Clyde,Action,Arthur Penn,1967,111,12,7.0
5616,2021-09-05 13:00:00,Raging Bull,Biography,Martin Scorsese,1980,129,12,8.0
5617,2021-09-05 10:00:00,Léon,Action,Luc Besson,1994,110,12,8.0
5618,2021-09-04 17:00:00,The Thing,Horror,John Carpenter,1982,109,12,8.0
5619,2021-09-04 13:00:00,The Godfather,Crime,Francis Ford Coppola,1972,175,12,8.0
5620,2021-09-04 10:30:00,Léon,Action,Luc Besson,1994,110,12,7.5
5621,2021-09-03 13:00:00,Serpico,Biography,Sidney Lumet,1973,130,12,7.0
5622,2021-09-03 10:30:00,The Thing,Horror,John Carpenter,1982,109,12,7.0
5623,2021-09-02 13:00:00,Toy Story 2,Animation,John Lasseter,1999,92,0,8.0
5624,2021-09-02 10:00:00,The Thing,Horror,John Carpenter,1982,109,12,7.5
5625,2021-09-01 15:30:00,La passion de Jeanne d'Arc,Biography,Carl Theodor Dreyer,1928,110,12,6.5
5626,2021-09-01 13:30:00,The 39 Steps,Crime,Alfred Hitchcock,1935,86,12,7.5
5627,2021-09-01 10:30:00,Léon,Action,Luc Besson,1994,110,12,8.0
5628,2021-08-31 10:30:00,Sunset Blvd.,Drama,Billy Wilder,1950,110,12,7.5
5629,2021-08-30 16:00:00,Taxi Driver,Crime,Martin Scorsese,1976,114,12,8.5
5630,2021-08-30 13:00:00,Serpico,Biography,Sidney Lumet,1973,130,12,7.0
5631,2021-08-30 10:30:00,The Thing,Horror,John Carpenter,1982,109,12,6.5
5632,2021-08-29 18:30:00,Bonnie and Clyde,Action,Arthur Penn,1967,111,12,9.0
5633,2021-08-29 16:00:00,Billy Elliot,Drama,Stephen Daldry,2000,110,16,7.0
5634,2021-08-29 12:30:00,Andaz Apna Apna,Action,Rajkumar Santoshi,1994,160,0,6.5
5635,2021-08-29 10:00:00,Harold and Maude,Comedy,Hal Ashby,1971,91,6,8.0
5636,2021-08-28 16:30:00,The Boondock Saints,Action,Troy Duffy,1999,108,16,7.0
5637,2021-08-28 13:30:00,The Magnificent Seven,Action,John Sturges,1960,128,12,8.5
5638,2021-08-28 10:30:00,The Apartment,Comedy,Billy Wilder,1960,125,0,7.5
5639,2021-08-27 10:00:00,Raging Bull,Biography,Martin Scorsese,1980,129,12,7.5
5640,2021-08-26 10:30:00,Ran,Action,Akira Kurosawa,1985,162,0,8.0
5641,2021-08-25 10:00:00,Ran,Action,Akira Kurosawa,1985,162,0,7.5
5642,2021-08-24 10:30:00,Jojo Rabbit,Comedy,Taika Waititi,2019,108,12,6.5
5643,2021-08-23 16:30:00,Taxi Driver,Crime,Martin Scorsese,1976,114,12,6.5
5644,2021-08-23 14:00:00,The Truman Show,Comedy,Peter Weir,1998,103,0,7.5
5645,2021-08-23 10:30:00,Nuovo Cinema Paradiso,Drama,Giuseppe Tornatore,1988,155,0,8.5
5646,2021-08-22 18:30:00,Toy Story 2,Animation,John Lasseter,1999,92,0,8.5
5647,2021-08-22 16:00:00,The Truman Show,Comedy,Peter Weir,1998,103,0,8.0
5648,2021-08-22 12:30:00,"Paris, Texas",Drama,Wim Wenders,1984,145,0,8.5
5649,2021-08-22 10:00:00,Toy Story 2,Animation,John Lasseter,1999,92,0,6.5
5650,2021-08-21 19:00:00,Toy Story 2,Animation,John Lasseter,1999,92,0,9.5
5651,2021-08-21 16:30:00,Harold and Maude,Comedy,Hal Ashby,1971,91,6,6.5
5652,2021-08-21 13:30:00,Serpico,Biography,Sidney Lumet,1973,130,12,7.5
5653,2021-08-21 10:30:00,Raging Bull,Biography,Martin Scorsese,1980,129,12,8.0
5654,2021-08-20 16:30:00,The Truman Show,Comedy,Peter Weir,1998,103,0,7.0
5655,2021-08-20 12:30:00,La leggenda del pianista sull'oceano,Drama,Giuseppe Tornatore,1998,169,0,8.5
5656,2021-08-20 10:00:00,Per un pugno di dollari,Action,Sergio Leone,1964,99,12,7.5
5657,2021-08-19 14:00:00,Taxi Driver,Crime,Martin Scorsese,1976,114,12,7.0
5658,2021-08-19 10:30:00,The Godfather,Crime,Francis Ford Coppola,1972,175,12,6.5
5659,2021-08-18 16:00:00,Per un pugno di dollari,Action,Sergio Leone,1964,99,12,7.5
5660,2021-08-18 13:00:00,Raging Bull,Biography,Martin Scorsese,1980,129,12,7.5
5661,2021-08-18 10:00:00,Raging Bull,Biography,Martin Scorsese,1980,129,12,6.5
5662,2021-08-17 10:30:00,Andaz Apna Apna,Action,Rajkumar Santoshi,1994,160,0,7.5
5663,2021-08-16 10:30:00,La leggenda del pianista sull'oceano,Drama,Giuseppe Tornatore,1998,169,0,7.5
5664,2021-08-15 16:00:00,Serpico,Biography,Sidney Lumet,1973,130,12,8.5
5665,2021-08-15 13:30:00,Crimes and Misdemeanors,Comedy,Woody Allen,1989,104,12,8.5
5666,2021-08-15 10:30:00,Raging Bull,Biography,Martin Scorsese,1980,129,12,7.0
5667,2021-08-14 18:30:00,Nuovo Cinema Paradiso,Drama,Giuseppe Tornatore,1988,155,0,9.5
5668,2021-08-14 16:00:00,Toy Story 2,Animation,John Lasseter,1999,92,0,8.0
5669,2021-08-14 13:00:00,Indiana Jones and the Last Crusade,Action,Steven Spielberg,1989,127,0,6.5
5670,2021-08-14 10:30:00,Sabrina,Comedy,Billy Wilder,1954,113,12,7.5
5671,2021-08-13 10:00:00,I Am Sam,Drama,Jessie Nelson,2001,132,12,7.5
5672,2021-08-12 10:00:00,This Is Spinal Tap,Comedy,Rob Reiner,1984,82,16,6.5
5673,2021-08-11 13:00:00,Kind Hearts and Coronets,Comedy,Robert Hamer,1949,106,0,8.5
5674,2021-08-11 10:30:00,The Third Man,Film-Noir,Carol Reed,1949,104,12,7.0
5675,2021-08-10 10:00:00,La passion de Jeanne d'Arc,Biography,Carl Theodor Dreyer,1928,110,12,6.5
5676,2021-08-09 10:30:00,Trainspotting,Drama,Danny Boyle,1996,93,12,8.5
5677,2021-08-08 19:00:00,Witness for the Prosecution,Crime,Billy Wilder,1957,116,0,9.5
5678,2021-08-08 15:30:00,La leggenda del pianista sull'oceano,Drama,Giuseppe Tornatore,1998,169,0,6.5
5679,2021-08-08 12:30:00,Léon,Action,Luc Besson,1994,110,12,8.0
5680,2021-08-08 10:00:00,The Killing,Crime,Stanley Kubrick,1956,84,12,6.5
5681,2021-08-07 16:00:00,Crimes and Misdemeanors,Comedy,Woody Allen,1989,104,12,6.5
5682,2021-08-07 13:30:00,Billy Elliot,Drama,Stephen Daldry,2000,110,16,8.0
5683,2021-08-07 10:30:00,I Am Sam,Drama,Jessie Nelson,2001,132,12,7.0
5684,2021-08-06 13:30:00,"Lock, Stock and Two Smoking Barrels",Action,Guy Ritchie,1998,107,12,7.0
5685,2021-08-06 10:30:00,Dà hóng denglong gaogao guà,Drama,Yimou Zhang,1991,125,6,7.5
5686,2021-08-05 10:00:00,I Am Sam,Drama,Jessie Nelson,2001,132,12,8.0
5687,2021-08-04 15:30:00,Sabrina,Comedy,Billy Wilder,1954,113,12,8.0
5688,2021-08-04 13:00:00,Funny Games,Crime,Michael Haneke,1997,108,12,8.5
5689,2021-08-04 10:00:00,Dà hóng denglong gaogao guà,Drama,Yimou Zhang,1991,125,6,7.5
5690,2021-08-03 16:30:00,The Killing,Crime,Stanley Kubrick,1956,84,12,8.5
5691,2021-08-03 13:30:00,It's a Wonderful Life,Drama,Frank Capra,1946,130,6,8.0
5692,2021-08-03 10:30:00,Dà hóng denglong gaogao guà,Drama,Yimou Zhang,1991,125,6,8.5
5693,2021-08-02 10:30:00,The Third Man,Film-Noir,Carol Reed,1949,104,12,8.5
5694,2021-08-01 15:30:00,"Paris, Texas",Drama,Wim Wenders,1984,145,0,7.0
5695,2021-08-01 12:30:00,Indiana Jones and the Last Crusade,Action,Steven Spielberg,1989,127,0,6.5
5696,2021-08-01 10:00:00,The Day the Earth Stood Still,Drama,Robert Wise,1951,92,0,8.0
5697,2021-07-31 17:00:00,Indiana Jones and the Last Crusade,Action,Steven Spielberg,1989,127,0,7.0
5698,2021-07-31 13:30:00,Gully Boy,Drama,Zoya Akhtar,2019,154,12,6.5
5699,2021-07-31 10:30:00,I Am Sam,Drama,Jessie Nelson,2001,132,12,8.5
5700,2021-07-30 16:00:00,Indiana Jones and the Last Crusade,Action,Steven Spielberg,1989,127,0,7.5
5701,2021-07-30 13:00:00,Indiana Jones and the Last Crusade,Action,Steven Spielberg,1989,127,0,7.0
5702,2021-07-30 10:00:00,I Am Sam,Drama,Jessie Nelson,2001,132,12,8.0
5703,2021-07-29 10:00:00,This Is Spinal Tap,Comedy,Rob Reiner,1984,82,16,8.0
5704,2021-07-28 15:30:00,Crimes and Misdemeanors,Comedy,Woody Allen,1989,104,12,7.0
5705,2021-07-28 13:00:00,"Lock, Stock and Two Smoking Barrels",Action,Guy Ritchie,1998,107,12,8.5
5706,2021-07-28 10:30:00,Vampire Hunter D: Bloodlust,Animation,Yoshiaki Kawajiri,2000,103,0,8.0
5707,2021-07-27 13:30:00,Arsenic and Old Lace,Comedy,Frank Capra,1942,118,12,7.0
5708,2021-07-27 10:00:00,La leggenda del pianista sull'oceano,Drama,Giuseppe Tornatore,1998,169,0,7.5
5709,2021-07-26 10:00:00,"Lock, Stock and Two Smoking Barrels",Action,Guy Ritchie,1998,107,12,7.0
5710,2021-07-25 16:30:00,Crimes and Misdemeanors,Comedy,Woody Allen,1989,104,12,6.5
5711,2021-07-25 13:30:00,Dawn of the Dead,Action,George A. Romero,1978,127,12,8.5
5712,2021-07-25 10:30:00,I Am Sam,Drama,Jessie Nelson,2001,132,12,6.5
5713,2021-07-24 18:00:00,Short Cuts,Comedy,Robert Altman,1993,188,16,8.5
5714,2021-07-24 15:30:00,Per un pugno di dollari,Action,Sergio Leone,1964,99,12,8.0
5715,2021-07-24 13:30:00,This Is Spinal Tap,Comedy,Rob Reiner,1984,82,16,8.5
5716,2021-07-24 10:30:00,Vertigo,Mystery,Alfred Hitchcock,1958,128,12,8.5
5717,2021-07-23 15:30:00,Trois couleurs: Rouge,Drama,Krzysztof Kieslowski,1994,99,0,8.5
5718,2021-07-23 12:30:00,Witness for the Prosecution,Crime,Billy Wilder,1957,116,0,8.0
5719,2021-07-23 10:00:00,Dazed and Confused,Comedy,Richard Linklater,1993,102,0,7.5
5720,2021-07-22 10:00:00,Crimes and Misdemeanors,Comedy,Woody Allen,1989,104,12,6.5
5721,2021-07-21 15:00:00,The Day the Earth Stood Still,Drama,Robert Wise,1951,92,0,7.0
5722,2021-07-21 10:30:00,Andrei Rublev,Biography,Andrei Tarkovsky,1966,205,16,7.5
5723,2021-07-20 13:00:00,Soorarai Pottru,Drama,Sudha Kongara,2020,153,0,7.0
5724,2021-07-20 10:30:00,The Day the Earth Stood Still,Drama,Robert Wise,1951,92,0,8.0
5725,2021-07-19 10:00:00,"Paris, Texas",Drama,Wim Wenders,1984,145,0,8.0
5726,2021-07-18 16:00:00,Fried Green Tomatoes,Drama,Jon Avnet,1991,130,12,8.0
5727,2021-07-18 13:30:00,This Is Spinal Tap,Comedy,Rob Reiner,1984,82,16,8.5
5728,2021-07-18 10:30:00,"Paris, Texas",Drama,Wim Wenders,1984,145,0,6.5
5729,2021-07-17 19:00:00,No Man's Land,Comedy,Danis Tanovic,2001,98,16,9.5
5730,2021-07-17 16:00:00,Fried Green Tomatoes,Drama,Jon Avnet,1991,130,12,7.0
5731,2021-07-17 13:00:00,8½,Drama,Federico Fellini,1963,138,12,8.0
5732,2021-07-17 10:30:00,Harold and Maude,Comedy,Hal Ashby,1971,91,6,8.5
5733,2021-07-16 10:00:00,Once Upon a Time... in Hollywood,Comedy,Quentin Tarantino,2019,161,12,6.5
5734,2021-07-15 14:00:00,Soorarai Pottru,Drama,Sudha Kongara,2020,153,0,7.0
5735,2021-07-15 10:00:00,Sholay,Action,Ramesh Sippy,1975,204,0,8.0
5736,2021-07-14 14:00:00,Where Eagles Dare,Action,Brian G. Hutton,1968,158,0,7.5
5737,2021-07-14 10:30:00,"Paris, Texas",Drama,Wim Wenders,1984,145,0,6.5
5738,2021-07-13 10:00:00,Where Eagles Dare,Action,Brian G. Hutton,1968,158,0,6.5
5739,2021-07-12 16:00:00,Vampire Hunter D: Bloodlust,Animation,Yoshiaki Kawajiri,2000,103,0,8.0
5740,2021-07-12 13:30:00,Sabrina,Comedy,Billy Wilder,1954,113,12,7.0
5741,2021-07-12 10:30:00,Vertigo,Mystery,Alfred Hitchcock,1958,128,12,7.0
5742,2021-07-11 16:00:00,Where Eagles Dare,Action,Brian G. Hutton,1968,158,0,7.5
5743,2021-07-11 13:00:00,Arsenic and Old Lace,Comedy,Frank Capra,1942,118,12,8.5
5744,2021-07-11 10:30:00,Harold and Maude,Comedy,Hal Ashby,1971,91,6,8.0
5745,2021-07-10 18:30:00,Dawn of the Dead,Action,George A. Romero,1978,127,12,9.0
5746,2021-07-10 16:00:00,Trois couleurs: Rouge,Drama,Krzysztof Kieslowski,1994,99,0,7.5
5747,2021-07-10 12:30:00,Scent of a Woman,Drama,Martin Brest,1992,156,12,7.0
5748,2021-07-10 10:00:00,Per un pugno di dollari,Action,Sergio Leone,1964,99,12,7.0
5749,2021-07-09 13:30:00,Crimes and Misdemeanors,Comedy,Woody Allen,1989,104,12,8.5
5750,2021-07-09 10:30:00,Dawn of the Dead,Action,George A. Romero,1978,127,12,7.5
5751,2021-07-08 10:00:00,Gully Boy,Drama,Zoya Akhtar,2019,154,12,8.0
5752,2021-07-07 10:30:00,Once Upon a Time... in Hollywood,Comedy,Quentin Tarantino,2019,161,12,8.0
5753,2021-07-06 10:00:00,Dazed and Confused,Comedy,Richard Linklater,1993,102,0,7.0
5754,2021-07-05 16:00:00,In a Lonely Place,Drama,Nicholas Ray,1950,94,12,7.0
5755,2021-07-05 13:00:00,Fried Green Tomatoes,Drama,Jon Avnet,1991,130,12,7.0
5756,2021-07-05 10:30:00,Funny Games,Crime,Michael Haneke,1997,108,12,7.5
5757,2021-07-04 15:30:00,In a Lonely Place,Drama,Nicholas Ray,1950,94,12,6.5
5758,2021-07-04 13:30:00,Knockin' on Heaven's Door,Action,Thomas Jahn,1997,87,12,6.5
5759,2021-07-04 10:00:00,Nuovo Cinema Paradiso,Drama,Giuseppe Tornatore,1988,155,0,7.5
5760,2021-07-03 15:30:00,Once Upon a Time... in Hollywood,Comedy,Quentin Tarantino,2019,161,12,8.0
5761,2021-07-03 13:00:00,Arsenic and Old Lace,Comedy,Frank Capra,1942,118,12,7.0
5762,2021-07-03 10:30:00,Brief Encounter,Drama,David Lean,1945,86,0,8.0
5763,2021-07-02 13:00:00,Ford v Ferrari,Action,James Mangold,2019,152,12,8.0
5764,2021-07-02 10:30:00,Vampire Hunter D: Bloodlust,Animation,Yoshiaki Kawajiri,2000,103,0,7.0
5765,2021-07-01 13:00:00,The Gold Rush,Adventure,Charles Chaplin,1925,95,12,6.5
5766,2021-07-01 10:00:00,"Crna macka, beli macor",Comedy,Emir Kusturica,1998,127,16,8.0
5767,2021-06-30 15:30:00,"Planes, Trains & Automobiles",Comedy,John Hughes,1987,93,0,7.5
5768,2021-06-30 13:00:00,The Princess Bride,Adventure,Rob Reiner,1987,98,0,8.0
5769,2021-06-30 10:30:00,Vampire Hunter D: Bloodlust,Animation,Yoshiaki Kawajiri,2000,103,0,8.0
5770,2021-06-29 10:00:00,Brief Encounter,Drama,David Lean,1945,86,0,8.0
5771,2021-06-28 16:00:00,"Planes, Trains & Automobiles",Comedy,John Hughes,1987,93,0,6.5
5772,2021-06-28 13:30:00,The Princess Bride,Adventure,Rob Reiner,1987,98,0,7.5
5773,2021-06-28 10:30:00,Jaws,Adventure,Steven Spielberg,1975,124,12,6.5
5774,2021-06-27 19:30:00,The Princess Bride,Adventure,Rob Reiner,1987,98,0,9.5
5775,2021-06-27 16:00:00,Once Upon a Time... in Hollywood,Comedy,Quentin Tarantino,2019,161,12,7.5
5776,2021-06-27 13:30:00,Trois couleurs: Rouge,Drama,Krzysztof Kieslowski,1994,99,0,8.5
5777,2021-06-27 10:30:00,Alien,Horror,Ridley Scott,1979,117,16,8.5
5778,2021-06-26 18:30:00,The Lost Weekend,Drama,Billy Wilder,1945,101,12,9.0
5779,2021-06-26 16:00:00,Harold and Maude,Comedy,Hal Ashby,1971,91,6,8.0
5780,2021-06-26 13:30:00,Sabrina,Comedy,Billy Wilder,1954,113,12,7.0
5781,2021-06-26 10:30:00,Omohide poro poro,Animation,Isao Takahata,1991,118,0,8.5
5782,2021-06-25 12:30:00,"Planes, Trains & Automobiles",Comedy,John Hughes,1987,93,0,8.5
5783,2021-06-25 10:00:00,Alien,Horror,Ridley Scott,1979,117,16,8.0
5784,2021-06-24 13:00:00,Scarface: The Shame of the Nation,Action,Howard Hawks,1932,93,6,7.0
5785,2021-06-24 10:00:00,Primal Fear,Crime,Gregory Hoblit,1996,129,12,8.5
5786,2021-06-23 15:30:00,It's a Wonderful Life,Drama,Frank Capra,1946,130,6,8.0
5787,2021-06-23 13:00:00,Dazed and Confused,Comedy,Richard Linklater,1993,102,0,8.5
5788,2021-06-23 10:30:00,Dazed and Confused,Comedy,Richard Linklater,1993,102,0,7.5
5789,2021-06-22 12:00:00,In a Lonely Place,Drama,Nicholas Ray,1950,94,12,6.5
5790,2021-06-22 10:00:00,Invasion of the Body Snatchers,Drama,Don Siegel,1956,80,12,8.0
5791,2021-06-21 13:30:00,Fried Green Tomatoes,Drama,Jon Avnet,1991,130,12,8.5
5792,2021-06-21 10:30:00,8½,Drama,Federico Fellini,1963,138,12,8.5
5793,2021-06-20 19:00:00,Where Eagles Dare,Action,Brian G. Hutton,1968,158,0,9.0
5794,2021-06-20 15:30:00,Nuovo Cinema Paradiso,Drama,Giuseppe Tornatore,1988,155,0,6.5
5795,2021-06-20 12:30:00,"Crna macka, beli macor",Comedy,Emir Kusturica,1998,127,16,8.5
5796,2021-06-20 10:00:00,Vampire Hunter D: Bloodlust,Animation,Yoshiaki Kawajiri,2000,103,0,7.0
5797,2021-06-19 15:00:00,Y tu mamá también,Drama,Alfonso Cuarón,2001,106,12,8.5
5798,2021-06-19 12:30:00,Scarface: The Shame of the Nation,Action,Howard Hawks,1932,93,6,8.5
5799,2021-06-19 10:00:00,Dark City,Mystery,Alex Proyas,1998,100,12,8.5
5800,2021-06-18 10:00:00,Harold and Maude,Comedy,Hal Ashby,1971,91,6,8.0
5801,2021-06-17 15:30:00,Trois couleurs: Rouge,Drama,Krzysztof Kieslowski,1994,99,0,7.0
5802,2021-06-17 13:00:00,Dazed and Confused,Comedy,Richard Linklater,1993,102,0,6.5
5803,2021-06-17 10:00:00,"Crna macka, beli macor",Comedy,Emir Kusturica,1998,127,16,8.5
5804,2021-06-16 12:00:00,Brief Encounter,Drama,David Lean,1945,86,0,7.0
5805,2021-06-16 10:00:00,Brief Encounter,Drama,David Lean,1945,86,0,7.5
5806,2021-06-15 12:30:00,Gully Boy,Drama,Zoya Akhtar,2019,154,12,8.5
5807,2021-06-15 10:00:00,Vizontele,Comedy,Yilmaz Erdogan,2001,110,12,7.0
5808,2021-06-14 10:00:00,Omohide poro poro,Animation,Isao Takahata,1991,118,0,6.5
5809,2021-06-13 20:30:00,Scent of a Woman,Drama,Martin Brest,1992,156,12,10.0
5810,2021-06-13 17:30:00,Jaws,Adventure,Steven Spielberg,1975,124,12,8.5
5811,2021-06-13 14:00:00,Gully Boy,Drama,Zoya Akhtar,2019,154,12,8.5
5812,2021-06-13 10:30:00,Soorarai Pottru,Drama,Sudha Kongara,2020,153,0,7.0
5813,2021-06-12 16:00:00,The Princess Bride,Adventure,Rob Reiner,1987,98,0,8.0
5814,2021-06-12 12:30:00,Gully Boy,Drama,Zoya Akhtar,2019,154,12,6.5
5815,2021-06-12 10:00:00,Trois couleurs: Rouge,Drama,Krzysztof Kieslowski,1994,99,0,7.5
5816,2021-06-11 16:30:00,Vertigo,Mystery,Alfred Hitchcock,1958,128,12,8.5
5817,2021-06-11 13:30:00,Vizontele,Comedy,Yilmaz Erdogan,2001,110,12,7.0
5818,2021-06-11 10:00:00,Soorarai Pottru,Drama,Sudha Kongara,2020,153,0,8.5
5819,2021-06-10 16:30:00,Singin' in the Rain,Comedy,Stanley Donen,1952,103,0,6.5
5820,2021-06-10 13:00:00,Scent of a Woman,Drama,Martin Brest,1992,156,12,8.0
5821,2021-06-10 10:30:00,Bacheha-Ye aseman,Drama,Majid Majidi,1997,89,6,7.0
5822,2021-06-09 16:30:00,Jaws,Adventure,Steven Spielberg,1975,124,12,7.5
5823,2021-06-09 13:00:00,Nuovo Cinema Paradiso,Drama,Giuseppe Tornatore,1988,155,0,8.5
5824,2021-06-09 10:00:00,Alien,Horror,Ridley Scott,1979,117,16,6.5
5825,2021-06-08 10:30:00,Ford v Ferrari,Action,James Mangold,2019,152,12,7.5
5826,2021-06-07 10:00:00,Alien,Horror,Ridley Scott,1979,117,16,6.5
5827,2021-06-06 15:30:00,Alien,Horror,Ridley Scott,1979,117,16,8.5
5828,2021-06-06 13:00:00,Harvey,Comedy,Henry Koster,1950,104,12,8.5
5829,2021-06-06 10:30:00,Dazed and Confused,Comedy,Richard Linklater,1993,102,0,8.5
5830,2021-06-05 18:00:00,Dom za vesanje,Comedy,Emir Kusturica,1988,142,16,8.5
5831,2021-06-05 15:30:00,On Golden Pond,Drama,Mark Rydell,1981,109,12,7.0
5832,2021-06-05 13:00:00,Being John Malkovich,Comedy,Spike Jonze,1999,113,16,7.5
5833,2021-06-05 10:00:00,Night on Earth,Comedy,Jim Jarmusch,1991,129,16,7.5
5834,2021-06-04 10:30:00,Trois couleurs: Rouge,Drama,Krzysztof Kieslowski,1994,99,0,8.0
5835,2021-06-03 14:00:00,Scent of a Woman,Drama,Martin Brest,1992,156,12,8.0
5836,2021-06-03 10:00:00,Dances with Wolves,Adventure,Kevin Costner,1990,181,0,8.0
5837,2021-06-02 16:30:00,Rupan sansei: Kariosutoro no shiro,Animation,Hayao Miyazaki,1979,100,0,6.5
5838,2021-06-02 13:00:00,Dom za vesanje,Comedy,Emir Kusturica,1988,142,16,8.5
5839,2021-06-02 10:00:00,It's a Wonderful Life,Drama,Frank Capra,1946,130,6,8.0
5840,2021-06-01 13:00:00,Jaws,Adventure,Steven Spielberg,1975,124,12,8.0
5841,2021-06-01 10:00:00,Dom za vesanje,Comedy,Emir Kusturica,1988,142,16,7.0
5842,2021-05-31 12:30:00,Night on Earth,Comedy,Jim Jarmusch,1991,129,16,8.0
5843,2021-05-31 10:00:00,On Golden Pond,Drama,Mark Rydell,1981,109,12,8.5
5844,2021-05-30 17:00:00,Singin' in the Rain,Comedy,Stanley Donen,1952,103,0,8.5
5845,2021-05-30 14:00:00,Amélie,Comedy,Jean-Pierre Jeunet,2001,122,0,8.0
5846,2021-05-30 12:00:00,Duck Soup,Comedy,Leo McCarey,1933,69,12,8.0
5847,2021-05-30 10:00:00,The Iron Giant,Animation,Brad Bird,1999,86,6,8.5
5848,2021-05-29 18:30:00,Primal Fear,Crime,Gregory Hoblit,1996,129,12,10.0
5849,2021-05-29 16:00:00,Vizontele,Comedy,Yilmaz Erdogan,2001,110,12,8.0
5850,2021-05-29 13:00:00,Vizontele,Comedy,Yilmaz Erdogan,2001,110,12,8.0
5851,2021-05-29 10:00:00,Ikiru,Drama,Akira Kurosawa,1952,143,12,6.5
5852,2021-05-28 16:00:00,Todo sobre mi madre,Drama,Pedro Almodóvar,1999,101,16,7.0
5853,2021-05-28 13:00:00,True Romance,Crime,Tony Scott,1993,119,16,6.5
5854,2021-05-28 10:30:00,The Boondock Saints,Action,Troy Duffy,1999,108,16,7.5
5855,2021-05-27 15:30:00,"Planes, Trains & Automobiles",Comedy,John Hughes,1987,93,0,6.5
5856,2021-05-27 12:30:00,Jaws,Adventure,Steven Spielberg,1975,124,12,8.5
5857,2021-05-27 10:00:00,"Planes, Trains & Automobiles",Comedy,John Hughes,1987,93,0,7.5
5858,2021-05-26 16:30:00,"Crna macka, beli macor",Comedy,Emir Kusturica,1998,127,16,8.0
5859,2021-05-26 13:00:00,Pulp Fiction,Crime,Quentin Tarantino,1994,154,12,8.0
5860,2021-05-26 10:30:00,The Truman Show,Comedy,Peter Weir,1998,103,0,8.5
5861,2021-05-25 10:00:00,High Noon,Drama,Fred Zinnemann,1952,85,6,7.0
5862,2021-05-24 16:00:00,Ford v Ferrari,Action,James Mangold,2019,152,12,7.0
5863,2021-05-24 13:00:00,Unforgiven,Drama,Clint Eastwood,1992,130,12,8.0
5864,2021-05-24 10:30:00,The Princess Bride,Adventure,Rob Reiner,1987,98,0,7.0
5865,2021-05-23 18:00:00,Bacheha-Ye aseman,Drama,Majid Majidi,1997,89,6,8.5
5866,2021-05-23 15:30:00,Sunset Blvd.,Drama,Billy Wilder,1950,110,12,8.5
5867,2021-05-23 12:30:00,It's a Wonderful Life,Drama,Frank Capra,1946,130,6,6.5
5868,2021-05-23 10:00:00,The Iron Giant,Animation,Brad Bird,1999,86,6,7.5
5869,2021-05-22 18:30:00,Amélie,Comedy,Jean-Pierre Jeunet,2001,122,0,9.5
5870,2021-05-22 16:00:00,Todo sobre mi madre,Drama,Pedro Almodóvar,1999,101,16,8.5
5871,2021-05-22 13:00:00,Jaws,Adventure,Steven Spielberg,1975,124,12,7.0
5872,2021-05-22 10:30:00,Being John Malkovich,Comedy,Spike Jonze,1999,113,16,7.0
5873,2021-05-21 16:30:00,Bacheha-Ye aseman,Drama,Majid Majidi,1997,89,6,7.0
5874,2021-05-21 13:00:00,Ikiru,Drama,Akira Kurosawa,1952,143,12,7.5
5875,2021-05-21 10:00:00,Primal Fear,Crime,Gregory Hoblit,1996,129,12,6.5
5876,2021-05-20 10:30:00,The Boondock Saints,Action,Troy Duffy,1999,108,16,7.0
5877,2021-05-19 13:30:00,Dances with Wolves,Adventure,Kevin Costner,1990,181,0,7.5
5878,2021-05-19 10:00:00,Ford v Ferrari,Action,James Mangold,2019,152,12,7.5
5879,2021-05-18 13:00:00,Pulp Fiction,Crime,Quentin Tarantino,1994,154,12,7.0
5880,2021-05-18 10:00:00,Primal Fear,Crime,Gregory Hoblit,1996,129,12,7.0
5881,2021-05-17 16:00:00,Harvey,Comedy,Henry Koster,1950,104,12,8.5
5882,2021-05-17 13:00:00,Amélie,Comedy,Jean-Pierre Jeunet,2001,122,0,8.5
5883,2021-05-17 10:30:00,The Princess Bride,Adventure,Rob Reiner,1987,98,0,8.0
5884,2021-05-16 18:00:00,Unforgiven,Drama,Clint Eastwood,1992,130,12,8.5
5885,2021-05-16 15:00:00,Jaws,Adventure,Steven Spielberg,1975,124,12,7.0
5886,2021-05-16 12:30:00,The Princess Bride,Adventure,Rob Reiner,1987,98,0,8.0
5887,2021-05-16 10:00:00,The Princess Bride,Adventure,Rob Reiner,1987,98,0,8.0
5888,2021-05-15 17:30:00,Duck Soup,Comedy,Leo McCarey,1933,69,12,8.0
5889,2021-05-15 15:00:00,Being John Malkovich,Comedy,Spike Jonze,1999,113,16,7.5
5890,2021-05-15 12:30:00,The Sandlot,Comedy,David Mickey Evans,1993,101,0,8.0
5891,2021-05-15 10:00:00,The Princess Bride,Adventure,Rob Reiner,1987,98,0,7.5
5892,2021-05-14 10:00:00,Primal Fear,Crime,Gregory Hoblit,1996,129,12,6.5
5893,2021-05-13 13:30:00,Ford v Ferrari,Action,James Mangold,2019,152,12,7.0
5894,2021-05-13 10:30:00,Primal Fear,Crime,Gregory Hoblit,1996,129,12,8.0
5895,2021-05-12 13:30:00,Sunset Blvd.,Drama,Billy Wilder,1950,110,12,8.5
5896,2021-05-12 10:30:00,True Romance,Crime,Tony Scott,1993,119,16,6.5
5897,2021-05-11 10:00:00,Ford v Ferrari,Action,James Mangold,2019,152,12,7.0
5898,2021-05-10 10:00:00,Ford v Ferrari,Action,James Mangold,2019,152,12,7.5
5899,2021-05-09 15:30:00,Duck Soup,Comedy,Leo McCarey,1933,69,12,8.5
5900,2021-05-09 13:30:00,Duck Soup,Comedy,Leo McCarey,1933,69,12,7.0
5901,2021-05-09 10:30:00,Dead Poets Society,Comedy,Peter Weir,1989,128,0,6.5
5902,2021-05-08 16:00:00,Being John Malkovich,Comedy,Spike Jonze,1999,113,16,6.5
5903,2021-05-08 13:00:00,True Romance,Crime,Tony Scott,1993,119,16,6.5
5904,2021-05-08 10:30:00,The Peanut Butter Falcon,Adventure,Tyler Nilson,2019,97,12,8.5
5905,2021-05-07 13:30:00,The Sandlot,Comedy,David Mickey Evans,1993,101,0,8.0
5906,2021-05-07 10:30:00,It's a Wonderful Life,Drama,Frank Capra,1946,130,6,7.5
5907,2021-05-06 12:30:00,Dead Poets Society,Comedy,Peter Weir,1989,128,0,8.5
5908,2021-05-06 10:00:00,The Truman Show,Comedy,Peter Weir,1998,103,0,7.0
5909,2021-05-05 10:30:00,Y tu mamá también,Drama,Alfonso Cuarón,2001,106,12,8.0
5910,2021-05-04 15:30:00,Harvey,Comedy,Henry Koster,1950,104,12,7.5
5911,2021-05-04 13:00:00,The Truman Show,Comedy,Peter Weir,1998,103,0,7.0
5912,2021-05-04 10:00:00,Sunset Blvd.,Drama,Billy Wilder,1950,110,12,6.5
5913,2021-05-03 17:30:00,Being There,Comedy,Hal Ashby,1979,130,6,7.0
5914,2021-05-03 14:30:00,Tengoku to jigoku,Crime,Akira Kurosawa,1963,143,12,8.5
5915,2021-05-03 10:30:00,Dances with Wolves,Adventure,Kevin Costner,1990,181,0,7.5
5916,2021-05-02 15:00:00,The Truman Show,Comedy,Peter Weir,1998,103,0,6.5
5917,2021-05-02 13:00:00,Duck Soup,Comedy,Leo McCarey,1933,69,12,8.5
5918,2021-05-02 10:30:00,Y tu mamá también,Drama,Alfonso Cuarón,2001,106,12,7.5
5919,2021-05-01 14:00:00,Il conformista,Drama,Bernardo Bertolucci,1970,113,12,8.0
5920,2021-05-01 12:00:00,Batman: Mask of the Phantasm,Animation,Kevin Altieri,1993,76,6,6.5
5921,2021-05-01 10:00:00,Duck Soup,Comedy,Leo McCarey,1933,69,12,8.0
5922,2021-04-30 15:30:00,Dances with Wolves,Adventure,Kevin Costner,1990,181,0,6.5
5923,2021-04-30 13:00:00,The Sandlot,Comedy,David Mickey Evans,1993,101,0,8.5
5924,2021-04-30 10:30:00,The Searchers,Adventure,John Ford,1956,119,12,6.5
5925,2021-04-29 10:30:00,Bacheha-Ye aseman,Drama,Majid Majidi,1997,89,6,7.0
5926,2021-04-28 16:30:00,Trois couleurs: Blanc,Comedy,Krzysztof Kieslowski,1994,92,0,7.0
5927,2021-04-28 13:30:00,True Romance,Crime,Tony Scott,1993,119,16,8.5
5928,2021-04-28 10:30:00,Blow,Biography,Ted Demme,2001,124,16,7.5
5929,2021-04-27 10:30:00,The Boondock Saints,Action,Troy Duffy,1999,108,16,6.5
5930,2021-04-26 12:00:00,Blow,Biography,Ted Demme,2001,124,16,7.5
5931,2021-04-26 10:00:00,Batman: Mask of the Phantasm,Animation,Kevin Altieri,1993,76,6,8.5
5932,2021-04-25 17:30:00,Il conformista,Drama,Bernardo Bertolucci,1970,113,12,7.0
5933,2021-04-25 15:00:00,Trois couleurs: Blanc,Comedy,Krzysztof Kieslowski,1994,92,0,7.5
5934,2021-04-25 12:30:00,Le notti di Cabiria,Drama,Federico Fellini,1957,110,12,8.5
5935,2021-04-25 10:00:00,The Boondock Saints,Action,Troy Duffy,1999,108,16,6.5
5936,2021-04-24 16:30:00,Il conformista,Drama,Bernardo Bertolucci,1970,113,12,7.0
5937,2021-04-24 13:30:00,Les diaboliques,Crime,Henri-Georges Clouzot,1955,117,12,8.5
5938,2021-04-24 10:30:00,Il conformista,Drama,Bernardo Bertolucci,1970,113,12,7.5
5939,2021-04-23 15:30:00,Il conformista,Drama,Bernardo Bertolucci,1970,113,12,8.5
5940,2021-04-23 12:30:00,Network,Drama,Sidney Lumet,1976,121,12,8.0
5941,2021-04-23 10:00:00,Sunset Blvd.,Drama,Billy Wilder,1950,110,12,6.5
5942,2021-04-22 10:30:00,The Boondock Saints,Action,Troy Duffy,1999,108,16,7.5
5943,2021-04-21 15:30:00,The Nightmare Before Christmas,Animation,Henry Selick,1993,76,0,8.0
5944,2021-04-21 13:00:00,The Sandlot,Comedy,David Mickey Evans,1993,101,0,8.5
5945,2021-04-21 10:00:00,The Shawshank Redemption,Drama,Frank Darabont,1994,142,12,6.5
5946,2021-04-20 13:00:00,Dead Poets Society,Comedy,Peter Weir,1989,128,0,8.0
5947,2021-04-20 10:30:00,Toy Story 4,Animation,Josh Cooley,2019,100,0,8.5
5948,2021-04-19 16:00:00,Blow,Biography,Ted Demme,2001,124,16,7.5
5949,2021-04-19 13:00:00,Being There,Comedy,Hal Ashby,1979,130,6,8.0
5950,2021-04-19 10:30:00,Bacheha-Ye aseman,Drama,Majid Majidi,1997,89,6,7.5
5951,2021-04-18 15:00:00,The Searchers,Adventure,John Ford,1956,119,12,8.0
5952,2021-04-18 12:30:00,Y tu mamá también,Drama,Alfonso Cuarón,2001,106,12,6.5
5953,2021-04-18 10:00:00,The French Connection,Action,William Friedkin,1971,104,12,8.0
5954,2021-04-17 19:00:00,Trois couleurs: Blanc,Comedy,Krzysztof Kieslowski,1994,92,0,9.0
5955,2021-04-17 16:30:00,Dip huet seung hung,Action,John Woo,1989,111,16,7.5
5956,2021-04-17 13:30:00,Alien,Horror,Ridley Scott,1979,117,16,6.5
5957,2021-04-17 10:30:00,E.T. the Extra-Terrestrial,Family,Steven Spielberg,1982,115,0,6.5
5958,2021-04-16 12:30:00,E.T. the Extra-Terrestrial,Family,Steven Spielberg,1982,115,0,6.5
5959,2021-04-16 10:00:00,Il conformista,Drama,Bernardo Bertolucci,1970,113,12,6.5
5960,2021-04-15 16:00:00,E.T. the Extra-Terrestrial,Family,Steven Spielberg,1982,115,0,7.5
5961,2021-04-15 13:30:00,Office Space,Comedy,Mike Judge,1999,89,16,7.5
5962,2021-04-15 10:30:00,Being There,Comedy,Hal Ashby,1979,130,6,7.0
5963,2021-04-14 16:30:00,Chung Hing sam lam,Comedy,Kar-Wai Wong,1994,102,0,8.0
5964,2021-04-14 13:30:00,The Trial of the Chicago 7,Drama,Aaron Sorkin,2020,129,16,8.5
5965,2021-04-14 10:30:00,Being There,Comedy,Hal Ashby,1979,130,6,6.5
5966,2021-04-13 16:00:00,La vita è bella,Comedy,Roberto Benigni,1997,116,0,8.0
5967,2021-04-13 13:00:00,Being There,Comedy,Hal Ashby,1979,130,6,6.5
5968,2021-04-13 10:00:00,Remember the Titans,Biography,Boaz Yakin,2000,113,0,7.5
5969,2021-04-12 15:30:00,La battaglia di Algeri,Drama,Gillo Pontecorvo,1966,121,12,7.5
5970,2021-04-12 13:00:00,Sunset Blvd.,Drama,Billy Wilder,1950,110,12,6.5
5971,2021-04-12 10:30:00,Chung Hing sam lam,Comedy,Kar-Wai Wong,1994,102,0,8.0
5972,2021-04-11 18:30:00,Lifeboat,Drama,Alfred Hitchcock,1944,97,12,9.5
5973,2021-04-11 16:00:00,Toy Story 4,Animation,Josh Cooley,2019,100,0,7.5
5974,2021-04-11 13:00:00,Dead Poets Society,Comedy,Peter Weir,1989,128,0,7.0
5975,2021-04-11 10:30:00,Chung Hing sam lam,Comedy,Kar-Wai Wong,1994,102,0,7.0
5976,2021-04-10 16:00:00,The Trial of the Chicago 7,Drama,Aaron Sorkin,2020,129,16,6.5
5977,2021-04-10 13:00:00,E.T. the Extra-Terrestrial,Family,Steven Spielberg,1982,115,0,8.5
5978,2021-04-10 10:30:00,Jûbê ninpûchô,Animation,Yoshiaki Kawajiri,1993,94,12,7.5
5979,2021-04-09 10:30:00,La vita è bella,Comedy,Roberto Benigni,1997,116,0,7.0
5980,2021-04-08 13:30:00,Harvey,Comedy,Henry Koster,1950,104,12,7.5
5981,2021-04-08 10:30:00,Dead Poets Society,Comedy,Peter Weir,1989,128,0,8.0
5982,2021-04-07 15:30:00,Toy Story 4,Animation,Josh Cooley,2019,100,0,7.5
5983,2021-04-07 13:00:00,Lifeboat,Drama,Alfred Hitchcock,1944,97,12,8.5
5984,2021-04-07 10:30:00,La vita è bella,Comedy,Roberto Benigni,1997,116,0,8.5
5985,2021-04-06 10:00:00,E.T. the Extra-Terrestrial,Family,Steven Spielberg,1982,115,0,7.0
5986,2021-04-05 13:30:00,Toy Story 4,Animation,Josh Cooley,2019,100,0,8.5
5987,2021-04-05 10:00:00,The Shawshank Redemption,Drama,Frank Darabont,1994,142,12,6.5
5988,2021-04-04 18:30:00,The Peanut Butter Falcon,Adventure,Tyler Nilson,2019,97,12,8.5
5989,2021-04-04 16:00:00,La passion de Jeanne d'Arc,Biography,Carl Theodor Dreyer,1928,110,12,8.0
5990,2021-04-04 13:00:00,The Shawshank Redemption,Drama,Frank Darabont,1994,142,12,7.0
5991,2021-04-04 10:30:00,Y tu mamá también,Drama,Alfonso Cuarón,2001,106,12,7.5
5992,2021-04-03 16:30:00,Jûbê ninpûchô,Animation,Yoshiaki Kawajiri,1993,94,12,6.5
5993,2021-04-03 14:00:00,The Peanut Butter Falcon,Adventure,Tyler Nilson,2019,97,12,6.5
5994,2021-04-03 10:30:00,Hamilton,Biography,Thomas Kail,2020,160,12,7.0
5995,2021-04-02 12:30:00,The Trial of the Chicago 7,Drama,Aaron Sorkin,2020,129,16,7.0
5996,2021-04-02 10:00:00,La passion de Jeanne d'Arc,Biography,Carl Theodor Dreyer,1928,110,12,8.5
5997,2021-04-01 15:00:00,Toy Story 4,Animation,Josh Cooley,2019,100,0,8.0
5998,2021-04-01 12:30:00,Sunset Blvd.,Drama,Billy Wilder,1950,110,12,7.5
5999,2021-04-01 10:00:00,Remember the Titans,Biography,Boaz Yakin,2000,113,0,7.0
6000,2021-03-31 10:00:00,Office Space,Comedy,Mike Judge,1999,89,16,6.5
6001,2021-03-30 13:30:00,Le notti di Cabiria,Drama,Federico Fellini,1957,110,12,8.5
6002,2021-03-30 10:30:00,Dog Day Afternoon,Biography,Sidney Lumet,1975,125,0,6.5
6003,2021-03-29 10:00:00,La battaglia di Algeri,Drama,Gillo Pontecorvo,1966,121,12,8.0
6004,2021-03-28 15:30:00,Lat sau san taam,Action,John Woo,1992,128,16,7.5
6005,2021-03-28 13:00:00,Trois couleurs: Blanc,Comedy,Krzysztof Kieslowski,1994,92,0,8.0
6006,2021-03-28 10:30:00,The Innocents,Horror,Jack Clayton,1961,100,12,7.5
6007,2021-03-27 16:00:00,The Searchers,Adventure,John Ford,1956,119,12,8.5
6008,2021-03-27 13:30:00,The French Connection,Action,William Friedkin,1971,104,12,7.5
6009,2021-03-27 10:30:00,The Searchers,Adventure,John Ford,1956,119,12,7.0
6010,2021-03-26 15:30:00,Y tu mamá también,Drama,Alfonso Cuarón,2001,106,12,8.5
6011,2021-03-26 12:30:00,Der Name der Rose,Crime,Jean-Jacques Annaud,1986,130,16,8.0
6012,2021-03-26 10:00:00,Lifeboat,Drama,Alfred Hitchcock,1944,97,12,6.5
6013,2021-03-25 14:30:00,La dolce vita,Comedy,Federico Fellini,1960,174,12,8.0
6014,2021-03-25 12:00:00,The French Connection,Action,William Friedkin,1971,104,12,8.5
6015,2021-03-25 10:00:00,Rope,Crime,Alfred Hitchcock,1948,80,12,8.5
6016,2021-03-24 15:30:00,8½,Drama,Federico Fellini,1963,138,12,6.5
6017,2021-03-24 13:00:00,Lifeboat,Drama,Alfred Hitchcock,1944,97,12,7.0
6018,2021-03-24 10:00:00,Remember the Titans,Biography,Boaz Yakin,2000,113,0,7.5
6019,2021-03-23 10:00:00,Y tu mamá también,Drama,Alfonso Cuarón,2001,106,12,7.0
6020,2021-03-22 13:00:00,Toy Story 4,Animation,Josh Cooley,2019,100,0,8.0
6021,2021-03-22 10:00:00,Dog Day Afternoon,Biography,Sidney Lumet,1975,125,0,7.5
6022,2021-03-21 20:00:00,Dog Day Afternoon,Biography,Sidney Lumet,1975,125,0,9.0
6023,2021-03-21 17:30:00,Jûbê ninpûchô,Animation,Yoshiaki Kawajiri,1993,94,12,6.5
6024,2021-03-21 14:30:00,Network,Drama,Sidney Lumet,1976,121,12,7.0
6025,2021-03-21 10:30:00,Braveheart,Biography,Mel Gibson,1995,178,12,7.0
6026,2021-03-20 17:30:00,The French Connection,Action,William Friedkin,1971,104,12,6.5
6027,2021-03-20 15:00:00,The French Connection,Action,William Friedkin,1971,104,12,7.5
6028,2021-03-20 12:30:00,Cape Fear,Drama,J. Lee Thompson,1962,106,12,7.5
6029,2021-03-20 10:00:00,Lifeboat,Drama,Alfred Hitchcock,1944,97,12,6.5
6030,2021-03-19 15:00:00,La passion de Jeanne d'Arc,Biography,Carl Theodor Dreyer,1928,110,12,6.5
6031,2021-03-19 12:30:00,Jûbê ninpûchô,Animation,Yoshiaki Kawajiri,1993,94,12,8.5
6032,2021-03-19 10:00:00,The French Connection,Action,William Friedkin,1971,104,12,7.5
6033,2021-03-18 10:00:00,Dirty Harry,Action,Don Siegel,1971,102,12,8.5
6034,2021-03-17 13:00:00,Braveheart,Biography,Mel Gibson,1995,178,12,7.5
6035,2021-03-17 10:00:00,E.T. the Extra-Terrestrial,Family,Steven Spielberg,1982,115,0,7.0
6036,2021-03-16 10:30:00,Remember the Titans,Biography,Boaz Yakin,2000,113,0,6.5
6037,2021-03-15 13:00:00,The Ten Commandments,Adventure,Cecil B. DeMille,1956,220,0,7.0
6038,2021-03-15 10:30:00,The Last of the Mohicans,Action,Michael Mann,1992,112,12,7.0
6039,2021-03-14 17:00:00,The Searchers,Adventure,John Ford,1956,119,12,6.5
6040,2021-03-14 14:00:00,8½,Drama,Federico Fellini,1963,138,12,8.5
6041,2021-03-14 10:30:00,Fitzcarraldo,Adventure,Werner Herzog,1982,158,16,8.0
6042,2021-03-13 15:30:00,La dolce vita,Comedy,Federico Fellini,1960,174,12,8.5
6043,2021-03-13 13:00:00,The Innocents,Horror,Jack Clayton,1961,100,12,8.0
6044,2021-03-13 10:30:00,Cape Fear,Drama,J. Lee Thompson,1962,106,12,6.5
6045,2021-03-12 13:30:00,Dog Day Afternoon,Biography,Sidney Lumet,1975,125,0,7.5
6046,2021-03-12 10:00:00,Amores perros,Drama,Alejandro G. Iñárritu,2000,154,12,7.0
6047,2021-03-11 10:30:00,Amores perros,Drama,Alejandro G. Iñárritu,2000,154,12,6.5
6048,2021-03-10 13:00:00,The Last of the Mohicans,Action,Michael Mann,1992,112,12,8.5
6049,2021-03-10 10:00:00,La passion de Jeanne d'Arc,Biography,Carl Theodor Dreyer,1928,110,12,8.5
6050,2021-03-09 15:30:00,The Jungle Book,Animation,Wolfgang Reitherman,1967,78,0,7.0
6051,2021-03-09 13:00:00,Cape Fear,Drama,J. Lee Thompson,1962,106,12,7.5
6052,2021-03-09 10:00:00,E.T. the Extra-Terrestrial,Family,Steven Spielberg,1982,115,0,7.5
6053,2021-03-08 13:00:00,Lat sau san taam,Action,John Woo,1992,128,16,8.5
6054,2021-03-08 10:00:00,Network,Drama,Sidney Lumet,1976,121,12,6.5
6055,2021-03-07 16:00:00,Harry Potter and the Sorcerer's Stone,Adventure,Chris Columbus,2001,152,0,7.5
6056,2021-03-07 13:00:00,Lat sau san taam,Action,John Woo,1992,128,16,8.5
6057,2021-03-07 10:00:00,Lat sau san taam,Action,John Woo,1992,128,16,8.5
6058,2021-03-06 17:00:00,Toy Story 4,Animation,Josh Cooley,2019,100,0,7.5
6059,2021-03-06 15:00:00,Persona,Drama,Ingmar Bergman,1966,85,12,8.5
6060,2021-03-06 12:30:00,"Aguirre, der Zorn Gottes",Action,Werner Herzog,1972,95,12,7.5
6061,2021-03-06 10:00:00,The Last of the Mohicans,Action,Michael Mann,1992,112,12,7.0
6062,2021-03-05 13:00:00,Jûbê ninpûchô,Animation,Yoshiaki Kawajiri,1993,94,12,7.5
6063,2021-03-05 10:00:00,Rebecca,Drama,Alfred Hitchcock,1940,130,12,8.0
6064,2021-03-04 16:30:00,La battaglia di Algeri,Drama,Gillo Pontecorvo,1966,121,12,8.0
6065,2021-03-04 13:00:00,Hamilton,Biography,Thomas Kail,2020,160,12,7.0
6066,2021-03-04 10:30:00,The Last of the Mohicans,Action,Michael Mann,1992,112,12,8.0
6067,2021-03-03 15:30:00,Boyz n the Hood,Crime,John Singleton,1991,112,12,7.0
6068,2021-03-03 13:00:00,Cape Fear,Drama,J. Lee Thompson,1962,106,12,7.5
6069,2021-03-03 10:30:00,Cape Fear,Drama,J. Lee Thompson,1962,106,12,7.5
6070,2021-03-02 12:30:00,8½,Drama,Federico Fellini,1963,138,12,8.5
6071,2021-03-02 10:00:00,Jûbê ninpûchô,Animation,Yoshiaki Kawajiri,1993,94,12,7.5
6072,2021-03-01 13:00:00,Rebecca,Drama,Alfred Hitchcock,1940,130,12,8.5
6073,2021-03-01 10:30:00,"Aguirre, der Zorn Gottes",Action,Werner Herzog,1972,95,12,8.0
6074,2021-02-28 20:00:00,Stalag 17,Comedy,Billy Wilder,1953,120,12,8.5
6075,2021-02-28 17:00:00,Rebecca,Drama,Alfred Hitchcock,1940,130,12,8.5
6076,2021-02-28 13:30:00,Harry Potter and the Sorcerer's Stone,Adventure,Chris Columbus,2001,152,0,7.0
6077,2021-02-28 10:00:00,8½,Drama,Federico Fellini,1963,138,12,7.5
6078,2021-02-27 20:00:00,The Magnificent Seven,Action,John Sturges,1960,128,12,8.5
6079,2021-02-27 16:30:00,Fitzcarraldo,Adventure,Werner Herzog,1982,158,16,7.0
6080,2021-02-27 13:30:00,Le salaire de la peur,Adventure,Henri-Georges Clouzot,1953,131,0,6.5
6081,2021-02-27 10:30:00,Stalag 17,Comedy,Billy Wilder,1953,120,12,6.5
6082,2021-02-26 15:00:00,Amores perros,Drama,Alejandro G. Iñárritu,2000,154,12,8.0
6083,2021-02-26 12:30:00,The Philadelphia Story,Comedy,George Cukor,1940,112,12,8.0
6084,2021-02-26 10:30:00,Office Space,Comedy,Mike Judge,1999,89,16,8.0
6085,2021-02-25 10:30:00,Seppuku,Action,Masaki Kobayashi,1962,133,12,8.0
6086,2021-02-24 10:00:00,Braveheart,Biography,Mel Gibson,1995,178,12,7.5
6087,2021-02-23 12:30:00,The Ten Commandments,Adventure,Cecil B. DeMille,1956,220,0,7.0
6088,2021-02-23 10:00:00,Persona,Drama,Ingmar Bergman,1966,85,12,7.5
6089,2021-02-22 16:00:00,Jûbê ninpûchô,Animation,Yoshiaki Kawajiri,1993,94,12,8.5
6090,2021-02-22 13:00:00,Rebecca,Drama,Alfred Hitchcock,1940,130,12,7.0
6091,2021-02-22 10:00:00,Le salaire de la peur,Adventure,Henri-Georges Clouzot,1953,131,0,7.5
6092,2021-02-21 20:00:00,Snatch,Comedy,Guy Ritchie,2000,104,12,10.0
6093,2021-02-21 16:30:00,La dolce vita,Comedy,Federico Fellini,1960,174,12,8.5
6094,2021-02-21 13:00:00,Fitzcarraldo,Adventure,Werner Herzog,1982,158,16,7.0
6095,2021-02-21 10:00:00,All About Eve,Drama,Joseph L. Mankiewicz,1950,138,12,7.5
6096,2021-02-20 16:30:00,October Sky,Biography,Joe Johnston,1999,108,6,8.5
6097,2021-02-20 13:30:00,Lat sau san taam,Action,John Woo,1992,128,16,7.5
6098,2021-02-20 10:30:00,Lat sau san taam,Action,John Woo,1992,128,16,7.0
6099,2021-02-19 10:00:00,Paper Moon,Comedy,Peter Bogdanovich,1973,102,0,7.0
6100,2021-02-18 16:30:00,Snatch,Comedy,Guy Ritchie,2000,104,12,8.5
6101,2021-02-18 13:30:00,Seppuku,Action,Masaki Kobayashi,1962,133,12,8.0
6102,2021-02-18 10:30:00,Tôkyô monogatari,Drama,Yasujirô Ozu,1953,136,0,8.5
6103,2021-02-17 15:30:00,Rope,Crime,Alfred Hitchcock,1948,80,12,8.5
6104,2021-02-17 13:00:00,"Aguirre, der Zorn Gottes",Action,Werner Herzog,1972,95,12,8.5
6105,2021-02-17 10:00:00,What Ever Happened to Baby Jane?,Drama,Robert Aldrich,1962,134,12,8.0
6106,2021-02-16 16:00:00,Persona,Drama,Ingmar Bergman,1966,85,12,6.5
6107,2021-02-16 13:30:00,October Sky,Biography,Joe Johnston,1999,108,6,7.0
6108,2021-02-16 10:30:00,Seppuku,Action,Masaki Kobayashi,1962,133,12,6.5
6109,2021-02-15 16:00:00,Persona,Drama,Ingmar Bergman,1966,85,12,8.5
6110,2021-02-15 13:00:00,All That Jazz,Drama,Bob Fosse,1979,123,12,6.5
6111,2021-02-15 10:00:00,Tôkyô monogatari,Drama,Yasujirô Ozu,1953,136,0,7.0
6112,2021-02-14 18:00:00,All About Eve,Drama,Joseph L. Mankiewicz,1950,138,12,8.5
6113,2021-02-14 15:00:00,Lost Highway,Mystery,David Lynch,1997,134,12,7.0
6114,2021-02-14 12:30:00,The Last of the Mohicans,Action,Michael Mann,1992,112,12,7.5
6115,2021-02-14 10:00:00,Sunrise: A Song of Two Humans,Drama,F.W. Murnau,1927,94,12,8.5
6116,2021-02-13 18:00:00,La dolce vita,Comedy,Federico Fellini,1960,174,12,9.5
6117,2021-02-13 15:00:00,In the Heat of the Night,Crime,Norman Jewison,1967,110,0,6.5
6118,2021-02-13 12:30:00,October Sky,Biography,Joe Johnston,1999,108,6,7.0
6119,2021-02-13 10:00:00,"Aguirre, der Zorn Gottes",Action,Werner Herzog,1972,95,12,7.5
6120,2021-02-12 12:30:00,In the Heat of the Night,Crime,Norman Jewison,1967,110,0,8.5
6121,2021-02-12 10:00:00,Rope,Crime,Alfred Hitchcock,1948,80,12,7.5
6122,2021-02-11 15:30:00,It's a Wonderful Life,Drama,Frank Capra,1946,130,6,6.5
6123,2021-02-11 13:00:00,Persona,Drama,Ingmar Bergman,1966,85,12,6.5
6124,2021-02-11 10:00:00,Lost Highway,Mystery,David Lynch,1997,134,12,6.5
6125,2021-02-10 14:00:00,Dog Day Afternoon,Biography,Sidney Lumet,1975,125,0,8.0
6126,2021-02-10 10:30:00,Saving Private Ryan,Drama,Steven Spielberg,1998,169,16,6.5
6127,2021-02-09 15:30:00,Office Space,Comedy,Mike Judge,1999,89,16,7.0
6128,2021-02-09 12:30:00,Seppuku,Action,Masaki Kobayashi,1962,133,12,8.0
6129,2021-02-09 10:00:00,"Aguirre, der Zorn Gottes",Action,Werner Herzog,1972,95,12,7.0
6130,2021-02-08 12:30:00,Seppuku,Action,Masaki Kobayashi,1962,133,12,7.0
6131,2021-02-08 10:00:00,In the Heat of the Night,Crime,Norman Jewison,1967,110,0,7.0
6132,2021-02-07 19:30:00,Boyz n the Hood,Crime,John Singleton,1991,112,12,9.0
6133,2021-02-07 17:00:00,Scarface: The Shame of the Nation,Action,Howard Hawks,1932,93,6,7.5
6134,2021-02-07 14:00:00,Stalag 17,Comedy,Billy Wilder,1953,120,12,7.5
6135,2021-02-07 10:30:00,Apocalypse Now,Drama,Francis Ford Coppola,1979,147,16,8.5
6136,2021-02-06 16:00:00,Sunrise: A Song of Two Humans,Drama,F.W. Murnau,1927,94,12,8.0
6137,2021-02-06 13:00:00,Lost Highway,Mystery,David Lynch,1997,134,12,8.5
6138,2021-02-06 10:00:00,The Trial of the Chicago 7,Drama,Aaron Sorkin,2020,129,16,7.0
6139,2021-02-05 10:00:00,Boyz n the Hood,Crime,John Singleton,1991,112,12,6.5
6140,2021-02-04 10:00:00,Sunrise: A Song of Two Humans,Drama,F.W. Murnau,1927,94,12,7.5
6141,2021-02-03 15:30:00,Apocalypse Now,Drama,Francis Ford Coppola,1979,147,16,7.5
6142,2021-02-03 13:00:00,Scarface: The Shame of the Nation,Action,Howard Hawks,1932,93,6,8.5
6143,2021-02-03 10:30:00,The Jungle Book,Animation,Wolfgang Reitherman,1967,78,0,7.5
6144,2021-02-02 15:30:00,Paper Moon,Comedy,Peter Bogdanovich,1973,102,0,7.5
6145,2021-02-02 13:00:00,Central do Brasil,Drama,Walter Salles,1998,110,16,7.0
6146,2021-02-02 10:30:00,"Aguirre, der Zorn Gottes",Action,Werner Herzog,1972,95,12,8.5
6147,2021-02-01 10:30:00,Cabaret,Drama,Bob Fosse,1972,124,12,8.0
6148,2021-01-31 17:30:00,Sunrise: A Song of Two Humans,Drama,F.W. Murnau,1927,94,12,7.5
6149,2021-01-31 13:00:00,The Ten Commandments,Adventure,Cecil B. DeMille,1956,220,0,8.5
6150,2021-01-31 10:30:00,Central do Brasil,Drama,Walter Salles,1998,110,16,6.5
6151,2021-01-30 18:00:00,Office Space,Comedy,Mike Judge,1999,89,16,9.5
6152,2021-01-30 15:00:00,La Grande Illusion,Drama,Jean Renoir,1937,113,12,8.5
6153,2021-01-30 10:30:00,The Ten Commandments,Adventure,Cecil B. DeMille,1956,220,0,8.0
6154,2021-01-29 10:00:00,Marriage Story,Comedy,Noah Baumbach,2019,137,0,8.0
6155,2021-01-28 12:30:00,Das Cabinet des Dr. Caligari,Fantasy,Robert Wiene,1920,76,12,7.0
6156,2021-01-28 10:00:00,Sunrise: A Song of Two Humans,Drama,F.W. Murnau,1927,94,12,8.0
6157,2021-01-27 10:30:00,Le salaire de la peur,Adventure,Henri-Georges Clouzot,1953,131,0,7.5
6158,2021-01-26 15:30:00,Marriage Story,Comedy,Noah Baumbach,2019,137,0,7.5
6159,2021-01-26 13:00:00,Central do Brasil,Drama,Walter Salles,1998,110,16,8.5
6160,2021-01-26 10:30:00,The Peanut Butter Falcon,Adventure,Tyler Nilson,2019,97,12,7.0
6161,2021-01-25 13:30:00,The Ten Commandments,Adventure,Cecil B. DeMille,1956,220,0,7.0
6162,2021-01-25 10:00:00,Dancer in the Dark,Crime,Lars von Trier,2000,140,0,7.0
6163,2021-01-24 20:00:00,All That Jazz,Drama,Bob Fosse,1979,123,12,8.5
6164,2021-01-24 17:30:00,Boyz n the Hood,Crime,John Singleton,1991,112,12,6.5
6165,2021-01-24 15:00:00,Office Space,Comedy,Mike Judge,1999,89,16,8.0
6166,2021-01-24 10:30:00,Andrei Rublev,Biography,Andrei Tarkovsky,1966,205,16,8.5
6167,2021-01-23 16:30:00,Scarface: The Shame of the Nation,Action,Howard Hawks,1932,93,6,8.5
6168,2021-01-23 13:30:00,Tôkyô monogatari,Drama,Yasujirô Ozu,1953,136,0,8.0
6169,2021-01-23 10:30:00,It's a Wonderful Life,Drama,Frank Capra,1946,130,6,7.5
6170,2021-01-22 13:00:00,The Peanut Butter Falcon,Adventure,Tyler Nilson,2019,97,12,8.0
6171,2021-01-22 10:00:00,It's a Wonderful Life,Drama,Frank Capra,1946,130,6,7.5
6172,2021-01-21 10:00:00,Dancer in the Dark,Crime,Lars von Trier,2000,140,0,7.0
6173,2021-01-20 13:00:00,Marriage Story,Comedy,Noah Baumbach,2019,137,0,8.5
6174,2021-01-20 10:00:00,Knives Out,Comedy,Rian Johnson,2019,130,12,8.5
6175,2021-01-19 10:00:00,October Sky,Biography,Joe Johnston,1999,108,6,7.5
6176,2021-01-18 13:00:00,Sunrise: A Song of Two Humans,Drama,F.W. Murnau,1927,94,12,8.0
6177,2021-01-18 10:30:00,Predator,Action,John McTiernan,1987,107,12,8.0
6178,2021-01-17 16:00:00,North by Northwest,Adventure,Alfred Hitchcock,1959,136,0,8.0
6179,2021-01-17 13:00:00,The Conversation,Drama,Francis Ford Coppola,1974,113,0,8.0
6180,2021-01-17 10:00:00,The Trial of the Chicago 7,Drama,Aaron Sorkin,2020,129,16,7.5
6181,2021-01-16 20:30:00,Stalag 17,Comedy,Billy Wilder,1953,120,12,10.0
6182,2021-01-16 17:30:00,Marriage Story,Comedy,Noah Baumbach,2019,137,0,8.0
6183,2021-01-16 13:00:00,Andrei Rublev,Biography,Andrei Tarkovsky,1966,205,16,6.5
6184,2021-01-16 10:00:00,Blowup,Drama,Michelangelo Antonioni,1966,111,12,6.5
6185,2021-01-15 12:30:00,North by Northwest,Adventure,Alfred Hitchcock,1959,136,0,7.0
6186,2021-01-15 10:00:00,The Conversation,Drama,Francis Ford Coppola,1974,113,0,8.5
6187,2021-01-14 10:00:00,Toy Story 2,Animation,John Lasseter,1999,92,0,7.5
6188,2021-01-13 10:30:00,Das Cabinet des Dr. Caligari,Fantasy,Robert Wiene,1920,76,12,8.5
6189,2021-01-12 10:00:00,Dil Bechara,Comedy,Mukesh Chhabra,2020,101,12,8.5
6190,2021-01-11 10:30:00,Marriage Story,Comedy,Noah Baumbach,2019,137,0,8.0
6191,2021-01-10 16:00:00,Dancer in the Dark,Crime,Lars von Trier,2000,140,0,6.5
6192,2021-01-10 13:00:00,The Trial of the Chicago 7,Drama,Aaron Sorkin,2020,129,16,8.5
6193,2021-01-10 10:00:00,Se7en,Crime,David Fincher,1995,127,12,7.0
6194,2021-01-09 19:30:00,Predator,Action,John McTiernan,1987,107,12,9.5
6195,2021-01-09 16:00:00,Saving Private Ryan,Drama,Steven Spielberg,1998,169,16,7.5
6196,2021-01-09 13:00:00,Cast Away,Adventure,Robert Zemeckis,2000,143,12,8.5
6197,2021-01-09 10:30:00,Touch of Evil,Crime,Orson Welles,1958,95,12,7.0
6198,2021-01-08 17:30:00,Sunrise: A Song of Two Humans,Drama,F.W. Murnau,1927,94,12,7.0
6199,2021-01-08 13:00:00,Spartacus,Adventure,Stanley Kubrick,1960,197,12,8.5
6200,2021-01-08 10:00:00,Rebecca,Drama,Alfred Hitchcock,1940,130,12,8.0
6201,2021-01-07 17:00:00,Psycho,Horror,Alfred Hitchcock,1960,109,12,8.5
6202,2021-01-07 14:00:00,North by Northwest,Adventure,Alfred Hitchcock,1959,136,0,6.5
6203,2021-01-07 10:30:00,Apocalypse Now,Drama,Francis Ford Coppola,1979,147,16,7.0
6204,2021-01-06 10:00:00,Spartacus,Adventure,Stanley Kubrick,1960,197,12,7.0
6205,2021-01-05 10:30:00,October Sky,Biography,Joe Johnston,1999,108,6,8.5
6206,2021-01-04 17:00:00,Rebecca,Drama,Alfred Hitchcock,1940,130,12,7.5
6207,2021-01-04 13:00:00,Avengers: Endgame,Action,Anthony Russo,2019,181,12,8.5
6208,2021-01-04 10:30:00,October Sky,Biography,Joe Johnston,1999,108,6,6.5
6209,2021-01-03 15:30:00,Saving Private Ryan,Drama,Steven Spielberg,1998,169,16,7.0
6210,2021-01-03 13:00:00,The Third Man,Film-Noir,Carol Reed,1949,104,12,7.0
6211,2021-01-03 10:30:00,October Sky,Biography,Joe Johnston,1999,108,6,7.5
6212,2021-01-02 17:00:00,Predator,Action,John McTiernan,1987,107,12,7.5
6213,2021-01-02 14:30:00,Toy Story 2,Animation,John Lasseter,1999,92,0,7.0
6214,2021-01-02 10:30:00,The Green Mile,Crime,Frank Darabont,1999,189,12,6.5
6215,2021-01-01 16:30:00,The Third Man,Film-Noir,Carol Reed,1949,104,12,6.5
6216,2021-01-01 13:30:00,Mononoke-hime,Animation,Hayao Miyazaki,1997,134,0,7.0
6217,2021-01-01 10:30:00,Knives Out,Comedy,Rian Johnson,2019,130,12,6.5
6218,2020-12-31 10:00:00,Central do Brasil,Drama,Walter Salles,1998,110,16,6.5
6219,2020-12-30 13:00:00,Das Cabinet des Dr. Caligari,Fantasy,Robert Wiene,1920,76,12,8.0
6220,2020-12-30 10:30:00,Laura,Drama,Otto Preminger,1944,88,12,6.5
6221,2020-12-29 12:30:00,Das Cabinet des Dr. Caligari,Fantasy,Robert Wiene,1920,76,12,7.5
6222,2020-12-29 10:00:00,Sanjuro,Action,Akira Kurosawa,1962,96,0,7.0
6223,2020-12-28 10:00:00,Saving Private Ryan,Drama,Steven Spielberg,1998,169,16,7.5
6224,2020-12-27 16:30:00,Das Cabinet des Dr. Caligari,Fantasy,Robert Wiene,1920,76,12,8.5
6225,2020-12-27 13:30:00,Knives Out,Comedy,Rian Johnson,2019,130,12,7.5
6226,2020-12-27 10:30:00,Mononoke-hime,Animation,Hayao Miyazaki,1997,134,0,8.5
6227,2020-12-26 17:00:00,Marriage Story,Comedy,Noah Baumbach,2019,137,0,8.0
6228,2020-12-26 14:00:00,La Grande Illusion,Drama,Jean Renoir,1937,113,12,7.5
6229,2020-12-26 10:00:00,The Green Mile,Crime,Frank Darabont,1999,189,12,6.5
6230,2020-12-25 13:00:00,Glory,Biography,Edward Zwick,1989,122,16,6.5
6231,2020-12-25 10:30:00,The Breakfast Club,Comedy,John Hughes,1985,97,12,8.0
6232,2020-12-24 10:30:00,Dil Bechara,Comedy,Mukesh Chhabra,2020,101,12,7.0
6233,2020-12-23 13:00:00,Predator,Action,John McTiernan,1987,107,12,6.5
6234,2020-12-23 10:30:00,Trainspotting,Drama,Danny Boyle,1996,93,12,6.5
6235,2020-12-22 16:00:00,La Grande Illusion,Drama,Jean Renoir,1937,113,12,6.5
6236,2020-12-22 13:30:00,The Third Man,Film-Noir,Carol Reed,1949,104,12,7.0
6237,2020-12-22 10:30:00,Jurassic Park,Action,Steven Spielberg,1993,127,12,7.5
6238,2020-12-21 17:00:00,Repulsion,Drama,Roman Polanski,1965,105,12,6.5
6239,2020-12-21 13:00:00,Spartacus,Adventure,Stanley Kubrick,1960,197,12,8.0
6240,2020-12-21 10:00:00,The Red Shoes,Drama,Michael Powell,1948,135,12,8.0
6241,2020-12-20 16:00:00,Snatch,Comedy,Guy Ritchie,2000,104,12,7.0
6242,2020-12-20 13:30:00,Jojo Rabbit,Comedy,Taika Waititi,2019,108,12,8.5
6243,2020-12-20 10:30:00,Mononoke-hime,Animation,Hayao Miyazaki,1997,134,0,7.0
6244,2020-12-19 20:00:00,Central do Brasil,Drama,Walter Salles,1998,110,16,8.5
6245,2020-12-19 17:00:00,Marriage Story,Comedy,Noah Baumbach,2019,137,0,8.5
6246,2020-12-19 14:00:00,Marriage Story,Comedy,Noah Baumbach,2019,137,0,8.5
6247,2020-12-19 10:30:00,Saving Private Ryan,Drama,Steven Spielberg,1998,169,16,7.0
6248,2020-12-18 10:30:00,Glory,Biography,Edward Zwick,1989,122,16,8.5
6249,2020-12-17 15:30:00,Rebecca,Drama,Alfred Hitchcock,1940,130,12,8.0
6250,2020-12-17 12:30:00,A Man for All Seasons,Biography,Fred Zinnemann,1966,120,0,7.5
6251,2020-12-17 10:00:00,Repulsion,Drama,Roman Polanski,1965,105,12,6.5
6252,2020-12-16 15:00:00,Todo sobre mi madre,Drama,Pedro Almodóvar,1999,101,16,7.0
6253,2020-12-16 12:00:00,Rebecca,Drama,Alfred Hitchcock,1940,130,12,7.5
6254,2020-12-16 10:00:00,Laura,Drama,Otto Preminger,1944,88,12,6.5
6255,2020-12-15 10:00:00,Jurassic Park,Action,Steven Spielberg,1993,127,12,7.0
6256,2020-12-14 10:30:00,La Grande Illusion,Drama,Jean Renoir,1937,113,12,7.5
6257,2020-12-13 21:00:00,Roma,Drama,Alfonso Cuarón,2018,135,16,10.0
6258,2020-12-13 17:00:00,The Green Mile,Crime,Frank Darabont,1999,189,12,6.5
6259,2020-12-13 14:00:00,Lat sau san taam,Action,John Woo,1992,128,16,8.5
6260,2020-12-13 10:30:00,Amores perros,Drama,Alejandro G. Iñárritu,2000,154,12,7.0
6261,2020-12-12 19:00:00,Repulsion,Drama,Roman Polanski,1965,105,12,9.5
6262,2020-12-12 16:30:00,Toy Story 2,Animation,John Lasseter,1999,92,0,8.5
6263,2020-12-12 14:00:00,Touch of Evil,Crime,Orson Welles,1958,95,12,8.0
6264,2020-12-12 10:00:00,Avengers: Endgame,Action,Anthony Russo,2019,181,12,7.5
6265,2020-12-11 16:00:00,Amores perros,Drama,Alejandro G. Iñárritu,2000,154,12,8.5
6266,2020-12-11 13:00:00,Se7en,Crime,David Fincher,1995,127,12,8.0
6267,2020-12-11 10:00:00,Rebecca,Drama,Alfred Hitchcock,1940,130,12,7.5
6268,2020-12-10 13:30:00,Todo sobre mi madre,Drama,Pedro Almodóvar,1999,101,16,8.5
6269,2020-12-10 10:30:00,Se7en,Crime,David Fincher,1995,127,12,7.0
6270,2020-12-09 13:30:00,Touch of Evil,Crime,Orson Welles,1958,95,12,8.5
6271,2020-12-09 10:30:00,The Conversation,Drama,Francis Ford Coppola,1974,113,0,8.0
6272,2020-12-08 12:30:00,Psycho,Horror,Alfred Hitchcock,1960,109,12,8.0
6273,2020-12-08 10:00:00,Glengarry Glen Ross,Crime,James Foley,1992,100,16,8.5
6274,2020-12-07 10:30:00,Snatch,Comedy,Guy Ritchie,2000,104,12,6.5
6275,2020-12-06 18:30:00,Amores perros,Drama,Alejandro G. Iñárritu,2000,154,12,10.0
6276,2020-12-06 16:00:00,Dil Bechara,Comedy,Mukesh Chhabra,2020,101,12,8.5
6277,2020-12-06 12:30:00,Amores perros,Drama,Alejandro G. Iñárritu,2000,154,12,7.5
6278,2020-12-06 10:00:00,Sanjuro,Action,Akira Kurosawa,1962,96,0,8.5
6279,2020-12-05 15:30:00,Bonnie and Clyde,Action,Arthur Penn,1967,111,12,6.5
6280,2020-12-05 12:30:00,Roma,Drama,Alfonso Cuarón,2018,135,16,8.5
6281,2020-12-05 10:00:00,Jojo Rabbit,Comedy,Taika Waititi,2019,108,12,7.0
6282,2020-12-04 15:00:00,Underground,Comedy,Emir Kusturica,1995,170,12,6.5
6283,2020-12-04 12:30:00,The Breakfast Club,Comedy,John Hughes,1985,97,12,6.5
6284,2020-12-04 10:00:00,The Gold Rush,Adventure,Charles Chaplin,1925,95,12,8.5
6285,2020-12-03 10:00:00,Groundhog Day,Comedy,Harold Ramis,1993,101,0,7.0
6286,2020-12-02 15:00:00,The Breakfast Club,Comedy,John Hughes,1985,97,12,6.5
6287,2020-12-02 12:30:00,Todo sobre mi madre,Drama,Pedro Almodóvar,1999,101,16,7.5
6288,2020-12-02 10:00:00,Snatch,Comedy,Guy Ritchie,2000,104,12,8.0
6289,2020-12-01 13:00:00,Marriage Story,Comedy,Noah Baumbach,2019,137,0,7.0
6290,2020-12-01 10:00:00,Jurassic Park,Action,Steven Spielberg,1993,127,12,8.5
6291,2020-11-30 10:00:00,Do the Right Thing,Comedy,Spike Lee,1989,120,16,8.0
6292,2020-11-29 15:30:00,The Breakfast Club,Comedy,John Hughes,1985,97,12,8.0
6293,2020-11-29 12:30:00,The Magnificent Seven,Action,John Sturges,1960,128,12,8.0
6294,2020-11-29 10:00:00,The Breakfast Club,Comedy,John Hughes,1985,97,12,6.5
6295,2020-11-28 19:00:00,The Third Man,Film-Noir,Carol Reed,1949,104,12,8.5
6296,2020-11-28 16:00:00,Spider-Man: Into the Spider-Verse,Animation,Bob Persichetti,2018,117,0,8.5
6297,2020-11-28 13:00:00,Lat sau san taam,Action,John Woo,1992,128,16,7.0
6298,2020-11-28 10:00:00,Roma,Drama,Alfonso Cuarón,2018,135,16,7.0
6299,2020-11-27 15:30:00,Roma,Drama,Alfonso Cuarón,2018,135,16,8.0
6300,2020-11-27 12:30:00,Spider-Man: Into the Spider-Verse,Animation,Bob Persichetti,2018,117,0,8.5
6301,2020-11-27 10:00:00,Gongdong gyeongbi guyeok JSA,Action,Chan-wook Park,2000,110,12,8.5
6302,2020-11-26 16:30:00,Empire of the Sun,Action,Steven Spielberg,1987,153,0,8.0
6303,2020-11-26 13:00:00,Empire of the Sun,Action,Steven Spielberg,1987,153,0,8.5
6304,2020-11-26 10:00:00,Jurassic Park,Action,Steven Spielberg,1993,127,12,8.0
6305,2020-11-25 10:00:00,Groundhog Day,Comedy,Harold Ramis,1993,101,0,8.0
6306,2020-11-24 16:00:00,Groundhog Day,Comedy,Harold Ramis,1993,101,0,6.5
6307,2020-11-24 13:30:00,Sanjuro,Action,Akira Kurosawa,1962,96,0,8.5
6308,2020-11-24 10:30:00,Glory,Biography,Edward Zwick,1989,122,16,6.5
6309,2020-11-23 17:00:00,The Breakfast Club,Comedy,John Hughes,1985,97,12,8.0
6310,2020-11-23 13:00:00,The Godfather,Crime,Francis Ford Coppola,1972,175,12,7.5
6311,2020-11-23 10:30:00,Dil Bechara,Comedy,Mukesh Chhabra,2020,101,12,7.5
6312,2020-11-22 16:30:00,Avengers: Endgame,Action,Anthony Russo,2019,181,12,7.5
6313,2020-11-22 14:00:00,The Lost Weekend,Drama,Billy Wilder,1945,101,12,6.5
6314,2020-11-22 10:30:00,Ran,Action,Akira Kurosawa,1985,162,0,8.5
6315,2020-11-21 18:30:00,The Red Shoes,Drama,Michael Powell,1948,135,12,8.5
6316,2020-11-21 16:30:00,The Nightmare Before Christmas,Animation,Henry Selick,1993,76,0,7.0
6317,2020-11-21 13:00:00,Empire of the Sun,Action,Steven Spielberg,1987,153,0,8.5
6318,2020-11-21 10:00:00,Spider-Man: Into the Spider-Verse,Animation,Bob Persichetti,2018,117,0,8.5
6319,2020-11-20 10:30:00,Todo sobre mi madre,Drama,Pedro Almodóvar,1999,101,16,6.5
6320,2020-11-19 10:00:00,Todo sobre mi madre,Drama,Pedro Almodóvar,1999,101,16,8.5
6321,2020-11-18 13:00:00,Marriage Story,Comedy,Noah Baumbach,2019,137,0,7.0
6322,2020-11-18 10:00:00,The Magnificent Seven,Action,John Sturges,1960,128,12,8.5
6323,2020-11-17 10:30:00,Ran,Action,Akira Kurosawa,1985,162,0,7.0
6324,2020-11-16 17:00:00,Glory,Biography,Edward Zwick,1989,122,16,7.5
6325,2020-11-16 13:00:00,Scarface,Crime,Brian De Palma,1983,170,12,8.5
6326,2020-11-16 10:00:00,M - Eine Stadt sucht einen Mörder,Crime,Fritz Lang,1931,117,12,8.0
6327,2020-11-15 21:00:00,The Bridge on the River Kwai,Adventure,David Lean,1957,161,6,9.0
6328,2020-11-15 17:00:00,Fanny och Alexander,Drama,Ingmar Bergman,1982,188,12,8.5
6329,2020-11-15 13:30:00,The Bridge on the River Kwai,Adventure,David Lean,1957,161,6,8.5
6330,2020-11-15 10:30:00,The Red Shoes,Drama,Michael Powell,1948,135,12,6.5
6331,2020-11-14 18:00:00,The Lost Weekend,Drama,Billy Wilder,1945,101,12,8.5
6332,2020-11-14 15:00:00,Do the Right Thing,Comedy,Spike Lee,1989,120,16,7.0
6333,2020-11-14 12:30:00,Sanjuro,Action,Akira Kurosawa,1962,96,0,8.5
6334,2020-11-14 10:00:00,Glengarry Glen Ross,Crime,James Foley,1992,100,16,8.5
6335,2020-11-13 15:30:00,Empire of the Sun,Action,Steven Spielberg,1987,153,0,6.5
6336,2020-11-13 12:30:00,Roma,Drama,Alfonso Cuarón,2018,135,16,8.0
6337,2020-11-13 10:00:00,American Psycho,Comedy,Mary Harron,2000,101,12,7.5
6338,2020-11-12 15:30:00,Roma,Drama,Alfonso Cuarón,2018,135,16,7.5
6339,2020-11-12 13:00:00,M - Eine Stadt sucht einen Mörder,Crime,Fritz Lang,1931,117,12,7.5
6340,2020-11-12 10:00:00,Marriage Story,Comedy,Noah Baumbach,2019,137,0,6.5
6341,2020-11-11 16:30:00,Gongdong gyeongbi guyeok JSA,Action,Chan-wook Park,2000,110,12,7.5
6342,2020-11-11 13:30:00,Do the Right Thing,Comedy,Spike Lee,1989,120,16,8.0
6343,2020-11-11 10:30:00,M - Eine Stadt sucht einen Mörder,Crime,Fritz Lang,1931,117,12,8.5
6344,2020-11-10 13:30:00,The Godfather,Crime,Francis Ford Coppola,1972,175,12,6.5
6345,2020-11-10 10:30:00,Roma,Drama,Alfonso Cuarón,2018,135,16,8.0
6346,2020-11-09 10:30:00,The Nightmare Before Christmas,Animation,Henry Selick,1993,76,0,6.5
6347,2020-11-08 16:00:00,Empire of the Sun,Action,Steven Spielberg,1987,153,0,7.0
6348,2020-11-08 13:00:00,A Man for All Seasons,Biography,Fred Zinnemann,1966,120,0,8.5
6349,2020-11-08 10:00:00,Star Wars: Episode VI - Return of the Jedi,Action,Richard Marquand,1983,131,0,6.5
6350,2020-11-07 16:30:00,Marriage Story,Comedy,Noah Baumbach,2019,137,0,6.5
6351,2020-11-07 13:30:00,All That Jazz,Drama,Bob Fosse,1979,123,12,7.5
6352,2020-11-07 10:30:00,The Big Sleep,Crime,Howard Hawks,1946,114,12,6.5
6353,2020-11-06 10:30:00,Gongdong gyeongbi guyeok JSA,Action,Chan-wook Park,2000,110,12,8.5
6354,2020-11-05 17:00:00,Empire of the Sun,Action,Steven Spielberg,1987,153,0,8.5
6355,2020-11-05 13:00:00,Fanny och Alexander,Drama,Ingmar Bergman,1982,188,12,8.0
6356,2020-11-05 10:30:00,Spider-Man: Into the Spider-Verse,Animation,Bob Persichetti,2018,117,0,8.0
6357,2020-11-04 13:00:00,The Muppet Movie,Adventure,James Frawley,1979,95,0,6.5
6358,2020-11-04 10:00:00,The Magnificent Seven,Action,John Sturges,1960,128,12,7.0
6359,2020-11-03 10:30:00,Star Wars: Episode VI - Return of the Jedi,Action,Richard Marquand,1983,131,0,8.5
6360,2020-11-02 13:30:00,Kramer vs. Kramer,Drama,Robert Benton,1979,105,12,7.5
6361,2020-11-02 10:30:00,Se7en,Crime,David Fincher,1995,127,12,8.0
6362,2020-11-01 17:30:00,Fargo,Crime,Joel Coen,1996,98,12,8.0
6363,2020-11-01 15:30:00,The Nightmare Before Christmas,Animation,Henry Selick,1993,76,0,8.0
6364,2020-11-01 13:00:00,Glengarry Glen Ross,Crime,James Foley,1992,100,16,7.5
6365,2020-11-01 10:00:00,Glory,Biography,Edward Zwick,1989,122,16,8.5
6366,2020-10-31 19:00:00,Se7en,Crime,David Fincher,1995,127,12,9.5
6367,2020-10-31 16:30:00,The Princess Bride,Adventure,Rob Reiner,1987,98,0,8.5
6368,2020-10-31 13:30:00,Se7en,Crime,David Fincher,1995,127,12,7.5
6369,2020-10-31 10:30:00,The Magnificent Seven,Action,John Sturges,1960,128,12,7.5
6370,2020-10-30 14:00:00,Glengarry Glen Ross,Crime,James Foley,1992,100,16,7.5
6371,2020-10-30 10:30:00,Where Eagles Dare,Action,Brian G. Hutton,1968,158,0,8.5
6372,2020-10-29 16:00:00,Kramer vs. Kramer,Drama,Robert Benton,1979,105,12,8.0
6373,2020-10-29 13:00:00,The Magnificent Seven,Action,John Sturges,1960,128,12,7.0
6374,2020-10-29 10:30:00,Todo sobre mi madre,Drama,Pedro Almodóvar,1999,101,16,7.0
6375,2020-10-28 12:30:00,The Last of the Mohicans,Action,Michael Mann,1992,112,12,6.5
6376,2020-10-28 10:00:00,Glengarry Glen Ross,Crime,James Foley,1992,100,16,7.0
6377,2020-10-27 10:00:00,Blazing Saddles,Comedy,Mel Brooks,1974,93,12,6.5
6378,2020-10-26 10:00:00,All That Jazz,Drama,Bob Fosse,1979,123,12,7.0
6379,2020-10-25 17:00:00,The Big Sleep,Crime,Howard Hawks,1946,114,12,8.5
6380,2020-10-25 13:00:00,The Godfather,Crime,Francis Ford Coppola,1972,175,12,8.5
6381,2020-10-25 10:30:00,The Muppet Movie,Adventure,James Frawley,1979,95,0,6.5
6382,2020-10-24 17:00:00,Kramer vs. Kramer,Drama,Robert Benton,1979,105,12,8.0
6383,2020-10-24 14:00:00,All That Jazz,Drama,Bob Fosse,1979,123,12,8.0
6384,2020-10-24 10:30:00,Mission: Impossible - Fallout,Action,Christopher McQuarrie,2018,147,12,7.0
6385,2020-10-23 12:30:00,Per un pugno di dollari,Action,Sergio Leone,1964,99,12,7.5
6386,2020-10-23 10:00:00,The Last of the Mohicans,Action,Michael Mann,1992,112,12,8.5
6387,2020-10-22 14:00:00,Per un pugno di dollari,Action,Sergio Leone,1964,99,12,6.5
6388,2020-10-22 10:30:00,Scarface,Crime,Brian De Palma,1983,170,12,6.5
6389,2020-10-21 13:30:00,"Il buono, il brutto, il cattivo",Western,Sergio Leone,1966,161,12,8.0
6390,2020-10-21 10:00:00,"Il buono, il brutto, il cattivo",Western,Sergio Leone,1966,161,12,8.5
6391,2020-10-20 10:30:00,In the Name of the Father,Biography,Jim Sheridan,1993,133,12,7.0
6392,2020-10-19 14:00:00,Star Wars: Episode VI - Return of the Jedi,Action,Richard Marquand,1983,131,0,6.5
6393,2020-10-19 10:30:00,The Insider,Biography,Michael Mann,1999,157,12,8.5
6394,2020-10-18 16:00:00,The Muppet Movie,Adventure,James Frawley,1979,95,0,8.5
6395,2020-10-18 13:30:00,Kramer vs. Kramer,Drama,Robert Benton,1979,105,12,6.5
6396,2020-10-18 10:00:00,"Il buono, il brutto, il cattivo",Western,Sergio Leone,1966,161,12,8.5
6397,2020-10-17 16:30:00,Marriage Story,Comedy,Noah Baumbach,2019,137,0,8.0
6398,2020-10-17 13:30:00,Glory,Biography,Edward Zwick,1989,122,16,8.5
6399,2020-10-17 10:30:00,Goodfellas,Biography,Martin Scorsese,1990,146,12,7.0
6400,2020-10-16 13:30:00,Rushmore,Comedy,Wes Anderson,1998,93,12,8.5
6401,2020-10-16 10:00:00,The Insider,Biography,Michael Mann,1999,157,12,6.5
6402,2020-10-15 13:30:00,Fanny och Alexander,Drama,Ingmar Bergman,1982,188,12,7.0
6403,2020-10-15 10:00:00,"Il buono, il brutto, il cattivo",Western,Sergio Leone,1966,161,12,7.5
6404,2020-10-14 10:00:00,The Last of the Mohicans,Action,Michael Mann,1992,112,12,7.5
6405,2020-10-13 14:00:00,Gandhi,Biography,Richard Attenborough,1982,191,0,7.0
6406,2020-10-13 10:00:00,Fanny och Alexander,Drama,Ingmar Bergman,1982,188,12,8.0
6407,2020-10-12 16:00:00,Where Eagles Dare,Action,Brian G. Hutton,1968,158,0,8.0
6408,2020-10-12 13:30:00,Midnight Cowboy,Drama,John Schlesinger,1969,113,12,7.0
6409,2020-10-12 10:30:00,M - Eine Stadt sucht einen Mörder,Crime,Fritz Lang,1931,117,12,8.0
6410,2020-10-11 21:30:00,Casino,Crime,Martin Scorsese,1995,178,12,8.5
6411,2020-10-11 18:00:00,The Bridge on the River Kwai,Adventure,David Lean,1957,161,6,8.5
6412,2020-10-11 14:00:00,Titanic,Drama,James Cameron,1997,194,12,8.5
6413,2020-10-11 10:00:00,Spartacus,Adventure,Stanley Kubrick,1960,197,12,7.5
6414,2020-10-10 15:30:00,Spider-Man: Into the Spider-Verse,Animation,Bob Persichetti,2018,117,0,8.5
6415,2020-10-10 13:00:00,Rushmore,Comedy,Wes Anderson,1998,93,12,7.0
6416,2020-10-10 10:30:00,Kramer vs. Kramer,Drama,Robert Benton,1979,105,12,8.5
6417,2020-10-09 13:00:00,Philadelphia,Drama,Jonathan Demme,1993,125,12,7.5
6418,2020-10-09 10:00:00,M - Eine Stadt sucht einen Mörder,Crime,Fritz Lang,1931,117,12,8.5
6419,2020-10-08 13:30:00,Spider-Man: Into the Spider-Verse,Animation,Bob Persichetti,2018,117,0,7.0
6420,2020-10-08 10:30:00,A Few Good Men,Drama,Rob Reiner,1992,138,0,8.5
6421,2020-10-07 16:30:00,The Last of the Mohicans,Action,Michael Mann,1992,112,12,8.5
6422,2020-10-07 14:00:00,The Muppet Movie,Adventure,James Frawley,1979,95,0,8.0
6423,2020-10-07 10:30:00,Where Eagles Dare,Action,Brian G. Hutton,1968,158,0,7.5
6424,2020-10-06 13:00:00,A Christmas Story,Comedy,Bob Clark,1983,93,0,7.5
6425,2020-10-06 10:30:00,Dil Bechara,Comedy,Mukesh Chhabra,2020,101,12,7.0
6426,2020-10-05 10:30:00,Se7en,Crime,David Fincher,1995,127,12,8.0
6427,2020-10-04 16:30:00,Dil Bechara,Comedy,Mukesh Chhabra,2020,101,12,7.0
6428,2020-10-04 13:30:00,A Few Good Men,Drama,Rob Reiner,1992,138,0,7.0
6429,2020-10-04 10:30:00,In the Name of the Father,Biography,Jim Sheridan,1993,133,12,7.5
6430,2020-10-03 16:30:00,Kurenai no buta,Animation,Hayao Miyazaki,1992,94,0,7.5
6431,2020-10-03 14:30:00,The Nightmare Before Christmas,Animation,Henry Selick,1993,76,0,6.5
6432,2020-10-03 12:00:00,The Muppet Movie,Adventure,James Frawley,1979,95,0,7.0
6433,2020-10-03 10:00:00,"South Park: Bigger, Longer & Uncut",Animation,Trey Parker,1999,81,12,8.5
6434,2020-10-02 10:00:00,Blue Velvet,Drama,David Lynch,1986,120,12,6.5
6435,2020-10-01 10:30:00,Reservoir Dogs,Crime,Quentin Tarantino,1992,99,16,7.5
6436,2020-09-30 10:30:00,The Graduate,Comedy,Mike Nichols,1967,106,12,8.0
6437,2020-09-29 10:30:00,Uri: The Surgical Strike,Action,Aditya Dhar,2018,138,12,8.0
6438,2020-09-28 10:00:00,In the Name of the Father,Biography,Jim Sheridan,1993,133,12,6.5
6439,2020-09-27 14:30:00,Fargo,Crime,Joel Coen,1996,98,12,7.5
6440,2020-09-27 12:00:00,The Graduate,Comedy,Mike Nichols,1967,106,12,7.5
6441,2020-09-27 10:00:00,"South Park: Bigger, Longer & Uncut",Animation,Trey Parker,1999,81,12,6.5
6442,2020-09-26 15:30:00,The Last of the Mohicans,Action,Michael Mann,1992,112,12,6.5
6443,2020-09-26 13:00:00,The Muppet Movie,Adventure,James Frawley,1979,95,0,8.5
6444,2020-09-26 10:30:00,Trois couleurs: Bleu,Drama,Krzysztof Kieslowski,1993,94,0,6.5
6445,2020-09-25 13:00:00,Trois couleurs: Bleu,Drama,Krzysztof Kieslowski,1993,94,0,8.5
6446,2020-09-25 10:00:00,Midnight Cowboy,Drama,John Schlesinger,1969,113,12,7.5
6447,2020-09-24 10:30:00,Dil Bechara,Comedy,Mukesh Chhabra,2020,101,12,8.0
6448,2020-09-23 15:00:00,Dil Bechara,Comedy,Mukesh Chhabra,2020,101,12,8.0
6449,2020-09-23 12:30:00,Dil Bechara,Comedy,Mukesh Chhabra,2020,101,12,7.0
6450,2020-09-23 10:00:00,The Last of the Mohicans,Action,Michael Mann,1992,112,12,6.5
6451,2020-09-22 14:00:00,In the Name of the Father,Biography,Jim Sheridan,1993,133,12,7.5
6452,2020-09-22 10:30:00,2001: A Space Odyssey,Adventure,Stanley Kubrick,1968,149,0,6.5
6453,2020-09-21 13:00:00,A Few Good Men,Drama,Rob Reiner,1992,138,0,7.5
6454,2020-09-21 10:30:00,Reservoir Dogs,Crime,Quentin Tarantino,1992,99,16,8.0
6455,2020-09-20 15:30:00,Fargo,Crime,Joel Coen,1996,98,12,6.5
6456,2020-09-20 13:00:00,Kurenai no buta,Animation,Hayao Miyazaki,1992,94,0,7.5
6457,2020-09-20 10:00:00,In the Name of the Father,Biography,Jim Sheridan,1993,133,12,8.0
6458,2020-09-19 18:30:00,In the Name of the Father,Biography,Jim Sheridan,1993,133,12,10.0
6459,2020-09-19 15:30:00,A Few Good Men,Drama,Rob Reiner,1992,138,0,7.5
6460,2020-09-19 12:30:00,A Few Good Men,Drama,Rob Reiner,1992,138,0,8.0
6461,2020-09-19 10:00:00,The Last of the Mohicans,Action,Michael Mann,1992,112,12,7.5
6462,2020-09-18 10:30:00,Kurenai no buta,Animation,Hayao Miyazaki,1992,94,0,6.5
6463,2020-09-17 12:30:00,The Graduate,Comedy,Mike Nichols,1967,106,12,7.5
6464,2020-09-17 10:30:00,"South Park: Bigger, Longer & Uncut",Animation,Trey Parker,1999,81,12,7.5
6465,2020-09-16 10:00:00,The Graduate,Comedy,Mike Nichols,1967,106,12,7.0
6466,2020-09-15 16:30:00,Rashômon,Crime,Akira Kurosawa,1950,88,12,6.5
6467,2020-09-15 14:30:00,The General,Action,Clyde Bruckman,1926,67,12,8.5
6468,2020-09-15 10:30:00,Magnolia,Drama,Paul Thomas Anderson,1999,188,16,6.5
6469,2020-09-14 15:30:00,Gandhi,Biography,Richard Attenborough,1982,191,0,8.5
6470,2020-09-14 13:00:00,Kurenai no buta,Animation,Hayao Miyazaki,1992,94,0,8.0
6471,2020-09-14 10:00:00,Philadelphia,Drama,Jonathan Demme,1993,125,12,7.0
6472,2020-09-13 19:00:00,Breakfast at Tiffany's,Comedy,Blake Edwards,1961,115,12,8.5
6473,2020-09-13 16:30:00,Reservoir Dogs,Crime,Quentin Tarantino,1992,99,16,6.5
6474,2020-09-13 13:00:00,Goodfellas,Biography,Martin Scorsese,1990,146,12,8.5
6475,2020-09-13 10:00:00,A Few Good Men,Drama,Rob Reiner,1992,138,0,7.5
6476,2020-09-12 16:30:00,Magnolia,Drama,Paul Thomas Anderson,1999,188,16,8.0
6477,2020-09-12 13:30:00,Shadow of a Doubt,Film-Noir,Alfred Hitchcock,1943,108,6,7.0
6478,2020-09-12 10:30:00,Blue Velvet,Drama,David Lynch,1986,120,12,7.0
6479,2020-09-11 17:30:00,Sabrina,Comedy,Billy Wilder,1954,113,12,7.5
6480,2020-09-11 13:30:00,Magnolia,Drama,Paul Thomas Anderson,1999,188,16,7.5
6481,2020-09-11 10:30:00,The Long Goodbye,Comedy,Robert Altman,1973,112,12,8.5
6482,2020-09-10 10:30:00,Goodfellas,Biography,Martin Scorsese,1990,146,12,8.5
6483,2020-09-09 17:30:00,The Graduate,Comedy,Mike Nichols,1967,106,12,7.0
6484,2020-09-09 13:30:00,Gandhi,Biography,Richard Attenborough,1982,191,0,6.5
6485,2020-09-09 10:00:00,Where Eagles Dare,Action,Brian G. Hutton,1968,158,0,8.5
6486,2020-09-08 10:00:00,A Few Good Men,Drama,Rob Reiner,1992,138,0,6.5
6487,2020-09-07 10:00:00,Midnight Cowboy,Drama,John Schlesinger,1969,113,12,8.0
6488,2020-09-06 17:30:00,Trois couleurs: Bleu,Drama,Krzysztof Kieslowski,1993,94,0,8.5
6489,2020-09-06 15:00:00,Reservoir Dogs,Crime,Quentin Tarantino,1992,99,16,8.5
6490,2020-09-06 12:30:00,Rashômon,Crime,Akira Kurosawa,1950,88,12,8.5
6491,2020-09-06 10:00:00,Rashômon,Crime,Akira Kurosawa,1950,88,12,7.5
6492,2020-09-05 19:30:00,Reservoir Dogs,Crime,Quentin Tarantino,1992,99,16,9.5
6493,2020-09-05 16:00:00,Mission: Impossible - Fallout,Action,Christopher McQuarrie,2018,147,12,8.5
6494,2020-09-05 12:30:00,Mission: Impossible - Fallout,Action,Christopher McQuarrie,2018,147,12,8.0
6495,2020-09-05 10:30:00,The General,Action,Clyde Bruckman,1926,67,12,8.5
6496,2020-09-04 13:30:00,Goodfellas,Biography,Martin Scorsese,1990,146,12,8.5
6497,2020-09-04 10:30:00,La Strada,Drama,Federico Fellini,1954,108,12,7.0
6498,2020-09-03 14:00:00,The Graduate,Comedy,Mike Nichols,1967,106,12,8.5
6499,2020-09-03 10:00:00,Magnolia,Drama,Paul Thomas Anderson,1999,188,16,8.0
6500,2020-09-02 13:00:00,The Naked Gun: From the Files of Police Squad!,Comedy,David Zucker,1988,85,0,8.0
6501,2020-09-02 10:30:00,Breakfast at Tiffany's,Comedy,Blake Edwards,1961,115,12,8.0
6502,2020-09-01 10:30:00,A Few Good Men,Drama,Rob Reiner,1992,138,0,8.0
6503,2020-08-31 15:30:00,"Crna macka, beli macor",Comedy,Emir Kusturica,1998,127,16,7.5
6504,2020-08-31 13:00:00,The Naked Gun: From the Files of Police Squad!,Comedy,David Zucker,1988,85,0,7.5
6505,2020-08-31 10:00:00,Sense and Sensibility,Drama,Ang Lee,1995,136,0,7.0
6506,2020-08-30 18:30:00,Uri: The Surgical Strike,Action,Aditya Dhar,2018,138,12,9.5
6507,2020-08-30 15:30:00,Der Himmel über Berlin,Drama,Wim Wenders,1987,128,0,8.0
6508,2020-08-30 12:30:00,Philadelphia,Drama,Jonathan Demme,1993,125,12,8.0
6509,2020-08-30 10:00:00,Gattaca,Drama,Andrew Niccol,1997,106,12,6.5
6510,2020-08-29 17:30:00,Mission: Impossible - Fallout,Action,Christopher McQuarrie,2018,147,12,8.0
6511,2020-08-29 13:30:00,Barry Lyndon,Adventure,Stanley Kubrick,1975,185,6,8.5
6512,2020-08-29 10:30:00,A Few Good Men,Drama,Rob Reiner,1992,138,0,8.5
6513,2020-08-28 10:00:00,Magnolia,Drama,Paul Thomas Anderson,1999,188,16,8.5
6514,2020-08-27 13:30:00,Shadow of a Doubt,Film-Noir,Alfred Hitchcock,1943,108,6,7.0
6515,2020-08-27 10:30:00,East of Eden,Drama,Elia Kazan,1955,118,0,7.5
6516,2020-08-26 15:30:00,Kaze no tani no Naushika,Animation,Hayao Miyazaki,1984,117,0,8.5
6517,2020-08-26 12:30:00,Philadelphia,Drama,Jonathan Demme,1993,125,12,8.5
6518,2020-08-26 10:00:00,Shadow of a Doubt,Film-Noir,Alfred Hitchcock,1943,108,6,8.0
6519,2020-08-25 13:00:00,East of Eden,Drama,Elia Kazan,1955,118,0,8.5
6520,2020-08-25 10:00:00,Philadelphia,Drama,Jonathan Demme,1993,125,12,8.0
6521,2020-08-24 10:00:00,Kaze no tani no Naushika,Animation,Hayao Miyazaki,1984,117,0,8.0
6522,2020-08-23 16:00:00,Love and Death,Comedy,Woody Allen,1975,85,6,8.0
6523,2020-08-23 13:00:00,The Remains of the Day,Drama,James Ivory,1993,134,0,8.0
6524,2020-08-23 10:00:00,Sense and Sensibility,Drama,Ang Lee,1995,136,0,7.0
6525,2020-08-22 15:30:00,Love and Death,Comedy,Woody Allen,1975,85,6,8.5
6526,2020-08-22 13:30:00,The Naked Gun: From the Files of Police Squad!,Comedy,David Zucker,1988,85,0,8.0
6527,2020-08-22 10:00:00,A Few Good Men,Drama,Rob Reiner,1992,138,0,7.0
6528,2020-08-21 15:30:00,L.A. Confidential,Crime,Curtis Hanson,1997,138,12,8.0
6529,2020-08-21 12:30:00,Der Himmel über Berlin,Drama,Wim Wenders,1987,128,0,7.0
6530,2020-08-21 10:00:00,East of Eden,Drama,Elia Kazan,1955,118,0,7.5
6531,2020-08-20 13:00:00,Mission: Impossible - Fallout,Action,Christopher McQuarrie,2018,147,12,8.5
6532,2020-08-20 10:00:00,Sense and Sensibility,Drama,Ang Lee,1995,136,0,8.5
6533,2020-08-19 12:30:00,Love and Death,Comedy,Woody Allen,1975,85,6,6.5
6534,2020-08-19 10:00:00,Scarface: The Shame of the Nation,Action,Howard Hawks,1932,93,6,8.5
6535,2020-08-18 10:30:00,The Ladykillers,Comedy,Alexander Mackendrick,1955,91,12,8.5
6536,2020-08-17 13:30:00,The Remains of the Day,Drama,James Ivory,1993,134,0,7.5
6537,2020-08-17 10:30:00,Dancer in the Dark,Crime,Lars von Trier,2000,140,0,7.0
6538,2020-08-16 16:30:00,Star Wars,Action,George Lucas,1977,121,12,8.5
6539,2020-08-16 13:30:00,Bohemian Rhapsody,Biography,Bryan Singer,2018,134,12,8.0
6540,2020-08-16 10:30:00,Bohemian Rhapsody,Biography,Bryan Singer,2018,134,12,8.5
6541,2020-08-15 16:00:00,Kaze no tani no Naushika,Animation,Hayao Miyazaki,1984,117,0,7.0
6542,2020-08-15 12:30:00,Dancer in the Dark,Crime,Lars von Trier,2000,140,0,7.5
6543,2020-08-15 10:00:00,Nueve reinas,Crime,Fabián Bielinsky,2000,114,16,7.0
6544,2020-08-14 12:30:00,The Long Goodbye,Comedy,Robert Altman,1973,112,12,8.0
6545,2020-08-14 10:00:00,La Strada,Drama,Federico Fellini,1954,108,12,8.5
6546,2020-08-13 15:30:00,The Long Goodbye,Comedy,Robert Altman,1973,112,12,6.5
6547,2020-08-13 12:30:00,Sense and Sensibility,Drama,Ang Lee,1995,136,0,8.5
6548,2020-08-13 10:00:00,Taxi Driver,Crime,Martin Scorsese,1976,114,12,7.5
6549,2020-08-12 13:30:00,Knives Out,Comedy,Rian Johnson,2019,130,12,6.5
6550,2020-08-12 10:30:00,"Crna macka, beli macor",Comedy,Emir Kusturica,1998,127,16,8.0
6551,2020-08-11 16:00:00,"Crna macka, beli macor",Comedy,Emir Kusturica,1998,127,16,8.5
6552,2020-08-11 13:00:00,The Long Goodbye,Comedy,Robert Altman,1973,112,12,7.5
6553,2020-08-11 10:00:00,Bohemian Rhapsody,Biography,Bryan Singer,2018,134,12,8.5
6554,2020-08-10 16:30:00,Kaze no tani no Naushika,Animation,Hayao Miyazaki,1984,117,0,8.5
6555,2020-08-10 13:00:00,The Message,Biography,Moustapha Akkad,1976,177,6,6.5
6556,2020-08-10 10:00:00,Der Himmel über Berlin,Drama,Wim Wenders,1987,128,0,7.0
6557,2020-08-09 16:00:00,Tôkyô monogatari,Drama,Yasujirô Ozu,1953,136,0,7.0
6558,2020-08-09 13:00:00,Taxi Driver,Crime,Martin Scorsese,1976,114,12,7.5
6559,2020-08-09 10:00:00,Nueve reinas,Crime,Fabián Bielinsky,2000,114,16,6.5
6560,2020-08-08 15:30:00,L.A. Confidential,Crime,Curtis Hanson,1997,138,12,8.5
6561,2020-08-08 13:00:00,Taxi Driver,Crime,Martin Scorsese,1976,114,12,7.0
6562,2020-08-08 10:00:00,The Long Goodbye,Comedy,Robert Altman,1973,112,12,6.5
6563,2020-08-07 16:00:00,Love and Death,Comedy,Woody Allen,1975,85,6,7.5
6564,2020-08-07 13:30:00,Scarface: The Shame of the Nation,Action,Howard Hawks,1932,93,6,7.0
6565,2020-08-07 10:30:00,Sense and Sensibility,Drama,Ang Lee,1995,136,0,7.0
6566,2020-08-06 12:30:00,Spoorloos,Mystery,George Sluizer,1988,107,12,8.5
6567,2020-08-06 10:30:00,Love and Death,Comedy,Woody Allen,1975,85,6,8.0
6568,2020-08-05 13:00:00,The Message,Biography,Moustapha Akkad,1976,177,6,8.0
6569,2020-08-05 10:00:00,Jurassic Park,Action,Steven Spielberg,1993,127,12,7.5
6570,2020-08-04 10:00:00,Der Himmel über Berlin,Drama,Wim Wenders,1987,128,0,8.0
6571,2020-08-03 13:30:00,Der Himmel über Berlin,Drama,Wim Wenders,1987,128,0,7.5
6572,2020-08-03 10:30:00,Jurassic Park,Action,Steven Spielberg,1993,127,12,8.0
6573,2020-08-02 19:30:00,Home Alone,Comedy,Chris Columbus,1990,103,0,8.5
6574,2020-08-02 16:30:00,Dead Man,Adventure,Jim Jarmusch,1995,121,16,8.0
6575,2020-08-02 13:30:00,The Red Shoes,Drama,Michael Powell,1948,135,12,7.5
6576,2020-08-02 10:30:00,Citizen Kane,Drama,Orson Welles,1941,119,12,8.0
6577,2020-08-01 16:30:00,Deadpool 2,Action,David Leitch,2018,119,16,6.5
6578,2020-08-01 13:30:00,Mary Poppins,Comedy,Robert Stevenson,1964,139,0,7.0
6579,2020-08-01 10:30:00,Spoorloos,Mystery,George Sluizer,1988,107,12,8.0
6580,2020-07-31 13:30:00,Kaze no tani no Naushika,Animation,Hayao Miyazaki,1984,117,0,7.0
6581,2020-07-31 10:30:00,Star Wars,Action,George Lucas,1977,121,12,6.5
6582,2020-07-30 16:00:00,The Ladykillers,Comedy,Alexander Mackendrick,1955,91,12,7.5
6583,2020-07-30 13:30:00,Kaze no tani no Naushika,Animation,Hayao Miyazaki,1984,117,0,7.0
6584,2020-07-30 10:30:00,Citizen Kane,Drama,Orson Welles,1941,119,12,8.5
6585,2020-07-29 10:00:00,Bohemian Rhapsody,Biography,Bryan Singer,2018,134,12,7.5
6586,2020-07-28 10:30:00,A Few Good Men,Drama,Rob Reiner,1992,138,0,7.0
6587,2020-07-27 10:00:00,Scarface: The Shame of the Nation,Action,Howard Hawks,1932,93,6,7.0
6588,2020-07-26 19:00:00,"Crna macka, beli macor",Comedy,Emir Kusturica,1998,127,16,10.0
6589,2020-07-26 16:00:00,Tôkyô monogatari,Drama,Yasujirô Ozu,1953,136,0,8.5
6590,2020-07-26 13:00:00,Tôkyô monogatari,Drama,Yasujirô Ozu,1953,136,0,6.5
6591,2020-07-26 10:30:00,Kaze no tani no Naushika,Animation,Hayao Miyazaki,1984,117,0,8.0
6592,2020-07-25 19:00:00,Blood Simple,Crime,Joel Coen,1984,99,12,8.5
6593,2020-07-25 15:30:00,The Sound of Music,Biography,Robert Wise,1965,172,0,7.5
6594,2020-07-25 13:00:00,Vampire Hunter D: Bloodlust,Animation,Yoshiaki Kawajiri,2000,103,0,8.0
6595,2020-07-25 10:00:00,Star Wars,Action,George Lucas,1977,121,12,7.0
6596,2020-07-24 14:30:00,Taxi Driver,Crime,Martin Scorsese,1976,114,12,8.0
6597,2020-07-24 12:00:00,Il postino,Biography,Michael Radford,1994,108,0,7.5
6598,2020-07-24 10:00:00,The Naked Gun: From the Files of Police Squad!,Comedy,David Zucker,1988,85,0,7.0
6599,2020-07-23 16:00:00,Taxi Driver,Crime,Martin Scorsese,1976,114,12,7.5
6600,2020-07-23 12:00:00,Barry Lyndon,Adventure,Stanley Kubrick,1975,185,6,6.5
6601,2020-07-23 10:00:00,Vivre sa vie: Film en douze tableaux,Drama,Jean-Luc Godard,1962,80,12,7.5
6602,2020-07-22 13:00:00,Barry Lyndon,Adventure,Stanley Kubrick,1975,185,6,6.5
6603,2020-07-22 10:30:00,Kaze no tani no Naushika,Animation,Hayao Miyazaki,1984,117,0,6.5
6604,2020-07-21 10:30:00,Mary Poppins,Comedy,Robert Stevenson,1964,139,0,8.5
6605,2020-07-20 10:30:00,A Few Good Men,Drama,Rob Reiner,1992,138,0,6.5
6606,2020-07-19 15:30:00,Gandhi,Biography,Richard Attenborough,1982,191,0,6.5
6607,2020-07-19 13:00:00,Dr. Strangelove or: How I Learned to Stop Worrying and Love the Bomb,Comedy,Stanley Kubrick,1964,95,12,6.5
6608,2020-07-19 10:00:00,Der Himmel über Berlin,Drama,Wim Wenders,1987,128,0,8.5
6609,2020-07-18 18:30:00,The Remains of the Day,Drama,James Ivory,1993,134,0,9.0
6610,2020-07-18 15:30:00,Jurassic Park,Action,Steven Spielberg,1993,127,12,6.5
6611,2020-07-18 13:00:00,Blood Simple,Crime,Joel Coen,1984,99,12,8.0
6612,2020-07-18 10:00:00,Knives Out,Comedy,Rian Johnson,2019,130,12,6.5
6613,2020-07-17 10:30:00,Tôkyô monogatari,Drama,Yasujirô Ozu,1953,136,0,8.5
6614,2020-07-16 13:30:00,Deadpool 2,Action,David Leitch,2018,119,16,7.0
6615,2020-07-16 10:30:00,Tôkyô monogatari,Drama,Yasujirô Ozu,1953,136,0,7.5
6616,2020-07-15 13:00:00,Vampire Hunter D: Bloodlust,Animation,Yoshiaki Kawajiri,2000,103,0,6.5
6617,2020-07-15 10:30:00,Life of Brian,Comedy,Terry Jones,1979,94,16,7.0
6618,2020-07-14 16:00:00,Il postino,Biography,Michael Radford,1994,108,0,7.0
6619,2020-07-14 13:00:00,Mission: Impossible - Fallout,Action,Christopher McQuarrie,2018,147,12,8.0
6620,2020-07-14 10:30:00,Home Alone,Comedy,Chris Columbus,1990,103,0,6.5
6621,2020-07-13 12:30:00,Dances with Wolves,Adventure,Kevin Costner,1990,181,0,6.5
6622,2020-07-13 10:00:00,Vampire Hunter D: Bloodlust,Animation,Yoshiaki Kawajiri,2000,103,0,8.5
6623,2020-07-12 18:00:00,Life of Brian,Comedy,Terry Jones,1979,94,16,9.0
6624,2020-07-12 15:30:00,The Gentlemen,Action,Guy Ritchie,2019,113,12,7.5
6625,2020-07-12 13:00:00,Scarface: The Shame of the Nation,Action,Howard Hawks,1932,93,6,7.5
6626,2020-07-12 10:30:00,Spoorloos,Mystery,George Sluizer,1988,107,12,7.5
6627,2020-07-11 17:30:00,Home Alone,Comedy,Chris Columbus,1990,103,0,8.0
6628,2020-07-11 15:00:00,Harvey,Comedy,Henry Koster,1950,104,12,7.5
6629,2020-07-11 12:30:00,The Naked Gun: From the Files of Police Squad!,Comedy,David Zucker,1988,85,0,7.5
6630,2020-07-11 10:30:00,Bride of Frankenstein,Drama,James Whale,1935,75,12,8.0
6631,2020-07-10 15:30:00,Il postino,Biography,Michael Radford,1994,108,0,7.0
6632,2020-07-10 12:30:00,Charade,Comedy,Stanley Donen,1963,113,0,8.0
6633,2020-07-10 10:00:00,Life of Brian,Comedy,Terry Jones,1979,94,16,8.0
6634,2020-07-09 10:00:00,Harvey,Comedy,Henry Koster,1950,104,12,7.5
6635,2020-07-08 16:00:00,Vivre sa vie: Film en douze tableaux,Drama,Jean-Luc Godard,1962,80,12,8.5
6636,2020-07-08 13:00:00,Knives Out,Comedy,Rian Johnson,2019,130,12,8.5
6637,2020-07-08 10:30:00,Harold and Maude,Comedy,Hal Ashby,1971,91,6,8.5
6638,2020-07-07 10:00:00,The Day the Earth Stood Still,Drama,Robert Wise,1951,92,0,8.0
6639,2020-07-06 16:00:00,Gladiator,Action,Ridley Scott,2000,155,12,8.0
6640,2020-07-06 14:00:00,Bride of Frankenstein,Drama,James Whale,1935,75,12,7.5
6641,2020-07-06 10:00:00,Dances with Wolves,Adventure,Kevin Costner,1990,181,0,8.5
6642,2020-07-05 18:00:00,Home Alone,Comedy,Chris Columbus,1990,103,0,10.0
6643,2020-07-05 15:30:00,Ferris Bueller's Day Off,Comedy,John Hughes,1986,103,0,7.0
6644,2020-07-05 13:00:00,October Sky,Biography,Joe Johnston,1999,108,6,8.0
6645,2020-07-05 10:30:00,Home Alone,Comedy,Chris Columbus,1990,103,0,7.5
6646,2020-07-04 19:00:00,October Sky,Biography,Joe Johnston,1999,108,6,8.5
6647,2020-07-04 16:30:00,October Sky,Biography,Joe Johnston,1999,108,6,7.5
6648,2020-07-04 13:30:00,Jurassic Park,Action,Steven Spielberg,1993,127,12,7.5
6649,2020-07-04 10:30:00,Der Name der Rose,Crime,Jean-Jacques Annaud,1986,130,16,7.0
6650,2020-07-03 13:00:00,Arsenic and Old Lace,Comedy,Frank Capra,1942,118,12,7.0
6651,2020-07-03 10:30:00,Harold and Maude,Comedy,Hal Ashby,1971,91,6,7.5
6652,2020-07-02 13:00:00,Harvey,Comedy,Henry Koster,1950,104,12,7.5
6653,2020-07-02 10:30:00,The Gentlemen,Action,Guy Ritchie,2019,113,12,8.0
6654,2020-07-01 14:00:00,The Matrix,Action,Lana Wachowski,1999,136,12,7.5
6655,2020-07-01 10:00:00,Ba wang bie ji,Drama,Kaige Chen,1993,171,16,6.5
6656,2020-06-30 13:00:00,Home Alone,Comedy,Chris Columbus,1990,103,0,8.5
6657,2020-06-30 10:30:00,Bringing Up Baby,Comedy,Howard Hawks,1938,102,12,6.5
6658,2020-06-29 10:30:00,Gladiator,Action,Ridley Scott,2000,155,12,6.5
6659,2020-06-28 17:00:00,October Sky,Biography,Joe Johnston,1999,108,6,8.0
6660,2020-06-28 14:30:00,October Sky,Biography,Joe Johnston,1999,108,6,7.5
6661,2020-06-28 12:00:00,Life of Brian,Comedy,Terry Jones,1979,94,16,7.5
6662,2020-06-28 10:00:00,Freaks,Drama,Tod Browning,1932,64,12,7.0
6663,2020-06-27 16:30:00,Gandhi,Biography,Richard Attenborough,1982,191,0,8.5
6664,2020-06-27 13:30:00,Billy Elliot,Drama,Stephen Daldry,2000,110,16,7.5
6665,2020-06-27 10:30:00,Jurassic Park,Action,Steven Spielberg,1993,127,12,8.0
6666,2020-06-26 13:30:00,Bringing Up Baby,Comedy,Howard Hawks,1938,102,12,8.0
6667,2020-06-26 10:30:00,The Red Shoes,Drama,Michael Powell,1948,135,12,6.5
6668,2020-06-25 10:00:00,Bride of Frankenstein,Drama,James Whale,1935,75,12,8.0
6669,2020-06-24 10:30:00,Jurassic Park,Action,Steven Spielberg,1993,127,12,7.0
6670,2020-06-23 16:30:00,Jurassic Park,Action,Steven Spielberg,1993,127,12,6.5
6671,2020-06-23 13:00:00,Gladiator,Action,Ridley Scott,2000,155,12,8.5
6672,2020-06-23 10:30:00,Ferris Bueller's Day Off,Comedy,John Hughes,1986,103,0,6.5
6673,2020-06-22 14:00:00,Green Book,Biography,Peter Farrelly,2018,130,12,7.5
6674,2020-06-22 10:30:00,Hera Pheri,Action,Priyadarshan,2000,156,0,7.5
6675,2020-06-21 15:30:00,The Thin Red Line,Drama,Terrence Malick,1998,170,12,8.0
6676,2020-06-21 13:00:00,October Sky,Biography,Joe Johnston,1999,108,6,6.5
6677,2020-06-21 10:00:00,Inherit the Wind,Biography,Stanley Kramer,1960,128,12,8.0
6678,2020-06-20 15:30:00,Green Book,Biography,Peter Farrelly,2018,130,12,7.0
6679,2020-06-20 12:30:00,The Matrix,Action,Lana Wachowski,1999,136,12,7.0
6680,2020-06-20 10:00:00,Dil Bechara,Comedy,Mukesh Chhabra,2020,101,12,6.5
6681,2020-06-19 10:00:00,Andhadhun,Crime,Sriram Raghavan,2018,139,12,7.0
6682,2020-06-18 10:00:00,Who Framed Roger Rabbit,Animation,Robert Zemeckis,1988,104,0,8.5
6683,2020-06-17 15:00:00,Titanic,Drama,James Cameron,1997,194,12,8.0
6684,2020-06-17 13:00:00,Bride of Frankenstein,Drama,James Whale,1935,75,12,8.5
6685,2020-06-17 10:30:00,Life of Brian,Comedy,Terry Jones,1979,94,16,7.5
6686,2020-06-16 15:00:00,Ed Wood,Biography,Tim Burton,1994,127,0,7.0
6687,2020-06-16 12:30:00,Charade,Comedy,Stanley Donen,1963,113,0,7.5
6688,2020-06-16 10:00:00,Billy Elliot,Drama,Stephen Daldry,2000,110,16,7.5
6689,2020-06-15 16:30:00,Gandhi,Biography,Richard Attenborough,1982,191,0,6.5
6690,2020-06-15 14:00:00,The Gentlemen,Action,Guy Ritchie,2019,113,12,8.0
6691,2020-06-15 10:30:00,Gladiator,Action,Ridley Scott,2000,155,12,8.0
6692,2020-06-14 16:30:00,Life of Brian,Comedy,Terry Jones,1979,94,16,7.5
6693,2020-06-14 14:30:00,Bride of Frankenstein,Drama,James Whale,1935,75,12,8.5
6694,2020-06-14 10:30:00,Gandhi,Biography,Richard Attenborough,1982,191,0,8.0
6695,2020-06-13 16:00:00,Billy Elliot,Drama,Stephen Daldry,2000,110,16,8.0
6696,2020-06-13 13:00:00,Der Name der Rose,Crime,Jean-Jacques Annaud,1986,130,16,6.5
6697,2020-06-13 10:30:00,Bringing Up Baby,Comedy,Howard Hawks,1938,102,12,8.5
6698,2020-06-12 10:30:00,Breakfast at Tiffany's,Comedy,Blake Edwards,1961,115,12,6.5
6699,2020-06-11 14:30:00,Andhadhun,Crime,Sriram Raghavan,2018,139,12,6.5
6700,2020-06-11 12:30:00,Freaks,Drama,Tod Browning,1932,64,12,8.5
6701,2020-06-11 10:00:00,Bringing Up Baby,Comedy,Howard Hawks,1938,102,12,7.5
6702,2020-06-10 12:30:00,Dances with Wolves,Adventure,Kevin Costner,1990,181,0,8.0
6703,2020-06-10 10:00:00,Bringing Up Baby,Comedy,Howard Hawks,1938,102,12,8.0
6704,2020-06-09 13:00:00,Titanic,Drama,James Cameron,1997,194,12,8.5
6705,2020-06-09 10:30:00,Life of Brian,Comedy,Terry Jones,1979,94,16,8.5
6706,2020-06-08 10:30:00,The Matrix,Action,Lana Wachowski,1999,136,12,7.0
6707,2020-06-07 19:00:00,City Lights,Comedy,Charles Chaplin,1931,87,0,8.5
6708,2020-06-07 16:00:00,Breakfast at Tiffany's,Comedy,Blake Edwards,1961,115,12,7.0
6709,2020-06-07 13:00:00,Der Name der Rose,Crime,Jean-Jacques Annaud,1986,130,16,7.5
6710,2020-06-07 10:00:00,Inherit the Wind,Biography,Stanley Kramer,1960,128,12,6.5
6711,2020-06-06 16:00:00,Freaks,Drama,Tod Browning,1932,64,12,7.0
6712,2020-06-06 13:30:00,Life of Brian,Comedy,Terry Jones,1979,94,16,6.5
6713,2020-06-06 10:30:00,Inherit the Wind,Biography,Stanley Kramer,1960,128,12,8.5
6714,2020-06-05 16:30:00,Ferris Bueller's Day Off,Comedy,John Hughes,1986,103,0,7.5
6715,2020-06-05 13:30:00,Der Name der Rose,Crime,Jean-Jacques Annaud,1986,130,16,7.5
6716,2020-06-05 10:30:00,Inherit the Wind,Biography,Stanley Kramer,1960,128,12,7.5
6717,2020-06-04 13:00:00,Breakfast at Tiffany's,Comedy,Blake Edwards,1961,115,12,7.5
6718,2020-06-04 10:30:00,American History X,Drama,Tony Kaye,1998,119,16,7.5
6719,2020-06-03 15:30:00,American History X,Drama,Tony Kaye,1998,119,16,6.5
6720,2020-06-03 13:00:00,Who Framed Roger Rabbit,Animation,Robert Zemeckis,1988,104,0,6.5
6721,2020-06-03 10:00:00,The Matrix,Action,Lana Wachowski,1999,136,12,8.5
6722,2020-06-02 10:00:00,Inherit the Wind,Biography,Stanley Kramer,1960,128,12,6.5
6723,2020-06-01 13:00:00,Hera Pheri,Action,Priyadarshan,2000,156,0,7.0
6724,2020-06-01 10:00:00,Ed Wood,Biography,Tim Burton,1994,127,0,6.5
6725,2020-05-31 16:00:00,"O Brother, Where Art Thou?",Adventure,Joel Coen,2000,107,0,7.0
6726,2020-05-31 13:00:00,The Matrix,Action,Lana Wachowski,1999,136,12,6.5
6727,2020-05-31 10:30:00,"O Brother, Where Art Thou?",Adventure,Joel Coen,2000,107,0,7.5
6728,2020-05-30 17:00:00,Who Framed Roger Rabbit,Animation,Robert Zemeckis,1988,104,0,7.5
6729,2020-05-30 13:30:00,The Thin Red Line,Drama,Terrence Malick,1998,170,12,7.5
6730,2020-05-30 10:30:00,Andhadhun,Crime,Sriram Raghavan,2018,139,12,7.0
6731,2020-05-29 17:00:00,Portrait de la jeune fille en feu,Drama,Céline Sciamma,2019,122,16,7.5
6732,2020-05-29 14:30:00,Sanjuro,Action,Akira Kurosawa,1962,96,0,8.5
6733,2020-05-29 10:30:00,Fanny och Alexander,Drama,Ingmar Bergman,1982,188,12,8.0
6734,2020-05-28 10:30:00,Ferris Bueller's Day Off,Comedy,John Hughes,1986,103,0,7.0
6735,2020-05-27 16:00:00,American History X,Drama,Tony Kaye,1998,119,16,7.0
6736,2020-05-27 13:30:00,City Lights,Comedy,Charles Chaplin,1931,87,0,6.5
6737,2020-05-27 10:30:00,Arsenic and Old Lace,Comedy,Frank Capra,1942,118,12,8.0
6738,2020-05-26 15:00:00,Titanic,Drama,James Cameron,1997,194,12,8.0
6739,2020-05-26 12:30:00,Ferris Bueller's Day Off,Comedy,John Hughes,1986,103,0,7.0
6740,2020-05-26 10:00:00,American History X,Drama,Tony Kaye,1998,119,16,8.0
6741,2020-05-25 10:00:00,Rosemary's Baby,Drama,Roman Polanski,1968,137,12,8.5
6742,2020-05-24 19:00:00,Fanny och Alexander,Drama,Ingmar Bergman,1982,188,12,8.5
6743,2020-05-24 16:30:00,Modern Times,Comedy,Charles Chaplin,1936,87,0,7.5
6744,2020-05-24 13:30:00,Rosemary's Baby,Drama,Roman Polanski,1968,137,12,7.5
6745,2020-05-24 10:30:00,Portrait de la jeune fille en feu,Drama,Céline Sciamma,2019,122,16,6.5
6746,2020-05-23 17:00:00,Titanic,Drama,James Cameron,1997,194,12,8.5
6747,2020-05-23 14:00:00,Der Name der Rose,Crime,Jean-Jacques Annaud,1986,130,16,8.0
6748,2020-05-23 10:30:00,Hera Pheri,Action,Priyadarshan,2000,156,0,8.5
6749,2020-05-22 13:00:00,Sanjuro,Action,Akira Kurosawa,1962,96,0,8.0
6750,2020-05-22 10:30:00,Double Indemnity,Crime,Billy Wilder,1944,107,12,7.0
6751,2020-05-21 18:00:00,Rosemary's Baby,Drama,Roman Polanski,1968,137,12,9.5
6752,2020-05-21 14:30:00,Hera Pheri,Action,Priyadarshan,2000,156,0,8.5
6753,2020-05-21 10:00:00,The Ten Commandments,Adventure,Cecil B. DeMille,1956,220,0,8.5
6754,2020-05-20 14:00:00,Ferris Bueller's Day Off,Comedy,John Hughes,1986,103,0,8.5
6755,2020-05-20 10:30:00,Breaking the Waves,Drama,Lars von Trier,1996,159,16,8.5
6756,2020-05-19 16:00:00,The Manchurian Candidate,Drama,John Frankenheimer,1962,126,12,6.5
6757,2020-05-19 13:30:00,La double vie de Véronique,Drama,Krzysztof Kieslowski,1991,98,16,7.5
6758,2020-05-19 10:00:00,Breaking the Waves,Drama,Lars von Trier,1996,159,16,8.5
6759,2020-05-18 10:00:00,The French Connection,Action,William Friedkin,1971,104,12,7.0
6760,2020-05-17 16:30:00,La règle du jeu,Comedy,Jean Renoir,1939,110,12,7.0
6761,2020-05-17 13:30:00,American History X,Drama,Tony Kaye,1998,119,16,7.0
6762,2020-05-17 10:00:00,Breaking the Waves,Drama,Lars von Trier,1996,159,16,7.5
6763,2020-05-16 14:30:00,Young Frankenstein,Comedy,Mel Brooks,1974,106,12,8.0
6764,2020-05-16 12:30:00,Le dîner de cons,Comedy,Francis Veber,1998,80,12,8.0
6765,2020-05-16 10:00:00,Dil Bechara,Comedy,Mukesh Chhabra,2020,101,12,7.5
6766,2020-05-15 13:00:00,Double Indemnity,Crime,Billy Wilder,1944,107,12,8.0
6767,2020-05-15 10:30:00,La double vie de Véronique,Drama,Krzysztof Kieslowski,1991,98,16,7.5
6768,2020-05-14 16:00:00,Rosemary's Baby,Drama,Roman Polanski,1968,137,12,6.5
6769,2020-05-14 13:00:00,American History X,Drama,Tony Kaye,1998,119,16,7.0
6770,2020-05-14 10:30:00,Dil Bechara,Comedy,Mukesh Chhabra,2020,101,12,8.5
6771,2020-05-13 15:30:00,Modern Times,Comedy,Charles Chaplin,1936,87,0,8.5
6772,2020-05-13 13:00:00,Who Framed Roger Rabbit,Animation,Robert Zemeckis,1988,104,0,7.5
6773,2020-05-13 10:30:00,Ferris Bueller's Day Off,Comedy,John Hughes,1986,103,0,8.0
6774,2020-05-12 10:30:00,Fanny och Alexander,Drama,Ingmar Bergman,1982,188,12,8.0
6775,2020-05-11 10:00:00,Sanjuro,Action,Akira Kurosawa,1962,96,0,8.0
6776,2020-05-10 20:00:00,The Invisible Man,Horror,James Whale,1933,71,12,8.5
6777,2020-05-10 16:00:00,Titanic,Drama,James Cameron,1997,194,12,7.0
6778,2020-05-10 12:30:00,Metropolis,Drama,Fritz Lang,1927,153,12,8.5
6779,2020-05-10 10:00:00,Sanjuro,Action,Akira Kurosawa,1962,96,0,8.5
6780,2020-05-09 18:00:00,Freaks,Drama,Tod Browning,1932,64,12,9.5
6781,2020-05-09 16:00:00,Modern Times,Comedy,Charles Chaplin,1936,87,0,8.5
6782,2020-05-09 13:00:00,Die Hard: With a Vengeance,Action,John McTiernan,1995,128,12,8.0
6783,2020-05-09 10:00:00,Rosemary's Baby,Drama,Roman Polanski,1968,137,12,8.5
6784,2020-05-08 13:30:00,Rosemary's Baby,Drama,Roman Polanski,1968,137,12,8.5
6785,2020-05-08 10:30:00,The Manchurian Candidate,Drama,John Frankenheimer,1962,126,12,6.5
6786,2020-05-07 12:30:00,The Ten Commandments,Adventure,Cecil B. DeMille,1956,220,0,7.0
6787,2020-05-07 10:00:00,Crimes and Misdemeanors,Comedy,Woody Allen,1989,104,12,6.5
6788,2020-05-06 10:30:00,Fanny och Alexander,Drama,Ingmar Bergman,1982,188,12,6.5
6789,2020-05-05 13:00:00,La double vie de Véronique,Drama,Krzysztof Kieslowski,1991,98,16,8.0
6790,2020-05-05 10:30:00,Home Alone,Comedy,Chris Columbus,1990,103,0,7.5
6791,2020-05-04 10:00:00,Die Hard: With a Vengeance,Action,John McTiernan,1995,128,12,7.5
6792,2020-05-03 15:30:00,Metropolis,Drama,Fritz Lang,1927,153,12,7.0
6793,2020-05-03 13:00:00,Rupan sansei: Kariosutoro no shiro,Animation,Hayao Miyazaki,1979,100,0,8.5
6794,2020-05-03 10:30:00,Annie Hall,Comedy,Woody Allen,1977,93,12,6.5
6795,2020-05-02 15:30:00,Home Alone,Comedy,Chris Columbus,1990,103,0,8.5
6796,2020-05-02 12:30:00,"O Brother, Where Art Thou?",Adventure,Joel Coen,2000,107,0,7.5
6797,2020-05-02 10:00:00,"O Brother, Where Art Thou?",Adventure,Joel Coen,2000,107,0,7.5
6798,2020-05-01 15:00:00,La double vie de Véronique,Drama,Krzysztof Kieslowski,1991,98,16,8.0
6799,2020-05-01 13:00:00,Freaks,Drama,Tod Browning,1932,64,12,8.0
6800,2020-05-01 10:30:00,Double Indemnity,Crime,Billy Wilder,1944,107,12,8.5
6801,2020-04-30 13:00:00,Breaking the Waves,Drama,Lars von Trier,1996,159,16,7.5
6802,2020-04-30 10:00:00,Die Hard: With a Vengeance,Action,John McTiernan,1995,128,12,7.0
6803,2020-04-29 10:00:00,Rosemary's Baby,Drama,Roman Polanski,1968,137,12,8.0
6804,2020-04-28 10:30:00,Festen,Drama,Thomas Vinterberg,1998,105,16,8.5
6805,2020-04-27 16:00:00,Double Indemnity,Crime,Billy Wilder,1944,107,12,8.0
6806,2020-04-27 13:00:00,Rosemary's Baby,Drama,Roman Polanski,1968,137,12,7.5
6807,2020-04-27 10:00:00,Die Hard: With a Vengeance,Action,John McTiernan,1995,128,12,6.5
6808,2020-04-26 15:30:00,Breaking the Waves,Drama,Lars von Trier,1996,159,16,7.0
6809,2020-04-26 12:30:00,The Man Who Shot Liberty Valance,Drama,John Ford,1962,123,12,6.5
6810,2020-04-26 10:00:00,Home Alone,Comedy,Chris Columbus,1990,103,0,8.0
6811,2020-04-25 17:30:00,"O Brother, Where Art Thou?",Adventure,Joel Coen,2000,107,0,8.5
6812,2020-04-25 14:30:00,The Manchurian Candidate,Drama,John Frankenheimer,1962,126,12,6.5
6813,2020-04-25 12:00:00,Toy Story,Animation,John Lasseter,1995,81,0,7.0
6814,2020-04-25 10:00:00,Freaks,Drama,Tod Browning,1932,64,12,8.5
6815,2020-04-24 10:00:00,Rupan sansei: Kariosutoro no shiro,Animation,Hayao Miyazaki,1979,100,0,7.5
6816,2020-04-23 13:30:00,Solaris,Drama,Andrei Tarkovsky,1972,167,6,6.5
6817,2020-04-23 10:30:00,Die Hard: With a Vengeance,Action,John McTiernan,1995,128,12,7.5
6818,2020-04-22 10:30:00,Manbiki kazoku,Crime,Hirokazu Koreeda,2018,121,12,7.5
6819,2020-04-21 15:30:00,Stagecoach,Adventure,John Ford,1939,96,12,8.0
6820,2020-04-21 13:30:00,Freaks,Drama,Tod Browning,1932,64,12,7.0
6821,2020-04-21 10:30:00,The Man Who Shot Liberty Valance,Drama,John Ford,1962,123,12,7.5
6822,2020-04-20 17:00:00,Festen,Drama,Thomas Vinterberg,1998,105,16,6.5
6823,2020-04-20 13:00:00,JFK,Drama,Oliver Stone,1991,189,12,7.5
6824,2020-04-20 10:30:00,Crimes and Misdemeanors,Comedy,Woody Allen,1989,104,12,8.5
6825,2020-04-19 18:00:00,Metropolis,Drama,Fritz Lang,1927,153,12,10.0
6826,2020-04-19 15:00:00,The Man Who Shot Liberty Valance,Drama,John Ford,1962,123,12,8.0
6827,2020-04-19 12:30:00,Double Indemnity,Crime,Billy Wilder,1944,107,12,8.5
6828,2020-04-19 10:00:00,The French Connection,Action,William Friedkin,1971,104,12,7.0
6829,2020-04-18 17:30:00,Double Indemnity,Crime,Billy Wilder,1944,107,12,7.0
6830,2020-04-18 15:30:00,Freaks,Drama,Tod Browning,1932,64,12,8.5
6831,2020-04-18 13:00:00,Home Alone,Comedy,Chris Columbus,1990,103,0,6.5
6832,2020-04-18 10:00:00,The Manchurian Candidate,Drama,John Frankenheimer,1962,126,12,8.5
6833,2020-04-17 10:30:00,Blade Runner,Action,Ridley Scott,1982,117,12,7.5
6834,2020-04-16 13:30:00,The Manchurian Candidate,Drama,John Frankenheimer,1962,126,12,6.5
6835,2020-04-16 10:30:00,Dead Man,Adventure,Jim Jarmusch,1995,121,16,8.5
6836,2020-04-15 17:30:00,Dead Man,Adventure,Jim Jarmusch,1995,121,16,8.5
6837,2020-04-15 15:00:00,Crimes and Misdemeanors,Comedy,Woody Allen,1989,104,12,8.5
6838,2020-04-15 10:30:00,The Ten Commandments,Adventure,Cecil B. DeMille,1956,220,0,7.0
6839,2020-04-14 10:00:00,Kagemusha,Drama,Akira Kurosawa,1980,180,0,8.5
6840,2020-04-13 13:30:00,The French Connection,Action,William Friedkin,1971,104,12,7.5
6841,2020-04-13 10:30:00,Manbiki kazoku,Crime,Hirokazu Koreeda,2018,121,12,8.5
6842,2020-04-12 18:30:00,Blade Runner,Action,Ridley Scott,1982,117,12,8.5
6843,2020-04-12 15:30:00,The Man Who Shot Liberty Valance,Drama,John Ford,1962,123,12,6.5
6844,2020-04-12 12:30:00,Batoru rowaiaru,Action,Kinji Fukasaku,2000,114,12,8.5
6845,2020-04-12 10:00:00,Rupan sansei: Kariosutoro no shiro,Animation,Hayao Miyazaki,1979,100,0,7.0
6846,2020-04-11 16:00:00,Annie Hall,Comedy,Woody Allen,1977,93,12,7.5
6847,2020-04-11 13:00:00,Dead Man,Adventure,Jim Jarmusch,1995,121,16,7.5
6848,2020-04-11 10:30:00,Double Indemnity,Crime,Billy Wilder,1944,107,12,6.5
6849,2020-04-10 17:00:00,Double Indemnity,Crime,Billy Wilder,1944,107,12,7.5
6850,2020-04-10 13:30:00,Metropolis,Drama,Fritz Lang,1927,153,12,7.5
6851,2020-04-10 10:30:00,Amarcord,Comedy,Federico Fellini,1973,123,16,8.0
6852,2020-04-09 16:30:00,Double Indemnity,Crime,Billy Wilder,1944,107,12,7.0
6853,2020-04-09 13:00:00,Metropolis,Drama,Fritz Lang,1927,153,12,8.5
6854,2020-04-09 10:00:00,Amarcord,Comedy,Federico Fellini,1973,123,16,7.0
6855,2020-04-08 10:30:00,Mr. Smith Goes to Washington,Comedy,Frank Capra,1939,129,12,8.0
6856,2020-04-07 10:00:00,Festen,Drama,Thomas Vinterberg,1998,105,16,8.5
6857,2020-04-06 12:30:00,Annie Hall,Comedy,Woody Allen,1977,93,12,7.0
6858,2020-04-06 10:00:00,Festen,Drama,Thomas Vinterberg,1998,105,16,8.5
6859,2020-04-05 18:30:00,Home Alone,Comedy,Chris Columbus,1990,103,0,9.5
6860,2020-04-05 15:30:00,Batoru rowaiaru,Action,Kinji Fukasaku,2000,114,12,7.0
6861,2020-04-05 13:00:00,Trois couleurs: Rouge,Drama,Krzysztof Kieslowski,1994,99,0,6.5
6862,2020-04-05 10:30:00,The French Connection,Action,William Friedkin,1971,104,12,6.5
6863,2020-04-04 19:30:00,The Ten Commandments,Adventure,Cecil B. DeMille,1956,220,0,10.0
6864,2020-04-04 16:30:00,White Heat,Action,Raoul Walsh,1949,114,12,7.5
6865,2020-04-04 13:00:00,Solaris,Drama,Andrei Tarkovsky,1972,167,6,6.5
6866,2020-04-04 10:00:00,Double Indemnity,Crime,Billy Wilder,1944,107,12,7.5
6867,2020-04-03 17:00:00,JFK,Drama,Oliver Stone,1991,189,12,6.5
6868,2020-04-03 13:00:00,JFK,Drama,Oliver Stone,1991,189,12,8.0
6869,2020-04-03 10:00:00,The Man Who Shot Liberty Valance,Drama,John Ford,1962,123,12,8.0
6870,2020-04-02 13:30:00,Freaks,Drama,Tod Browning,1932,64,12,6.5
6871,2020-04-02 10:30:00,The Lion in Winter,Biography,Anthony Harvey,1968,134,6,7.0
6872,2020-04-01 10:00:00,Stagecoach,Adventure,John Ford,1939,96,12,6.5
6873,2020-03-31 15:00:00,The Manchurian Candidate,Drama,John Frankenheimer,1962,126,12,6.5
6874,2020-03-31 13:00:00,Freaks,Drama,Tod Browning,1932,64,12,8.0
6875,2020-03-31 10:00:00,Sling Blade,Drama,Billy Bob Thornton,1996,135,16,6.5
6876,2020-03-30 10:30:00,La vita è bella,Comedy,Roberto Benigni,1997,116,0,7.0
6877,2020-03-29 18:00:00,Festen,Drama,Thomas Vinterberg,1998,105,16,10.0
6878,2020-03-29 15:30:00,Annie Hall,Comedy,Woody Allen,1977,93,12,8.0
6879,2020-03-29 13:00:00,Crimes and Misdemeanors,Comedy,Woody Allen,1989,104,12,7.0
6880,2020-03-29 10:30:00,Blade Runner,Action,Ridley Scott,1982,117,12,8.5
6881,2020-03-28 19:30:00,The Sixth Sense,Drama,M. Night Shyamalan,1999,107,12,9.5
6882,2020-03-28 17:00:00,Blade Runner,Action,Ridley Scott,1982,117,12,7.0
6883,2020-03-28 14:00:00,The Lion in Winter,Biography,Anthony Harvey,1968,134,6,8.0
6884,2020-03-28 10:00:00,JFK,Drama,Oliver Stone,1991,189,12,8.0
6885,2020-03-27 10:00:00,White Heat,Action,Raoul Walsh,1949,114,12,7.0
6886,2020-03-26 13:00:00,Toy Story,Animation,John Lasseter,1995,81,0,8.0
6887,2020-03-26 10:30:00,The Shop Around the Corner,Comedy,Ernst Lubitsch,1940,99,12,8.5
6888,2020-03-25 15:30:00,Sling Blade,Drama,Billy Bob Thornton,1996,135,16,7.0
6889,2020-03-25 13:00:00,Stagecoach,Adventure,John Ford,1939,96,12,7.5
6890,2020-03-25 10:30:00,The Sixth Sense,Drama,M. Night Shyamalan,1999,107,12,8.5
6891,2020-03-24 18:00:00,The Sixth Sense,Drama,M. Night Shyamalan,1999,107,12,10.0
6892,2020-03-24 14:00:00,JFK,Drama,Oliver Stone,1991,189,12,8.0
6893,2020-03-24 10:00:00,Kagemusha,Drama,Akira Kurosawa,1980,180,0,6.5
6894,2020-03-23 13:30:00,Mr. Smith Goes to Washington,Comedy,Frank Capra,1939,129,12,7.5
6895,2020-03-23 10:30:00,Batoru rowaiaru,Action,Kinji Fukasaku,2000,114,12,8.5
6896,2020-03-22 15:00:00,Glengarry Glen Ross,Crime,James Foley,1992,100,16,8.5
6897,2020-03-22 12:30:00,Blade Runner,Action,Ridley Scott,1982,117,12,7.0
6898,2020-03-22 10:00:00,Sweet Smell of Success,Drama,Alexander Mackendrick,1957,96,12,8.0
6899,2020-03-21 20:00:00,Groundhog Day,Comedy,Harold Ramis,1993,101,0,10.0
6900,2020-03-21 17:30:00,White Heat,Action,Raoul Walsh,1949,114,12,8.5
6901,2020-03-21 14:30:00,Sling Blade,Drama,Billy Bob Thornton,1996,135,16,8.0
6902,2020-03-21 10:30:00,JFK,Drama,Oliver Stone,1991,189,12,8.0
6903,2020-03-20 10:30:00,A Bronx Tale,Crime,Robert De Niro,1993,121,16,8.0
6904,2020-03-19 13:30:00,White Heat,Action,Raoul Walsh,1949,114,12,6.5
6905,2020-03-19 10:30:00,The Lion in Winter,Biography,Anthony Harvey,1968,134,6,7.5
6906,2020-03-18 15:30:00,Mr. Smith Goes to Washington,Comedy,Frank Capra,1939,129,12,7.5
6907,2020-03-18 13:00:00,Festen,Drama,Thomas Vinterberg,1998,105,16,7.5
6908,2020-03-18 10:00:00,Sling Blade,Drama,Billy Bob Thornton,1996,135,16,7.0
6909,2020-03-17 15:30:00,The Shop Around the Corner,Comedy,Ernst Lubitsch,1940,99,12,7.0
6910,2020-03-17 12:30:00,Sling Blade,Drama,Billy Bob Thornton,1996,135,16,7.5
6911,2020-03-17 10:00:00,Groundhog Day,Comedy,Harold Ramis,1993,101,0,8.0
6912,2020-03-16 10:00:00,White Heat,Action,Raoul Walsh,1949,114,12,8.0
6913,2020-03-15 18:30:00,Sweet Smell of Success,Drama,Alexander Mackendrick,1957,96,12,9.5
6914,2020-03-15 16:00:00,Festen,Drama,Thomas Vinterberg,1998,105,16,7.0
6915,2020-03-15 13:00:00,La battaglia di Algeri,Drama,Gillo Pontecorvo,1966,121,12,6.5
6916,2020-03-15 10:30:00,The Adventures of Robin Hood,Action,Michael Curtiz,1938,102,6,7.0
6917,2020-03-14 16:00:00,Sling Blade,Drama,Billy Bob Thornton,1996,135,16,8.0
6918,2020-03-14 13:30:00,Festen,Drama,Thomas Vinterberg,1998,105,16,7.5
6919,2020-03-14 10:30:00,Blade Runner,Action,Ridley Scott,1982,117,12,7.5
6920,2020-03-13 13:00:00,Blade Runner,Action,Ridley Scott,1982,117,12,7.5
6921,2020-03-13 10:00:00,Batoru rowaiaru,Action,Kinji Fukasaku,2000,114,12,7.5
6922,2020-03-12 17:00:00,La battaglia di Algeri,Drama,Gillo Pontecorvo,1966,121,12,6.5
6923,2020-03-12 13:00:00,JFK,Drama,Oliver Stone,1991,189,12,8.0
6924,2020-03-12 10:30:00,Sweet Smell of Success,Drama,Alexander Mackendrick,1957,96,12,7.0
6925,2020-03-11 16:00:00,L.A. Confidential,Crime,Curtis Hanson,1997,138,12,7.5
6926,2020-03-11 13:00:00,Blade Runner,Action,Ridley Scott,1982,117,12,7.5
6927,2020-03-11 10:30:00,Kurenai no buta,Animation,Hayao Miyazaki,1992,94,0,7.5
6928,2020-03-10 17:00:00,Mr. Smith Goes to Washington,Comedy,Frank Capra,1939,129,12,8.0
6929,2020-03-10 13:00:00,JFK,Drama,Oliver Stone,1991,189,12,6.5
6930,2020-03-10 10:30:00,The Sixth Sense,Drama,M. Night Shyamalan,1999,107,12,7.0
6931,2020-03-09 17:00:00,Manbiki kazoku,Crime,Hirokazu Koreeda,2018,121,12,6.5
6932,2020-03-09 14:30:00,The Shop Around the Corner,Comedy,Ernst Lubitsch,1940,99,12,8.5
6933,2020-03-09 10:30:00,Kagemusha,Drama,Akira Kurosawa,1980,180,0,7.0
6934,2020-03-08 20:00:00,La battaglia di Algeri,Drama,Gillo Pontecorvo,1966,121,12,8.5
6935,2020-03-08 17:30:00,Sweet Smell of Success,Drama,Alexander Mackendrick,1957,96,12,8.0
6936,2020-03-08 13:30:00,JFK,Drama,Oliver Stone,1991,189,12,6.5
6937,2020-03-08 10:30:00,L.A. Confidential,Crime,Curtis Hanson,1997,138,12,7.0
6938,2020-03-07 15:30:00,La battaglia di Algeri,Drama,Gillo Pontecorvo,1966,121,12,6.5
6939,2020-03-07 13:00:00,Festen,Drama,Thomas Vinterberg,1998,105,16,7.0
6940,2020-03-07 10:00:00,Batoru rowaiaru,Action,Kinji Fukasaku,2000,114,12,7.5
6941,2020-03-06 17:00:00,The Lion in Winter,Biography,Anthony Harvey,1968,134,6,7.5
6942,2020-03-06 13:00:00,JFK,Drama,Oliver Stone,1991,189,12,7.0
6943,2020-03-06 10:00:00,La battaglia di Algeri,Drama,Gillo Pontecorvo,1966,121,12,6.5
6944,2020-03-05 10:30:00,Braveheart,Biography,Mel Gibson,1995,178,12,8.0
6945,2020-03-04 13:00:00,JFK,Drama,Oliver Stone,1991,189,12,8.0
6946,2020-03-04 10:00:00,Mr. Smith Goes to Washington,Comedy,Frank Capra,1939,129,12,7.5
6947,2020-03-03 12:00:00,A Clockwork Orange,Crime,Stanley Kubrick,1971,136,12,7.5
6948,2020-03-03 10:00:00,Vivre sa vie: Film en douze tableaux,Drama,Jean-Luc Godard,1962,80,12,7.0
6949,2020-03-02 15:00:00,Sweet Smell of Success,Drama,Alexander Mackendrick,1957,96,12,8.0
6950,2020-03-02 12:30:00,Crimes and Misdemeanors,Comedy,Woody Allen,1989,104,12,8.0
6951,2020-03-02 10:00:00,Crimes and Misdemeanors,Comedy,Woody Allen,1989,104,12,8.5
6952,2020-03-01 19:30:00,A Bronx Tale,Crime,Robert De Niro,1993,121,16,10.0
6953,2020-03-01 16:00:00,Once Upon a Time... in Hollywood,Comedy,Quentin Tarantino,2019,161,12,7.0
6954,2020-03-01 13:00:00,The Manchurian Candidate,Drama,John Frankenheimer,1962,126,12,6.5
6955,2020-03-01 10:30:00,Sweet Smell of Success,Drama,Alexander Mackendrick,1957,96,12,7.5
6956,2020-02-29 20:00:00,Kagemusha,Drama,Akira Kurosawa,1980,180,0,9.0
6957,2020-02-29 17:00:00,Dancer in the Dark,Crime,Lars von Trier,2000,140,0,8.5
6958,2020-02-29 13:00:00,Kagemusha,Drama,Akira Kurosawa,1980,180,0,8.5
6959,2020-02-29 10:00:00,A Clockwork Orange,Crime,Stanley Kubrick,1971,136,12,8.0
6960,2020-02-28 15:00:00,La vita è bella,Comedy,Roberto Benigni,1997,116,0,8.0
6961,2020-02-28 12:30:00,Groundhog Day,Comedy,Harold Ramis,1993,101,0,7.5
6962,2020-02-28 10:00:00,Bonnie and Clyde,Action,Arthur Penn,1967,111,12,7.0
6963,2020-02-27 10:30:00,Batoru rowaiaru,Action,Kinji Fukasaku,2000,114,12,6.5
6964,2020-02-26 16:00:00,Les quatre cents coups,Crime,François Truffaut,1959,99,12,7.0
6965,2020-02-26 13:00:00,The Lion in Winter,Biography,Anthony Harvey,1968,134,6,7.5
6966,2020-02-26 10:30:00,La vita è bella,Comedy,Roberto Benigni,1997,116,0,7.5
6967,2020-02-25 14:30:00,Il conformista,Drama,Bernardo Bertolucci,1970,113,12,8.5
6968,2020-02-25 10:30:00,Braveheart,Biography,Mel Gibson,1995,178,12,7.5
6969,2020-02-24 10:00:00,Manbiki kazoku,Crime,Hirokazu Koreeda,2018,121,12,7.5
6970,2020-02-23 16:30:00,Il conformista,Drama,Bernardo Bertolucci,1970,113,12,7.5
6971,2020-02-23 12:30:00,Braveheart,Biography,Mel Gibson,1995,178,12,7.5
6972,2020-02-23 10:00:00,La vita è bella,Comedy,Roberto Benigni,1997,116,0,7.5
6973,2020-02-22 17:00:00,L.A. Confidential,Crime,Curtis Hanson,1997,138,12,6.5
6974,2020-02-22 13:00:00,Braveheart,Biography,Mel Gibson,1995,178,12,8.0
6975,2020-02-22 10:00:00,White Heat,Action,Raoul Walsh,1949,114,12,8.0
6976,2020-02-21 15:30:00,Les quatre cents coups,Crime,François Truffaut,1959,99,12,7.5
6977,2020-02-21 13:00:00,Groundhog Day,Comedy,Harold Ramis,1993,101,0,6.5
6978,2020-02-21 10:00:00,A Bronx Tale,Crime,Robert De Niro,1993,121,16,6.5
6979,2020-02-20 12:30:00,Lost Highway,Mystery,David Lynch,1997,134,12,6.5
6980,2020-02-20 10:00:00,Kurenai no buta,Animation,Hayao Miyazaki,1992,94,0,7.0
6981,2020-02-19 10:30:00,The Godfather: Part II,Crime,Francis Ford Coppola,1974,202,12,8.0
6982,2020-02-18 13:00:00,Les quatre cents coups,Crime,François Truffaut,1959,99,12,8.0
6983,2020-02-18 10:00:00,Il conformista,Drama,Bernardo Bertolucci,1970,113,12,7.5
6984,2020-02-17 16:00:00,"Planes, Trains & Automobiles",Comedy,John Hughes,1987,93,0,7.0
6985,2020-02-17 13:00:00,A Bronx Tale,Crime,Robert De Niro,1993,121,16,8.0
6986,2020-02-17 10:30:00,Sweet Smell of Success,Drama,Alexander Mackendrick,1957,96,12,7.5
6987,2020-02-16 16:30:00,Kurenai no buta,Animation,Hayao Miyazaki,1992,94,0,7.0
6988,2020-02-16 13:30:00,A Clockwork Orange,Crime,Stanley Kubrick,1971,136,12,8.5
6989,2020-02-16 10:30:00,Lost Highway,Mystery,David Lynch,1997,134,12,7.0
6990,2020-02-15 18:00:00,Lost Highway,Mystery,David Lynch,1997,134,12,9.0
6991,2020-02-15 14:30:00,La dolce vita,Comedy,Federico Fellini,1960,174,12,8.5
6992,2020-02-15 10:00:00,The Godfather: Part II,Crime,Francis Ford Coppola,1974,202,12,7.0
6993,2020-02-14 13:30:00,The Matrix,Action,Lana Wachowski,1999,136,12,7.5
6994,2020-02-14 10:00:00,Once Upon a Time... in Hollywood,Comedy,Quentin Tarantino,2019,161,12,6.5
6995,2020-02-13 10:30:00,Il conformista,Drama,Bernardo Bertolucci,1970,113,12,6.5
6996,2020-02-12 15:30:00,Bonnie and Clyde,Action,Arthur Penn,1967,111,12,8.5
6997,2020-02-12 13:00:00,The Adventures of Robin Hood,Action,Michael Curtiz,1938,102,6,8.5
6998,2020-02-12 10:30:00,Badlands,Action,Terrence Malick,1973,94,6,8.0
6999,2020-02-11 14:00:00,The Little Mermaid,Animation,Ron Clements,1989,83,0,6.5
7000,2020-02-11 10:30:00,Once Upon a Time... in Hollywood,Comedy,Quentin Tarantino,2019,161,12,7.0
7001,2020-02-10 15:30:00,Lawrence of Arabia,Adventure,David Lean,1962,228,0,7.5
7002,2020-02-10 13:00:00,Bringing Up Baby,Comedy,Howard Hawks,1938,102,12,7.0
7003,2020-02-10 10:00:00,The Game,Action,David Fincher,1997,129,12,7.5
7004,2020-02-09 17:30:00,Kurenai no buta,Animation,Hayao Miyazaki,1992,94,0,8.5
7005,2020-02-09 13:00:00,Lawrence of Arabia,Adventure,David Lean,1962,228,0,7.0
7006,2020-02-09 10:30:00,"Lock, Stock and Two Smoking Barrels",Action,Guy Ritchie,1998,107,12,7.0
7007,2020-02-08 17:00:00,Kurenai no buta,Animation,Hayao Miyazaki,1992,94,0,8.5
7008,2020-02-08 13:30:00,Once Upon a Time... in Hollywood,Comedy,Quentin Tarantino,2019,161,12,6.5
7009,2020-02-08 10:30:00,The Matrix,Action,Lana Wachowski,1999,136,12,6.5
7010,2020-02-07 16:00:00,Frankenstein,Drama,James Whale,1931,70,12,8.0
7011,2020-02-07 13:30:00,Cat on a Hot Tin Roof,Drama,Richard Brooks,1958,108,12,8.0
7012,2020-02-07 10:30:00,A Clockwork Orange,Crime,Stanley Kubrick,1971,136,12,7.0
7013,2020-02-06 13:00:00,Bonnie and Clyde,Action,Arthur Penn,1967,111,12,8.0
7014,2020-02-06 10:00:00,Green Book,Biography,Peter Farrelly,2018,130,12,7.5
7015,2020-02-05 13:30:00,A Clockwork Orange,Crime,Stanley Kubrick,1971,136,12,7.5
7016,2020-02-05 10:00:00,La dolce vita,Comedy,Federico Fellini,1960,174,12,8.0
7017,2020-02-04 10:00:00,"Lock, Stock and Two Smoking Barrels",Action,Guy Ritchie,1998,107,12,7.0
7018,2020-02-03 17:30:00,The Matrix,Action,Lana Wachowski,1999,136,12,6.5
7019,2020-02-03 13:00:00,Lawrence of Arabia,Adventure,David Lean,1962,228,0,8.0
7020,2020-02-03 10:30:00,"Lock, Stock and Two Smoking Barrels",Action,Guy Ritchie,1998,107,12,8.5
7021,2020-02-02 19:30:00,Il conformista,Drama,Bernardo Bertolucci,1970,113,12,9.5
7022,2020-02-02 15:00:00,Lawrence of Arabia,Adventure,David Lean,1962,228,0,7.0
7023,2020-02-02 12:30:00,Kurenai no buta,Animation,Hayao Miyazaki,1992,94,0,7.0
7024,2020-02-02 10:00:00,Bringing Up Baby,Comedy,Howard Hawks,1938,102,12,8.5
7025,2020-02-01 15:00:00,The Matrix,Action,Lana Wachowski,1999,136,12,6.5
7026,2020-02-01 12:30:00,Bonnie and Clyde,Action,Arthur Penn,1967,111,12,8.0
7027,2020-02-01 10:00:00,"Lock, Stock and Two Smoking Barrels",Action,Guy Ritchie,1998,107,12,7.5
7028,2020-01-31 13:00:00,Bonnie and Clyde,Action,Arthur Penn,1967,111,12,7.5
7029,2020-01-31 10:00:00,Dom za vesanje,Comedy,Emir Kusturica,1988,142,16,6.5
7030,2020-01-30 14:30:00,Les quatre cents coups,Crime,François Truffaut,1959,99,12,7.5
7031,2020-01-30 12:00:00,Cat on a Hot Tin Roof,Drama,Richard Brooks,1958,108,12,8.0
7032,2020-01-30 10:00:00,Frankenstein,Drama,James Whale,1931,70,12,8.0
7033,2020-01-29 15:00:00,Ford v Ferrari,Action,James Mangold,2019,152,12,7.5
7034,2020-01-29 12:00:00,The Matrix,Action,Lana Wachowski,1999,136,12,6.5
7035,2020-01-29 10:00:00,Vivre sa vie: Film en douze tableaux,Drama,Jean-Luc Godard,1962,80,12,7.0
7036,2020-01-28 15:00:00,Green Book,Biography,Peter Farrelly,2018,130,12,6.5
7037,2020-01-28 13:00:00,Frankenstein,Drama,James Whale,1931,70,12,7.5
7038,2020-01-28 10:00:00,The Matrix,Action,Lana Wachowski,1999,136,12,8.0
7039,2020-01-27 10:00:00,The Little Mermaid,Animation,Ron Clements,1989,83,0,6.5
7040,2020-01-26 16:30:00,Ford v Ferrari,Action,James Mangold,2019,152,12,8.0
7041,2020-01-26 13:00:00,Ran,Action,Akira Kurosawa,1985,162,0,7.0
7042,2020-01-26 10:00:00,The Matrix,Action,Lana Wachowski,1999,136,12,8.0
7043,2020-01-25 16:00:00,The Matrix,Action,Lana Wachowski,1999,136,12,7.0
7044,2020-01-25 13:30:00,Kurenai no buta,Animation,Hayao Miyazaki,1992,94,0,8.5
7045,2020-01-25 10:00:00,Dom za vesanje,Comedy,Emir Kusturica,1988,142,16,7.0
7046,2020-01-24 10:00:00,Bonnie and Clyde,Action,Arthur Penn,1967,111,12,8.0
7047,2020-01-23 18:30:00,Bonnie and Clyde,Action,Arthur Penn,1967,111,12,9.0
7048,2020-01-23 14:00:00,Lawrence of Arabia,Adventure,David Lean,1962,228,0,8.5
7049,2020-01-23 10:00:00,Casino,Crime,Martin Scorsese,1995,178,12,8.5
7050,2020-01-22 10:00:00,Mad Max 2,Action,George Miller,1981,96,12,8.5
7051,2020-01-21 14:30:00,The Little Mermaid,Animation,Ron Clements,1989,83,0,7.5
7052,2020-01-21 12:30:00,The Little Mermaid,Animation,Ron Clements,1989,83,0,6.5
7053,2020-01-21 10:00:00,"Lock, Stock and Two Smoking Barrels",Action,Guy Ritchie,1998,107,12,6.5
7054,2020-01-20 10:00:00,A Few Good Men,Drama,Rob Reiner,1992,138,0,7.5
7055,2020-01-19 16:00:00,To Kill a Mockingbird,Crime,Robert Mulligan,1962,129,0,7.0
7056,2020-01-19 13:00:00,Green Book,Biography,Peter Farrelly,2018,130,12,8.0
7057,2020-01-19 10:00:00,Zulu,Drama,Cy Endfield,1964,138,0,8.0
7058,2020-01-18 20:00:00,The Matrix,Action,Lana Wachowski,1999,136,12,8.5
7059,2020-01-18 16:30:00,Ford v Ferrari,Action,James Mangold,2019,152,12,6.5
7060,2020-01-18 13:30:00,The Matrix,Action,Lana Wachowski,1999,136,12,6.5
7061,2020-01-18 10:30:00,Mary Poppins,Comedy,Robert Stevenson,1964,139,0,6.5
7062,2020-01-17 10:00:00,Secrets & Lies,Comedy,Mike Leigh,1996,136,0,8.5
7063,2020-01-16 10:00:00,Avengers: Infinity War,Action,Anthony Russo,2018,149,12,8.5
7064,2020-01-15 17:00:00,The Longest Day,Action,Ken Annakin,1962,178,0,8.5
7065,2020-01-15 14:00:00,Bonnie and Clyde,Action,Arthur Penn,1967,111,12,8.5
7066,2020-01-15 10:00:00,The Longest Day,Action,Ken Annakin,1962,178,0,6.5
7067,2020-01-14 13:00:00,Home Alone,Comedy,Chris Columbus,1990,103,0,8.0
7068,2020-01-14 10:30:00,Mad Max 2,Action,George Miller,1981,96,12,7.0
7069,2020-01-13 17:00:00,Secrets & Lies,Comedy,Mike Leigh,1996,136,0,8.5
7070,2020-01-13 14:30:00,"Lock, Stock and Two Smoking Barrels",Action,Guy Ritchie,1998,107,12,8.0
7071,2020-01-13 10:30:00,The Longest Day,Action,Ken Annakin,1962,178,0,6.5
7072,2020-01-12 17:30:00,The Nightmare Before Christmas,Animation,Henry Selick,1993,76,0,8.0
7073,2020-01-12 14:00:00,Ford v Ferrari,Action,James Mangold,2019,152,12,8.5
7074,2020-01-12 10:30:00,Ran,Action,Akira Kurosawa,1985,162,0,7.5
7075,2020-01-11 19:30:00,Mary Poppins,Comedy,Robert Stevenson,1964,139,0,9.5
7076,2020-01-11 16:30:00,October Sky,Biography,Joe Johnston,1999,108,6,6.5
7077,2020-01-11 14:00:00,Mad Max 2,Action,George Miller,1981,96,12,6.5
7078,2020-01-11 10:30:00,Zulu,Drama,Cy Endfield,1964,138,0,8.0
7079,2020-01-10 14:00:00,Bringing Up Baby,Comedy,Howard Hawks,1938,102,12,7.5
7080,2020-01-10 10:00:00,Casino,Crime,Martin Scorsese,1995,178,12,8.5
7081,2020-01-09 16:30:00,Casino,Crime,Martin Scorsese,1995,178,12,7.5
7082,2020-01-09 14:00:00,Mad Max 2,Action,George Miller,1981,96,12,6.5
7083,2020-01-09 10:30:00,Ford v Ferrari,Action,James Mangold,2019,152,12,7.0
7084,2020-01-08 12:30:00,Cat on a Hot Tin Roof,Drama,Richard Brooks,1958,108,12,6.5
7085,2020-01-08 10:30:00,Frankenstein,Drama,James Whale,1931,70,12,8.5
7086,2020-01-07 16:30:00,To Kill a Mockingbird,Crime,Robert Mulligan,1962,129,0,7.0
7087,2020-01-07 13:30:00,A Few Good Men,Drama,Rob Reiner,1992,138,0,8.0
7088,2020-01-07 10:30:00,Avengers: Infinity War,Action,Anthony Russo,2018,149,12,7.5
7089,2020-01-06 13:00:00,Avengers: Infinity War,Action,Anthony Russo,2018,149,12,8.0
7090,2020-01-06 10:30:00,Home Alone,Comedy,Chris Columbus,1990,103,0,8.0
7091,2020-01-05 20:00:00,Bringing Up Baby,Comedy,Howard Hawks,1938,102,12,10.0
7092,2020-01-05 17:00:00,Withnail & I,Comedy,Bruce Robinson,1987,107,16,8.5
7093,2020-01-05 13:30:00,Ran,Action,Akira Kurosawa,1985,162,0,7.5
7094,2020-01-05 10:00:00,Ran,Action,Akira Kurosawa,1985,162,0,8.5
7095,2020-01-04 16:00:00,Lola rennt,Crime,Tom Tykwer,1998,81,12,6.5
7096,2020-01-04 13:30:00,Lola rennt,Crime,Tom Tykwer,1998,81,12,8.5
7097,2020-01-04 10:30:00,The Outlaw Josey Wales,Western,Clint Eastwood,1976,135,12,8.0
7098,2020-01-03 10:30:00,Ran,Action,Akira Kurosawa,1985,162,0,7.5
7099,2020-01-02 13:00:00,American History X,Drama,Tony Kaye,1998,119,16,8.0
7100,2020-01-02 10:30:00,Gattaca,Drama,Andrew Niccol,1997,106,12,7.0
7101,2020-01-01 13:30:00,To Kill a Mockingbird,Crime,Robert Mulligan,1962,129,0,6.5
7102,2020-01-01 10:00:00,Zulu,Drama,Cy Endfield,1964,138,0,7.0
7103,2019-12-31 14:00:00,Lola rennt,Crime,Tom Tykwer,1998,81,12,6.5
7104,2019-12-31 10:00:00,The Longest Day,Action,Ken Annakin,1962,178,0,8.5
7105,2019-12-30 17:00:00,Bonnie and Clyde,Action,Arthur Penn,1967,111,12,6.5
7106,2019-12-30 13:30:00,Ran,Action,Akira Kurosawa,1985,162,0,8.5
7107,2019-12-30 10:30:00,A Few Good Men,Drama,Rob Reiner,1992,138,0,6.5
7108,2019-12-29 19:30:00,To Kill a Mockingbird,Crime,Robert Mulligan,1962,129,0,9.5
7109,2019-12-29 16:00:00,Ran,Action,Akira Kurosawa,1985,162,0,6.5
7110,2019-12-29 13:00:00,Zulu,Drama,Cy Endfield,1964,138,0,7.0
7111,2019-12-29 10:00:00,Tombstone,Action,George P. Cosmatos,1993,130,16,8.5
7112,2019-12-28 19:00:00,Bonnie and Clyde,Action,Arthur Penn,1967,111,12,9.5
7113,2019-12-28 16:00:00,A Few Good Men,Drama,Rob Reiner,1992,138,0,8.0
7114,2019-12-28 13:30:00,A Night at the Opera,Comedy,Sam Wood,1935,96,12,8.0
7115,2019-12-28 10:30:00,Tombstone,Action,George P. Cosmatos,1993,130,16,7.5
7116,2019-12-27 12:30:00,To Kill a Mockingbird,Crime,Robert Mulligan,1962,129,0,8.0
7117,2019-12-27 10:00:00,Gattaca,Drama,Andrew Niccol,1997,106,12,8.5
7118,2019-12-26 13:30:00,Tombstone,Action,George P. Cosmatos,1993,130,16,6.5
7119,2019-12-26 10:00:00,Dom za vesanje,Comedy,Emir Kusturica,1988,142,16,7.5
7120,2019-12-25 10:00:00,Green Book,Biography,Peter Farrelly,2018,130,12,7.0
7121,2019-12-24 15:00:00,The Sixth Sense,Drama,M. Night Shyamalan,1999,107,12,8.0
7122,2019-12-24 13:00:00,Lola rennt,Crime,Tom Tykwer,1998,81,12,8.0
7123,2019-12-24 10:00:00,Green Book,Biography,Peter Farrelly,2018,130,12,7.5
7124,2019-12-23 10:30:00,The Longest Day,Action,Ken Annakin,1962,178,0,8.0
7125,2019-12-22 20:30:00,Green Book,Biography,Peter Farrelly,2018,130,12,9.5
7126,2019-12-22 17:30:00,Tombstone,Action,George P. Cosmatos,1993,130,16,7.0
7127,2019-12-22 14:00:00,Secrets & Lies,Comedy,Mike Leigh,1996,136,0,7.0
7128,2019-12-22 10:30:00,Secrets & Lies,Comedy,Mike Leigh,1996,136,0,7.5
7129,2019-12-21 20:30:00,Home Alone,Comedy,Chris Columbus,1990,103,0,9.5
7130,2019-12-21 16:30:00,Casino,Crime,Martin Scorsese,1995,178,12,8.5
7131,2019-12-21 12:30:00,Casino,Crime,Martin Scorsese,1995,178,12,8.5
7132,2019-12-21 10:00:00,Bringing Up Baby,Comedy,Howard Hawks,1938,102,12,8.5
7133,2019-12-20 10:00:00,The Longest Day,Action,Ken Annakin,1962,178,0,7.5
7134,2019-12-19 13:00:00,The Princess Bride,Adventure,Rob Reiner,1987,98,0,7.5
7135,2019-12-19 10:00:00,Tombstone,Action,George P. Cosmatos,1993,130,16,7.0
7136,2019-12-18 13:30:00,Mad Max 2,Action,George Miller,1981,96,12,7.0
7137,2019-12-18 10:30:00,Green Book,Biography,Peter Farrelly,2018,130,12,7.5
7138,2019-12-17 13:30:00,Secrets & Lies,Comedy,Mike Leigh,1996,136,0,8.5
7139,2019-12-17 10:30:00,The Magnificent Seven,Action,John Sturges,1960,128,12,7.5
7140,2019-12-16 16:00:00,Breaking the Waves,Drama,Lars von Trier,1996,159,16,7.5
7141,2019-12-16 13:00:00,American History X,Drama,Tony Kaye,1998,119,16,7.0
7142,2019-12-16 10:00:00,A Few Good Men,Drama,Rob Reiner,1992,138,0,8.5
7143,2019-12-15 16:30:00,The Longest Day,Action,Ken Annakin,1962,178,0,8.0
7144,2019-12-15 13:00:00,Avengers: Infinity War,Action,Anthony Russo,2018,149,12,6.5
7145,2019-12-15 10:00:00,American History X,Drama,Tony Kaye,1998,119,16,7.0
7146,2019-12-14 19:30:00,Zulu,Drama,Cy Endfield,1964,138,0,9.0
7147,2019-12-14 16:30:00,Secrets & Lies,Comedy,Mike Leigh,1996,136,0,6.5
7148,2019-12-14 13:00:00,Avengers: Infinity War,Action,Anthony Russo,2018,149,12,8.5
7149,2019-12-14 10:00:00,Fear and Loathing in Las Vegas,Adventure,Terry Gilliam,1998,118,16,6.5
7150,2019-12-13 15:30:00,The Outlaw Josey Wales,Western,Clint Eastwood,1976,135,12,6.5
7151,2019-12-13 13:30:00,The Nightmare Before Christmas,Animation,Henry Selick,1993,76,0,6.5
7152,2019-12-13 10:30:00,Fear and Loathing in Las Vegas,Adventure,Terry Gilliam,1998,118,16,7.5
7153,2019-12-12 16:30:00,Trois couleurs: Rouge,Drama,Krzysztof Kieslowski,1994,99,0,6.5
7154,2019-12-12 13:30:00,The Boondock Saints,Action,Troy Duffy,1999,108,16,8.5
7155,2019-12-12 10:30:00,The Sixth Sense,Drama,M. Night Shyamalan,1999,107,12,8.0
7156,2019-12-11 10:30:00,Home Alone,Comedy,Chris Columbus,1990,103,0,8.0
7157,2019-12-10 10:30:00,Miller's Crossing,Crime,Joel Coen,1990,115,16,6.5
7158,2019-12-09 16:30:00,Breaking the Waves,Drama,Lars von Trier,1996,159,16,8.0
7159,2019-12-09 13:00:00,Zulu,Drama,Cy Endfield,1964,138,0,7.0
7160,2019-12-09 10:00:00,Anand,Drama,Hrishikesh Mukherjee,1971,122,0,7.0
7161,2019-12-08 16:00:00,La passion de Jeanne d'Arc,Biography,Carl Theodor Dreyer,1928,110,12,8.5
7162,2019-12-08 13:00:00,Anand,Drama,Hrishikesh Mukherjee,1971,122,0,8.0
7163,2019-12-08 10:30:00,Trois couleurs: Rouge,Drama,Krzysztof Kieslowski,1994,99,0,7.0
7164,2019-12-07 18:30:00,Gattaca,Drama,Andrew Niccol,1997,106,12,9.5
7165,2019-12-07 15:30:00,The Outlaw Josey Wales,Western,Clint Eastwood,1976,135,12,8.5
7166,2019-12-07 13:30:00,The Nightmare Before Christmas,Animation,Henry Selick,1993,76,0,7.5
7167,2019-12-07 10:00:00,The Message,Biography,Moustapha Akkad,1976,177,6,7.5
7168,2019-12-06 10:30:00,Bonnie and Clyde,Action,Arthur Penn,1967,111,12,8.0
7169,2019-12-05 13:30:00,The Sixth Sense,Drama,M. Night Shyamalan,1999,107,12,7.5
7170,2019-12-05 10:30:00,American History X,Drama,Tony Kaye,1998,119,16,6.5
7171,2019-12-04 16:00:00,The Longest Day,Action,Ken Annakin,1962,178,0,8.0
7172,2019-12-04 12:30:00,Avengers: Infinity War,Action,Anthony Russo,2018,149,12,7.0
7173,2019-12-04 10:00:00,Home Alone,Comedy,Chris Columbus,1990,103,0,8.0
7174,2019-12-03 15:30:00,Gattaca,Drama,Andrew Niccol,1997,106,12,7.5
7175,2019-12-03 13:00:00,Gattaca,Drama,Andrew Niccol,1997,106,12,8.5
7176,2019-12-03 10:00:00,The Sixth Sense,Drama,M. Night Shyamalan,1999,107,12,7.0
7177,2019-12-02 10:30:00,Fight Club,Drama,David Fincher,1999,139,12,7.0
7178,2019-12-01 15:30:00,Trois couleurs: Rouge,Drama,Krzysztof Kieslowski,1994,99,0,7.0
7179,2019-12-01 13:00:00,La passion de Jeanne d'Arc,Biography,Carl Theodor Dreyer,1928,110,12,6.5
7180,2019-12-01 10:30:00,La passion de Jeanne d'Arc,Biography,Carl Theodor Dreyer,1928,110,12,6.5
7181,2019-11-30 18:00:00,Tombstone,Action,George P. Cosmatos,1993,130,16,9.0
7182,2019-11-30 15:30:00,A Night at the Opera,Comedy,Sam Wood,1935,96,12,6.5
7183,2019-11-30 13:00:00,The Ladykillers,Comedy,Alexander Mackendrick,1955,91,12,8.0
7184,2019-11-30 10:00:00,Tombstone,Action,George P. Cosmatos,1993,130,16,7.0
7185,2019-11-29 17:30:00,The Nightmare Before Christmas,Animation,Henry Selick,1993,76,0,7.5
7186,2019-11-29 14:00:00,Mary Poppins,Comedy,Robert Stevenson,1964,139,0,7.5
7187,2019-11-29 10:30:00,Breaking the Waves,Drama,Lars von Trier,1996,159,16,7.5
7188,2019-11-28 16:00:00,The Nightmare Before Christmas,Animation,Henry Selick,1993,76,0,7.5
7189,2019-11-28 13:30:00,Home Alone,Comedy,Chris Columbus,1990,103,0,7.0
7190,2019-11-28 10:30:00,Fight Club,Drama,David Fincher,1999,139,12,6.5
7191,2019-11-27 14:00:00,Mary Poppins,Comedy,Robert Stevenson,1964,139,0,7.5
7192,2019-11-27 10:30:00,Breaking the Waves,Drama,Lars von Trier,1996,159,16,7.5
7193,2019-11-26 10:00:00,Gattaca,Drama,Andrew Niccol,1997,106,12,7.5
7194,2019-11-25 16:00:00,Bonnie and Clyde,Action,Arthur Penn,1967,111,12,8.0
7195,2019-11-25 13:30:00,Sweet Smell of Success,Drama,Alexander Mackendrick,1957,96,12,6.5
7196,2019-11-25 10:00:00,Avengers: Infinity War,Action,Anthony Russo,2018,149,12,7.0
7197,2019-11-24 15:00:00,Gattaca,Drama,Andrew Niccol,1997,106,12,7.0
7198,2019-11-24 12:30:00,The Princess Bride,Adventure,Rob Reiner,1987,98,0,7.0
7199,2019-11-24 10:00:00,The Princess Bride,Adventure,Rob Reiner,1987,98,0,7.0
7200,2019-11-23 18:30:00,Ben-Hur,Adventure,William Wyler,1959,212,0,9.5
7201,2019-11-23 16:00:00,La passion de Jeanne d'Arc,Biography,Carl Theodor Dreyer,1928,110,12,7.0
7202,2019-11-23 13:00:00,The Boondock Saints,Action,Troy Duffy,1999,108,16,6.5
7203,2019-11-23 10:00:00,Mary Poppins,Comedy,Robert Stevenson,1964,139,0,6.5
7204,2019-11-22 16:00:00,The Nightmare Before Christmas,Animation,Henry Selick,1993,76,0,8.0
7205,2019-11-22 13:30:00,Kumonosu-jô,Drama,Akira Kurosawa,1957,110,12,7.5
7206,2019-11-22 10:30:00,Fight Club,Drama,David Fincher,1999,139,12,6.5
7207,2019-11-21 10:30:00,La passion de Jeanne d'Arc,Biography,Carl Theodor Dreyer,1928,110,12,8.0
7208,2019-11-20 13:30:00,Sweet Smell of Success,Drama,Alexander Mackendrick,1957,96,12,7.5
7209,2019-11-20 10:30:00,Fight Club,Drama,David Fincher,1999,139,12,7.5
7210,2019-11-19 10:00:00,The Thin Man,Comedy,W.S. Van Dyke,1934,91,12,7.0
7211,2019-11-18 13:00:00,Kumonosu-jô,Drama,Akira Kurosawa,1957,110,12,6.5
7212,2019-11-18 10:30:00,The Princess Bride,Adventure,Rob Reiner,1987,98,0,7.0
7213,2019-11-17 17:30:00,Naked,Comedy,Mike Leigh,1993,132,12,7.0
7214,2019-11-17 15:30:00,Batman: Mask of the Phantasm,Animation,Kevin Altieri,1993,76,6,8.5
7215,2019-11-17 13:00:00,Il conformista,Drama,Bernardo Bertolucci,1970,113,12,7.0
7216,2019-11-17 10:30:00,On the Waterfront,Crime,Elia Kazan,1954,108,12,8.0
7217,2019-11-16 16:00:00,Fight Club,Drama,David Fincher,1999,139,12,6.5
7218,2019-11-16 13:30:00,The Thin Man,Comedy,W.S. Van Dyke,1934,91,12,7.0
7219,2019-11-16 10:00:00,Breaking the Waves,Drama,Lars von Trier,1996,159,16,6.5
7220,2019-11-15 16:00:00,La passion de Jeanne d'Arc,Biography,Carl Theodor Dreyer,1928,110,12,8.5
7221,2019-11-15 12:30:00,Breaking the Waves,Drama,Lars von Trier,1996,159,16,8.0
7222,2019-11-15 10:00:00,Before Sunrise,Drama,Richard Linklater,1995,101,16,8.5
7223,2019-11-14 16:00:00,Sound of Metal,Drama,Darius Marder,2019,120,16,8.5
7224,2019-11-14 12:30:00,Avengers: Infinity War,Action,Anthony Russo,2018,149,12,8.0
7225,2019-11-14 10:00:00,City Lights,Comedy,Charles Chaplin,1931,87,0,8.0
7226,2019-11-13 13:00:00,The Princess Bride,Adventure,Rob Reiner,1987,98,0,6.5
7227,2019-11-13 10:30:00,Butch Cassidy and the Sundance Kid,Biography,George Roy Hill,1969,110,6,7.5
7228,2019-11-12 10:30:00,Anand,Drama,Hrishikesh Mukherjee,1971,122,0,8.0
7229,2019-11-11 10:30:00,Before Sunrise,Drama,Richard Linklater,1995,101,16,6.5
7230,2019-11-10 17:00:00,A Night at the Opera,Comedy,Sam Wood,1935,96,12,6.5
7231,2019-11-10 14:30:00,La double vie de Véronique,Drama,Krzysztof Kieslowski,1991,98,16,7.5
7232,2019-11-10 10:30:00,Casino,Crime,Martin Scorsese,1995,178,12,8.0
7233,2019-11-09 19:30:00,Butch Cassidy and the Sundance Kid,Biography,George Roy Hill,1969,110,6,8.5
7234,2019-11-09 17:00:00,La double vie de Véronique,Drama,Krzysztof Kieslowski,1991,98,16,7.5
7235,2019-11-09 14:30:00,Sound of Metal,Drama,Darius Marder,2019,120,16,7.5
7236,2019-11-09 10:00:00,Ben-Hur,Adventure,William Wyler,1959,212,0,7.0
7237,2019-11-08 10:30:00,The Game,Action,David Fincher,1997,129,12,7.0
7238,2019-11-07 10:00:00,Butch Cassidy and the Sundance Kid,Biography,George Roy Hill,1969,110,6,7.5
7239,2019-11-06 13:30:00,Naked,Comedy,Mike Leigh,1993,132,12,7.5
7240,2019-11-06 10:30:00,Anand,Drama,Hrishikesh Mukherjee,1971,122,0,8.5
7241,2019-11-05 13:00:00,First Blood,Action,Ted Kotcheff,1982,93,12,8.0
7242,2019-11-05 10:00:00,On the Waterfront,Crime,Elia Kazan,1954,108,12,7.5
7243,2019-11-04 10:30:00,Chung Hing sam lam,Comedy,Kar-Wai Wong,1994,102,0,6.5
7244,2019-11-03 19:30:00,To Be or Not to Be,Comedy,Ernst Lubitsch,1942,99,12,10.0
7245,2019-11-03 17:00:00,First Blood,Action,Ted Kotcheff,1982,93,12,6.5
7246,2019-11-03 14:30:00,Sweet Smell of Success,Drama,Alexander Mackendrick,1957,96,12,8.5
7247,2019-11-03 10:00:00,Ben-Hur,Adventure,William Wyler,1959,212,0,6.5
7248,2019-11-02 20:30:00,Casino,Crime,Martin Scorsese,1995,178,12,9.5
7249,2019-11-02 17:30:00,Sound of Metal,Drama,Darius Marder,2019,120,16,6.5
7250,2019-11-02 13:00:00,Ben-Hur,Adventure,William Wyler,1959,212,0,8.5
7251,2019-11-02 10:30:00,Before Sunrise,Drama,Richard Linklater,1995,101,16,8.5
7252,2019-11-01 10:00:00,Before Sunrise,Drama,Richard Linklater,1995,101,16,8.5
7253,2019-10-31 16:00:00,Bound by Honor,Crime,Taylor Hackford,1993,180,16,6.5
7254,2019-10-31 13:30:00,La double vie de Véronique,Drama,Krzysztof Kieslowski,1991,98,16,8.0
7255,2019-10-31 10:30:00,Il conformista,Drama,Bernardo Bertolucci,1970,113,12,7.5
7256,2019-10-30 16:00:00,Manbiki kazoku,Crime,Hirokazu Koreeda,2018,121,12,6.5
7257,2019-10-30 13:00:00,Naked,Comedy,Mike Leigh,1993,132,12,7.0
7258,2019-10-30 10:00:00,Sound of Metal,Drama,Darius Marder,2019,120,16,6.5
7259,2019-10-29 10:00:00,Chung Hing sam lam,Comedy,Kar-Wai Wong,1994,102,0,7.5
7260,2019-10-28 13:30:00,The Thin Man,Comedy,W.S. Van Dyke,1934,91,12,7.0
7261,2019-10-28 10:30:00,Naked,Comedy,Mike Leigh,1993,132,12,7.0
7262,2019-10-27 15:30:00,Magnolia,Drama,Paul Thomas Anderson,1999,188,16,8.5
7263,2019-10-27 12:30:00,Eskiya,Crime,Yavuz Turgul,1996,128,12,7.0
7264,2019-10-27 10:00:00,La double vie de Véronique,Drama,Krzysztof Kieslowski,1991,98,16,7.5
7265,2019-10-26 22:00:00,The Thin Man,Comedy,W.S. Van Dyke,1934,91,12,9.0
7266,2019-10-26 17:30:00,Ben-Hur,Adventure,William Wyler,1959,212,0,7.5
7267,2019-10-26 14:30:00,Eskiya,Crime,Yavuz Turgul,1996,128,12,8.0
7268,2019-10-26 10:30:00,Casino,Crime,Martin Scorsese,1995,178,12,8.5
7269,2019-10-25 10:00:00,Ben-Hur,Adventure,William Wyler,1959,212,0,8.0
7270,2019-10-24 10:00:00,Bound by Honor,Crime,Taylor Hackford,1993,180,16,7.0
7271,2019-10-23 13:00:00,Casino,Crime,Martin Scorsese,1995,178,12,7.0
7272,2019-10-23 10:30:00,Il conformista,Drama,Bernardo Bertolucci,1970,113,12,6.5
7273,2019-10-22 12:30:00,First Blood,Action,Ted Kotcheff,1982,93,12,8.0
7274,2019-10-22 10:00:00,First Blood,Action,Ted Kotcheff,1982,93,12,7.0
7275,2019-10-21 13:00:00,Inherit the Wind,Biography,Stanley Kramer,1960,128,12,6.5
7276,2019-10-21 10:30:00,Before Sunrise,Drama,Richard Linklater,1995,101,16,7.0
7277,2019-10-20 18:30:00,Ben-Hur,Adventure,William Wyler,1959,212,0,8.5
7278,2019-10-20 15:30:00,The Game,Action,David Fincher,1997,129,12,7.5
7279,2019-10-20 13:00:00,The Thin Man,Comedy,W.S. Van Dyke,1934,91,12,7.5
7280,2019-10-20 10:00:00,Eskiya,Crime,Yavuz Turgul,1996,128,12,6.5
7281,2019-10-19 18:30:00,The Thin Man,Comedy,W.S. Van Dyke,1934,91,12,9.0
7282,2019-10-19 15:30:00,Eskiya,Crime,Yavuz Turgul,1996,128,12,8.0
7283,2019-10-19 13:00:00,Before Sunrise,Drama,Richard Linklater,1995,101,16,8.0
7284,2019-10-19 10:00:00,Naked,Comedy,Mike Leigh,1993,132,12,7.5
7285,2019-10-18 10:00:00,Il conformista,Drama,Bernardo Bertolucci,1970,113,12,7.0
7286,2019-10-17 14:00:00,La planète sauvage,Animation,René Laloux,1973,72,0,8.5
7287,2019-10-17 10:00:00,Bound by Honor,Crime,Taylor Hackford,1993,180,16,6.5
7288,2019-10-16 13:00:00,Ben-Hur,Adventure,William Wyler,1959,212,0,7.5
7289,2019-10-16 10:30:00,Il conformista,Drama,Bernardo Bertolucci,1970,113,12,7.5
7290,2019-10-15 15:30:00,Casino,Crime,Martin Scorsese,1995,178,12,8.0
7291,2019-10-15 12:30:00,The Manchurian Candidate,Drama,John Frankenheimer,1962,126,12,8.5
7292,2019-10-15 10:30:00,La planète sauvage,Animation,René Laloux,1973,72,0,7.0
7293,2019-10-14 14:00:00,Casino,Crime,Martin Scorsese,1995,178,12,6.5
7294,2019-10-14 10:00:00,Magnolia,Drama,Paul Thomas Anderson,1999,188,16,8.0
7295,2019-10-13 16:00:00,La planète sauvage,Animation,René Laloux,1973,72,0,7.5
7296,2019-10-13 13:30:00,First Blood,Action,Ted Kotcheff,1982,93,12,6.5
7297,2019-10-13 10:30:00,The Manchurian Candidate,Drama,John Frankenheimer,1962,126,12,7.5
7298,2019-10-12 17:00:00,The Fifth Element,Action,Luc Besson,1997,126,12,7.5
7299,2019-10-12 15:00:00,The Circus,Comedy,Charles Chaplin,1928,72,12,8.5
7300,2019-10-12 12:30:00,First Blood,Action,Ted Kotcheff,1982,93,12,6.5
7301,2019-10-12 10:00:00,The Ladykillers,Comedy,Alexander Mackendrick,1955,91,12,8.0
7302,2019-10-11 15:30:00,First Blood,Action,Ted Kotcheff,1982,93,12,7.0
7303,2019-10-11 13:00:00,First Blood,Action,Ted Kotcheff,1982,93,12,6.5
7304,2019-10-11 10:30:00,The Ladykillers,Comedy,Alexander Mackendrick,1955,91,12,6.5
7305,2019-10-10 13:30:00,Clerks,Comedy,Kevin Smith,1994,92,16,8.5
7306,2019-10-10 10:30:00,Inherit the Wind,Biography,Stanley Kramer,1960,128,12,6.5
7307,2019-10-09 15:00:00,On the Waterfront,Crime,Elia Kazan,1954,108,12,8.0
7308,2019-10-09 10:30:00,Ben-Hur,Adventure,William Wyler,1959,212,0,8.0
7309,2019-10-08 15:30:00,Casino,Crime,Martin Scorsese,1995,178,12,6.5
7310,2019-10-08 13:00:00,La double vie de Véronique,Drama,Krzysztof Kieslowski,1991,98,16,7.5
7311,2019-10-08 10:30:00,La double vie de Véronique,Drama,Krzysztof Kieslowski,1991,98,16,8.0
7312,2019-10-07 10:00:00,Donnie Brasco,Biography,Mike Newell,1997,127,12,8.0
7313,2019-10-06 14:30:00,Magnolia,Drama,Paul Thomas Anderson,1999,188,16,6.5
7314,2019-10-06 12:30:00,The Circus,Comedy,Charles Chaplin,1928,72,12,8.5
7315,2019-10-06 10:30:00,La planète sauvage,Animation,René Laloux,1973,72,0,7.0
7316,2019-10-05 16:30:00,Clerks,Comedy,Kevin Smith,1994,92,16,7.0
7317,2019-10-05 12:30:00,Magnolia,Drama,Paul Thomas Anderson,1999,188,16,7.0
7318,2019-10-05 10:30:00,La planète sauvage,Animation,René Laloux,1973,72,0,6.5
7319,2019-10-04 10:00:00,Stalker,Drama,Andrei Tarkovsky,1979,162,0,7.0
7320,2019-10-03 10:00:00,Stalker,Drama,Andrei Tarkovsky,1979,162,0,6.5
7321,2019-10-02 13:00:00,Clerks,Comedy,Kevin Smith,1994,92,16,8.5
7322,2019-10-02 10:30:00,Reservoir Dogs,Crime,Quentin Tarantino,1992,99,16,7.0
7323,2019-10-01 14:00:00,The Manchurian Candidate,Drama,John Frankenheimer,1962,126,12,6.5
7324,2019-10-01 10:30:00,2001: A Space Odyssey,Adventure,Stanley Kubrick,1968,149,0,7.5
7325,2019-09-30 10:00:00,2001: A Space Odyssey,Adventure,Stanley Kubrick,1968,149,0,6.5
7326,2019-09-29 16:30:00,Gone with the Wind,Drama,Victor Fleming,1939,238,0,6.5
7327,2019-09-29 13:30:00,La Strada,Drama,Federico Fellini,1954,108,12,7.0
7328,2019-09-29 10:00:00,2001: A Space Odyssey,Adventure,Stanley Kubrick,1968,149,0,6.5
7329,2019-09-28 18:30:00,Lethal Weapon,Action,Richard Donner,1987,109,12,8.5
7330,2019-09-28 15:30:00,The Manchurian Candidate,Drama,John Frankenheimer,1962,126,12,8.5
7331,2019-09-28 13:00:00,Loving Vincent,Animation,Dorota Kobiela,2017,94,12,6.5
7332,2019-09-28 10:00:00,The Manchurian Candidate,Drama,John Frankenheimer,1962,126,12,7.0
7333,2019-09-27 13:30:00,Dead Poets Society,Comedy,Peter Weir,1989,128,0,8.5
7334,2019-09-27 10:30:00,The Manchurian Candidate,Drama,John Frankenheimer,1962,126,12,8.5
7335,2019-09-26 10:00:00,Donnie Brasco,Biography,Mike Newell,1997,127,12,8.5
7336,2019-09-25 10:00:00,Unforgiven,Drama,Clint Eastwood,1992,130,12,8.0
7337,2019-09-24 10:00:00,Unforgiven,Drama,Clint Eastwood,1992,130,12,8.5
7338,2019-09-23 16:00:00,Only the Brave,Action,Joseph Kosinski,2017,134,12,7.0
7339,2019-09-23 13:00:00,Lethal Weapon,Action,Richard Donner,1987,109,12,8.0
7340,2019-09-23 10:00:00,Only the Brave,Action,Joseph Kosinski,2017,134,12,8.0
7341,2019-09-22 16:00:00,Gone with the Wind,Drama,Victor Fleming,1939,238,0,6.5
7342,2019-09-22 13:30:00,Lethal Weapon,Action,Richard Donner,1987,109,12,7.5
7343,2019-09-22 10:30:00,Dead Poets Society,Comedy,Peter Weir,1989,128,0,7.0
7344,2019-09-21 16:30:00,Le notti di Cabiria,Drama,Federico Fellini,1957,110,12,8.5
7345,2019-09-21 13:30:00,Donnie Brasco,Biography,Mike Newell,1997,127,12,8.0
7346,2019-09-21 10:30:00,Donnie Brasco,Biography,Mike Newell,1997,127,12,7.5
7347,2019-09-20 10:00:00,Unforgiven,Drama,Clint Eastwood,1992,130,12,7.5
7348,2019-09-19 15:00:00,La Strada,Drama,Federico Fellini,1954,108,12,8.0
7349,2019-09-19 13:00:00,The Circus,Comedy,Charles Chaplin,1928,72,12,8.0
7350,2019-09-19 10:00:00,Donnie Brasco,Biography,Mike Newell,1997,127,12,7.5
7351,2019-09-18 13:00:00,Watership Down,Animation,Martin Rosen,1978,91,0,7.5
7352,2019-09-18 10:30:00,Clerks,Comedy,Kevin Smith,1994,92,16,7.0
7353,2019-09-17 16:30:00,Donnie Brasco,Biography,Mike Newell,1997,127,12,6.5
7354,2019-09-17 14:30:00,The Little Mermaid,Animation,Ron Clements,1989,83,0,8.0
7355,2019-09-17 10:30:00,Magnolia,Drama,Paul Thomas Anderson,1999,188,16,7.0
7356,2019-09-16 16:00:00,Donnie Brasco,Biography,Mike Newell,1997,127,12,6.5
7357,2019-09-16 13:30:00,Le notti di Cabiria,Drama,Federico Fellini,1957,110,12,6.5
7358,2019-09-16 10:30:00,Dead Poets Society,Comedy,Peter Weir,1989,128,0,7.0
7359,2019-09-15 16:00:00,Donnie Brasco,Biography,Mike Newell,1997,127,12,8.5
7360,2019-09-15 13:30:00,Lethal Weapon,Action,Richard Donner,1987,109,12,7.0
7361,2019-09-15 10:30:00,The Remains of the Day,Drama,James Ivory,1993,134,0,6.5
7362,2019-09-14 19:00:00,Lethal Weapon,Action,Richard Donner,1987,109,12,9.5
7363,2019-09-14 16:00:00,La Strada,Drama,Federico Fellini,1954,108,12,8.0
7364,2019-09-14 13:00:00,The Exorcist,Horror,William Friedkin,1973,122,12,6.5
7365,2019-09-14 10:00:00,Dead Poets Society,Comedy,Peter Weir,1989,128,0,8.5
7366,2019-09-13 15:30:00,The Manchurian Candidate,Drama,John Frankenheimer,1962,126,12,7.5
7367,2019-09-13 13:00:00,La Strada,Drama,Federico Fellini,1954,108,12,6.5
7368,2019-09-13 10:30:00,Lethal Weapon,Action,Richard Donner,1987,109,12,7.0
7369,2019-09-12 15:30:00,Escape from Alcatraz,Action,Don Siegel,1979,112,12,7.5
7370,2019-09-12 13:00:00,La Strada,Drama,Federico Fellini,1954,108,12,7.0
7371,2019-09-12 10:00:00,Dead Poets Society,Comedy,Peter Weir,1989,128,0,8.5
7372,2019-09-11 13:00:00,God's Own Country,Drama,Francis Lee,2017,104,12,7.5
7373,2019-09-11 10:00:00,Donnie Brasco,Biography,Mike Newell,1997,127,12,8.0
7374,2019-09-10 16:00:00,On the Waterfront,Crime,Elia Kazan,1954,108,12,6.5
7375,2019-09-10 13:00:00,Unforgiven,Drama,Clint Eastwood,1992,130,12,8.0
7376,2019-09-10 10:30:00,Watership Down,Animation,Martin Rosen,1978,91,0,7.0
7377,2019-09-09 10:00:00,Lethal Weapon,Action,Richard Donner,1987,109,12,7.5
7378,2019-09-08 18:00:00,The Gold Rush,Adventure,Charles Chaplin,1925,95,12,9.5
7379,2019-09-08 15:30:00,Escape from Alcatraz,Action,Don Siegel,1979,112,12,7.0
7380,2019-09-08 10:30:00,Gone with the Wind,Drama,Victor Fleming,1939,238,0,7.5
7381,2019-09-07 18:30:00,The Manchurian Candidate,Drama,John Frankenheimer,1962,126,12,8.5
7382,2019-09-07 15:30:00,Only the Brave,Action,Joseph Kosinski,2017,134,12,7.5
7383,2019-09-07 13:00:00,Watership Down,Animation,Martin Rosen,1978,91,0,7.0
7384,2019-09-07 10:00:00,Night on Earth,Comedy,Jim Jarmusch,1991,129,16,7.0
7385,2019-09-06 16:00:00,The Gold Rush,Adventure,Charles Chaplin,1925,95,12,8.5
7386,2019-09-06 13:00:00,The Remains of the Day,Drama,James Ivory,1993,134,0,6.5
7387,2019-09-06 10:30:00,Gifted,Drama,Marc Webb,2017,101,12,6.5
7388,2019-09-05 10:00:00,God's Own Country,Drama,Francis Lee,2017,104,12,7.0
7389,2019-09-04 12:30:00,The Little Mermaid,Animation,Ron Clements,1989,83,0,6.5
7390,2019-09-04 10:00:00,Gifted,Drama,Marc Webb,2017,101,12,8.0
7391,2019-09-03 10:00:00,Donnie Brasco,Biography,Mike Newell,1997,127,12,8.0
7392,2019-09-02 10:30:00,On the Waterfront,Crime,Elia Kazan,1954,108,12,6.5
7393,2019-09-01 16:00:00,Good Will Hunting,Drama,Gus Van Sant,1997,126,0,8.5
7394,2019-09-01 13:00:00,Only the Brave,Action,Joseph Kosinski,2017,134,12,7.5
7395,2019-09-01 10:30:00,God's Own Country,Drama,Francis Lee,2017,104,12,7.0
7396,2019-08-31 16:00:00,Watership Down,Animation,Martin Rosen,1978,91,0,8.5
7397,2019-08-31 13:30:00,Dark City,Mystery,Alex Proyas,1998,100,12,6.5
7398,2019-08-31 10:30:00,Night on Earth,Comedy,Jim Jarmusch,1991,129,16,6.5
7399,2019-08-30 16:30:00,Donnie Brasco,Biography,Mike Newell,1997,127,12,7.0
7400,2019-08-30 14:30:00,The Little Mermaid,Animation,Ron Clements,1989,83,0,7.5
7401,2019-08-30 10:30:00,Heat,Crime,Michael Mann,1995,170,12,6.5
7402,2019-08-29 17:00:00,The Little Mermaid,Animation,Ron Clements,1989,83,0,8.0
7403,2019-08-29 13:30:00,Breaking the Waves,Drama,Lars von Trier,1996,159,16,8.0
7404,2019-08-29 10:30:00,1917,Drama,Sam Mendes,2019,119,16,7.0
7405,2019-08-28 13:00:00,Stalker,Drama,Andrei Tarkovsky,1979,162,0,8.0
7406,2019-08-28 10:30:00,Escape from Alcatraz,Action,Don Siegel,1979,112,12,6.5
7407,2019-08-27 16:00:00,The Exorcist,Horror,William Friedkin,1973,122,12,6.5
7408,2019-08-27 13:30:00,Escape from Alcatraz,Action,Don Siegel,1979,112,12,8.5
7409,2019-08-27 10:30:00,Donnie Brasco,Biography,Mike Newell,1997,127,12,7.0
7410,2019-08-26 13:00:00,Good Will Hunting,Drama,Gus Van Sant,1997,126,0,6.5
7411,2019-08-26 10:30:00,Gifted,Drama,Marc Webb,2017,101,12,8.0
7412,2019-08-25 19:00:00,1917,Drama,Sam Mendes,2019,119,16,9.0
7413,2019-08-25 16:00:00,Chinatown,Drama,Roman Polanski,1974,130,12,7.0
7414,2019-08-25 13:30:00,Dark City,Mystery,Alex Proyas,1998,100,12,6.5
7415,2019-08-25 10:30:00,Escape from Alcatraz,Action,Don Siegel,1979,112,12,8.0
7416,2019-08-24 16:00:00,Dead Poets Society,Comedy,Peter Weir,1989,128,0,6.5
7417,2019-08-24 13:00:00,Only the Brave,Action,Joseph Kosinski,2017,134,12,7.0
7418,2019-08-24 10:00:00,Good Will Hunting,Drama,Gus Van Sant,1997,126,0,7.5
7419,2019-08-23 10:30:00,Good Will Hunting,Drama,Gus Van Sant,1997,126,0,6.5
7420,2019-08-22 16:00:00,Night on Earth,Comedy,Jim Jarmusch,1991,129,16,8.0
7421,2019-08-22 13:30:00,1917,Drama,Sam Mendes,2019,119,16,7.5
7422,2019-08-22 10:30:00,Dead Poets Society,Comedy,Peter Weir,1989,128,0,8.5
7423,2019-08-21 10:30:00,Donnie Brasco,Biography,Mike Newell,1997,127,12,8.5
7424,2019-08-20 10:30:00,The Exorcist,Horror,William Friedkin,1973,122,12,8.5
7425,2019-08-19 13:00:00,God's Own Country,Drama,Francis Lee,2017,104,12,6.5
7426,2019-08-19 10:30:00,The Gold Rush,Adventure,Charles Chaplin,1925,95,12,8.0
7427,2019-08-18 15:30:00,On the Waterfront,Crime,Elia Kazan,1954,108,12,7.0
7428,2019-08-18 13:00:00,The Purple Rose of Cairo,Comedy,Woody Allen,1985,82,0,6.5
7429,2019-08-18 10:30:00,Watership Down,Animation,Martin Rosen,1978,91,0,7.0
7430,2019-08-17 16:00:00,Night on Earth,Comedy,Jim Jarmusch,1991,129,16,7.5
7431,2019-08-17 13:30:00,Gifted,Drama,Marc Webb,2017,101,12,7.0
7432,2019-08-17 10:30:00,Dead Poets Society,Comedy,Peter Weir,1989,128,0,8.0
7433,2019-08-16 16:00:00,Once Upon a Time in America,Crime,Sergio Leone,1984,229,12,6.5
7434,2019-08-16 13:30:00,The Little Mermaid,Animation,Ron Clements,1989,83,0,7.5
7435,2019-08-16 10:30:00,Donnie Brasco,Biography,Mike Newell,1997,127,12,6.5
7436,2019-08-15 10:00:00,The Exorcist,Horror,William Friedkin,1973,122,12,7.0
7437,2019-08-14 10:00:00,Breaking the Waves,Drama,Lars von Trier,1996,159,16,8.5
7438,2019-08-13 15:30:00,Dark City,Mystery,Alex Proyas,1998,100,12,7.0
7439,2019-08-13 13:30:00,The Purple Rose of Cairo,Comedy,Woody Allen,1985,82,0,6.5
7440,2019-08-13 10:00:00,Heat,Crime,Michael Mann,1995,170,12,8.0
7441,2019-08-12 10:00:00,God's Own Country,Drama,Francis Lee,2017,104,12,6.5
7442,2019-08-11 18:00:00,La passion de Jeanne d'Arc,Biography,Carl Theodor Dreyer,1928,110,12,8.5
7443,2019-08-11 15:30:00,Dunkirk,Action,Christopher Nolan,2017,106,12,7.5
7444,2019-08-11 12:30:00,Rebecca,Drama,Alfred Hitchcock,1940,130,12,8.5
7445,2019-08-11 10:00:00,Gifted,Drama,Marc Webb,2017,101,12,7.0
7446,2019-08-10 20:00:00,Baahubali 2: The Conclusion,Action,S.S. Rajamouli,2017,167,12,10.0
7447,2019-08-10 16:00:00,Baahubali 2: The Conclusion,Action,S.S. Rajamouli,2017,167,12,8.5
7448,2019-08-10 13:00:00,Chinatown,Drama,Roman Polanski,1974,130,12,7.0
7449,2019-08-10 10:00:00,Chinatown,Drama,Roman Polanski,1974,130,12,8.5
7450,2019-08-09 14:30:00,The Exorcist,Horror,William Friedkin,1973,122,12,7.0
7451,2019-08-09 10:30:00,Heat,Crime,Michael Mann,1995,170,12,8.0
7452,2019-08-08 17:00:00,The Godfather: Part III,Crime,Francis Ford Coppola,1990,162,12,7.5
7453,2019-08-08 12:30:00,Once Upon a Time in America,Crime,Sergio Leone,1984,229,12,8.5
7454,2019-08-08 10:00:00,The Naked Gun: From the Files of Police Squad!,Comedy,David Zucker,1988,85,0,7.0
7455,2019-08-07 15:00:00,Goldfinger,Action,Guy Hamilton,1964,110,12,6.5
7456,2019-08-07 12:30:00,On the Waterfront,Crime,Elia Kazan,1954,108,12,8.0
7457,2019-08-07 10:00:00,Gifted,Drama,Marc Webb,2017,101,12,8.0
7458,2019-08-06 14:00:00,On the Waterfront,Crime,Elia Kazan,1954,108,12,8.5
7459,2019-08-06 10:30:00,Baahubali 2: The Conclusion,Action,S.S. Rajamouli,2017,167,12,7.5
7460,2019-08-05 15:00:00,Baahubali 2: The Conclusion,Action,S.S. Rajamouli,2017,167,12,8.0
7461,2019-08-05 10:30:00,Sholay,Action,Ramesh Sippy,1975,204,0,6.5
7462,2019-08-04 20:30:00,The Exorcist,Horror,William Friedkin,1973,122,12,9.0
7463,2019-08-04 18:00:00,La double vie de Véronique,Drama,Krzysztof Kieslowski,1991,98,16,9.0
7464,2019-08-04 15:00:00,Rebecca,Drama,Alfred Hitchcock,1940,130,12,8.5
7465,2019-08-04 10:30:00,Once Upon a Time in America,Crime,Sergio Leone,1984,229,12,8.0
7466,2019-08-03 15:30:00,Goldfinger,Action,Guy Hamilton,1964,110,12,7.5
7467,2019-08-03 13:00:00,Gifted,Drama,Marc Webb,2017,101,12,6.5
7468,2019-08-03 10:30:00,La passion de Jeanne d'Arc,Biography,Carl Theodor Dreyer,1928,110,12,8.0
7469,2019-08-02 16:00:00,Donnie Brasco,Biography,Mike Newell,1997,127,12,6.5
7470,2019-08-02 13:00:00,Nelyubov,Drama,Andrey Zvyagintsev,2017,127,16,7.0
7471,2019-08-02 10:00:00,Chinatown,Drama,Roman Polanski,1974,130,12,7.0
7472,2019-08-01 12:30:00,La passion de Jeanne d'Arc,Biography,Carl Theodor Dreyer,1928,110,12,8.0
7473,2019-08-01 10:00:00,La double vie de Véronique,Drama,Krzysztof Kieslowski,1991,98,16,7.5
7474,2019-07-31 10:30:00,Malcolm X,Biography,Spike Lee,1992,202,0,8.5
7475,2019-07-30 10:00:00,Fried Green Tomatoes,Drama,Jon Avnet,1991,130,12,8.5
7476,2019-07-29 17:30:00,The Purple Rose of Cairo,Comedy,Woody Allen,1985,82,0,7.5
7477,2019-07-29 14:30:00,Rebecca,Drama,Alfred Hitchcock,1940,130,12,7.5
7478,2019-07-29 10:00:00,Once Upon a Time in America,Crime,Sergio Leone,1984,229,12,8.0
7479,2019-07-28 19:00:00,La passion de Jeanne d'Arc,Biography,Carl Theodor Dreyer,1928,110,12,10.0
7480,2019-07-28 15:30:00,The Godfather: Part III,Crime,Francis Ford Coppola,1990,162,12,7.5
7481,2019-07-28 12:30:00,Donnie Brasco,Biography,Mike Newell,1997,127,12,8.0
7482,2019-07-28 10:00:00,Dunkirk,Action,Christopher Nolan,2017,106,12,6.5
7483,2019-07-27 16:00:00,Sabrina,Comedy,Billy Wilder,1954,113,12,6.5
7484,2019-07-27 13:00:00,Taxi Driver,Crime,Martin Scorsese,1976,114,12,7.0
7485,2019-07-27 10:30:00,The Naked Gun: From the Files of Police Squad!,Comedy,David Zucker,1988,85,0,7.5
7486,2019-07-26 17:00:00,The Godfather: Part III,Crime,Francis Ford Coppola,1990,162,12,7.0
7487,2019-07-26 12:30:00,Once Upon a Time in America,Crime,Sergio Leone,1984,229,12,7.5
7488,2019-07-26 10:00:00,Gifted,Drama,Marc Webb,2017,101,12,8.0
7489,2019-07-25 16:00:00,La double vie de Véronique,Drama,Krzysztof Kieslowski,1991,98,16,8.5
7490,2019-07-25 13:00:00,Fried Green Tomatoes,Drama,Jon Avnet,1991,130,12,8.0
7491,2019-07-25 10:00:00,Chinatown,Drama,Roman Polanski,1974,130,12,7.0
7492,2019-07-24 13:00:00,Rebecca,Drama,Alfred Hitchcock,1940,130,12,8.0
7493,2019-07-24 10:30:00,Sabrina,Comedy,Billy Wilder,1954,113,12,6.5
7494,2019-07-23 16:00:00,Rebecca,Drama,Alfred Hitchcock,1940,130,12,7.5
7495,2019-07-23 13:30:00,Sabrina,Comedy,Billy Wilder,1954,113,12,7.0
7496,2019-07-23 10:30:00,Sabrina,Comedy,Billy Wilder,1954,113,12,7.0
7497,2019-07-22 12:30:00,Fried Green Tomatoes,Drama,Jon Avnet,1991,130,12,8.0
7498,2019-07-22 10:00:00,Dunkirk,Action,Christopher Nolan,2017,106,12,6.5
7499,2019-07-21 19:30:00,The Naked Gun: From the Files of Police Squad!,Comedy,David Zucker,1988,85,0,9.0
7500,2019-07-21 17:00:00,Trois couleurs: Rouge,Drama,Krzysztof Kieslowski,1994,99,0,8.5
7501,2019-07-21 14:30:00,La passion de Jeanne d'Arc,Biography,Carl Theodor Dreyer,1928,110,12,6.5
7502,2019-07-21 10:00:00,Sholay,Action,Ramesh Sippy,1975,204,0,7.0
7503,2019-07-20 19:30:00,Once Upon a Time in America,Crime,Sergio Leone,1984,229,12,9.0
7504,2019-07-20 16:30:00,The Long Goodbye,Comedy,Robert Altman,1973,112,12,7.0
7505,2019-07-20 13:00:00,The Godfather: Part III,Crime,Francis Ford Coppola,1990,162,12,6.5
7506,2019-07-20 10:00:00,Sabrina,Comedy,Billy Wilder,1954,113,12,6.5
7507,2019-07-19 10:00:00,Nelyubov,Drama,Andrey Zvyagintsev,2017,127,16,6.5
7508,2019-07-18 10:00:00,Malcolm X,Biography,Spike Lee,1992,202,0,8.0
7509,2019-07-17 12:30:00,Malcolm X,Biography,Spike Lee,1992,202,0,6.5
7510,2019-07-17 10:00:00,Viskningar och rop,Drama,Ingmar Bergman,1972,91,12,7.0
7511,2019-07-16 10:00:00,Gifted,Drama,Marc Webb,2017,101,12,8.5
7512,2019-07-15 16:00:00,Nelyubov,Drama,Andrey Zvyagintsev,2017,127,16,7.5
7513,2019-07-15 13:30:00,Trois couleurs: Blanc,Comedy,Krzysztof Kieslowski,1994,92,0,8.5
7514,2019-07-15 10:30:00,The Quiet Man,Comedy,John Ford,1952,129,12,8.5
7515,2019-07-14 18:00:00,Sabrina,Comedy,Billy Wilder,1954,113,12,9.0
7516,2019-07-14 15:30:00,The Long Goodbye,Comedy,Robert Altman,1973,112,12,6.5
7517,2019-07-14 13:00:00,La double vie de Véronique,Drama,Krzysztof Kieslowski,1991,98,16,8.0
7518,2019-07-14 10:00:00,La passion de Jeanne d'Arc,Biography,Carl Theodor Dreyer,1928,110,12,7.5
7519,2019-07-13 20:30:00,Wind River,Crime,Taylor Sheridan,2017,107,16,10.0
7520,2019-07-13 16:00:00,Once Upon a Time in America,Crime,Sergio Leone,1984,229,12,7.0
7521,2019-07-13 13:00:00,The Long Goodbye,Comedy,Robert Altman,1973,112,12,6.5
7522,2019-07-13 10:00:00,The Long Goodbye,Comedy,Robert Altman,1973,112,12,6.5
7523,2019-07-12 10:00:00,La Strada,Drama,Federico Fellini,1954,108,12,6.5
7524,2019-07-11 18:30:00,The Dirty Dozen,Action,Robert Aldrich,1967,150,12,8.5
7525,2019-07-11 14:00:00,Sholay,Action,Ramesh Sippy,1975,204,0,8.5
7526,2019-07-11 10:00:00,Malcolm X,Biography,Spike Lee,1992,202,0,7.5
7527,2019-07-10 10:30:00,Sabrina,Comedy,Billy Wilder,1954,113,12,7.5
7528,2019-07-09 10:00:00,Malcolm X,Biography,Spike Lee,1992,202,0,7.5
7529,2019-07-08 18:00:00,The Naked Gun: From the Files of Police Squad!,Comedy,David Zucker,1988,85,0,9.5
7530,2019-07-08 15:00:00,Fried Green Tomatoes,Drama,Jon Avnet,1991,130,12,7.5
7531,2019-07-08 10:30:00,Once Upon a Time in America,Crime,Sergio Leone,1984,229,12,7.5
7532,2019-07-07 19:00:00,Singin' in the Rain,Comedy,Stanley Donen,1952,103,0,9.5
7533,2019-07-07 16:30:00,Wind River,Crime,Taylor Sheridan,2017,107,16,8.0
7534,2019-07-07 14:00:00,"Lock, Stock and Two Smoking Barrels",Action,Guy Ritchie,1998,107,12,6.5
7535,2019-07-07 10:00:00,Sholay,Action,Ramesh Sippy,1975,204,0,7.0
7536,2019-07-06 20:30:00,The Quiet Man,Comedy,John Ford,1952,129,12,10.0
7537,2019-07-06 16:00:00,Malcolm X,Biography,Spike Lee,1992,202,0,7.5
7538,2019-07-06 13:00:00,Fried Green Tomatoes,Drama,Jon Avnet,1991,130,12,6.5
7539,2019-07-06 10:30:00,Sabrina,Comedy,Billy Wilder,1954,113,12,7.5
7540,2019-07-05 13:30:00,The Dirty Dozen,Action,Robert Aldrich,1967,150,12,7.5
7541,2019-07-05 10:30:00,As Good as It Gets,Comedy,James L. Brooks,1997,139,12,8.5
7542,2019-07-04 16:30:00,The Wizard of Oz,Adventure,Victor Fleming,1939,102,0,7.0
7543,2019-07-04 14:00:00,Trois couleurs: Blanc,Comedy,Krzysztof Kieslowski,1994,92,0,7.5
7544,2019-07-04 10:00:00,Titanic,Drama,James Cameron,1997,194,12,6.5
7545,2019-07-03 15:00:00,Malcolm X,Biography,Spike Lee,1992,202,0,7.5
7546,2019-07-03 12:30:00,Trois couleurs: Blanc,Comedy,Krzysztof Kieslowski,1994,92,0,8.5
7547,2019-07-03 10:00:00,"Lock, Stock and Two Smoking Barrels",Action,Guy Ritchie,1998,107,12,6.5
7548,2019-07-02 16:00:00,The Philadelphia Story,Comedy,George Cukor,1940,112,12,8.5
7549,2019-07-02 12:30:00,The Dirty Dozen,Action,Robert Aldrich,1967,150,12,8.5
7550,2019-07-02 10:00:00,Dirty Harry,Action,Don Siegel,1971,102,12,8.0
7551,2019-07-01 10:30:00,The Philadelphia Story,Comedy,George Cukor,1940,112,12,6.5
7552,2019-06-30 18:30:00,Le samouraï,Crime,Jean-Pierre Melville,1967,105,12,9.0
7553,2019-06-30 16:00:00,The Wizard of Oz,Adventure,Victor Fleming,1939,102,0,8.5
7554,2019-06-30 13:30:00,Notorious,Drama,Alfred Hitchcock,1946,102,0,8.5
7555,2019-06-30 10:30:00,The Quiet Man,Comedy,John Ford,1952,129,12,7.5
7556,2019-06-29 22:30:00,Once Upon a Time in America,Crime,Sergio Leone,1984,229,12,10.0
7557,2019-06-29 18:00:00,Shichinin no samurai,Action,Akira Kurosawa,1954,207,0,8.5
7558,2019-06-29 13:30:00,Shichinin no samurai,Action,Akira Kurosawa,1954,207,0,7.0
7559,2019-06-29 10:30:00,The Quiet Man,Comedy,John Ford,1952,129,12,8.0
7560,2019-06-28 13:00:00,The Outlaw Josey Wales,Western,Clint Eastwood,1976,135,12,6.5
7561,2019-06-28 10:30:00,La double vie de Véronique,Drama,Krzysztof Kieslowski,1991,98,16,6.5
7562,2019-06-27 10:30:00,La Strada,Drama,Federico Fellini,1954,108,12,6.5
7563,2019-06-26 10:00:00,Once Upon a Time in America,Crime,Sergio Leone,1984,229,12,8.5
7564,2019-06-25 17:00:00,Fried Green Tomatoes,Drama,Jon Avnet,1991,130,12,7.5
7565,2019-06-25 14:30:00,Le samouraï,Crime,Jean-Pierre Melville,1967,105,12,7.0
7566,2019-06-25 10:00:00,Shichinin no samurai,Action,Akira Kurosawa,1954,207,0,8.0
7567,2019-06-24 17:00:00,Wind River,Crime,Taylor Sheridan,2017,107,16,8.5
7568,2019-06-24 14:00:00,Donnie Brasco,Biography,Mike Newell,1997,127,12,8.0
7569,2019-06-24 10:30:00,The Dirty Dozen,Action,Robert Aldrich,1967,150,12,6.5
7570,2019-06-23 19:00:00,Fried Green Tomatoes,Drama,Jon Avnet,1991,130,12,8.5
7571,2019-06-23 16:00:00,Night on Earth,Comedy,Jim Jarmusch,1991,129,16,8.5
7572,2019-06-23 13:00:00,Donnie Brasco,Biography,Mike Newell,1997,127,12,6.5
7573,2019-06-23 10:30:00,Wind River,Crime,Taylor Sheridan,2017,107,16,7.0
7574,2019-06-22 18:00:00,Shichinin no samurai,Action,Akira Kurosawa,1954,207,0,8.5
7575,2019-06-22 15:30:00,Trois couleurs: Blanc,Comedy,Krzysztof Kieslowski,1994,92,0,8.0
7576,2019-06-22 13:00:00,La Strada,Drama,Federico Fellini,1954,108,12,8.5
7577,2019-06-22 10:30:00,Le samouraï,Crime,Jean-Pierre Melville,1967,105,12,7.0
7578,2019-06-21 14:30:00,As Good as It Gets,Comedy,James L. Brooks,1997,139,12,7.5
7579,2019-06-21 10:30:00,Titanic,Drama,James Cameron,1997,194,12,8.5
7580,2019-06-20 13:00:00,Trois couleurs: Rouge,Drama,Krzysztof Kieslowski,1994,99,0,8.0
7581,2019-06-20 10:30:00,Trois couleurs: Rouge,Drama,Krzysztof Kieslowski,1994,99,0,8.0
7582,2019-06-19 13:00:00,Se7en,Crime,David Fincher,1995,127,12,7.5
7583,2019-06-19 10:30:00,Jules et Jim,Drama,François Truffaut,1962,105,12,8.0
7584,2019-06-18 16:00:00,Jules et Jim,Drama,François Truffaut,1962,105,12,7.5
7585,2019-06-18 13:00:00,Raging Bull,Biography,Martin Scorsese,1980,129,12,6.5
7586,2019-06-18 10:30:00,Young Frankenstein,Comedy,Mel Brooks,1974,106,12,8.5
7587,2019-06-17 12:30:00,As Good as It Gets,Comedy,James L. Brooks,1997,139,12,6.5
7588,2019-06-17 10:00:00,The Wizard of Oz,Adventure,Victor Fleming,1939,102,0,6.5
7589,2019-06-16 15:30:00,Jules et Jim,Drama,François Truffaut,1962,105,12,6.5
7590,2019-06-16 13:00:00,Goldfinger,Action,Guy Hamilton,1964,110,12,7.0
7591,2019-06-16 10:30:00,The Wizard of Oz,Adventure,Victor Fleming,1939,102,0,7.0
7592,2019-06-15 19:30:00,Shichinin no samurai,Action,Akira Kurosawa,1954,207,0,9.0
7593,2019-06-15 15:00:00,Shichinin no samurai,Action,Akira Kurosawa,1954,207,0,6.5
7594,2019-06-15 12:30:00,Jules et Jim,Drama,François Truffaut,1962,105,12,7.0
7595,2019-06-15 10:00:00,The Wizard of Oz,Adventure,Victor Fleming,1939,102,0,8.5
7596,2019-06-14 15:30:00,Trois couleurs: Rouge,Drama,Krzysztof Kieslowski,1994,99,0,6.5
7597,2019-06-14 13:00:00,Wind River,Crime,Taylor Sheridan,2017,107,16,8.5
7598,2019-06-14 10:30:00,Wind River,Crime,Taylor Sheridan,2017,107,16,7.5
7599,2019-06-13 13:00:00,As Good as It Gets,Comedy,James L. Brooks,1997,139,12,7.0
7600,2019-06-13 10:30:00,Viskningar och rop,Drama,Ingmar Bergman,1972,91,12,8.0
7601,2019-06-12 13:00:00,Jules et Jim,Drama,François Truffaut,1962,105,12,7.0
7602,2019-06-12 10:30:00,Young Frankenstein,Comedy,Mel Brooks,1974,106,12,6.5
7603,2019-06-11 16:00:00,Shichinin no samurai,Action,Akira Kurosawa,1954,207,0,8.0
7604,2019-06-11 13:30:00,Notorious,Drama,Alfred Hitchcock,1946,102,0,8.5
7605,2019-06-11 10:30:00,Night on Earth,Comedy,Jim Jarmusch,1991,129,16,7.0
7606,2019-06-10 14:30:00,The Last of the Mohicans,Action,Michael Mann,1992,112,12,8.0
7607,2019-06-10 10:00:00,Shichinin no samurai,Action,Akira Kurosawa,1954,207,0,7.5
7608,2019-06-09 18:30:00,Young Frankenstein,Comedy,Mel Brooks,1974,106,12,9.5
7609,2019-06-09 16:00:00,The Last of the Mohicans,Action,Michael Mann,1992,112,12,6.5
7610,2019-06-09 13:00:00,Les diaboliques,Crime,Henri-Georges Clouzot,1955,117,12,8.5
7611,2019-06-09 10:00:00,Raging Bull,Biography,Martin Scorsese,1980,129,12,6.5
7612,2019-06-08 18:30:00,The Dirty Dozen,Action,Robert Aldrich,1967,150,12,8.5
7613,2019-06-08 16:00:00,"South Park: Bigger, Longer & Uncut",Animation,Trey Parker,1999,81,12,8.5
7614,2019-06-08 13:00:00,The Blues Brothers,Action,John Landis,1980,133,0,7.5
7615,2019-06-08 10:30:00,Trois couleurs: Rouge,Drama,Krzysztof Kieslowski,1994,99,0,7.0
7616,2019-06-07 12:30:00,Dirty Harry,Action,Don Siegel,1971,102,12,8.5
7617,2019-06-07 10:00:00,Once Were Warriors,Crime,Lee Tamahori,1994,102,12,8.5
7618,2019-06-06 16:00:00,Malcolm X,Biography,Spike Lee,1992,202,0,7.0
7619,2019-06-06 13:30:00,Notorious,Drama,Alfred Hitchcock,1946,102,0,7.0
7620,2019-06-06 10:30:00,Stalag 17,Comedy,Billy Wilder,1953,120,12,8.0
7621,2019-06-05 16:30:00,Trois couleurs: Rouge,Drama,Krzysztof Kieslowski,1994,99,0,8.0
7622,2019-06-05 13:30:00,Rebel Without a Cause,Drama,Nicholas Ray,1955,111,12,7.5
7623,2019-06-05 10:30:00,The Outlaw Josey Wales,Western,Clint Eastwood,1976,135,12,7.0
7624,2019-06-04 10:00:00,Le samouraï,Crime,Jean-Pierre Melville,1967,105,12,7.5
7625,2019-06-03 10:30:00,Dirty Harry,Action,Don Siegel,1971,102,12,8.5
7626,2019-06-02 15:30:00,Titanic,Drama,James Cameron,1997,194,12,7.0
7627,2019-06-02 13:00:00,Jules et Jim,Drama,François Truffaut,1962,105,12,7.5
7628,2019-06-02 10:30:00,Notorious,Drama,Alfred Hitchcock,1946,102,0,8.5
7629,2019-06-01 16:00:00,The Outlaw Josey Wales,Western,Clint Eastwood,1976,135,12,8.0
7630,2019-06-01 13:00:00,Les diaboliques,Crime,Henri-Georges Clouzot,1955,117,12,8.5
7631,2019-06-01 10:00:00,The Outlaw Josey Wales,Western,Clint Eastwood,1976,135,12,8.5
7632,2019-05-31 10:00:00,Les yeux sans visage,Drama,Georges Franju,1960,90,12,6.5
7633,2019-05-30 10:00:00,The Wizard of Oz,Adventure,Victor Fleming,1939,102,0,7.5
7634,2019-05-29 12:30:00,Les diaboliques,Crime,Henri-Georges Clouzot,1955,117,12,8.5
7635,2019-05-29 10:00:00,The Wizard of Oz,Adventure,Victor Fleming,1939,102,0,7.0
7636,2019-05-28 15:30:00,"South Park: Bigger, Longer & Uncut",Animation,Trey Parker,1999,81,12,8.0
7637,2019-05-28 12:30:00,Raging Bull,Biography,Martin Scorsese,1980,129,12,7.5
7638,2019-05-28 10:00:00,Le samouraï,Crime,Jean-Pierre Melville,1967,105,12,6.5
7639,2019-05-27 13:30:00,Les diaboliques,Crime,Henri-Georges Clouzot,1955,117,12,6.5
7640,2019-05-27 10:30:00,Dog Day Afternoon,Biography,Sidney Lumet,1975,125,0,6.5
7641,2019-05-26 16:00:00,Goldfinger,Action,Guy Hamilton,1964,110,12,7.0
7642,2019-05-26 13:00:00,Der Name der Rose,Crime,Jean-Jacques Annaud,1986,130,16,7.0
7643,2019-05-26 10:00:00,Se7en,Crime,David Fincher,1995,127,12,7.5
7644,2019-05-25 15:30:00,Stalag 17,Comedy,Billy Wilder,1953,120,12,8.5
7645,2019-05-25 12:30:00,The Sting,Comedy,George Roy Hill,1973,129,0,8.0
7646,2019-05-25 10:00:00,"South Park: Bigger, Longer & Uncut",Animation,Trey Parker,1999,81,12,6.5
7647,2019-05-24 15:30:00,Dazed and Confused,Comedy,Richard Linklater,1993,102,0,7.0
7648,2019-05-24 12:30:00,Stalag 17,Comedy,Billy Wilder,1953,120,12,6.5
7649,2019-05-24 10:00:00,Viskningar och rop,Drama,Ingmar Bergman,1972,91,12,8.5
7650,2019-05-23 10:30:00,Malcolm X,Biography,Spike Lee,1992,202,0,8.0
7651,2019-05-22 10:30:00,Dirty Harry,Action,Don Siegel,1971,102,12,6.5
7652,2019-05-21 10:00:00,Once Were Warriors,Crime,Lee Tamahori,1994,102,12,7.0
7653,2019-05-20 13:00:00,Titanic,Drama,James Cameron,1997,194,12,8.5
7654,2019-05-20 10:00:00,Se7en,Crime,David Fincher,1995,127,12,8.5
7655,2019-05-19 17:00:00,Dog Day Afternoon,Biography,Sidney Lumet,1975,125,0,7.0
7656,2019-05-19 12:30:00,Malcolm X,Biography,Spike Lee,1992,202,0,6.5
7657,2019-05-19 10:00:00,Gifted,Drama,Marc Webb,2017,101,12,8.5
7658,2019-05-18 17:30:00,Se7en,Crime,David Fincher,1995,127,12,7.0
7659,2019-05-18 15:00:00,Blowup,Drama,Michelangelo Antonioni,1966,111,12,7.5
7660,2019-05-18 12:30:00,Harvey,Comedy,Henry Koster,1950,104,12,6.5
7661,2019-05-18 10:00:00,Jules et Jim,Drama,François Truffaut,1962,105,12,6.5
7662,2019-05-17 13:00:00,Misery,Drama,Rob Reiner,1990,107,16,7.0
7663,2019-05-17 10:30:00,Dark City,Mystery,Alex Proyas,1998,100,12,7.0
7664,2019-05-16 10:00:00,Stalag 17,Comedy,Billy Wilder,1953,120,12,6.5
7665,2019-05-15 15:30:00,Kaze no tani no Naushika,Animation,Hayao Miyazaki,1984,117,0,8.0
7666,2019-05-15 13:00:00,Viskningar och rop,Drama,Ingmar Bergman,1972,91,12,6.5
7667,2019-05-15 10:30:00,Gifted,Drama,Marc Webb,2017,101,12,7.0
7668,2019-05-14 15:30:00,The Blues Brothers,Action,John Landis,1980,133,0,7.0
7669,2019-05-14 13:00:00,Once Were Warriors,Crime,Lee Tamahori,1994,102,12,7.0
7670,2019-05-14 10:30:00,Stalag 17,Comedy,Billy Wilder,1953,120,12,7.5
7671,2019-05-13 15:00:00,Stalag 17,Comedy,Billy Wilder,1953,120,12,8.0
7672,2019-05-13 12:30:00,Dirty Harry,Action,Don Siegel,1971,102,12,7.0
7673,2019-05-13 10:00:00,Viskningar och rop,Drama,Ingmar Bergman,1972,91,12,7.0
7674,2019-05-12 21:00:00,Tengoku to jigoku,Crime,Akira Kurosawa,1963,143,12,9.5
7675,2019-05-12 16:30:00,Malcolm X,Biography,Spike Lee,1992,202,0,7.0
7676,2019-05-12 13:30:00,Dog Day Afternoon,Biography,Sidney Lumet,1975,125,0,8.5
7677,2019-05-12 10:30:00,Kaze no tani no Naushika,Animation,Hayao Miyazaki,1984,117,0,6.5
7678,2019-05-11 17:00:00,Malcolm X,Biography,Spike Lee,1992,202,0,8.0
7679,2019-05-11 14:00:00,Stalag 17,Comedy,Billy Wilder,1953,120,12,7.5
7680,2019-05-11 10:00:00,Bound by Honor,Crime,Taylor Hackford,1993,180,16,8.5
7681,2019-05-10 15:30:00,Der Name der Rose,Crime,Jean-Jacques Annaud,1986,130,16,7.0
7682,2019-05-10 12:30:00,A Few Good Men,Drama,Rob Reiner,1992,138,0,8.5
7683,2019-05-10 10:00:00,Viskningar och rop,Drama,Ingmar Bergman,1972,91,12,7.0
7684,2019-05-09 10:00:00,Only the Brave,Action,Joseph Kosinski,2017,134,12,7.5
7685,2019-05-08 15:00:00,Dazed and Confused,Comedy,Richard Linklater,1993,102,0,7.5
7686,2019-05-08 12:30:00,Ferris Bueller's Day Off,Comedy,John Hughes,1986,103,0,8.5
7687,2019-05-08 10:00:00,Once Were Warriors,Crime,Lee Tamahori,1994,102,12,7.5
7688,2019-05-07 13:30:00,Les yeux sans visage,Drama,Georges Franju,1960,90,12,7.0
7689,2019-05-07 10:30:00,Se7en,Crime,David Fincher,1995,127,12,8.0
7690,2019-05-06 12:30:00,Dazed and Confused,Comedy,Richard Linklater,1993,102,0,8.5
7691,2019-05-06 10:00:00,Dazed and Confused,Comedy,Richard Linklater,1993,102,0,8.0
7692,2019-05-05 17:30:00,Misery,Drama,Rob Reiner,1990,107,16,7.0
7693,2019-05-05 15:30:00,The Kid,Comedy,Charles Chaplin,1921,68,12,7.5
7694,2019-05-05 12:30:00,Raging Bull,Biography,Martin Scorsese,1980,129,12,7.5
7695,2019-05-05 10:00:00,Ferris Bueller's Day Off,Comedy,John Hughes,1986,103,0,7.5
7696,2019-05-04 19:30:00,Dazed and Confused,Comedy,Richard Linklater,1993,102,0,10.0
7697,2019-05-04 16:00:00,The Last Emperor,Biography,Bernardo Bertolucci,1987,163,0,8.0
7698,2019-05-04 13:00:00,The Sting,Comedy,George Roy Hill,1973,129,0,8.0
7699,2019-05-04 10:00:00,Se7en,Crime,David Fincher,1995,127,12,8.5
7700,2019-05-03 10:30:00,Viskningar och rop,Drama,Ingmar Bergman,1972,91,12,6.5
7701,2019-05-02 16:00:00,Raging Bull,Biography,Martin Scorsese,1980,129,12,8.0
7702,2019-05-02 13:00:00,Red River,Action,Howard Hawks,1948,133,12,7.0
7703,2019-05-02 10:00:00,A Few Good Men,Drama,Rob Reiner,1992,138,0,7.5
7704,2019-05-01 10:00:00,Yôjinbô,Action,Akira Kurosawa,1961,110,12,8.5
7705,2019-04-30 17:30:00,The Kid,Comedy,Charles Chaplin,1921,68,12,7.5
7706,2019-04-30 13:30:00,Bound by Honor,Crime,Taylor Hackford,1993,180,16,7.5
7707,2019-04-30 10:00:00,A Few Good Men,Drama,Rob Reiner,1992,138,0,8.0
7708,2019-04-29 10:30:00,Amadeus,Biography,Milos Forman,1984,160,16,7.0
7709,2019-04-28 17:00:00,Red River,Action,Howard Hawks,1948,133,12,7.5
7710,2019-04-28 14:00:00,The Sting,Comedy,George Roy Hill,1973,129,0,7.0
7711,2019-04-28 10:30:00,The Last Emperor,Biography,Bernardo Bertolucci,1987,163,0,7.0
7712,2019-04-27 21:00:00,Nosferatu,Fantasy,F.W. Murnau,1922,94,12,9.0
7713,2019-04-27 17:00:00,The Deer Hunter,Drama,Michael Cimino,1978,183,12,8.0
7714,2019-04-27 13:00:00,The Deer Hunter,Drama,Michael Cimino,1978,183,12,6.5
7715,2019-04-27 10:30:00,Nosferatu,Fantasy,F.W. Murnau,1922,94,12,8.5
7716,2019-04-26 14:00:00,Gifted,Drama,Marc Webb,2017,101,12,6.5
7717,2019-04-26 10:00:00,Bound by Honor,Crime,Taylor Hackford,1993,180,16,8.5
7718,2019-04-25 16:00:00,Viskningar och rop,Drama,Ingmar Bergman,1972,91,12,8.0
7719,2019-04-25 13:00:00,Dog Day Afternoon,Biography,Sidney Lumet,1975,125,0,6.5
7720,2019-04-25 10:00:00,A Few Good Men,Drama,Rob Reiner,1992,138,0,7.5
7721,2019-04-24 16:30:00,The Long Goodbye,Comedy,Robert Altman,1973,112,12,7.5
7722,2019-04-24 13:30:00,The Sting,Comedy,George Roy Hill,1973,129,0,7.5
7723,2019-04-24 10:30:00,Citizen Kane,Drama,Orson Welles,1941,119,12,7.5
7724,2019-04-23 13:00:00,Die Hard: With a Vengeance,Action,John McTiernan,1995,128,12,8.5
7725,2019-04-23 10:00:00,Tengoku to jigoku,Crime,Akira Kurosawa,1963,143,12,6.5
7726,2019-04-22 16:30:00,Blowup,Drama,Michelangelo Antonioni,1966,111,12,7.5
7727,2019-04-22 13:30:00,Die Hard: With a Vengeance,Action,John McTiernan,1995,128,12,8.5
7728,2019-04-22 10:30:00,A Few Good Men,Drama,Rob Reiner,1992,138,0,7.5
7729,2019-04-21 18:30:00,Paths of Glory,Drama,Stanley Kubrick,1957,88,12,10.0
7730,2019-04-21 15:30:00,Ikiru,Drama,Akira Kurosawa,1952,143,12,7.5
7731,2019-04-21 12:30:00,The Straight Story,Biography,David Lynch,1999,112,0,7.0
7732,2019-04-21 10:00:00,The Killing,Crime,Stanley Kubrick,1956,84,12,7.5
7733,2019-04-20 16:00:00,Dark City,Mystery,Alex Proyas,1998,100,12,7.0
7734,2019-04-20 13:00:00,Cabaret,Drama,Bob Fosse,1972,124,12,6.5
7735,2019-04-20 10:00:00,Cabaret,Drama,Bob Fosse,1972,124,12,8.5
7736,2019-04-19 13:30:00,Der Name der Rose,Crime,Jean-Jacques Annaud,1986,130,16,6.5
7737,2019-04-19 10:30:00,Ikiru,Drama,Akira Kurosawa,1952,143,12,8.0
7738,2019-04-18 16:30:00,The Kid,Comedy,Charles Chaplin,1921,68,12,8.0
7739,2019-04-18 13:00:00,Ikiru,Drama,Akira Kurosawa,1952,143,12,7.5
7740,2019-04-18 10:30:00,La double vie de Véronique,Drama,Krzysztof Kieslowski,1991,98,16,6.5
7741,2019-04-17 10:00:00,Kaze no tani no Naushika,Animation,Hayao Miyazaki,1984,117,0,8.0
7742,2019-04-16 15:30:00,Die Hard: With a Vengeance,Action,John McTiernan,1995,128,12,7.5
7743,2019-04-16 13:00:00,Ferris Bueller's Day Off,Comedy,John Hughes,1986,103,0,6.5
7744,2019-04-16 10:30:00,Yôjinbô,Action,Akira Kurosawa,1961,110,12,8.5
7745,2019-04-15 17:00:00,On Golden Pond,Drama,Mark Rydell,1981,109,12,6.5
7746,2019-04-15 13:30:00,Scarface,Crime,Brian De Palma,1983,170,12,7.5
7747,2019-04-15 10:30:00,Ikiru,Drama,Akira Kurosawa,1952,143,12,8.0
7748,2019-04-14 15:00:00,Harvey,Comedy,Henry Koster,1950,104,12,6.5
7749,2019-04-14 13:00:00,The Kid,Comedy,Charles Chaplin,1921,68,12,8.0
7750,2019-04-14 10:00:00,Yôjinbô,Action,Akira Kurosawa,1961,110,12,8.5
7751,2019-04-13 17:30:00,On Golden Pond,Drama,Mark Rydell,1981,109,12,8.0
7752,2019-04-13 15:30:00,The Kid,Comedy,Charles Chaplin,1921,68,12,7.0
7753,2019-04-13 13:00:00,Nosferatu,Fantasy,F.W. Murnau,1922,94,12,6.5
7754,2019-04-13 10:30:00,Les yeux sans visage,Drama,Georges Franju,1960,90,12,7.0
7755,2019-04-12 10:30:00,Terminator 2: Judgment Day,Action,James Cameron,1991,137,0,8.0
7756,2019-04-11 10:30:00,Harvey,Comedy,Henry Koster,1950,104,12,7.5
7757,2019-04-10 16:30:00,Nosferatu,Fantasy,F.W. Murnau,1922,94,12,7.0
7758,2019-04-10 13:30:00,Terminator 2: Judgment Day,Action,James Cameron,1991,137,0,6.5
7759,2019-04-10 10:00:00,Scarface,Crime,Brian De Palma,1983,170,12,7.5
7760,2019-04-09 10:00:00,Scarface,Crime,Brian De Palma,1983,170,12,8.5
7761,2019-04-08 12:30:00,Nosferatu,Fantasy,F.W. Murnau,1922,94,12,7.5
7762,2019-04-08 10:00:00,Rushmore,Comedy,Wes Anderson,1998,93,12,7.5
7763,2019-04-07 16:00:00,The Kid,Comedy,Charles Chaplin,1921,68,12,8.5
7764,2019-04-07 13:30:00,Les quatre cents coups,Crime,François Truffaut,1959,99,12,7.0
7765,2019-04-07 10:30:00,"Crna macka, beli macor",Comedy,Emir Kusturica,1998,127,16,7.0
7766,2019-04-06 18:30:00,American History X,Drama,Tony Kaye,1998,119,16,8.5
7767,2019-04-06 16:30:00,The Kid,Comedy,Charles Chaplin,1921,68,12,8.0
7768,2019-04-06 13:00:00,Scarface,Crime,Brian De Palma,1983,170,12,7.5
7769,2019-04-06 10:00:00,Blowup,Drama,Michelangelo Antonioni,1966,111,12,7.5
7770,2019-04-05 10:00:00,The Killing,Crime,Stanley Kubrick,1956,84,12,8.0
7771,2019-04-04 16:00:00,Todo sobre mi madre,Drama,Pedro Almodóvar,1999,101,16,7.0
7772,2019-04-04 13:30:00,Paper Moon,Comedy,Peter Bogdanovich,1973,102,0,8.0
7773,2019-04-04 10:30:00,American History X,Drama,Tony Kaye,1998,119,16,8.0
7774,2019-04-03 10:00:00,"Crna macka, beli macor",Comedy,Emir Kusturica,1998,127,16,8.0
7775,2019-04-02 15:00:00,K.G.F: Chapter 1,Action,Prashanth Neel,2018,156,12,7.0
7776,2019-04-02 12:30:00,Nosferatu,Fantasy,F.W. Murnau,1922,94,12,8.5
7777,2019-04-02 10:00:00,The Long Goodbye,Comedy,Robert Altman,1973,112,12,8.5
7778,2019-04-01 10:00:00,Nosferatu,Fantasy,F.W. Murnau,1922,94,12,7.0
7779,2019-03-31 19:00:00,K.G.F: Chapter 1,Action,Prashanth Neel,2018,156,12,8.5
7780,2019-03-31 16:30:00,Citizen Kane,Drama,Orson Welles,1941,119,12,8.5
7781,2019-03-31 14:00:00,Nosferatu,Fantasy,F.W. Murnau,1922,94,12,6.5
7782,2019-03-31 10:30:00,Terminator 2: Judgment Day,Action,James Cameron,1991,137,0,7.5
7783,2019-03-30 18:30:00,Tengoku to jigoku,Crime,Akira Kurosawa,1963,143,12,9.0
7784,2019-03-30 16:00:00,Harvey,Comedy,Henry Koster,1950,104,12,8.0
7785,2019-03-30 13:00:00,Citizen Kane,Drama,Orson Welles,1941,119,12,7.0
7786,2019-03-30 10:00:00,Raging Bull,Biography,Martin Scorsese,1980,129,12,7.5
7787,2019-03-29 10:00:00,Cabaret,Drama,Bob Fosse,1972,124,12,7.5
7788,2019-03-28 13:00:00,Being John Malkovich,Comedy,Spike Jonze,1999,113,16,8.0
7789,2019-03-28 10:30:00,Harvey,Comedy,Henry Koster,1950,104,12,8.0
7790,2019-03-27 16:00:00,The Killing,Crime,Stanley Kubrick,1956,84,12,7.5
7791,2019-03-27 13:00:00,The Long Goodbye,Comedy,Robert Altman,1973,112,12,6.5
7792,2019-03-27 10:30:00,Miracle on 34th Street,Comedy,George Seaton,1947,96,12,7.0
7793,2019-03-26 16:30:00,A Star Is Born,Drama,Bradley Cooper,2018,136,12,7.5
7794,2019-03-26 14:00:00,Miracle on 34th Street,Comedy,George Seaton,1947,96,12,7.0
7795,2019-03-26 10:30:00,K.G.F: Chapter 1,Action,Prashanth Neel,2018,156,12,8.5
7796,2019-03-25 15:30:00,Cool Hand Luke,Crime,Stuart Rosenberg,1967,127,12,7.5
7797,2019-03-25 12:30:00,"Crna macka, beli macor",Comedy,Emir Kusturica,1998,127,16,6.5
7798,2019-03-25 10:00:00,Nosferatu,Fantasy,F.W. Murnau,1922,94,12,8.5
7799,2019-03-24 17:30:00,Rushmore,Comedy,Wes Anderson,1998,93,12,6.5
7800,2019-03-24 15:30:00,The Killing,Crime,Stanley Kubrick,1956,84,12,7.5
7801,2019-03-24 13:00:00,Laura,Drama,Otto Preminger,1944,88,12,7.5
7802,2019-03-24 10:30:00,Laura,Drama,Otto Preminger,1944,88,12,6.5
7803,2019-03-23 16:00:00,Rushmore,Comedy,Wes Anderson,1998,93,12,6.5
7804,2019-03-23 13:00:00,Citizen Kane,Drama,Orson Welles,1941,119,12,6.5
7805,2019-03-23 10:00:00,Cabaret,Drama,Bob Fosse,1972,124,12,8.5
7806,2019-03-22 13:00:00,Cabaret,Drama,Bob Fosse,1972,124,12,8.5
7807,2019-03-22 10:30:00,On Golden Pond,Drama,Mark Rydell,1981,109,12,7.5
7808,2019-03-21 12:30:00,The Deer Hunter,Drama,Michael Cimino,1978,183,12,6.5
7809,2019-03-21 10:00:00,Laura,Drama,Otto Preminger,1944,88,12,8.0
7810,2019-03-20 15:30:00,La Strada,Drama,Federico Fellini,1954,108,12,8.0
7811,2019-03-20 13:00:00,The Birds,Drama,Alfred Hitchcock,1963,119,12,8.0
7812,2019-03-20 10:00:00,Terminator 2: Judgment Day,Action,James Cameron,1991,137,0,7.5
7813,2019-03-19 10:30:00,The Killing,Crime,Stanley Kubrick,1956,84,12,6.5
7814,2019-03-18 10:00:00,Deadpool 2,Action,David Leitch,2018,119,16,8.0
7815,2019-03-17 17:00:00,On Golden Pond,Drama,Mark Rydell,1981,109,12,8.5
7816,2019-03-17 13:00:00,Titanic,Drama,James Cameron,1997,194,12,7.0
7817,2019-03-17 10:30:00,Laura,Drama,Otto Preminger,1944,88,12,8.5
7818,2019-03-16 18:00:00,Uri: The Surgical Strike,Action,Aditya Dhar,2018,138,12,9.0
7819,2019-03-16 15:30:00,The Sandlot,Comedy,David Mickey Evans,1993,101,0,6.5
7820,2019-03-16 13:00:00,Rushmore,Comedy,Wes Anderson,1998,93,12,6.5
7821,2019-03-16 10:00:00,Uri: The Surgical Strike,Action,Aditya Dhar,2018,138,12,7.5
7822,2019-03-15 16:00:00,The Sandlot,Comedy,David Mickey Evans,1993,101,0,8.5
7823,2019-03-15 13:00:00,Eskiya,Crime,Yavuz Turgul,1996,128,12,7.5
7824,2019-03-15 10:00:00,"Crna macka, beli macor",Comedy,Emir Kusturica,1998,127,16,6.5
7825,2019-03-14 13:30:00,Citizen Kane,Drama,Orson Welles,1941,119,12,7.5
7826,2019-03-14 10:30:00,"Crna macka, beli macor",Comedy,Emir Kusturica,1998,127,16,7.0
7827,2019-03-13 16:00:00,La Strada,Drama,Federico Fellini,1954,108,12,6.5
7828,2019-03-13 13:30:00,Rear Window,Mystery,Alfred Hitchcock,1954,112,0,8.5
7829,2019-03-13 10:30:00,Raging Bull,Biography,Martin Scorsese,1980,129,12,7.5
7830,2019-03-12 12:30:00,On Golden Pond,Drama,Mark Rydell,1981,109,12,8.5
7831,2019-03-12 10:00:00,On Golden Pond,Drama,Mark Rydell,1981,109,12,6.5
7832,2019-03-11 10:30:00,"Crna macka, beli macor",Comedy,Emir Kusturica,1998,127,16,7.5
7833,2019-03-10 20:00:00,Rushmore,Comedy,Wes Anderson,1998,93,12,10.0
7834,2019-03-10 16:30:00,Uri: The Surgical Strike,Action,Aditya Dhar,2018,138,12,8.0
7835,2019-03-10 13:30:00,"Crna macka, beli macor",Comedy,Emir Kusturica,1998,127,16,7.5
7836,2019-03-10 10:30:00,Die Hard: With a Vengeance,Action,John McTiernan,1995,128,12,8.0
7837,2019-03-09 18:30:00,A Star Is Born,Drama,Bradley Cooper,2018,136,12,9.0
7838,2019-03-09 15:30:00,Terminator 2: Judgment Day,Action,James Cameron,1991,137,0,8.0
7839,2019-03-09 12:30:00,Cool Hand Luke,Crime,Stuart Rosenberg,1967,127,12,7.5
7840,2019-03-09 10:30:00,Beauty and the Beast,Animation,Gary Trousdale,1991,84,0,7.0
7841,2019-03-08 13:00:00,Terminator 2: Judgment Day,Action,James Cameron,1991,137,0,7.5
7842,2019-03-08 10:00:00,A Star Is Born,Drama,Bradley Cooper,2018,136,12,6.5
7843,2019-03-07 10:30:00,Terminator 2: Judgment Day,Action,James Cameron,1991,137,0,6.5
7844,2019-03-06 17:00:00,Deadpool 2,Action,David Leitch,2018,119,16,7.0
7845,2019-03-06 14:00:00,La Strada,Drama,Federico Fellini,1954,108,12,6.5
7846,2019-03-06 10:30:00,Terminator 2: Judgment Day,Action,James Cameron,1991,137,0,7.0
7847,2019-03-05 10:30:00,Once Upon a Time... in Hollywood,Comedy,Quentin Tarantino,2019,161,12,8.0
7848,2019-03-04 10:00:00,All About Eve,Drama,Joseph L. Mankiewicz,1950,138,12,7.0
7849,2019-03-03 15:30:00,Rear Window,Mystery,Alfred Hitchcock,1954,112,0,8.5
7850,2019-03-03 13:00:00,Being John Malkovich,Comedy,Spike Jonze,1999,113,16,8.0
7851,2019-03-03 10:00:00,Eskiya,Crime,Yavuz Turgul,1996,128,12,8.5
7852,2019-03-02 19:30:00,The Maltese Falcon,Film-Noir,John Huston,1941,100,12,10.0
7853,2019-03-02 16:30:00,American History X,Drama,Tony Kaye,1998,119,16,8.5
7854,2019-03-02 13:30:00,The Searchers,Adventure,John Ford,1956,119,12,7.0
7855,2019-03-02 10:30:00,La Strada,Drama,Federico Fellini,1954,108,12,8.5
7856,2019-03-01 10:30:00,Laura,Drama,Otto Preminger,1944,88,12,8.0
7857,2019-02-28 10:00:00,Beauty and the Beast,Animation,Gary Trousdale,1991,84,0,6.5
7858,2019-02-27 13:00:00,Todo sobre mi madre,Drama,Pedro Almodóvar,1999,101,16,8.5
7859,2019-02-27 10:00:00,Being John Malkovich,Comedy,Spike Jonze,1999,113,16,6.5
7860,2019-02-26 13:00:00,Titanic,Drama,James Cameron,1997,194,12,6.5
7861,2019-02-26 10:00:00,Deadpool 2,Action,David Leitch,2018,119,16,7.0
7862,2019-02-25 13:30:00,Citizen Kane,Drama,Orson Welles,1941,119,12,7.5
7863,2019-02-25 10:30:00,Le locataire,Drama,Roman Polanski,1976,126,16,8.0
7864,2019-02-24 18:00:00,Roma,Drama,Alfonso Cuarón,2018,135,16,9.0
7865,2019-02-24 15:30:00,The Maltese Falcon,Film-Noir,John Huston,1941,100,12,8.0
7866,2019-02-24 13:00:00,Todo sobre mi madre,Drama,Pedro Almodóvar,1999,101,16,6.5
7867,2019-02-24 10:30:00,Shadow of a Doubt,Film-Noir,Alfred Hitchcock,1943,108,6,8.5
7868,2019-02-23 16:00:00,American History X,Drama,Tony Kaye,1998,119,16,8.5
7869,2019-02-23 13:00:00,All About Eve,Drama,Joseph L. Mankiewicz,1950,138,12,6.5
7870,2019-02-23 10:30:00,Dirty Harry,Action,Don Siegel,1971,102,12,8.0
7871,2019-02-22 10:30:00,Witness for the Prosecution,Crime,Billy Wilder,1957,116,0,8.5
7872,2019-02-21 14:30:00,Todo sobre mi madre,Drama,Pedro Almodóvar,1999,101,16,6.5
7873,2019-02-21 12:30:00,Bronenosets Potemkin,Drama,Sergei M. Eisenstein,1925,75,12,7.5
7874,2019-02-21 10:00:00,Beauty and the Beast,Animation,Gary Trousdale,1991,84,0,6.5
7875,2019-02-20 13:00:00,"Il buono, il brutto, il cattivo",Western,Sergio Leone,1966,161,12,8.0
7876,2019-02-20 10:30:00,American History X,Drama,Tony Kaye,1998,119,16,8.0
7877,2019-02-19 13:30:00,Eskiya,Crime,Yavuz Turgul,1996,128,12,6.5
7878,2019-02-19 10:30:00,All About Eve,Drama,Joseph L. Mankiewicz,1950,138,12,7.5
7879,2019-02-18 13:00:00,Dead Poets Society,Comedy,Peter Weir,1989,128,0,6.5
7880,2019-02-18 10:30:00,Dirty Harry,Action,Don Siegel,1971,102,12,7.5
7881,2019-02-17 18:00:00,All About Eve,Drama,Joseph L. Mankiewicz,1950,138,12,9.0
7882,2019-02-17 15:30:00,The Adventures of Robin Hood,Action,Michael Curtiz,1938,102,6,6.5
7883,2019-02-17 13:30:00,Bronenosets Potemkin,Drama,Sergei M. Eisenstein,1925,75,12,8.5
7884,2019-02-17 10:30:00,A Star Is Born,Drama,Bradley Cooper,2018,136,12,7.5
7885,2019-02-16 17:00:00,Deadpool 2,Action,David Leitch,2018,119,16,7.0
7886,2019-02-16 13:00:00,Titanic,Drama,James Cameron,1997,194,12,8.5
7887,2019-02-16 10:00:00,Sleuth,Mystery,Joseph L. Mankiewicz,1972,138,6,8.0
7888,2019-02-15 14:00:00,Shadow of a Doubt,Film-Noir,Alfred Hitchcock,1943,108,6,6.5
7889,2019-02-15 10:00:00,Titanic,Drama,James Cameron,1997,194,12,7.5
7890,2019-02-14 10:00:00,Bronenosets Potemkin,Drama,Sergei M. Eisenstein,1925,75,12,7.5
7891,2019-02-13 15:30:00,"Il buono, il brutto, il cattivo",Western,Sergio Leone,1966,161,12,6.5
7892,2019-02-13 12:30:00,The Grapes of Wrath,Drama,John Ford,1940,129,12,7.5
7893,2019-02-13 10:00:00,The Adventures of Robin Hood,Action,Michael Curtiz,1938,102,6,6.5
7894,2019-02-12 16:00:00,Dead Poets Society,Comedy,Peter Weir,1989,128,0,7.5
7895,2019-02-12 13:00:00,All About Eve,Drama,Joseph L. Mankiewicz,1950,138,12,6.5
7896,2019-02-12 10:00:00,Shadow of a Doubt,Film-Noir,Alfred Hitchcock,1943,108,6,7.0
7897,2019-02-11 14:00:00,The Grapes of Wrath,Drama,John Ford,1940,129,12,8.5
7898,2019-02-11 10:00:00,Titanic,Drama,James Cameron,1997,194,12,6.5
7899,2019-02-10 19:30:00,Sleuth,Mystery,Joseph L. Mankiewicz,1972,138,6,8.5
7900,2019-02-10 16:30:00,Primal Fear,Crime,Gregory Hoblit,1996,129,12,8.5
7901,2019-02-10 13:30:00,All About Eve,Drama,Joseph L. Mankiewicz,1950,138,12,8.5
7902,2019-02-10 10:30:00,Le locataire,Drama,Roman Polanski,1976,126,16,8.0
7903,2019-02-09 19:00:00,Witness for the Prosecution,Crime,Billy Wilder,1957,116,0,9.0
7904,2019-02-09 16:00:00,Citizen Kane,Drama,Orson Welles,1941,119,12,6.5
7905,2019-02-09 13:30:00,La Strada,Drama,Federico Fellini,1954,108,12,7.5
7906,2019-02-09 10:30:00,Primal Fear,Crime,Gregory Hoblit,1996,129,12,8.0
7907,2019-02-08 16:30:00,Citizen Kane,Drama,Orson Welles,1941,119,12,6.5
7908,2019-02-08 13:30:00,Sleuth,Mystery,Joseph L. Mankiewicz,1972,138,6,7.0
7909,2019-02-08 10:30:00,The Grapes of Wrath,Drama,John Ford,1940,129,12,7.5
7910,2019-02-07 10:30:00,Shine,Biography,Scott Hicks,1996,105,0,8.5
7911,2019-02-06 10:00:00,The Blues Brothers,Action,John Landis,1980,133,0,7.0
7912,2019-02-05 10:00:00,Citizen Kane,Drama,Orson Welles,1941,119,12,8.5
7913,2019-02-04 16:00:00,The Lion in Winter,Biography,Anthony Harvey,1968,134,6,8.5
7914,2019-02-04 13:00:00,The Lion in Winter,Biography,Anthony Harvey,1968,134,6,7.5
7915,2019-02-04 10:00:00,Le locataire,Drama,Roman Polanski,1976,126,16,7.0
7916,2019-02-03 15:30:00,Primal Fear,Crime,Gregory Hoblit,1996,129,12,8.5
7917,2019-02-03 13:00:00,Shine,Biography,Scott Hicks,1996,105,0,6.5
7918,2019-02-03 10:30:00,Shine,Biography,Scott Hicks,1996,105,0,7.0
7919,2019-02-02 20:00:00,Once Upon a Time... in Hollywood,Comedy,Quentin Tarantino,2019,161,12,10.0
7920,2019-02-02 17:00:00,Dead Poets Society,Comedy,Peter Weir,1989,128,0,8.5
7921,2019-02-02 14:00:00,The Blues Brothers,Action,John Landis,1980,133,0,8.5
7922,2019-02-02 10:30:00,Once Upon a Time... in Hollywood,Comedy,Quentin Tarantino,2019,161,12,7.0
7923,2019-02-01 10:00:00,The Lion in Winter,Biography,Anthony Harvey,1968,134,6,7.5
7924,2019-01-31 16:00:00,Ayla: The Daughter of War,Biography,Can Ulkay,2017,125,12,6.5
7925,2019-01-31 13:00:00,Roma,Drama,Alfonso Cuarón,2018,135,16,8.0
7926,2019-01-31 10:00:00,Dead Poets Society,Comedy,Peter Weir,1989,128,0,7.5
7927,2019-01-30 10:00:00,Boyz n the Hood,Crime,John Singleton,1991,112,12,8.5
7928,2019-01-29 10:00:00,The Adventures of Robin Hood,Action,Michael Curtiz,1938,102,6,8.0
7929,2019-01-28 16:00:00,Roma,Drama,Alfonso Cuarón,2018,135,16,7.0
7930,2019-01-28 13:00:00,Witness for the Prosecution,Crime,Billy Wilder,1957,116,0,7.0
7931,2019-01-28 10:00:00,Dead Poets Society,Comedy,Peter Weir,1989,128,0,6.5
7932,2019-01-27 18:30:00,Shadow of a Doubt,Film-Noir,Alfred Hitchcock,1943,108,6,10.0
7933,2019-01-27 15:30:00,Boyz n the Hood,Crime,John Singleton,1991,112,12,8.5
7934,2019-01-27 12:30:00,The Grapes of Wrath,Drama,John Ford,1940,129,12,7.0
7935,2019-01-27 10:00:00,The Adventures of Robin Hood,Action,Michael Curtiz,1938,102,6,7.0
7936,2019-01-26 15:00:00,Rear Window,Mystery,Alfred Hitchcock,1954,112,0,8.0
7937,2019-01-26 12:30:00,Shadow of a Doubt,Film-Noir,Alfred Hitchcock,1943,108,6,6.5
7938,2019-01-26 10:00:00,The Adventures of Robin Hood,Action,Michael Curtiz,1938,102,6,7.5
7939,2019-01-25 10:30:00,Shine,Biography,Scott Hicks,1996,105,0,8.0
7940,2019-01-24 16:00:00,In the Heat of the Night,Crime,Norman Jewison,1967,110,0,6.5
7941,2019-01-24 13:30:00,In the Heat of the Night,Crime,Norman Jewison,1967,110,0,7.5
7942,2019-01-24 10:00:00,Sleuth,Mystery,Joseph L. Mankiewicz,1972,138,6,8.0
7943,2019-01-23 10:30:00,Witness for the Prosecution,Crime,Billy Wilder,1957,116,0,7.5
7944,2019-01-22 12:30:00,Sleuth,Mystery,Joseph L. Mankiewicz,1972,138,6,7.5
7945,2019-01-22 10:00:00,Boyz n the Hood,Crime,John Singleton,1991,112,12,8.5
7946,2019-01-21 16:30:00,In the Heat of the Night,Crime,Norman Jewison,1967,110,0,8.5
7947,2019-01-21 13:30:00,The Matrix,Action,Lana Wachowski,1999,136,12,8.0
7948,2019-01-21 10:30:00,The Grapes of Wrath,Drama,John Ford,1940,129,12,7.0
7949,2019-01-20 19:30:00,The Grapes of Wrath,Drama,John Ford,1940,129,12,10.0
7950,2019-01-20 16:30:00,Primal Fear,Crime,Gregory Hoblit,1996,129,12,8.5
7951,2019-01-20 13:30:00,Vertigo,Mystery,Alfred Hitchcock,1958,128,12,7.5
7952,2019-01-20 10:30:00,Sleuth,Mystery,Joseph L. Mankiewicz,1972,138,6,6.5
7953,2019-01-19 19:00:00,Apocalypse Now,Drama,Francis Ford Coppola,1979,147,16,8.5
7954,2019-01-19 16:00:00,The Lion in Winter,Biography,Anthony Harvey,1968,134,6,6.5
7955,2019-01-19 13:30:00,Shadow of a Doubt,Film-Noir,Alfred Hitchcock,1943,108,6,8.5
7956,2019-01-19 10:30:00,Roma,Drama,Alfonso Cuarón,2018,135,16,8.5
7957,2019-01-18 12:30:00,Primal Fear,Crime,Gregory Hoblit,1996,129,12,7.0
7958,2019-01-18 10:00:00,The Adventures of Robin Hood,Action,Michael Curtiz,1938,102,6,8.0
7959,2019-01-17 16:00:00,Citizen Kane,Drama,Orson Welles,1941,119,12,8.0
7960,2019-01-17 13:30:00,Shine,Biography,Scott Hicks,1996,105,0,7.0
7961,2019-01-17 10:30:00,Primal Fear,Crime,Gregory Hoblit,1996,129,12,8.5
7962,2019-01-16 10:30:00,Carlito's Way,Crime,Brian De Palma,1993,144,12,6.5
7963,2019-01-15 12:00:00,The Fugitive,Action,Andrew Davis,1993,130,0,7.5
7964,2019-01-15 10:00:00,Bronenosets Potemkin,Drama,Sergei M. Eisenstein,1925,75,12,7.0
7965,2019-01-14 13:00:00,The Grapes of Wrath,Drama,John Ford,1940,129,12,8.0
7966,2019-01-14 10:30:00,Shine,Biography,Scott Hicks,1996,105,0,7.0
7967,2019-01-13 18:30:00,"Il buono, il brutto, il cattivo",Western,Sergio Leone,1966,161,12,10.0
7968,2019-01-13 16:00:00,Boyz n the Hood,Crime,John Singleton,1991,112,12,7.5
7969,2019-01-13 13:30:00,In the Heat of the Night,Crime,Norman Jewison,1967,110,0,7.5
7970,2019-01-13 10:00:00,Apocalypse Now,Drama,Francis Ford Coppola,1979,147,16,7.5
7971,2019-01-12 15:30:00,Sleuth,Mystery,Joseph L. Mankiewicz,1972,138,6,8.0
7972,2019-01-12 13:00:00,The Adventures of Robin Hood,Action,Michael Curtiz,1938,102,6,7.5
7973,2019-01-12 10:00:00,Roma,Drama,Alfonso Cuarón,2018,135,16,7.0
7974,2019-01-11 10:30:00,Primal Fear,Crime,Gregory Hoblit,1996,129,12,6.5
7975,2019-01-10 10:00:00,Do the Right Thing,Comedy,Spike Lee,1989,120,16,8.0
7976,2019-01-09 10:00:00,The Searchers,Adventure,John Ford,1956,119,12,7.5
7977,2019-01-08 10:30:00,A Little Princess,Drama,Alfonso Cuarón,1995,97,0,6.5
7978,2019-01-07 10:30:00,Sleuth,Mystery,Joseph L. Mankiewicz,1972,138,6,8.5
7979,2019-01-06 19:00:00,The Lion in Winter,Biography,Anthony Harvey,1968,134,6,9.0
7980,2019-01-06 16:30:00,Shine,Biography,Scott Hicks,1996,105,0,7.0
7981,2019-01-06 13:00:00,Apocalypse Now,Drama,Francis Ford Coppola,1979,147,16,8.0
7982,2019-01-06 10:00:00,The Fugitive,Action,Andrew Davis,1993,130,0,6.5
7983,2019-01-05 19:00:00,Apocalypse Now,Drama,Francis Ford Coppola,1979,147,16,8.5
7984,2019-01-05 16:00:00,Mononoke-hime,Animation,Hayao Miyazaki,1997,134,0,8.0
7985,2019-01-05 13:00:00,The Killing Fields,Biography,Roland Joffé,1984,141,12,8.0
7986,2019-01-05 10:30:00,El ángel exterminador,Drama,Luis Buñuel,1962,95,12,8.0
7987,2019-01-04 16:30:00,Mononoke-hime,Animation,Hayao Miyazaki,1997,134,0,6.5
7988,2019-01-04 13:30:00,Sleuth,Mystery,Joseph L. Mankiewicz,1972,138,6,7.5
7989,2019-01-04 10:30:00,The Last Picture Show,Drama,Peter Bogdanovich,1971,118,16,8.0
7990,2019-01-03 12:30:00,The Lion in Winter,Biography,Anthony Harvey,1968,134,6,8.0
7991,2019-01-03 10:00:00,Shine,Biography,Scott Hicks,1996,105,0,8.5
7992,2019-01-02 13:30:00,Apocalypse Now,Drama,Francis Ford Coppola,1979,147,16,7.0
7993,2019-01-02 10:30:00,Ayla: The Daughter of War,Biography,Can Ulkay,2017,125,12,7.5
7994,2019-01-01 10:30:00,The Adventures of Robin Hood,Action,Michael Curtiz,1938,102,6,8.0
7995,2018-12-31 15:30:00,In the Heat of the Night,Crime,Norman Jewison,1967,110,0,6.5
7996,2018-12-31 13:00:00,The Taking of Pelham One Two Three,Action,Joseph Sargent,1974,104,0,8.0
7997,2018-12-31 10:00:00,Do the Right Thing,Comedy,Spike Lee,1989,120,16,8.0
7998,2018-12-30 19:30:00,The Taking of Pelham One Two Three,Action,Joseph Sargent,1974,104,0,10.0
7999,2018-12-30 16:30:00,Rebel Without a Cause,Drama,Nicholas Ray,1955,111,12,8.5
8000,2018-12-30 13:00:00,Carlito's Way,Crime,Brian De Palma,1993,144,12,7.5
8001,2018-12-30 10:30:00,Shine,Biography,Scott Hicks,1996,105,0,7.0
8002,2018-12-29 17:00:00,Dangal,Action,Nitesh Tiwari,2016,161,0,6.5
8003,2018-12-29 13:00:00,Schindler's List,Biography,Steven Spielberg,1993,195,12,7.5
8004,2018-12-29 10:30:00,Rebel Without a Cause,Drama,Nicholas Ray,1955,111,12,7.0
8005,2018-12-28 13:00:00,A Star Is Born,Drama,Bradley Cooper,2018,136,12,8.0
8006,2018-12-28 10:30:00,Shine,Biography,Scott Hicks,1996,105,0,7.5
8007,2018-12-27 10:30:00,God's Own Country,Drama,Francis Lee,2017,104,12,6.5
8008,2018-12-26 16:00:00,Léon,Action,Luc Besson,1994,110,12,8.0
8009,2018-12-26 13:30:00,A Little Princess,Drama,Alfonso Cuarón,1995,97,0,8.5
8010,2018-12-26 10:00:00,Apocalypse Now,Drama,Francis Ford Coppola,1979,147,16,8.5
8011,2018-12-25 12:30:00,Avengers: Infinity War,Action,Anthony Russo,2018,149,12,8.0
8012,2018-12-25 10:00:00,The Last Picture Show,Drama,Peter Bogdanovich,1971,118,16,6.5
8013,2018-12-24 10:30:00,The Killing Fields,Biography,Roland Joffé,1984,141,12,7.5
8014,2018-12-23 16:30:00,Carlito's Way,Crime,Brian De Palma,1993,144,12,6.5
8015,2018-12-23 13:30:00,The Killing Fields,Biography,Roland Joffé,1984,141,12,7.0
8016,2018-12-23 10:30:00,The Untouchables,Crime,Brian De Palma,1987,119,12,7.0
8017,2018-12-22 19:30:00,Vertigo,Mystery,Alfred Hitchcock,1958,128,12,8.5
8018,2018-12-22 16:30:00,Vertigo,Mystery,Alfred Hitchcock,1958,128,12,8.5
8019,2018-12-22 13:30:00,Ayla: The Daughter of War,Biography,Can Ulkay,2017,125,12,8.0
8020,2018-12-22 10:30:00,The Untouchables,Crime,Brian De Palma,1987,119,12,8.5
8021,2018-12-21 13:00:00,Rebel Without a Cause,Drama,Nicholas Ray,1955,111,12,6.5
8022,2018-12-21 10:00:00,Ayla: The Daughter of War,Biography,Can Ulkay,2017,125,12,8.5
8023,2018-12-20 16:00:00,The Fugitive,Action,Andrew Davis,1993,130,0,8.0
8024,2018-12-20 13:30:00,Rebel Without a Cause,Drama,Nicholas Ray,1955,111,12,7.0
8025,2018-12-20 10:30:00,The Last Picture Show,Drama,Peter Bogdanovich,1971,118,16,8.5
8026,2018-12-19 12:30:00,Ayla: The Daughter of War,Biography,Can Ulkay,2017,125,12,8.0
8027,2018-12-19 10:00:00,El ángel exterminador,Drama,Luis Buñuel,1962,95,12,8.5
8028,2018-12-18 17:00:00,Schindler's List,Biography,Steven Spielberg,1993,195,12,7.5
8029,2018-12-18 14:30:00,La haine,Crime,Mathieu Kassovitz,1995,98,12,7.5
8030,2018-12-18 10:30:00,Schindler's List,Biography,Steven Spielberg,1993,195,12,6.5
8031,2018-12-17 10:00:00,Carlito's Way,Crime,Brian De Palma,1993,144,12,8.0
8032,2018-12-16 17:00:00,Knockin' on Heaven's Door,Action,Thomas Jahn,1997,87,12,7.5
8033,2018-12-16 13:00:00,Schindler's List,Biography,Steven Spielberg,1993,195,12,8.0
8034,2018-12-16 10:30:00,Stand by Me,Adventure,Rob Reiner,1986,89,0,8.0
8035,2018-12-15 18:30:00,The Last Picture Show,Drama,Peter Bogdanovich,1971,118,16,8.5
8036,2018-12-15 15:30:00,Night on Earth,Comedy,Jim Jarmusch,1991,129,16,8.0
8037,2018-12-15 12:30:00,A Star Is Born,Drama,Bradley Cooper,2018,136,12,7.0
8038,2018-12-15 10:00:00,A Little Princess,Drama,Alfonso Cuarón,1995,97,0,6.5
8039,2018-12-14 10:30:00,Stand by Me,Adventure,Rob Reiner,1986,89,0,6.5
8040,2018-12-13 16:00:00,Vertigo,Mystery,Alfred Hitchcock,1958,128,12,7.0
8041,2018-12-13 13:30:00,La haine,Crime,Mathieu Kassovitz,1995,98,12,7.5
8042,2018-12-13 10:30:00,The Last Picture Show,Drama,Peter Bogdanovich,1971,118,16,8.0
8043,2018-12-12 14:00:00,Avengers: Infinity War,Action,Anthony Russo,2018,149,12,7.0
8044,2018-12-12 10:30:00,Apocalypse Now,Drama,Francis Ford Coppola,1979,147,16,7.0
8045,2018-12-11 16:00:00,The Untouchables,Crime,Brian De Palma,1987,119,12,8.5
8046,2018-12-11 13:00:00,The Fugitive,Action,Andrew Davis,1993,130,0,7.5
8047,2018-12-11 10:30:00,Knockin' on Heaven's Door,Action,Thomas Jahn,1997,87,12,8.5
8048,2018-12-10 10:30:00,The Fugitive,Action,Andrew Davis,1993,130,0,7.5
8049,2018-12-09 18:30:00,God's Own Country,Drama,Francis Lee,2017,104,12,9.5
8050,2018-12-09 16:00:00,God's Own Country,Drama,Francis Lee,2017,104,12,6.5
8051,2018-12-09 13:30:00,Dip huet seung hung,Action,John Woo,1989,111,16,8.5
8052,2018-12-09 10:30:00,A Star Is Born,Drama,Bradley Cooper,2018,136,12,6.5
8053,2018-12-08 19:00:00,Spoorloos,Mystery,George Sluizer,1988,107,12,10.0
8054,2018-12-08 16:30:00,Hana-bi,Crime,Takeshi Kitano,1997,103,12,7.0
8055,2018-12-08 13:00:00,Carlito's Way,Crime,Brian De Palma,1993,144,12,8.5
8056,2018-12-08 10:30:00,Dip huet seung hung,Action,John Woo,1989,111,16,8.5
8057,2018-12-07 10:30:00,Stand by Me,Adventure,Rob Reiner,1986,89,0,6.5
8058,2018-12-06 15:30:00,God's Own Country,Drama,Francis Lee,2017,104,12,6.5
8059,2018-12-06 12:30:00,Night on Earth,Comedy,Jim Jarmusch,1991,129,16,8.5
8060,2018-12-06 10:00:00,Dip huet seung hung,Action,John Woo,1989,111,16,7.0
8061,2018-12-05 13:00:00,Spoorloos,Mystery,George Sluizer,1988,107,12,8.5
8062,2018-12-05 10:00:00,The Last Picture Show,Drama,Peter Bogdanovich,1971,118,16,7.0
8063,2018-12-04 13:00:00,The Last Picture Show,Drama,Peter Bogdanovich,1971,118,16,6.5
8064,2018-12-04 10:30:00,Rebel Without a Cause,Drama,Nicholas Ray,1955,111,12,6.5
8065,2018-12-03 10:00:00,The Last Picture Show,Drama,Peter Bogdanovich,1971,118,16,8.5
8066,2018-12-02 19:30:00,Knockin' on Heaven's Door,Action,Thomas Jahn,1997,87,12,9.5
8067,2018-12-02 16:30:00,The Untouchables,Crime,Brian De Palma,1987,119,12,8.0
8068,2018-12-02 13:30:00,Philadelphia,Drama,Jonathan Demme,1993,125,12,6.5
8069,2018-12-02 10:30:00,The Untouchables,Crime,Brian De Palma,1987,119,12,8.5
8070,2018-12-01 15:30:00,Spoorloos,Mystery,George Sluizer,1988,107,12,7.0
8071,2018-12-01 12:30:00,The Untouchables,Crime,Brian De Palma,1987,119,12,8.0
8072,2018-12-01 10:00:00,Spoorloos,Mystery,George Sluizer,1988,107,12,6.5
8073,2018-11-30 15:00:00,Philadelphia,Drama,Jonathan Demme,1993,125,12,8.0
8074,2018-11-30 12:30:00,In a Lonely Place,Drama,Nicholas Ray,1950,94,12,8.5
8075,2018-11-30 10:00:00,In a Lonely Place,Drama,Nicholas Ray,1950,94,12,7.0
8076,2018-11-29 12:30:00,Modern Times,Comedy,Charles Chaplin,1936,87,0,7.5
8077,2018-11-29 10:00:00,Hana-bi,Crime,Takeshi Kitano,1997,103,12,8.5
8078,2018-11-28 15:00:00,"Shin seiki Evangelion Gekijô-ban: Air/Magokoro wo, kimi ni",Animation,Hideaki Anno,1997,87,12,8.0
8079,2018-11-28 12:30:00,Hana-bi,Crime,Takeshi Kitano,1997,103,12,6.5
8080,2018-11-28 10:00:00,Knockin' on Heaven's Door,Action,Thomas Jahn,1997,87,12,6.5
8081,2018-11-27 15:30:00,"Shin seiki Evangelion Gekijô-ban: Air/Magokoro wo, kimi ni",Animation,Hideaki Anno,1997,87,12,7.5
8082,2018-11-27 13:00:00,God's Own Country,Drama,Francis Lee,2017,104,12,7.5
8083,2018-11-27 10:30:00,In a Lonely Place,Drama,Nicholas Ray,1950,94,12,7.0
8084,2018-11-26 16:30:00,Sing Street,Comedy,John Carney,2016,106,12,8.5
8085,2018-11-26 14:00:00,"Shin seiki Evangelion Gekijô-ban: Air/Magokoro wo, kimi ni",Animation,Hideaki Anno,1997,87,12,7.5
8086,2018-11-26 10:30:00,Boogie Nights,Drama,Paul Thomas Anderson,1997,155,16,8.5
8087,2018-11-25 19:00:00,Paths of Glory,Drama,Stanley Kubrick,1957,88,12,10.0
8088,2018-11-25 16:00:00,From Here to Eternity,Drama,Fred Zinnemann,1953,118,12,8.5
8089,2018-11-25 13:30:00,Hana-bi,Crime,Takeshi Kitano,1997,103,12,7.0
8090,2018-11-25 10:30:00,Amarcord,Comedy,Federico Fellini,1973,123,16,8.0
8091,2018-11-24 18:00:00,La haine,Crime,Mathieu Kassovitz,1995,98,12,9.5
8092,2018-11-24 14:30:00,Boogie Nights,Drama,Paul Thomas Anderson,1997,155,16,6.5
8093,2018-11-24 12:30:00,Modern Times,Comedy,Charles Chaplin,1936,87,0,8.0
8094,2018-11-24 10:00:00,The Usual Suspects,Crime,Bryan Singer,1995,106,12,7.0
8095,2018-11-23 13:30:00,Boogie Nights,Drama,Paul Thomas Anderson,1997,155,16,8.5
8096,2018-11-23 10:30:00,From Here to Eternity,Drama,Fred Zinnemann,1953,118,12,8.0
8097,2018-11-22 16:30:00,Mad Max 2,Action,George Miller,1981,96,12,7.5
8098,2018-11-22 13:00:00,Boogie Nights,Drama,Paul Thomas Anderson,1997,155,16,7.5
8099,2018-11-22 10:30:00,Rebel Without a Cause,Drama,Nicholas Ray,1955,111,12,7.0
8100,2018-11-21 15:00:00,Zulu,Drama,Cy Endfield,1964,138,0,7.5
8101,2018-11-21 13:00:00,Hiroshima mon amour,Drama,Alain Resnais,1959,90,12,8.5
8102,2018-11-21 10:00:00,Amarcord,Comedy,Federico Fellini,1973,123,16,7.0
8103,2018-11-20 16:00:00,Rebel Without a Cause,Drama,Nicholas Ray,1955,111,12,7.5
8104,2018-11-20 13:00:00,The Fifth Element,Action,Luc Besson,1997,126,12,7.0
8105,2018-11-20 10:00:00,Amarcord,Comedy,Federico Fellini,1973,123,16,7.5
8106,2018-11-19 15:00:00,Dog Day Afternoon,Biography,Sidney Lumet,1975,125,0,7.0
8107,2018-11-19 12:30:00,Toy Story,Animation,John Lasseter,1995,81,0,8.5
8108,2018-11-19 10:00:00,In a Lonely Place,Drama,Nicholas Ray,1950,94,12,6.5
8109,2018-11-18 16:30:00,Mad Max 2,Action,George Miller,1981,96,12,6.5
8110,2018-11-18 14:00:00,La haine,Crime,Mathieu Kassovitz,1995,98,12,6.5
8111,2018-11-18 10:30:00,Boogie Nights,Drama,Paul Thomas Anderson,1997,155,16,8.5
8112,2018-11-17 15:00:00,The Untouchables,Crime,Brian De Palma,1987,119,12,6.5
8113,2018-11-17 12:30:00,Dip huet seung hung,Action,John Woo,1989,111,16,7.5
8114,2018-11-17 10:00:00,Out of the Past,Crime,Jacques Tourneur,1947,97,12,8.0
8115,2018-11-16 10:00:00,Le salaire de la peur,Adventure,Henri-Georges Clouzot,1953,131,0,8.5
8116,2018-11-15 13:00:00,Spoorloos,Mystery,George Sluizer,1988,107,12,8.5
8117,2018-11-15 10:30:00,Spoorloos,Mystery,George Sluizer,1988,107,12,6.5
8118,2018-11-14 12:30:00,The Princess Bride,Adventure,Rob Reiner,1987,98,0,7.5
8119,2018-11-14 10:00:00,Dip huet seung hung,Action,John Woo,1989,111,16,7.0
8120,2018-11-13 16:00:00,Hana-bi,Crime,Takeshi Kitano,1997,103,12,6.5
8121,2018-11-13 13:00:00,Amarcord,Comedy,Federico Fellini,1973,123,16,7.0
8122,2018-11-13 10:30:00,Moana,Animation,Ron Clements,2016,107,0,6.5
8123,2018-11-12 12:30:00,Amarcord,Comedy,Federico Fellini,1973,123,16,8.0
8124,2018-11-12 10:00:00,"Shin seiki Evangelion Gekijô-ban: Air/Magokoro wo, kimi ni",Animation,Hideaki Anno,1997,87,12,8.5
8125,2018-11-11 16:00:00,Le salaire de la peur,Adventure,Henri-Georges Clouzot,1953,131,0,7.0
8126,2018-11-11 13:30:00,Mad Max 2,Action,George Miller,1981,96,12,7.0
8127,2018-11-11 10:00:00,Boogie Nights,Drama,Paul Thomas Anderson,1997,155,16,7.5
8128,2018-11-10 16:30:00,"Shin seiki Evangelion Gekijô-ban: Air/Magokoro wo, kimi ni",Animation,Hideaki Anno,1997,87,12,7.0
8129,2018-11-10 13:30:00,The Untouchables,Crime,Brian De Palma,1987,119,12,8.5
8130,2018-11-10 10:30:00,The Untouchables,Crime,Brian De Palma,1987,119,12,7.0
8131,2018-11-09 13:00:00,"Shin seiki Evangelion Gekijô-ban: Air/Magokoro wo, kimi ni",Animation,Hideaki Anno,1997,87,12,7.0
8132,2018-11-09 10:30:00,Modern Times,Comedy,Charles Chaplin,1936,87,0,6.5
8133,2018-11-08 12:30:00,The Princess Bride,Adventure,Rob Reiner,1987,98,0,8.0
8134,2018-11-08 10:00:00,"Shin seiki Evangelion Gekijô-ban: Air/Magokoro wo, kimi ni",Animation,Hideaki Anno,1997,87,12,8.0
8135,2018-11-07 10:30:00,Dog Day Afternoon,Biography,Sidney Lumet,1975,125,0,8.0
8136,2018-11-06 13:00:00,Le salaire de la peur,Adventure,Henri-Georges Clouzot,1953,131,0,6.5
8137,2018-11-06 10:00:00,Rebel Without a Cause,Drama,Nicholas Ray,1955,111,12,7.5
8138,2018-11-05 10:00:00,The Fifth Element,Action,Luc Besson,1997,126,12,7.0
8139,2018-11-04 16:30:00,Pink Floyd: The Wall,Drama,Alan Parker,1982,95,12,8.5
8140,2018-11-04 13:30:00,Zulu,Drama,Cy Endfield,1964,138,0,6.5
8141,2018-11-04 10:30:00,Dog Day Afternoon,Biography,Sidney Lumet,1975,125,0,7.5
8142,2018-11-03 15:00:00,Sing Street,Comedy,John Carney,2016,106,12,8.0
8143,2018-11-03 13:00:00,"Shin seiki Evangelion Gekijô-ban: Air/Magokoro wo, kimi ni",Animation,Hideaki Anno,1997,87,12,8.5
8144,2018-11-03 10:30:00,Sing Street,Comedy,John Carney,2016,106,12,8.5
8145,2018-11-02 15:00:00,The Princess Bride,Adventure,Rob Reiner,1987,98,0,7.0
8146,2018-11-02 12:30:00,Modern Times,Comedy,Charles Chaplin,1936,87,0,8.0
8147,2018-11-02 10:00:00,Mad Max 2,Action,George Miller,1981,96,12,8.0
8148,2018-11-01 13:30:00,The Adventures of Robin Hood,Action,Michael Curtiz,1938,102,6,7.5
8149,2018-11-01 10:30:00,Philadelphia,Drama,Jonathan Demme,1993,125,12,8.0
8150,2018-10-31 15:30:00,Laura,Drama,Otto Preminger,1944,88,12,8.5
8151,2018-10-31 12:30:00,Le salaire de la peur,Adventure,Henri-Georges Clouzot,1953,131,0,7.5
8152,2018-10-31 10:00:00,Sing Street,Comedy,John Carney,2016,106,12,7.0
8153,2018-10-30 13:30:00,Amarcord,Comedy,Federico Fellini,1973,123,16,8.0
8154,2018-10-30 10:30:00,Amarcord,Comedy,Federico Fellini,1973,123,16,8.5
8155,2018-10-29 10:00:00,Laura,Drama,Otto Preminger,1944,88,12,8.5
8156,2018-10-28 19:30:00,The Adventures of Robin Hood,Action,Michael Curtiz,1938,102,6,8.5
8157,2018-10-28 17:00:00,Watership Down,Animation,Martin Rosen,1978,91,0,8.0
8158,2018-10-28 13:30:00,The Great Escape,Adventure,John Sturges,1963,172,0,8.5
8159,2018-10-28 10:30:00,Le salaire de la peur,Adventure,Henri-Georges Clouzot,1953,131,0,6.5
8160,2018-10-27 15:30:00,The Princess Bride,Adventure,Rob Reiner,1987,98,0,7.5
8161,2018-10-27 13:00:00,Moana,Animation,Ron Clements,2016,107,0,7.5
8162,2018-10-27 10:00:00,La montaña sagrada,Adventure,Alejandro Jodorowsky,1973,114,16,7.5
8163,2018-10-26 13:30:00,Zulu,Drama,Cy Endfield,1964,138,0,7.0
8164,2018-10-26 10:30:00,North by Northwest,Adventure,Alfred Hitchcock,1959,136,0,7.0
8165,2018-10-25 13:00:00,Barton Fink,Comedy,Joel Coen,1991,116,0,7.5
8166,2018-10-25 10:30:00,The Princess Bride,Adventure,Rob Reiner,1987,98,0,6.5
8167,2018-10-24 15:30:00,Pink Floyd: The Wall,Drama,Alan Parker,1982,95,12,8.0
8168,2018-10-24 12:30:00,Philadelphia,Drama,Jonathan Demme,1993,125,12,7.0
8169,2018-10-24 10:00:00,Jules et Jim,Drama,François Truffaut,1962,105,12,8.0
8170,2018-10-23 13:30:00,Mary Poppins,Comedy,Robert Stevenson,1964,139,0,8.5
8171,2018-10-23 10:30:00,From Here to Eternity,Drama,Fred Zinnemann,1953,118,12,6.5
8172,2018-10-22 13:00:00,Andaz Apna Apna,Action,Rajkumar Santoshi,1994,160,0,8.0
8173,2018-10-22 10:30:00,Out of the Past,Crime,Jacques Tourneur,1947,97,12,6.5
8174,2018-10-21 19:00:00,In a Lonely Place,Drama,Nicholas Ray,1950,94,12,9.5
8175,2018-10-21 16:30:00,Paths of Glory,Drama,Stanley Kubrick,1957,88,12,8.0
8176,2018-10-21 13:30:00,The Fifth Element,Action,Luc Besson,1997,126,12,6.5
8177,2018-10-21 10:30:00,Dog Day Afternoon,Biography,Sidney Lumet,1975,125,0,8.5
8178,2018-10-20 20:00:00,Unforgiven,Drama,Clint Eastwood,1992,130,12,9.5
8179,2018-10-20 17:00:00,From Here to Eternity,Drama,Fred Zinnemann,1953,118,12,6.5
8180,2018-10-20 13:30:00,Boogie Nights,Drama,Paul Thomas Anderson,1997,155,16,8.0
8181,2018-10-20 10:30:00,Pink,Drama,Aniruddha Roy Chowdhury,2016,136,12,7.5
8182,2018-10-19 12:30:00,Scent of a Woman,Drama,Martin Brest,1992,156,12,6.5
8183,2018-10-19 10:00:00,Il conformista,Drama,Bernardo Bertolucci,1970,113,12,8.5
8184,2018-10-18 10:30:00,Boogie Nights,Drama,Paul Thomas Anderson,1997,155,16,8.5
8185,2018-10-17 15:30:00,Ordinary People,Drama,Robert Redford,1980,124,0,6.5
8186,2018-10-17 13:00:00,Pink Floyd: The Wall,Drama,Alan Parker,1982,95,12,7.0
8187,2018-10-17 10:00:00,Philadelphia,Drama,Jonathan Demme,1993,125,12,7.5
8188,2018-10-16 10:30:00,Jules et Jim,Drama,François Truffaut,1962,105,12,7.0
8189,2018-10-15 16:00:00,Unforgiven,Drama,Clint Eastwood,1992,130,12,6.5
8190,2018-10-15 13:30:00,Toy Story,Animation,John Lasseter,1995,81,0,7.0
8191,2018-10-15 10:30:00,Unforgiven,Drama,Clint Eastwood,1992,130,12,7.5
8192,2018-10-14 18:00:00,From Here to Eternity,Drama,Fred Zinnemann,1953,118,12,8.5
8193,2018-10-14 15:30:00,Jules et Jim,Drama,François Truffaut,1962,105,12,8.0
8194,2018-10-14 13:00:00,Pink Floyd: The Wall,Drama,Alan Parker,1982,95,12,6.5
8195,2018-10-14 10:00:00,Barton Fink,Comedy,Joel Coen,1991,116,0,7.0
8196,2018-10-13 19:30:00,Days of Heaven,Drama,Terrence Malick,1978,94,6,8.5
8197,2018-10-13 16:30:00,The Usual Suspects,Crime,Bryan Singer,1995,106,12,8.0
8198,2018-10-13 13:00:00,Andaz Apna Apna,Action,Rajkumar Santoshi,1994,160,0,8.0
8199,2018-10-13 10:00:00,Il conformista,Drama,Bernardo Bertolucci,1970,113,12,7.0
8200,2018-10-12 15:30:00,Andaz Apna Apna,Action,Rajkumar Santoshi,1994,160,0,6.5
8201,2018-10-12 12:30:00,Unforgiven,Drama,Clint Eastwood,1992,130,12,8.0
8202,2018-10-12 10:00:00,Toy Story,Animation,John Lasseter,1995,81,0,7.0
8203,2018-10-11 13:30:00,Il conformista,Drama,Bernardo Bertolucci,1970,113,12,6.5
8204,2018-10-11 10:30:00,North by Northwest,Adventure,Alfred Hitchcock,1959,136,0,8.0
8205,2018-10-10 10:30:00,Captain Fantastic,Comedy,Matt Ross,2016,118,16,7.5
8206,2018-10-09 10:00:00,Unforgiven,Drama,Clint Eastwood,1992,130,12,7.0
8207,2018-10-08 10:30:00,Pink,Drama,Aniruddha Roy Chowdhury,2016,136,12,7.0
8208,2018-10-07 15:30:00,Jules et Jim,Drama,François Truffaut,1962,105,12,8.5
8209,2018-10-07 13:00:00,La montaña sagrada,Adventure,Alejandro Jodorowsky,1973,114,16,7.5
8210,2018-10-07 10:00:00,Amarcord,Comedy,Federico Fellini,1973,123,16,7.0
8211,2018-10-06 16:30:00,The Naked Gun: From the Files of Police Squad!,Comedy,David Zucker,1988,85,0,8.0
8212,2018-10-06 13:00:00,Andaz Apna Apna,Action,Rajkumar Santoshi,1994,160,0,8.0
8213,2018-10-06 10:00:00,Captain Fantastic,Comedy,Matt Ross,2016,118,16,8.0
8214,2018-10-05 10:00:00,Boogie Nights,Drama,Paul Thomas Anderson,1997,155,16,8.0
8215,2018-10-04 16:00:00,Days of Heaven,Drama,Terrence Malick,1978,94,6,7.0
8216,2018-10-04 13:00:00,Unforgiven,Drama,Clint Eastwood,1992,130,12,6.5
8217,2018-10-04 10:30:00,Out of the Past,Crime,Jacques Tourneur,1947,97,12,7.0
8218,2018-10-03 10:00:00,Terminator 2: Judgment Day,Action,James Cameron,1991,137,0,7.5
8219,2018-10-02 10:30:00,Moana,Animation,Ron Clements,2016,107,0,7.0
8220,2018-10-01 12:30:00,Jules et Jim,Drama,François Truffaut,1962,105,12,8.0
8221,2018-10-01 10:00:00,Mad Max 2,Action,George Miller,1981,96,12,8.0
8222,2018-09-30 16:00:00,Andaz Apna Apna,Action,Rajkumar Santoshi,1994,160,0,7.5
8223,2018-09-30 13:30:00,Out of the Past,Crime,Jacques Tourneur,1947,97,12,8.5
8224,2018-09-30 10:30:00,Rocky,Drama,John G. Avildsen,1976,120,0,8.5
8225,2018-09-29 18:30:00,Au revoir les enfants,Drama,Louis Malle,1987,104,0,10.0
8226,2018-09-29 16:00:00,Il conformista,Drama,Bernardo Bertolucci,1970,113,12,6.5
8227,2018-09-29 13:00:00,Moana,Animation,Ron Clements,2016,107,0,7.5
8228,2018-09-29 10:00:00,North by Northwest,Adventure,Alfred Hitchcock,1959,136,0,7.5
8229,2018-09-28 10:30:00,Andaz Apna Apna,Action,Rajkumar Santoshi,1994,160,0,7.0
8230,2018-09-27 13:00:00,Thor: Ragnarok,Action,Taika Waititi,2017,130,12,8.5
8231,2018-09-27 10:00:00,Barton Fink,Comedy,Joel Coen,1991,116,0,7.5
8232,2018-09-26 12:30:00,The Purple Rose of Cairo,Comedy,Woody Allen,1985,82,0,7.5
8233,2018-09-26 10:00:00,Jules et Jim,Drama,François Truffaut,1962,105,12,7.5
8234,2018-09-25 14:00:00,Moana,Animation,Ron Clements,2016,107,0,8.0
8235,2018-09-25 10:30:00,Andaz Apna Apna,Action,Rajkumar Santoshi,1994,160,0,6.5
8236,2018-09-24 17:30:00,Rocky,Drama,John G. Avildsen,1976,120,0,8.5
8237,2018-09-24 13:30:00,Braveheart,Biography,Mel Gibson,1995,178,12,8.5
8238,2018-09-24 10:30:00,Barton Fink,Comedy,Joel Coen,1991,116,0,6.5
8239,2018-09-23 15:30:00,Airlift,Drama,Raja Menon,2016,130,12,8.5
8240,2018-09-23 12:30:00,Thor: Ragnarok,Action,Taika Waititi,2017,130,12,8.5
8241,2018-09-23 10:00:00,The Princess Bride,Adventure,Rob Reiner,1987,98,0,6.5
8242,2018-09-22 20:00:00,Pink Floyd: The Wall,Drama,Alan Parker,1982,95,12,9.5
8243,2018-09-22 17:30:00,Jules et Jim,Drama,François Truffaut,1962,105,12,6.5
8244,2018-09-22 14:30:00,Thor: Ragnarok,Action,Taika Waititi,2017,130,12,8.5
8245,2018-09-22 10:30:00,Heat,Crime,Michael Mann,1995,170,12,7.5
8246,2018-09-21 10:00:00,North by Northwest,Adventure,Alfred Hitchcock,1959,136,0,7.5
8247,2018-09-20 13:30:00,Thor: Ragnarok,Action,Taika Waititi,2017,130,12,8.0
8248,2018-09-20 10:00:00,Nuovo Cinema Paradiso,Drama,Giuseppe Tornatore,1988,155,0,7.0
8249,2018-09-19 10:30:00,Airlift,Drama,Raja Menon,2016,130,12,8.5
8250,2018-09-18 13:00:00,Au revoir les enfants,Drama,Louis Malle,1987,104,0,7.0
8251,2018-09-18 10:00:00,Ordinary People,Drama,Robert Redford,1980,124,0,6.5
8252,2018-09-17 10:30:00,Pink Floyd: The Wall,Drama,Alan Parker,1982,95,12,8.0
8253,2018-09-16 16:30:00,Blade Runner 2049,Action,Denis Villeneuve,2017,164,12,8.5
8254,2018-09-16 14:00:00,Pink Floyd: The Wall,Drama,Alan Parker,1982,95,12,7.0
8255,2018-09-16 10:30:00,Heat,Crime,Michael Mann,1995,170,12,8.5
8256,2018-09-15 18:30:00,Dangal,Action,Nitesh Tiwari,2016,161,0,9.0
8257,2018-09-15 16:00:00,Tonari no Totoro,Animation,Hayao Miyazaki,1988,86,0,6.5
8258,2018-09-15 13:00:00,Unforgiven,Drama,Clint Eastwood,1992,130,12,7.5
8259,2018-09-15 10:30:00,The Purple Rose of Cairo,Comedy,Woody Allen,1985,82,0,8.5
8260,2018-09-14 10:30:00,Rocky,Drama,John G. Avildsen,1976,120,0,7.5
8261,2018-09-13 15:00:00,Tonari no Totoro,Animation,Hayao Miyazaki,1988,86,0,8.5
8262,2018-09-13 12:00:00,The Sting,Comedy,George Roy Hill,1973,129,0,7.5
8263,2018-09-13 10:00:00,The Naked Gun: From the Files of Police Squad!,Comedy,David Zucker,1988,85,0,7.5
8264,2018-09-12 16:00:00,Hannah and Her Sisters,Comedy,Woody Allen,1986,107,12,8.0
8265,2018-09-12 13:30:00,The Princess Bride,Adventure,Rob Reiner,1987,98,0,6.5
8266,2018-09-12 10:30:00,Terminator 2: Judgment Day,Action,James Cameron,1991,137,0,8.5
8267,2018-09-11 15:00:00,The Color Purple,Drama,Steven Spielberg,1985,154,0,7.5
8268,2018-09-11 12:30:00,La Grande Illusion,Drama,Jean Renoir,1937,113,12,8.0
8269,2018-09-11 10:00:00,Hannah and Her Sisters,Comedy,Woody Allen,1986,107,12,8.5
8270,2018-09-10 12:30:00,La Grande Illusion,Drama,Jean Renoir,1937,113,12,6.5
8271,2018-09-10 10:00:00,Butch Cassidy and the Sundance Kid,Biography,George Roy Hill,1969,110,6,7.0
8272,2018-09-09 17:30:00,Au revoir les enfants,Drama,Louis Malle,1987,104,0,8.0
8273,2018-09-09 13:30:00,Bound by Honor,Crime,Taylor Hackford,1993,180,16,7.0
8274,2018-09-09 10:00:00,The Great Escape,Adventure,John Sturges,1963,172,0,7.0
8275,2018-09-08 16:00:00,The Purple Rose of Cairo,Comedy,Woody Allen,1985,82,0,8.0
8276,2018-09-08 13:30:00,Tonari no Totoro,Animation,Hayao Miyazaki,1988,86,0,8.0
8277,2018-09-08 10:30:00,Terminator 2: Judgment Day,Action,James Cameron,1991,137,0,8.5
8278,2018-09-07 10:00:00,Heat,Crime,Michael Mann,1995,170,12,8.0
8279,2018-09-06 10:30:00,Tonari no Totoro,Animation,Hayao Miyazaki,1988,86,0,8.5
8280,2018-09-05 18:00:00,Tonari no Totoro,Animation,Hayao Miyazaki,1988,86,0,9.5
8281,2018-09-05 14:30:00,The Great Escape,Adventure,John Sturges,1963,172,0,7.5
8282,2018-09-05 10:30:00,Braveheart,Biography,Mel Gibson,1995,178,12,7.0
8283,2018-09-04 10:00:00,Tumbbad,Drama,Rahi Anil Barve,2018,104,12,8.0
8284,2018-09-03 15:30:00,Hannah and Her Sisters,Comedy,Woody Allen,1986,107,12,7.0
8285,2018-09-03 12:30:00,Rocky,Drama,John G. Avildsen,1976,120,0,8.5
8286,2018-09-03 10:30:00,This Is Spinal Tap,Comedy,Rob Reiner,1984,82,16,6.5
8287,2018-09-02 20:30:00,Au revoir les enfants,Drama,Louis Malle,1987,104,0,9.5
8288,2018-09-02 17:30:00,Rocky,Drama,John G. Avildsen,1976,120,0,8.5
8289,2018-09-02 13:30:00,Braveheart,Biography,Mel Gibson,1995,178,12,6.5
8290,2018-09-02 10:30:00,Terminator 2: Judgment Day,Action,James Cameron,1991,137,0,7.5
8291,2018-09-01 16:30:00,The Great Escape,Adventure,John Sturges,1963,172,0,7.5
8292,2018-09-01 13:00:00,The Great Escape,Adventure,John Sturges,1963,172,0,7.5
8293,2018-09-01 10:00:00,Airlift,Drama,Raja Menon,2016,130,12,8.0
8294,2018-08-31 10:00:00,Belle de jour,Drama,Luis Buñuel,1967,100,12,7.5
8295,2018-08-30 13:00:00,Hannah and Her Sisters,Comedy,Woody Allen,1986,107,12,7.5
8296,2018-08-30 10:00:00,The Sting,Comedy,George Roy Hill,1973,129,0,8.0
8297,2018-08-29 15:00:00,The Sting,Comedy,George Roy Hill,1973,129,0,6.5
8298,2018-08-29 12:30:00,The Princess Bride,Adventure,Rob Reiner,1987,98,0,7.0
8299,2018-08-29 10:30:00,Tonari no Totoro,Animation,Hayao Miyazaki,1988,86,0,8.0
8300,2018-08-28 13:00:00,The Great Escape,Adventure,John Sturges,1963,172,0,7.0
8301,2018-08-28 10:30:00,Hannah and Her Sisters,Comedy,Woody Allen,1986,107,12,7.5
8302,2018-08-27 16:00:00,Rocky,Drama,John G. Avildsen,1976,120,0,8.5
8303,2018-08-27 13:30:00,Smultronstället,Drama,Ingmar Bergman,1957,91,0,7.5
8304,2018-08-27 10:30:00,Terminator 2: Judgment Day,Action,James Cameron,1991,137,0,8.0
8305,2018-08-26 16:00:00,Star Wars,Action,George Lucas,1977,121,12,7.5
8306,2018-08-26 12:30:00,Scent of a Woman,Drama,Martin Brest,1992,156,12,6.5
8307,2018-08-26 10:00:00,Hannah and Her Sisters,Comedy,Woody Allen,1986,107,12,8.5
8308,2018-08-25 18:00:00,Judgment at Nuremberg,Drama,Stanley Kramer,1961,179,12,8.5
8309,2018-08-25 15:30:00,Tumbbad,Drama,Rahi Anil Barve,2018,104,12,7.0
8310,2018-08-25 12:30:00,East of Eden,Drama,Elia Kazan,1955,118,0,8.0
8311,2018-08-25 10:00:00,Hannah and Her Sisters,Comedy,Woody Allen,1986,107,12,6.5
8312,2018-08-24 10:30:00,Ikiru,Drama,Akira Kurosawa,1952,143,12,7.5
8313,2018-08-23 10:30:00,A Night at the Opera,Comedy,Sam Wood,1935,96,12,8.0
8314,2018-08-22 10:00:00,The Sting,Comedy,George Roy Hill,1973,129,0,8.5
8315,2018-08-21 12:30:00,Nuovo Cinema Paradiso,Drama,Giuseppe Tornatore,1988,155,0,8.0
8316,2018-08-21 10:00:00,The Princess Bride,Adventure,Rob Reiner,1987,98,0,7.0
8317,2018-08-20 13:00:00,The Goonies,Adventure,Richard Donner,1985,114,0,8.5
8318,2018-08-20 10:30:00,On the Waterfront,Crime,Elia Kazan,1954,108,12,8.5
8319,2018-08-19 20:00:00,Tumbbad,Drama,Rahi Anil Barve,2018,104,12,8.5
8320,2018-08-19 17:00:00,East of Eden,Drama,Elia Kazan,1955,118,0,7.0
8321,2018-08-19 14:30:00,La haine,Crime,Mathieu Kassovitz,1995,98,12,8.5
8322,2018-08-19 10:30:00,Heat,Crime,Michael Mann,1995,170,12,6.5
8323,2018-08-18 17:00:00,Die Hard: With a Vengeance,Action,John McTiernan,1995,128,12,8.0
8324,2018-08-18 14:30:00,Clerks,Comedy,Kevin Smith,1994,92,16,7.0
8325,2018-08-18 12:30:00,Tonari no Totoro,Animation,Hayao Miyazaki,1988,86,0,7.0
8326,2018-08-18 10:00:00,Tonari no Totoro,Animation,Hayao Miyazaki,1988,86,0,8.5
8327,2018-08-17 10:00:00,Hannah and Her Sisters,Comedy,Woody Allen,1986,107,12,8.5
8328,2018-08-16 14:00:00,La Grande Illusion,Drama,Jean Renoir,1937,113,12,7.0
8329,2018-08-16 10:30:00,Blade Runner 2049,Action,Denis Villeneuve,2017,164,12,6.5
8330,2018-08-15 10:30:00,This Is Spinal Tap,Comedy,Rob Reiner,1984,82,16,7.5
8331,2018-08-14 17:00:00,The Purple Rose of Cairo,Comedy,Woody Allen,1985,82,0,7.0
8332,2018-08-14 14:30:00,Pâfekuto burû,Animation,Satoshi Kon,1997,81,12,8.0
8333,2018-08-14 10:30:00,Judgment at Nuremberg,Drama,Stanley Kramer,1961,179,12,8.0
8334,2018-08-13 17:30:00,Heat,Crime,Michael Mann,1995,170,12,7.5
8335,2018-08-13 13:30:00,The Great Escape,Adventure,John Sturges,1963,172,0,7.0
8336,2018-08-13 10:30:00,Airlift,Drama,Raja Menon,2016,130,12,8.5
8337,2018-08-12 15:00:00,Patton,Biography,Franklin J. Schaffner,1970,172,0,6.5
8338,2018-08-12 12:30:00,Clerks,Comedy,Kevin Smith,1994,92,16,6.5
8339,2018-08-12 10:30:00,The Purple Rose of Cairo,Comedy,Woody Allen,1985,82,0,8.0
8340,2018-08-11 18:30:00,Au revoir les enfants,Drama,Louis Malle,1987,104,0,10.0
8341,2018-08-11 16:00:00,Enter the Dragon,Action,Robert Clouse,1973,102,12,8.0
8342,2018-08-11 12:00:00,Judgment at Nuremberg,Drama,Stanley Kramer,1961,179,12,7.5
8343,2018-08-11 10:00:00,This Is Spinal Tap,Comedy,Rob Reiner,1984,82,16,7.5
8344,2018-08-10 10:00:00,The Truman Show,Comedy,Peter Weir,1998,103,0,8.5
8345,2018-08-09 13:00:00,Dr. Strangelove or: How I Learned to Stop Worrying and Love the Bomb,Comedy,Stanley Kubrick,1964,95,12,8.5
8346,2018-08-09 10:00:00,Star Wars,Action,George Lucas,1977,121,12,7.5
8347,2018-08-08 17:00:00,Au revoir les enfants,Drama,Louis Malle,1987,104,0,7.5
8348,2018-08-08 13:30:00,Judgment at Nuremberg,Drama,Stanley Kramer,1961,179,12,6.5
8349,2018-08-08 10:00:00,Heat,Crime,Michael Mann,1995,170,12,7.0
8350,2018-08-07 13:00:00,The Goonies,Adventure,Richard Donner,1985,114,0,8.0
8351,2018-08-07 10:00:00,Airlift,Drama,Raja Menon,2016,130,12,8.5
8352,2018-08-06 10:00:00,Star Wars,Action,George Lucas,1977,121,12,7.5
8353,2018-08-05 19:30:00,Die Hard: With a Vengeance,Action,John McTiernan,1995,128,12,9.5
8354,2018-08-05 15:30:00,Bound by Honor,Crime,Taylor Hackford,1993,180,16,7.5
8355,2018-08-05 13:00:00,This Is Spinal Tap,Comedy,Rob Reiner,1984,82,16,8.0
8356,2018-08-05 10:30:00,Hell or High Water,Action,David Mackenzie,2016,102,16,8.5
8357,2018-08-04 15:30:00,Smultronstället,Drama,Ingmar Bergman,1957,91,0,8.0
8358,2018-08-04 13:00:00,The Goonies,Adventure,Richard Donner,1985,114,0,6.5
8359,2018-08-04 10:30:00,Hell or High Water,Action,David Mackenzie,2016,102,16,8.0
8360,2018-08-03 13:00:00,Bringing Up Baby,Comedy,Howard Hawks,1938,102,12,8.0
8361,2018-08-03 10:00:00,Star Wars,Action,George Lucas,1977,121,12,7.0
8362,2018-08-02 16:00:00,Enter the Dragon,Action,Robert Clouse,1973,102,12,8.0
8363,2018-08-02 13:30:00,La haine,Crime,Mathieu Kassovitz,1995,98,12,8.5
8364,2018-08-02 10:30:00,The Outlaw Josey Wales,Western,Clint Eastwood,1976,135,12,6.5
8365,2018-08-01 13:00:00,Malcolm X,Biography,Spike Lee,1992,202,0,6.5
8366,2018-08-01 10:30:00,Bringing Up Baby,Comedy,Howard Hawks,1938,102,12,8.0
8367,2018-07-31 15:30:00,The Truman Show,Comedy,Peter Weir,1998,103,0,7.0
8368,2018-07-31 13:00:00,Kimi no na wa.,Animation,Makoto Shinkai,2016,106,0,8.5
8369,2018-07-31 10:30:00,"Planes, Trains & Automobiles",Comedy,John Hughes,1987,93,0,8.0
8370,2018-07-30 13:00:00,Judgment at Nuremberg,Drama,Stanley Kramer,1961,179,12,8.0
8371,2018-07-30 10:30:00,Hell or High Water,Action,David Mackenzie,2016,102,16,7.0
8372,2018-07-29 15:00:00,This Is Spinal Tap,Comedy,Rob Reiner,1984,82,16,7.5
8373,2018-07-29 13:00:00,This Is Spinal Tap,Comedy,Rob Reiner,1984,82,16,8.0
8374,2018-07-29 10:30:00,A Night at the Opera,Comedy,Sam Wood,1935,96,12,7.0
8375,2018-07-28 15:30:00,Enter the Dragon,Action,Robert Clouse,1973,102,12,7.0
8376,2018-07-28 13:00:00,The Truman Show,Comedy,Peter Weir,1998,103,0,7.0
8377,2018-07-28 10:30:00,This Is Spinal Tap,Comedy,Rob Reiner,1984,82,16,7.0
8378,2018-07-27 10:00:00,American History X,Drama,Tony Kaye,1998,119,16,7.5
8379,2018-07-26 13:00:00,Dà hóng denglong gaogao guà,Drama,Yimou Zhang,1991,125,6,8.0
8380,2018-07-26 10:00:00,The Goonies,Adventure,Richard Donner,1985,114,0,8.5
8381,2018-07-25 16:00:00,Abre los ojos,Drama,Alejandro Amenábar,1997,119,0,6.5
8382,2018-07-25 13:30:00,Pâfekuto burû,Animation,Satoshi Kon,1997,81,12,8.0
8383,2018-07-25 10:00:00,Patton,Biography,Franklin J. Schaffner,1970,172,0,8.5
8384,2018-07-24 10:00:00,Smultronstället,Drama,Ingmar Bergman,1957,91,0,7.5
8385,2018-07-23 14:30:00,Lola rennt,Crime,Tom Tykwer,1998,81,12,8.5
8386,2018-07-23 10:30:00,Judgment at Nuremberg,Drama,Stanley Kramer,1961,179,12,7.5
8387,2018-07-22 18:30:00,Indiana Jones and the Last Crusade,Action,Steven Spielberg,1989,127,0,8.5
8388,2018-07-22 15:30:00,On the Waterfront,Crime,Elia Kazan,1954,108,12,8.0
8389,2018-07-22 13:00:00,Enter the Dragon,Action,Robert Clouse,1973,102,12,8.5
8390,2018-07-22 10:30:00,Lola rennt,Crime,Tom Tykwer,1998,81,12,7.0
8391,2018-07-21 16:30:00,Die Hard: With a Vengeance,Action,John McTiernan,1995,128,12,7.5
8392,2018-07-21 13:30:00,Dà hóng denglong gaogao guà,Drama,Yimou Zhang,1991,125,6,8.0
8393,2018-07-21 10:30:00,The Outlaw Josey Wales,Western,Clint Eastwood,1976,135,12,8.0
8394,2018-07-20 15:30:00,"Planes, Trains & Automobiles",Comedy,John Hughes,1987,93,0,7.5
8395,2018-07-20 13:00:00,On the Waterfront,Crime,Elia Kazan,1954,108,12,6.5
8396,2018-07-20 10:00:00,Abre los ojos,Drama,Alejandro Amenábar,1997,119,0,8.0
8397,2018-07-19 10:30:00,Hell or High Water,Action,David Mackenzie,2016,102,16,8.0
8398,2018-07-18 12:30:00,Die Hard: With a Vengeance,Action,John McTiernan,1995,128,12,7.0
8399,2018-07-18 10:30:00,Pâfekuto burû,Animation,Satoshi Kon,1997,81,12,7.5
8400,2018-07-17 13:00:00,A Night at the Opera,Comedy,Sam Wood,1935,96,12,6.5
8401,2018-07-17 10:00:00,Abre los ojos,Drama,Alejandro Amenábar,1997,119,0,6.5
8402,2018-07-16 15:00:00,Bringing Up Baby,Comedy,Howard Hawks,1938,102,12,6.5
8403,2018-07-16 12:30:00,A Hard Day's Night,Comedy,Richard Lester,1964,87,0,7.0
8404,2018-07-16 10:00:00,Smultronstället,Drama,Ingmar Bergman,1957,91,0,8.5
8405,2018-07-15 16:00:00,A Hard Day's Night,Comedy,Richard Lester,1964,87,0,8.0
8406,2018-07-15 13:00:00,Star Wars: Episode V - The Empire Strikes Back,Action,Irvin Kershner,1980,124,12,7.5
8407,2018-07-15 10:30:00,Bringing Up Baby,Comedy,Howard Hawks,1938,102,12,6.5
8408,2018-07-14 15:00:00,American History X,Drama,Tony Kaye,1998,119,16,6.5
8409,2018-07-14 12:30:00,Smultronstället,Drama,Ingmar Bergman,1957,91,0,6.5
8410,2018-07-14 10:00:00,Bringing Up Baby,Comedy,Howard Hawks,1938,102,12,8.0
8411,2018-07-13 10:30:00,Kimi no na wa.,Animation,Makoto Shinkai,2016,106,0,7.5
8412,2018-07-12 13:00:00,Hell or High Water,Action,David Mackenzie,2016,102,16,7.0
8413,2018-07-12 10:00:00,Star Wars,Action,George Lucas,1977,121,12,6.5
8414,2018-07-11 15:00:00,Abre los ojos,Drama,Alejandro Amenábar,1997,119,0,8.5
8415,2018-07-11 12:30:00,Willy Wonka & the Chocolate Factory,Family,Mel Stuart,1971,100,0,7.5
8416,2018-07-11 10:00:00,The Night of the Hunter,Crime,Charles Laughton,1955,92,12,7.0
8417,2018-07-10 14:30:00,Star Wars,Action,George Lucas,1977,121,12,8.0
8418,2018-07-10 10:30:00,Malcolm X,Biography,Spike Lee,1992,202,0,8.0
8419,2018-07-09 13:00:00,Star Wars: Episode V - The Empire Strikes Back,Action,Irvin Kershner,1980,124,12,6.5
8420,2018-07-09 10:30:00,Bringing Up Baby,Comedy,Howard Hawks,1938,102,12,6.5
8421,2018-07-08 17:30:00,Smultronstället,Drama,Ingmar Bergman,1957,91,0,8.5
8422,2018-07-08 15:30:00,Lola rennt,Crime,Tom Tykwer,1998,81,12,8.0
8423,2018-07-08 13:00:00,Bringing Up Baby,Comedy,Howard Hawks,1938,102,12,7.5
8424,2018-07-08 10:00:00,Indiana Jones and the Last Crusade,Action,Steven Spielberg,1989,127,0,7.0
8425,2018-07-07 15:30:00,Patton,Biography,Franklin J. Schaffner,1970,172,0,6.5
8426,2018-07-07 13:00:00,Rebel Without a Cause,Drama,Nicholas Ray,1955,111,12,8.5
8427,2018-07-07 10:30:00,Lola rennt,Crime,Tom Tykwer,1998,81,12,7.5
8428,2018-07-06 16:00:00,"Planes, Trains & Automobiles",Comedy,John Hughes,1987,93,0,7.5
8429,2018-07-06 12:30:00,Nuovo Cinema Paradiso,Drama,Giuseppe Tornatore,1988,155,0,8.0
8430,2018-07-06 10:00:00,Smultronstället,Drama,Ingmar Bergman,1957,91,0,6.5
8431,2018-07-05 15:30:00,Lethal Weapon,Action,Richard Donner,1987,109,12,6.5
8432,2018-07-05 13:00:00,"Planes, Trains & Automobiles",Comedy,John Hughes,1987,93,0,8.0
8433,2018-07-05 10:00:00,The Verdict,Drama,Sidney Lumet,1982,129,0,8.5
8434,2018-07-04 10:30:00,When Harry Met Sally...,Comedy,Rob Reiner,1989,95,12,8.0
8435,2018-07-03 10:30:00,"Planes, Trains & Automobiles",Comedy,John Hughes,1987,93,0,8.0
8436,2018-07-02 10:00:00,Star Wars: Episode V - The Empire Strikes Back,Action,Irvin Kershner,1980,124,12,7.0
8437,2018-07-01 15:30:00,Indiana Jones and the Last Crusade,Action,Steven Spielberg,1989,127,0,7.0
8438,2018-07-01 12:30:00,Star Wars: Episode V - The Empire Strikes Back,Action,Irvin Kershner,1980,124,12,6.5
8439,2018-07-01 10:00:00,The Night of the Hunter,Crime,Charles Laughton,1955,92,12,8.0
8440,2018-06-30 15:30:00,The Night of the Hunter,Crime,Charles Laughton,1955,92,12,8.5
8441,2018-06-30 13:00:00,Smultronstället,Drama,Ingmar Bergman,1957,91,0,7.0
8442,2018-06-30 10:30:00,Hiroshima mon amour,Drama,Alain Resnais,1959,90,12,7.0
8443,2018-06-29 12:30:00,Lola rennt,Crime,Tom Tykwer,1998,81,12,8.0
8444,2018-06-29 10:00:00,A Hard Day's Night,Comedy,Richard Lester,1964,87,0,7.5
8445,2018-06-28 10:30:00,The Bridges of Madison County,Drama,Clint Eastwood,1995,135,12,8.0
8446,2018-06-27 10:00:00,Happiness,Comedy,Todd Solondz,1998,134,12,7.0
8447,2018-06-26 13:00:00,Indiana Jones and the Last Crusade,Action,Steven Spielberg,1989,127,0,7.5
8448,2018-06-26 10:30:00,Willy Wonka & the Chocolate Factory,Family,Mel Stuart,1971,100,0,8.0
8449,2018-06-25 13:30:00,Trainspotting,Drama,Danny Boyle,1996,93,12,8.0
8450,2018-06-25 10:30:00,Ikiru,Drama,Akira Kurosawa,1952,143,12,7.5
8451,2018-06-24 18:00:00,Malcolm X,Biography,Spike Lee,1992,202,0,8.5
8452,2018-06-24 15:30:00,Willy Wonka & the Chocolate Factory,Family,Mel Stuart,1971,100,0,7.0
8453,2018-06-24 13:00:00,Rebel Without a Cause,Drama,Nicholas Ray,1955,111,12,7.5
8454,2018-06-24 10:30:00,Rebel Without a Cause,Drama,Nicholas Ray,1955,111,12,7.5
8455,2018-06-23 19:00:00,Lola rennt,Crime,Tom Tykwer,1998,81,12,9.0
8456,2018-06-23 16:30:00,Hiroshima mon amour,Drama,Alain Resnais,1959,90,12,8.0
8457,2018-06-23 13:30:00,The Bridges of Madison County,Drama,Clint Eastwood,1995,135,12,8.0
8458,2018-06-23 10:30:00,The Untouchables,Crime,Brian De Palma,1987,119,12,8.0
8459,2018-06-22 10:30:00,Nuovo Cinema Paradiso,Drama,Giuseppe Tornatore,1988,155,0,7.0
8460,2018-06-21 13:30:00,Crimes and Misdemeanors,Comedy,Woody Allen,1989,104,12,7.5
8461,2018-06-21 10:30:00,The Bridges of Madison County,Drama,Clint Eastwood,1995,135,12,6.5
8462,2018-06-20 13:30:00,Willy Wonka & the Chocolate Factory,Family,Mel Stuart,1971,100,0,7.5
8463,2018-06-20 10:00:00,Nuovo Cinema Paradiso,Drama,Giuseppe Tornatore,1988,155,0,7.0
8464,2018-06-19 15:30:00,Crimes and Misdemeanors,Comedy,Woody Allen,1989,104,12,8.5
8465,2018-06-19 13:00:00,Lethal Weapon,Action,Richard Donner,1987,109,12,7.5
8466,2018-06-19 10:30:00,Hiroshima mon amour,Drama,Alain Resnais,1959,90,12,8.5
8467,2018-06-18 10:30:00,Hiroshima mon amour,Drama,Alain Resnais,1959,90,12,8.5
8468,2018-06-17 19:00:00,Airlift,Drama,Raja Menon,2016,130,12,9.5
8469,2018-06-17 16:00:00,The Untouchables,Crime,Brian De Palma,1987,119,12,6.5
8470,2018-06-17 13:30:00,Willy Wonka & the Chocolate Factory,Family,Mel Stuart,1971,100,0,6.5
8471,2018-06-17 10:00:00,Ikiru,Drama,Akira Kurosawa,1952,143,12,7.5
8472,2018-06-16 17:00:00,Jules et Jim,Drama,François Truffaut,1962,105,12,8.5
8473,2018-06-16 14:30:00,Hiroshima mon amour,Drama,Alain Resnais,1959,90,12,8.0
8474,2018-06-16 10:00:00,The Ten Commandments,Adventure,Cecil B. DeMille,1956,220,0,7.0
8475,2018-06-15 16:00:00,Rebel Without a Cause,Drama,Nicholas Ray,1955,111,12,8.0
8476,2018-06-15 13:30:00,Hiroshima mon amour,Drama,Alain Resnais,1959,90,12,8.5
8477,2018-06-15 10:30:00,Blue Velvet,Drama,David Lynch,1986,120,12,6.5
8478,2018-06-14 16:00:00,Crimes and Misdemeanors,Comedy,Woody Allen,1989,104,12,7.0
8479,2018-06-14 13:30:00,Willy Wonka & the Chocolate Factory,Family,Mel Stuart,1971,100,0,6.5
8480,2018-06-14 10:30:00,Ikiru,Drama,Akira Kurosawa,1952,143,12,8.5
8481,2018-06-13 10:30:00,When Harry Met Sally...,Comedy,Rob Reiner,1989,95,12,6.5
8482,2018-06-12 17:00:00,The Grapes of Wrath,Drama,John Ford,1940,129,12,6.5
8483,2018-06-12 13:30:00,The Wild Bunch,Action,Sam Peckinpah,1969,145,12,8.5
8484,2018-06-12 10:00:00,The Wild Bunch,Action,Sam Peckinpah,1969,145,12,7.5
8485,2018-06-11 16:00:00,Blue Velvet,Drama,David Lynch,1986,120,12,7.5
8486,2018-06-11 13:00:00,Serpico,Biography,Sidney Lumet,1973,130,12,8.0
8487,2018-06-11 10:00:00,Spider-Man: Into the Spider-Verse,Animation,Bob Persichetti,2018,117,0,7.0
8488,2018-06-10 18:00:00,Ikiru,Drama,Akira Kurosawa,1952,143,12,8.5
8489,2018-06-10 15:00:00,The Long Goodbye,Comedy,Robert Altman,1973,112,12,7.0
8490,2018-06-10 10:30:00,The Ten Commandments,Adventure,Cecil B. DeMille,1956,220,0,8.5
8491,2018-06-09 15:30:00,The Wild Bunch,Action,Sam Peckinpah,1969,145,12,7.5
8492,2018-06-09 12:30:00,The Wild Bunch,Action,Sam Peckinpah,1969,145,12,6.5
8493,2018-06-09 10:00:00,Hiroshima mon amour,Drama,Alain Resnais,1959,90,12,8.5
8494,2018-06-08 15:30:00,The Long Goodbye,Comedy,Robert Altman,1973,112,12,8.5
8495,2018-06-08 12:30:00,Spider-Man: Into the Spider-Verse,Animation,Bob Persichetti,2018,117,0,8.0
8496,2018-06-08 10:00:00,The Long Goodbye,Comedy,Robert Altman,1973,112,12,7.5
8497,2018-06-07 16:00:00,The Long Goodbye,Comedy,Robert Altman,1973,112,12,6.5
8498,2018-06-07 13:30:00,Kurenai no buta,Animation,Hayao Miyazaki,1992,94,0,7.0
8499,2018-06-07 10:30:00,The Long Goodbye,Comedy,Robert Altman,1973,112,12,7.0
8500,2018-06-06 16:00:00,The Long Goodbye,Comedy,Robert Altman,1973,112,12,6.5
8501,2018-06-06 13:00:00,Ikiru,Drama,Akira Kurosawa,1952,143,12,7.0
8502,2018-06-06 10:30:00,When Harry Met Sally...,Comedy,Rob Reiner,1989,95,12,8.5
8503,2018-06-05 14:30:00,Airlift,Drama,Raja Menon,2016,130,12,8.5
8504,2018-06-05 10:00:00,The Ten Commandments,Adventure,Cecil B. DeMille,1956,220,0,7.5
8505,2018-06-04 10:00:00,The Verdict,Drama,Sidney Lumet,1982,129,0,7.0
8506,2018-06-03 17:30:00,Crimes and Misdemeanors,Comedy,Woody Allen,1989,104,12,8.0
8507,2018-06-03 15:00:00,Hiroshima mon amour,Drama,Alain Resnais,1959,90,12,6.5
8508,2018-06-03 12:30:00,Trainspotting,Drama,Danny Boyle,1996,93,12,6.5
8509,2018-06-03 10:00:00,Hiroshima mon amour,Drama,Alain Resnais,1959,90,12,8.0
8510,2018-06-02 18:30:00,The Bridges of Madison County,Drama,Clint Eastwood,1995,135,12,10.0
8511,2018-06-02 16:00:00,The Long Goodbye,Comedy,Robert Altman,1973,112,12,7.5
8512,2018-06-02 13:00:00,The Bridges of Madison County,Drama,Clint Eastwood,1995,135,12,8.0
8513,2018-06-02 10:30:00,Crimes and Misdemeanors,Comedy,Woody Allen,1989,104,12,8.0
8514,2018-06-01 10:30:00,Serpico,Biography,Sidney Lumet,1973,130,12,7.5
8515,2018-05-31 17:30:00,The Wild Bunch,Action,Sam Peckinpah,1969,145,12,8.5
8516,2018-05-31 14:30:00,The Bridges of Madison County,Drama,Clint Eastwood,1995,135,12,8.0
8517,2018-05-31 10:00:00,The Ten Commandments,Adventure,Cecil B. DeMille,1956,220,0,8.5
8518,2018-05-30 10:00:00,Batman: Mask of the Phantasm,Animation,Kevin Altieri,1993,76,6,7.5
8519,2018-05-29 12:30:00,The Wild Bunch,Action,Sam Peckinpah,1969,145,12,6.5
8520,2018-05-29 10:00:00,Trainspotting,Drama,Danny Boyle,1996,93,12,6.5
8521,2018-05-28 10:30:00,Kurenai no buta,Animation,Hayao Miyazaki,1992,94,0,8.0
8522,2018-05-27 16:00:00,When Harry Met Sally...,Comedy,Rob Reiner,1989,95,12,7.0
8523,2018-05-27 13:00:00,Blue Velvet,Drama,David Lynch,1986,120,12,8.0
8524,2018-05-27 10:30:00,Clerks,Comedy,Kevin Smith,1994,92,16,8.0
8525,2018-05-26 16:30:00,Crimes and Misdemeanors,Comedy,Woody Allen,1989,104,12,8.0
8526,2018-05-26 13:30:00,Serpico,Biography,Sidney Lumet,1973,130,12,7.5
8527,2018-05-26 10:30:00,The Grapes of Wrath,Drama,John Ford,1940,129,12,8.0
8528,2018-05-25 16:30:00,Sling Blade,Drama,Billy Bob Thornton,1996,135,16,7.5
8529,2018-05-25 13:30:00,The Verdict,Drama,Sidney Lumet,1982,129,0,6.5
8530,2018-05-25 10:30:00,The Untouchables,Crime,Brian De Palma,1987,119,12,8.0
8531,2018-05-24 10:00:00,Trainspotting,Drama,Danny Boyle,1996,93,12,8.5
8532,2018-05-23 10:00:00,Jules et Jim,Drama,François Truffaut,1962,105,12,8.5
8533,2018-05-22 10:30:00,Kurenai no buta,Animation,Hayao Miyazaki,1992,94,0,8.5
8534,2018-05-21 13:30:00,The Bridges of Madison County,Drama,Clint Eastwood,1995,135,12,8.0
8535,2018-05-21 10:30:00,Airlift,Drama,Raja Menon,2016,130,12,7.0
8536,2018-05-20 15:30:00,Trainspotting,Drama,Danny Boyle,1996,93,12,7.5
8537,2018-05-20 13:00:00,Trainspotting,Drama,Danny Boyle,1996,93,12,8.5
8538,2018-05-20 10:00:00,Forrest Gump,Drama,Robert Zemeckis,1994,142,12,6.5
8539,2018-05-19 15:30:00,Sling Blade,Drama,Billy Bob Thornton,1996,135,16,7.5
8540,2018-05-19 13:00:00,The Lion King,Animation,Roger Allers,1994,88,0,8.5
8541,2018-05-19 10:00:00,The Untouchables,Crime,Brian De Palma,1987,119,12,6.5
8542,2018-05-18 17:00:00,Trainspotting,Drama,Danny Boyle,1996,93,12,8.5
8543,2018-05-18 13:30:00,Forrest Gump,Drama,Robert Zemeckis,1994,142,12,8.0
8544,2018-05-18 10:30:00,The Verdict,Drama,Sidney Lumet,1982,129,0,8.0
8545,2018-05-17 15:30:00,Batman: Mask of the Phantasm,Animation,Kevin Altieri,1993,76,6,8.5
8546,2018-05-17 13:00:00,The Lady Vanishes,Mystery,Alfred Hitchcock,1938,96,12,8.5
8547,2018-05-17 10:30:00,Crimes and Misdemeanors,Comedy,Woody Allen,1989,104,12,8.0
8548,2018-05-16 13:00:00,Lost Highway,Mystery,David Lynch,1997,134,12,8.0
8549,2018-05-16 10:30:00,The Lion King,Animation,Roger Allers,1994,88,0,6.5
8550,2018-05-15 13:30:00,Jules et Jim,Drama,François Truffaut,1962,105,12,8.0
8551,2018-05-15 10:00:00,Forrest Gump,Drama,Robert Zemeckis,1994,142,12,6.5
8552,2018-05-14 10:00:00,Batman: Mask of the Phantasm,Animation,Kevin Altieri,1993,76,6,8.0
8553,2018-05-13 16:00:00,Batman: Mask of the Phantasm,Animation,Kevin Altieri,1993,76,6,8.0
8554,2018-05-13 13:00:00,Lost Highway,Mystery,David Lynch,1997,134,12,8.0
8555,2018-05-13 10:00:00,Red River,Action,Howard Hawks,1948,133,12,7.5
8556,2018-05-12 18:30:00,Clerks,Comedy,Kevin Smith,1994,92,16,10.0
8557,2018-05-12 15:30:00,The Apartment,Comedy,Billy Wilder,1960,125,0,6.5
8558,2018-05-12 13:30:00,Batman: Mask of the Phantasm,Animation,Kevin Altieri,1993,76,6,8.0
8559,2018-05-12 10:30:00,Serpico,Biography,Sidney Lumet,1973,130,12,7.5
8560,2018-05-11 10:00:00,The Lady Vanishes,Mystery,Alfred Hitchcock,1938,96,12,8.5
8561,2018-05-10 16:00:00,Jaws,Adventure,Steven Spielberg,1975,124,12,7.0
8562,2018-05-10 13:30:00,Manhattan,Comedy,Woody Allen,1979,96,16,8.5
8563,2018-05-10 10:30:00,Red River,Action,Howard Hawks,1948,133,12,6.5
8564,2018-05-09 13:00:00,Airlift,Drama,Raja Menon,2016,130,12,8.0
8565,2018-05-09 10:30:00,When Harry Met Sally...,Comedy,Rob Reiner,1989,95,12,7.0
8566,2018-05-08 16:30:00,The Untouchables,Crime,Brian De Palma,1987,119,12,7.0
8567,2018-05-08 13:30:00,Lost Highway,Mystery,David Lynch,1997,134,12,7.0
8568,2018-05-08 10:30:00,The Grapes of Wrath,Drama,John Ford,1940,129,12,7.0
8569,2018-05-07 17:00:00,The Deer Hunter,Drama,Michael Cimino,1978,183,12,8.5
8570,2018-05-07 13:00:00,The Deer Hunter,Drama,Michael Cimino,1978,183,12,8.0
8571,2018-05-07 10:00:00,Thor: Ragnarok,Action,Taika Waititi,2017,130,12,6.5
8572,2018-05-06 16:30:00,Sweet Smell of Success,Drama,Alexander Mackendrick,1957,96,12,8.0
8573,2018-05-06 13:30:00,Forrest Gump,Drama,Robert Zemeckis,1994,142,12,8.0
8574,2018-05-06 10:30:00,In the Name of the Father,Biography,Jim Sheridan,1993,133,12,7.0
8575,2018-05-05 15:30:00,Blood Simple,Crime,Joel Coen,1984,99,12,8.0
8576,2018-05-05 13:00:00,Harold and Maude,Comedy,Hal Ashby,1971,91,6,7.0
8577,2018-05-05 10:00:00,A Bronx Tale,Crime,Robert De Niro,1993,121,16,8.5
8578,2018-05-04 10:00:00,Blood Simple,Crime,Joel Coen,1984,99,12,7.0
8579,2018-05-03 10:00:00,The Untouchables,Crime,Brian De Palma,1987,119,12,6.5
8580,2018-05-02 15:00:00,The Untouchables,Crime,Brian De Palma,1987,119,12,8.0
8581,2018-05-02 12:00:00,Butch Cassidy and the Sundance Kid,Biography,George Roy Hill,1969,110,6,7.5
8582,2018-05-02 10:00:00,Brief Encounter,Drama,David Lean,1945,86,0,6.5
8583,2018-05-01 10:00:00,Manhattan,Comedy,Woody Allen,1979,96,16,7.5
8584,2018-04-30 13:00:00,Lost Highway,Mystery,David Lynch,1997,134,12,8.0
8585,2018-04-30 10:30:00,Key Largo,Action,John Huston,1948,100,12,8.5
8586,2018-04-29 17:30:00,Batman: Mask of the Phantasm,Animation,Kevin Altieri,1993,76,6,6.5
8587,2018-04-29 15:00:00,Manhattan,Comedy,Woody Allen,1979,96,16,7.5
8588,2018-04-29 12:30:00,The Innocents,Horror,Jack Clayton,1961,100,12,8.0
8589,2018-04-29 10:00:00,Sweet Smell of Success,Drama,Alexander Mackendrick,1957,96,12,8.5
8590,2018-04-28 19:00:00,Lost Highway,Mystery,David Lynch,1997,134,12,8.5
8591,2018-04-28 16:00:00,Butch Cassidy and the Sundance Kid,Biography,George Roy Hill,1969,110,6,6.5
8592,2018-04-28 13:00:00,Lost Highway,Mystery,David Lynch,1997,134,12,7.5
8593,2018-04-28 10:00:00,Lost Highway,Mystery,David Lynch,1997,134,12,7.0
8594,2018-04-27 16:00:00,Airlift,Drama,Raja Menon,2016,130,12,7.0
8595,2018-04-27 13:30:00,Manhattan,Comedy,Woody Allen,1979,96,16,6.5
8596,2018-04-27 10:30:00,Jaws,Adventure,Steven Spielberg,1975,124,12,8.0
8597,2018-04-26 16:00:00,Guardians of the Galaxy Vol. 2,Action,James Gunn,2017,136,12,8.5
8598,2018-04-26 13:30:00,The Lady Vanishes,Mystery,Alfred Hitchcock,1938,96,12,6.5
8599,2018-04-26 10:30:00,The Untouchables,Crime,Brian De Palma,1987,119,12,8.5
8600,2018-04-25 15:00:00,The Deer Hunter,Drama,Michael Cimino,1978,183,12,7.0
8601,2018-04-25 12:00:00,Airlift,Drama,Raja Menon,2016,130,12,8.5
8602,2018-04-25 10:00:00,Batman: Mask of the Phantasm,Animation,Kevin Altieri,1993,76,6,8.5
8603,2018-04-24 13:00:00,The Innocents,Horror,Jack Clayton,1961,100,12,8.5
8604,2018-04-24 10:00:00,Lost Highway,Mystery,David Lynch,1997,134,12,7.5
8605,2018-04-23 13:00:00,The Lion King,Animation,Roger Allers,1994,88,0,6.5
8606,2018-04-23 10:30:00,Blood Simple,Crime,Joel Coen,1984,99,12,7.0
8607,2018-04-22 18:30:00,The Apartment,Comedy,Billy Wilder,1960,125,0,9.5
8608,2018-04-22 16:00:00,Höstsonaten,Drama,Ingmar Bergman,1978,99,0,8.0
8609,2018-04-22 13:00:00,Airlift,Drama,Raja Menon,2016,130,12,7.5
8610,2018-04-22 10:30:00,Blood Simple,Crime,Joel Coen,1984,99,12,7.0
8611,2018-04-21 15:00:00,Miller's Crossing,Crime,Joel Coen,1990,115,16,7.5
8612,2018-04-21 12:30:00,Manhattan,Comedy,Woody Allen,1979,96,16,8.0
8613,2018-04-21 10:00:00,Höstsonaten,Drama,Ingmar Bergman,1978,99,0,7.0
8614,2018-04-20 10:00:00,What Ever Happened to Baby Jane?,Drama,Robert Aldrich,1962,134,12,6.5
8615,2018-04-19 16:00:00,The Innocents,Horror,Jack Clayton,1961,100,12,7.0
8616,2018-04-19 13:00:00,Jaws,Adventure,Steven Spielberg,1975,124,12,8.0
8617,2018-04-19 10:30:00,To Be or Not to Be,Comedy,Ernst Lubitsch,1942,99,12,8.0
8618,2018-04-18 16:00:00,Rosemary's Baby,Drama,Roman Polanski,1968,137,12,8.0
8619,2018-04-18 13:30:00,Brief Encounter,Drama,David Lean,1945,86,0,7.5
8620,2018-04-18 10:30:00,Indiana Jones and the Last Crusade,Action,Steven Spielberg,1989,127,0,8.0
8621,2018-04-17 15:00:00,Manhattan,Comedy,Woody Allen,1979,96,16,6.5
8622,2018-04-17 13:00:00,Brief Encounter,Drama,David Lean,1945,86,0,6.5
8623,2018-04-17 10:00:00,Indiana Jones and the Last Crusade,Action,Steven Spielberg,1989,127,0,8.5
8624,2018-04-16 17:30:00,Jaws,Adventure,Steven Spielberg,1975,124,12,7.5
8625,2018-04-16 13:30:00,The Deer Hunter,Drama,Michael Cimino,1978,183,12,7.0
8626,2018-04-16 10:30:00,Jaws,Adventure,Steven Spielberg,1975,124,12,8.5
8627,2018-04-15 15:30:00,Jaws,Adventure,Steven Spielberg,1975,124,12,8.0
8628,2018-04-15 13:00:00,Key Largo,Action,John Huston,1948,100,12,7.5
8629,2018-04-15 10:00:00,Miller's Crossing,Crime,Joel Coen,1990,115,16,8.0
8630,2018-04-14 18:30:00,La haine,Crime,Mathieu Kassovitz,1995,98,12,9.0
8631,2018-04-14 16:00:00,La haine,Crime,Mathieu Kassovitz,1995,98,12,7.5
8632,2018-04-14 13:00:00,Jaws,Adventure,Steven Spielberg,1975,124,12,8.0
8633,2018-04-14 10:00:00,Miller's Crossing,Crime,Joel Coen,1990,115,16,7.5
8634,2018-04-13 16:00:00,Patton,Biography,Franklin J. Schaffner,1970,172,0,7.0
8635,2018-04-13 13:00:00,Butch Cassidy and the Sundance Kid,Biography,George Roy Hill,1969,110,6,8.5
8636,2018-04-13 10:00:00,Guardians of the Galaxy Vol. 2,Action,James Gunn,2017,136,12,8.5
8637,2018-04-12 10:30:00,Harold and Maude,Comedy,Hal Ashby,1971,91,6,7.5
8638,2018-04-11 10:30:00,Du rififi chez les hommes,Crime,Jules Dassin,1955,118,12,7.0
8639,2018-04-10 10:00:00,Platoon,Drama,Oliver Stone,1986,120,12,8.5
8640,2018-04-09 15:00:00,M.S. Dhoni: The Untold Story,Biography,Neeraj Pandey,2016,184,0,8.0
8641,2018-04-09 12:30:00,Midnight Cowboy,Drama,John Schlesinger,1969,113,12,6.5
8642,2018-04-09 10:00:00,Il postino,Biography,Michael Radford,1994,108,0,8.5
8643,2018-04-08 17:30:00,Ayla: The Daughter of War,Biography,Can Ulkay,2017,125,12,8.5
8644,2018-04-08 15:00:00,Sing Street,Comedy,John Carney,2016,106,12,7.0
8645,2018-04-08 12:30:00,Kimi no na wa.,Animation,Makoto Shinkai,2016,106,0,6.5
8646,2018-04-08 10:00:00,Kimi no na wa.,Animation,Makoto Shinkai,2016,106,0,8.5
8647,2018-04-07 19:00:00,Sweet Smell of Success,Drama,Alexander Mackendrick,1957,96,12,9.0
8648,2018-04-07 16:30:00,To Be or Not to Be,Comedy,Ernst Lubitsch,1942,99,12,8.5
8649,2018-04-07 13:30:00,Ayla: The Daughter of War,Biography,Can Ulkay,2017,125,12,7.5
8650,2018-04-07 10:30:00,Red River,Action,Howard Hawks,1948,133,12,8.5
8651,2018-04-06 15:00:00,Guardians of the Galaxy Vol. 2,Action,James Gunn,2017,136,12,7.0
8652,2018-04-06 12:30:00,La haine,Crime,Mathieu Kassovitz,1995,98,12,8.5
8653,2018-04-06 10:00:00,To Be or Not to Be,Comedy,Ernst Lubitsch,1942,99,12,7.5
8654,2018-04-05 10:30:00,A Night at the Opera,Comedy,Sam Wood,1935,96,12,8.5
8655,2018-04-04 13:00:00,Mary Poppins,Comedy,Robert Stevenson,1964,139,0,7.0
8656,2018-04-04 10:00:00,Red River,Action,Howard Hawks,1948,133,12,8.5
8657,2018-04-03 10:00:00,Butch Cassidy and the Sundance Kid,Biography,George Roy Hill,1969,110,6,7.5
8658,2018-04-02 10:30:00,Ayla: The Daughter of War,Biography,Can Ulkay,2017,125,12,8.5
8659,2018-04-01 19:00:00,Red River,Action,Howard Hawks,1948,133,12,9.0
8660,2018-04-01 16:00:00,The Killing Fields,Biography,Roland Joffé,1984,141,12,7.5
8661,2018-04-01 12:30:00,Terminator 2: Judgment Day,Action,James Cameron,1991,137,0,8.0
8662,2018-04-01 10:00:00,La haine,Crime,Mathieu Kassovitz,1995,98,12,6.5
8663,2018-03-31 18:30:00,Harold and Maude,Comedy,Hal Ashby,1971,91,6,9.0
8664,2018-03-31 15:30:00,The Killing Fields,Biography,Roland Joffé,1984,141,12,7.0
8665,2018-03-31 13:00:00,Brief Encounter,Drama,David Lean,1945,86,0,6.5
8666,2018-03-31 10:00:00,Indiana Jones and the Last Crusade,Action,Steven Spielberg,1989,127,0,8.5
8667,2018-03-30 16:30:00,Brief Encounter,Drama,David Lean,1945,86,0,7.0
8668,2018-03-30 13:30:00,Ayla: The Daughter of War,Biography,Can Ulkay,2017,125,12,7.0
8669,2018-03-30 10:00:00,Das Boot,Adventure,Wolfgang Petersen,1981,149,16,7.0
8670,2018-03-29 16:00:00,Rosemary's Baby,Drama,Roman Polanski,1968,137,12,7.0
8671,2018-03-29 13:30:00,Il postino,Biography,Michael Radford,1994,108,0,7.0
8672,2018-03-29 10:30:00,Tôkyô monogatari,Drama,Yasujirô Ozu,1953,136,0,8.0
8673,2018-03-28 13:00:00,Underground,Comedy,Emir Kusturica,1995,170,12,7.5
8674,2018-03-28 10:00:00,Tôkyô monogatari,Drama,Yasujirô Ozu,1953,136,0,8.0
8675,2018-03-27 13:00:00,Patton,Biography,Franklin J. Schaffner,1970,172,0,7.5
8676,2018-03-27 10:00:00,Rosemary's Baby,Drama,Roman Polanski,1968,137,12,8.0
8677,2018-03-26 12:30:00,Stalker,Drama,Andrei Tarkovsky,1979,162,0,7.0
8678,2018-03-26 10:00:00,Midnight Cowboy,Drama,John Schlesinger,1969,113,12,7.5
8679,2018-03-25 15:30:00,Terminator 2: Judgment Day,Action,James Cameron,1991,137,0,7.5
8680,2018-03-25 13:00:00,Brief Encounter,Drama,David Lean,1945,86,0,7.0
8681,2018-03-25 10:00:00,Tôkyô monogatari,Drama,Yasujirô Ozu,1953,136,0,7.0
8682,2018-03-24 18:00:00,Harold and Maude,Comedy,Hal Ashby,1971,91,6,9.5
8683,2018-03-24 15:30:00,Brief Encounter,Drama,David Lean,1945,86,0,6.5
8684,2018-03-24 12:30:00,Rosemary's Baby,Drama,Roman Polanski,1968,137,12,8.0
8685,2018-03-24 10:00:00,Brief Encounter,Drama,David Lean,1945,86,0,6.5
8686,2018-03-23 15:00:00,Ayla: The Daughter of War,Biography,Can Ulkay,2017,125,12,8.5
8687,2018-03-23 12:30:00,Harold and Maude,Comedy,Hal Ashby,1971,91,6,8.0
8688,2018-03-23 10:00:00,Hana-bi,Crime,Takeshi Kitano,1997,103,12,6.5
8689,2018-03-22 13:30:00,Sing Street,Comedy,John Carney,2016,106,12,8.5
8690,2018-03-22 10:30:00,Das Boot,Adventure,Wolfgang Petersen,1981,149,16,8.5
8691,2018-03-21 10:00:00,Harold and Maude,Comedy,Hal Ashby,1971,91,6,8.5
8692,2018-03-20 12:30:00,Mary Poppins,Comedy,Robert Stevenson,1964,139,0,8.5
8693,2018-03-20 10:00:00,Sweet Smell of Success,Drama,Alexander Mackendrick,1957,96,12,6.5
8694,2018-03-19 14:30:00,On the Waterfront,Crime,Elia Kazan,1954,108,12,8.0
8695,2018-03-19 13:00:00,Sherlock Jr.,Action,Buster Keaton,1924,45,12,7.0
8696,2018-03-19 10:00:00,Tôkyô monogatari,Drama,Yasujirô Ozu,1953,136,0,8.5
8697,2018-03-18 15:00:00,To Be or Not to Be,Comedy,Ernst Lubitsch,1942,99,12,8.0
8698,2018-03-18 12:30:00,Sweet Smell of Success,Drama,Alexander Mackendrick,1957,96,12,7.0
8699,2018-03-18 10:00:00,Harold and Maude,Comedy,Hal Ashby,1971,91,6,7.0
8700,2018-03-17 19:00:00,Key Largo,Action,John Huston,1948,100,12,9.0
8701,2018-03-17 16:00:00,Guardians of the Galaxy Vol. 2,Action,James Gunn,2017,136,12,7.5
8702,2018-03-17 13:00:00,Kind Hearts and Coronets,Comedy,Robert Hamer,1949,106,0,8.5
8703,2018-03-17 10:30:00,La haine,Crime,Mathieu Kassovitz,1995,98,12,8.0
8704,2018-03-16 15:30:00,Il postino,Biography,Michael Radford,1994,108,0,8.5
8705,2018-03-16 13:00:00,American History X,Drama,Tony Kaye,1998,119,16,8.5
8706,2018-03-16 10:30:00,Harold and Maude,Comedy,Hal Ashby,1971,91,6,8.0
8707,2018-03-15 16:00:00,The Apartment,Comedy,Billy Wilder,1960,125,0,8.5
8708,2018-03-15 13:30:00,Kimi no na wa.,Animation,Makoto Shinkai,2016,106,0,7.0
8709,2018-03-15 10:30:00,Indiana Jones and the Last Crusade,Action,Steven Spielberg,1989,127,0,8.5
8710,2018-03-14 13:00:00,What Ever Happened to Baby Jane?,Drama,Robert Aldrich,1962,134,12,6.5
8711,2018-03-14 10:30:00,Hiroshima mon amour,Drama,Alain Resnais,1959,90,12,7.5
8712,2018-03-13 12:30:00,Midnight Cowboy,Drama,John Schlesinger,1969,113,12,7.5
8713,2018-03-13 10:00:00,On the Waterfront,Crime,Elia Kazan,1954,108,12,8.0
8714,2018-03-12 16:00:00,Hana-bi,Crime,Takeshi Kitano,1997,103,12,7.5
8715,2018-03-12 13:30:00,Midnight Cowboy,Drama,John Schlesinger,1969,113,12,7.0
8716,2018-03-12 10:30:00,Tôkyô monogatari,Drama,Yasujirô Ozu,1953,136,0,8.5
8717,2018-03-11 16:00:00,Tôkyô monogatari,Drama,Yasujirô Ozu,1953,136,0,8.5
8718,2018-03-11 13:00:00,Indiana Jones and the Last Crusade,Action,Steven Spielberg,1989,127,0,8.0
8719,2018-03-11 10:30:00,On the Waterfront,Crime,Elia Kazan,1954,108,12,7.0
8720,2018-03-10 15:30:00,Il postino,Biography,Michael Radford,1994,108,0,7.5
8721,2018-03-10 12:30:00,Tôkyô monogatari,Drama,Yasujirô Ozu,1953,136,0,7.5
8722,2018-03-10 10:00:00,Kind Hearts and Coronets,Comedy,Robert Hamer,1949,106,0,8.0
8723,2018-03-09 16:00:00,Kind Hearts and Coronets,Comedy,Robert Hamer,1949,106,0,7.0
8724,2018-03-09 13:30:00,Badlands,Action,Terrence Malick,1973,94,6,6.5
8725,2018-03-09 10:30:00,The Apartment,Comedy,Billy Wilder,1960,125,0,8.0
8726,2018-03-08 15:00:00,Ba wang bie ji,Drama,Kaige Chen,1993,171,16,7.5
8727,2018-03-08 12:00:00,What Ever Happened to Baby Jane?,Drama,Robert Aldrich,1962,134,12,6.5
8728,2018-03-08 10:30:00,Sherlock Jr.,Action,Buster Keaton,1924,45,12,8.5
8729,2018-03-07 15:30:00,Patton,Biography,Franklin J. Schaffner,1970,172,0,8.0
8730,2018-03-07 13:00:00,Il postino,Biography,Michael Radford,1994,108,0,8.5
8731,2018-03-07 10:30:00,Midnight Cowboy,Drama,John Schlesinger,1969,113,12,8.0
8732,2018-03-06 10:30:00,The Last Emperor,Biography,Bernardo Bertolucci,1987,163,0,6.5
8733,2018-03-05 13:30:00,Patton,Biography,Franklin J. Schaffner,1970,172,0,8.5
8734,2018-03-05 10:00:00,The Dirty Dozen,Action,Robert Aldrich,1967,150,12,7.0
8735,2018-03-04 15:00:00,Hana-bi,Crime,Takeshi Kitano,1997,103,12,8.0
8736,2018-03-04 12:30:00,To Be or Not to Be,Comedy,Ernst Lubitsch,1942,99,12,7.0
8737,2018-03-04 10:00:00,Escape from Alcatraz,Action,Don Siegel,1979,112,12,6.5
8738,2018-03-03 14:30:00,Terminator 2: Judgment Day,Action,James Cameron,1991,137,0,6.5
8739,2018-03-03 12:30:00,Hiroshima mon amour,Drama,Alain Resnais,1959,90,12,7.0
8740,2018-03-03 10:00:00,To Be or Not to Be,Comedy,Ernst Lubitsch,1942,99,12,8.0
8741,2018-03-02 12:30:00,Badlands,Action,Terrence Malick,1973,94,6,8.0
8742,2018-03-02 10:00:00,Kind Hearts and Coronets,Comedy,Robert Hamer,1949,106,0,7.5
8743,2018-03-01 15:00:00,Terminator 2: Judgment Day,Action,James Cameron,1991,137,0,7.0
8744,2018-03-01 13:00:00,Bronenosets Potemkin,Drama,Sergei M. Eisenstein,1925,75,12,6.5
8745,2018-03-01 10:30:00,Dial M for Murder,Crime,Alfred Hitchcock,1954,105,12,8.0
8746,2018-02-28 13:00:00,Il postino,Biography,Michael Radford,1994,108,0,8.5
8747,2018-02-28 10:00:00,Terminator 2: Judgment Day,Action,James Cameron,1991,137,0,8.0
8748,2018-02-27 13:00:00,Il postino,Biography,Michael Radford,1994,108,0,7.0
8749,2018-02-27 10:00:00,American History X,Drama,Tony Kaye,1998,119,16,8.5
8750,2018-02-26 13:00:00,What's Eating Gilbert Grape,Drama,Lasse Hallström,1993,118,0,8.0
8751,2018-02-26 10:00:00,Kind Hearts and Coronets,Comedy,Robert Hamer,1949,106,0,6.5
8752,2018-02-25 16:00:00,Ba wang bie ji,Drama,Kaige Chen,1993,171,16,7.0
8753,2018-02-25 13:00:00,Koe no katachi,Animation,Naoko Yamada,2016,130,12,6.5
8754,2018-02-25 10:30:00,Kimi no na wa.,Animation,Makoto Shinkai,2016,106,0,6.5
8755,2018-02-24 15:30:00,The Apartment,Comedy,Billy Wilder,1960,125,0,7.0
8756,2018-02-24 13:00:00,Badlands,Action,Terrence Malick,1973,94,6,8.5
8757,2018-02-24 10:30:00,Kimi no na wa.,Animation,Makoto Shinkai,2016,106,0,7.0
8758,2018-02-23 10:30:00,A Night at the Opera,Comedy,Sam Wood,1935,96,12,8.5
8759,2018-02-22 16:00:00,Hana-bi,Crime,Takeshi Kitano,1997,103,12,8.5
8760,2018-02-22 13:00:00,Secrets & Lies,Comedy,Mike Leigh,1996,136,0,7.0
8761,2018-02-22 10:00:00,Koe no katachi,Animation,Naoko Yamada,2016,130,12,7.5
8762,2018-02-21 16:00:00,Hiroshima mon amour,Drama,Alain Resnais,1959,90,12,7.0
8763,2018-02-21 12:30:00,Ba wang bie ji,Drama,Kaige Chen,1993,171,16,8.5
8764,2018-02-21 10:00:00,The Long Goodbye,Comedy,Robert Altman,1973,112,12,6.5
8765,2018-02-20 10:00:00,A Night at the Opera,Comedy,Sam Wood,1935,96,12,6.5
8766,2018-02-19 10:00:00,Key Largo,Action,John Huston,1948,100,12,7.5
8767,2018-02-18 16:00:00,Il postino,Biography,Michael Radford,1994,108,0,6.5
8768,2018-02-18 13:00:00,Platoon,Drama,Oliver Stone,1986,120,12,8.0
8769,2018-02-18 10:30:00,Sing Street,Comedy,John Carney,2016,106,12,6.5
8770,2018-02-17 16:00:00,Secrets & Lies,Comedy,Mike Leigh,1996,136,0,8.5
8771,2018-02-17 13:00:00,Platoon,Drama,Oliver Stone,1986,120,12,8.5
8772,2018-02-17 10:30:00,Hiroshima mon amour,Drama,Alain Resnais,1959,90,12,6.5
8773,2018-02-16 14:30:00,Dangal,Action,Nitesh Tiwari,2016,161,0,6.5
8774,2018-02-16 12:00:00,Dial M for Murder,Crime,Alfred Hitchcock,1954,105,12,8.5
8775,2018-02-16 10:30:00,Sherlock Jr.,Action,Buster Keaton,1924,45,12,6.5
8776,2018-02-15 12:30:00,Ba wang bie ji,Drama,Kaige Chen,1993,171,16,8.0
8777,2018-02-15 10:00:00,Hiroshima mon amour,Drama,Alain Resnais,1959,90,12,8.5
8778,2018-02-14 13:00:00,Sherlock Jr.,Action,Buster Keaton,1924,45,12,7.5
8779,2018-02-14 10:30:00,Sing Street,Comedy,John Carney,2016,106,12,8.5
8780,2018-02-13 13:30:00,Bronenosets Potemkin,Drama,Sergei M. Eisenstein,1925,75,12,6.5
8781,2018-02-13 10:30:00,Dog Day Afternoon,Biography,Sidney Lumet,1975,125,0,7.0
8782,2018-02-12 10:30:00,Stalker,Drama,Andrei Tarkovsky,1979,162,0,7.0
8783,2018-02-11 15:30:00,Escape from Alcatraz,Action,Don Siegel,1979,112,12,7.0
8784,2018-02-11 13:30:00,The Naked Gun: From the Files of Police Squad!,Comedy,David Zucker,1988,85,0,6.5
8785,2018-02-11 10:30:00,A Man for All Seasons,Biography,Fred Zinnemann,1966,120,0,8.5
8786,2018-02-10 15:00:00,Bronenosets Potemkin,Drama,Sergei M. Eisenstein,1925,75,12,8.0
8787,2018-02-10 12:30:00,Lethal Weapon,Action,Richard Donner,1987,109,12,8.0
8788,2018-02-10 10:00:00,The Day the Earth Stood Still,Drama,Robert Wise,1951,92,0,7.0
8789,2018-02-09 13:30:00,Bronenosets Potemkin,Drama,Sergei M. Eisenstein,1925,75,12,7.0
8790,2018-02-09 10:30:00,Escape from Alcatraz,Action,Don Siegel,1979,112,12,7.5
8791,2018-02-08 15:30:00,Secrets & Lies,Comedy,Mike Leigh,1996,136,0,8.5
8792,2018-02-08 12:30:00,Lethal Weapon,Action,Richard Donner,1987,109,12,7.0
8793,2018-02-08 10:00:00,American History X,Drama,Tony Kaye,1998,119,16,8.5
8794,2018-02-07 16:30:00,Ba wang bie ji,Drama,Kaige Chen,1993,171,16,7.5
8795,2018-02-07 13:00:00,Dangal,Action,Nitesh Tiwari,2016,161,0,7.5
8796,2018-02-07 10:00:00,Dog Day Afternoon,Biography,Sidney Lumet,1975,125,0,6.5
8797,2018-02-06 15:30:00,Hana-bi,Crime,Takeshi Kitano,1997,103,12,7.0
8798,2018-02-06 13:00:00,Singin' in the Rain,Comedy,Stanley Donen,1952,103,0,6.5
8799,2018-02-06 10:30:00,Hana-bi,Crime,Takeshi Kitano,1997,103,12,6.5
8800,2018-02-05 10:30:00,The Long Goodbye,Comedy,Robert Altman,1973,112,12,8.5
8801,2018-02-04 19:00:00,Dangal,Action,Nitesh Tiwari,2016,161,0,9.0
8802,2018-02-04 16:30:00,The Long Goodbye,Comedy,Robert Altman,1973,112,12,8.0
8803,2018-02-04 13:00:00,Dangal,Action,Nitesh Tiwari,2016,161,0,8.5
8804,2018-02-04 10:00:00,Dog Day Afternoon,Biography,Sidney Lumet,1975,125,0,8.0
8805,2018-02-03 16:30:00,Badlands,Action,Terrence Malick,1973,94,6,7.0
8806,2018-02-03 14:00:00,The Day the Earth Stood Still,Drama,Robert Wise,1951,92,0,8.5
8807,2018-02-03 10:30:00,The Last Emperor,Biography,Bernardo Bertolucci,1987,163,0,7.0
8808,2018-02-02 10:30:00,Secrets & Lies,Comedy,Mike Leigh,1996,136,0,8.0
8809,2018-02-01 10:30:00,Dial M for Murder,Crime,Alfred Hitchcock,1954,105,12,8.0
8810,2018-01-31 10:30:00,Badlands,Action,Terrence Malick,1973,94,6,8.5
8811,2018-01-30 10:00:00,Bronenosets Potemkin,Drama,Sergei M. Eisenstein,1925,75,12,7.0
8812,2018-01-29 10:30:00,Koe no katachi,Animation,Naoko Yamada,2016,130,12,7.5
8813,2018-01-28 16:00:00,Badlands,Action,Terrence Malick,1973,94,6,8.5
8814,2018-01-28 13:00:00,Mr. Smith Goes to Washington,Comedy,Frank Capra,1939,129,12,7.0
8815,2018-01-28 10:30:00,The Day the Earth Stood Still,Drama,Robert Wise,1951,92,0,7.5
8816,2018-01-27 18:00:00,The Day the Earth Stood Still,Drama,Robert Wise,1951,92,0,9.0
8817,2018-01-27 15:30:00,Sing Street,Comedy,John Carney,2016,106,12,6.5
8818,2018-01-27 13:30:00,Bronenosets Potemkin,Drama,Sergei M. Eisenstein,1925,75,12,7.5
8819,2018-01-27 10:00:00,Dangal,Action,Nitesh Tiwari,2016,161,0,7.5
8820,2018-01-26 12:30:00,The Long Goodbye,Comedy,Robert Altman,1973,112,12,8.0
8821,2018-01-26 10:30:00,Bronenosets Potemkin,Drama,Sergei M. Eisenstein,1925,75,12,7.0
8822,2018-01-25 10:30:00,Sing Street,Comedy,John Carney,2016,106,12,6.5
8823,2018-01-24 15:30:00,The Dirty Dozen,Action,Robert Aldrich,1967,150,12,6.5
8824,2018-01-24 13:00:00,Dial M for Murder,Crime,Alfred Hitchcock,1954,105,12,6.5
8825,2018-01-24 10:30:00,The Long Goodbye,Comedy,Robert Altman,1973,112,12,8.0
8826,2018-01-23 10:30:00,Dial M for Murder,Crime,Alfred Hitchcock,1954,105,12,8.0
8827,2018-01-22 10:30:00,Das Cabinet des Dr. Caligari,Fantasy,Robert Wiene,1920,76,12,8.5
8828,2018-01-21 19:00:00,Dog Day Afternoon,Biography,Sidney Lumet,1975,125,0,10.0
8829,2018-01-21 17:00:00,Bronenosets Potemkin,Drama,Sergei M. Eisenstein,1925,75,12,7.5
8830,2018-01-21 14:00:00,Koe no katachi,Animation,Naoko Yamada,2016,130,12,8.0
8831,2018-01-21 10:30:00,Dangal,Action,Nitesh Tiwari,2016,161,0,7.5
8832,2018-01-20 18:00:00,Sing Street,Comedy,John Carney,2016,106,12,10.0
8833,2018-01-20 15:00:00,Dog Day Afternoon,Biography,Sidney Lumet,1975,125,0,6.5
8834,2018-01-20 12:30:00,Sing Street,Comedy,John Carney,2016,106,12,7.0
8835,2018-01-20 10:30:00,Das Cabinet des Dr. Caligari,Fantasy,Robert Wiene,1920,76,12,8.0
8836,2018-01-19 12:30:00,Koe no katachi,Animation,Naoko Yamada,2016,130,12,6.5
8837,2018-01-19 10:00:00,The Long Goodbye,Comedy,Robert Altman,1973,112,12,7.5
8838,2018-01-18 13:00:00,Lethal Weapon,Action,Richard Donner,1987,109,12,7.5
8839,2018-01-18 10:30:00,Sing Street,Comedy,John Carney,2016,106,12,8.0
8840,2018-01-17 15:00:00,Dial M for Murder,Crime,Alfred Hitchcock,1954,105,12,7.0
8841,2018-01-17 12:30:00,Singin' in the Rain,Comedy,Stanley Donen,1952,103,0,8.5
8842,2018-01-17 10:30:00,Bronenosets Potemkin,Drama,Sergei M. Eisenstein,1925,75,12,7.5
8843,2018-01-16 10:30:00,Singin' in the Rain,Comedy,Stanley Donen,1952,103,0,7.0
8844,2018-01-15 15:30:00,Lethal Weapon,Action,Richard Donner,1987,109,12,7.5
8845,2018-01-15 13:00:00,Sing Street,Comedy,John Carney,2016,106,12,7.0
8846,2018-01-15 10:00:00,Dog Day Afternoon,Biography,Sidney Lumet,1975,125,0,8.0
8847,2018-01-14 19:00:00,A Night at the Opera,Comedy,Sam Wood,1935,96,12,10.0
8848,2018-01-14 16:30:00,Sing Street,Comedy,John Carney,2016,106,12,8.0
8849,2018-01-14 13:00:00,Once Upon a Time in the West,Western,Sergio Leone,1968,165,0,8.0
8850,2018-01-14 10:30:00,Dial M for Murder,Crime,Alfred Hitchcock,1954,105,12,6.5
8851,2018-01-13 16:00:00,Singin' in the Rain,Comedy,Stanley Donen,1952,103,0,6.5
8852,2018-01-13 13:30:00,Sing Street,Comedy,John Carney,2016,106,12,7.0
8853,2018-01-13 10:30:00,Mr. Smith Goes to Washington,Comedy,Frank Capra,1939,129,12,7.5
8854,2018-01-12 17:30:00,Singin' in the Rain,Comedy,Stanley Donen,1952,103,0,6.5
8855,2018-01-12 14:00:00,Dangal,Action,Nitesh Tiwari,2016,161,0,6.5
8856,2018-01-12 10:30:00,Dangal,Action,Nitesh Tiwari,2016,161,0,8.0
8857,2018-01-11 16:30:00,Singin' in the Rain,Comedy,Stanley Donen,1952,103,0,7.5
8858,2018-01-11 13:00:00,Dangal,Action,Nitesh Tiwari,2016,161,0,8.0
8859,2018-01-11 10:00:00,Mr. Smith Goes to Washington,Comedy,Frank Capra,1939,129,12,7.5
8860,2018-01-10 16:30:00,Mr. Smith Goes to Washington,Comedy,Frank Capra,1939,129,12,7.5
8861,2018-01-10 13:30:00,Mr. Smith Goes to Washington,Comedy,Frank Capra,1939,129,12,8.0
8862,2018-01-10 10:00:00,Once Upon a Time in the West,Western,Sergio Leone,1968,165,0,7.0
8863,2018-01-09 10:00:00,Dial M for Murder,Crime,Alfred Hitchcock,1954,105,12,7.0
8864,2018-01-08 12:30:00,A Night at the Opera,Comedy,Sam Wood,1935,96,12,7.5
8865,2018-01-08 10:00:00,A Night at the Opera,Comedy,Sam Wood,1935,96,12,6.5
8866,2018-01-07 16:00:00,A Night at the Opera,Comedy,Sam Wood,1935,96,12,8.5
8867,2018-01-07 13:00:00,Mr. Smith Goes to Washington,Comedy,Frank Capra,1939,129,12,8.5
8868,2018-01-07 10:00:00,Mr. Smith Goes to Washington,Comedy,Frank Capra,1939,129,12,6.5
8869,2018-01-06 15:00:00,A Night at the Opera,Comedy,Sam Wood,1935,96,12,8.0
8870,2018-01-06 12:30:00,A Night at the Opera,Comedy,Sam Wood,1935,96,12,8.5
8871,2018-01-06 10:00:00,A Night at the Opera,Comedy,Sam Wood,1935,96,12,7.0
8872,2018-01-05 10:00:00,A Night at the Opera,Comedy,Sam Wood,1935,96,12,7.0
8873,2018-01-04 10:30:00,Mr. Smith Goes to Washington,Comedy,Frank Capra,1939,129,12,6.5
8874,2018-01-03 13:00:00,Mr. Smith Goes to Washington,Comedy,Frank Capra,1939,129,12,6.5
8875,2018-01-03 10:00:00,Mr. Smith Goes to Washington,Comedy,Frank Capra,1939,129,12,7.5
8876,2018-01-02 10:30:00,Mr. Smith Goes to Washington,Comedy,Frank Capra,1939,129,12,7.0
8877,2018-01-01 13:30:00,Mr. Smith Goes to Washington,Comedy,Frank Capra,1939,129,12,7.0
8878,2018-01-01 10:30:00,Mr. Smith Goes to Washington,Comedy,Frank Capra,1939,129,12,6.5